equivalence_group_id,representative_record_id,member_count,provenance_sources,member_record_ids,vampire_statuses,eprover_statuses,twee_complete_statuses,theorem_any,counter_satisfiable_any,scientific_conflict
alpha_c554d64fed0322d6,alps4141::alps_5bac16893ae3_to_Equation2,1,alps4141,alps4141::alps_5bac16893ae3_to_Equation2,memory_limit,resource_exhausted,memory_limit,False,False,False
alpha_11db1761a8383599,alps4141::alps_e371e3065ce6_to_Equation2,1,alps4141,alps4141::alps_e371e3065ce6_to_Equation2,memory_limit,resource_exhausted,memory_limit,False,False,False
alpha_a19e441f6d3331fb,alps4141::alps_d0c21e24ee9c_to_Equation2,1,alps4141,alps4141::alps_d0c21e24ee9c_to_Equation2,memory_limit,resource_exhausted,resource_exhausted,False,False,False
alpha_a4965d03ca51aba0,alps4141::alps_62ba47e800b4_to_Equation2,1,alps4141,alps4141::alps_62ba47e800b4_to_Equation2,memory_limit,resource_exhausted,resource_exhausted,False,False,False
alpha_d53be962c01fdc78,alps4141::alps_8213dcd0a183_to_Equation2,1,alps4141,alps4141::alps_8213dcd0a183_to_Equation2,memory_limit,resource_exhausted,resource_exhausted,False,False,False
alpha_5662a36427f8fd12,alps4141::alps_d523058b4f56_to_Equation2,1,alps4141,alps4141::alps_d523058b4f56_to_Equation2,memory_limit,resource_exhausted,resource_exhausted,False,False,False
alpha_b7bd74a121241d35,alps4141::alps_c75dc04bd867_to_Equation2,1,alps4141,alps4141::alps_c75dc04bd867_to_Equation2,memory_limit,resource_exhausted,resource_exhausted,False,False,False
alpha_3e3d9305ea6b28de,alps4141::alps_f6cd6e250a92_to_Equation2,1,alps4141,alps4141::alps_f6cd6e250a92_to_Equation2,memory_limit,resource_exhausted,resource_exhausted,False,False,False
alpha_9b68e7d2306b101e,alps4141::alps_998afb4852d1_to_Equation2,1,alps4141,alps4141::alps_998afb4852d1_to_Equation2,memory_limit,resource_exhausted,memory_limit,False,False,False
alpha_1371bcc98108e085,alps4141::alps_80e0dc450f2a_to_Equation2,1,alps4141,alps4141::alps_80e0dc450f2a_to_Equation2,memory_limit,resource_exhausted,memory_limit,False,False,False
alpha_3233b69bb25d468f,alps4141::alps_58495f9e68db_to_Equation2,1,alps4141,alps4141::alps_58495f9e68db_to_Equation2,memory_limit,resource_exhausted,resource_exhausted,False,False,False
alpha_a2ff62ff1fceca79,alps4141::alps_959de96095f5_to_Equation2,1,alps4141,alps4141::alps_959de96095f5_to_Equation2,memory_limit,resource_exhausted,resource_exhausted,False,False,False
alpha_a3d6dd2e149f62fa,alps4141::alps_bd6d2e608c18_to_Equation2,1,alps4141,alps4141::alps_bd6d2e608c18_to_Equation2,memory_limit,resource_exhausted,resource_exhausted,False,False,False
alpha_eef0f5a9a23ae4ca,alps4141::alps_69dc9b302e96_to_Equation2,1,alps4141,alps4141::alps_69dc9b302e96_to_Equation2,completed_no_decisive_result,resource_exhausted,memory_limit,False,False,False
alpha_e9659b75cbd132da,alps4141::alps_b987262e647c_to_Equation2,1,alps4141,alps4141::alps_b987262e647c_to_Equation2,memory_limit,resource_exhausted,memory_limit,False,False,False
alpha_4a9c203258544d94,alps4141::alps_87b8169305d1_to_Equation2,1,alps4141,alps4141::alps_87b8169305d1_to_Equation2,memory_limit,resource_exhausted,memory_limit,False,False,False
alpha_de0b1b3771ebba94,alps4141::alps_75695f7581cc_to_Equation2,1,alps4141,alps4141::alps_75695f7581cc_to_Equation2,memory_limit,resource_exhausted,memory_limit,False,False,False
alpha_d22d857716b73ee7,alps4141::alps_d6280b42cf1e_to_Equation2,1,alps4141,alps4141::alps_d6280b42cf1e_to_Equation2,memory_limit,resource_exhausted,memory_limit,False,False,False
alpha_0fc40c6497605d81,alps4141::alps_0abf49aab9aa_to_Equation2,1,alps4141,alps4141::alps_0abf49aab9aa_to_Equation2,memory_limit,resource_exhausted,memory_limit,False,False,False
alpha_81ae4915d03fd8a2,alps4141::alps_49ddfc741e8c_to_Equation2,1,alps4141,alps4141::alps_49ddfc741e8c_to_Equation2,memory_limit,resource_exhausted,memory_limit,False,False,False
alpha_0d94fbb2fbaa341d,alps4141::alps_acf9c4439d0e_to_Equation2,1,alps4141,alps4141::alps_acf9c4439d0e_to_Equation2,memory_limit,resource_exhausted,memory_limit,False,False,False
alpha_46bc975e75bfd662,alps4141::alps_81da55700389_to_Equation2,1,alps4141,alps4141::alps_81da55700389_to_Equation2,memory_limit,resource_exhausted,memory_limit,False,False,False
alpha_dd10dcc1a2ffe82a,alps4141::alps_b7ceaa792724_to_Equation2,1,alps4141,alps4141::alps_b7ceaa792724_to_Equation2,memory_limit,resource_exhausted,resource_exhausted,False,False,False
alpha_c6e446c243ef7091,alps4141::alps_f8b82faf10e4_to_Equation2,1,alps4141,alps4141::alps_f8b82faf10e4_to_Equation2,completed_no_decisive_result,resource_exhausted,memory_limit,False,False,False
alpha_be60ebed9063a296,alps4141::alps_0ca4caa5838e_to_Equation2,1,alps4141,alps4141::alps_0ca4caa5838e_to_Equation2,memory_limit,resource_exhausted,memory_limit,False,False,False
alpha_8f261aa754cdcaee,alps4141::alps_5ff294c954eb_to_Equation2,1,alps4141,alps4141::alps_5ff294c954eb_to_Equation2,completed_no_decisive_result,resource_exhausted,memory_limit,False,False,False
alpha_f75ee683c927fdcf,alps4141::alps_562f06e1846f_to_Equation2,1,alps4141,alps4141::alps_562f06e1846f_to_Equation2,memory_limit,resource_exhausted,memory_limit,False,False,False
alpha_7828c4723bb5a062,alps4141::alps_8e7696049342_to_Equation2,1,alps4141,alps4141::alps_8e7696049342_to_Equation2,completed_no_decisive_result,resource_exhausted,memory_limit,False,False,False
alpha_0973467282911bbc,alps4141::alps_b5726b02a4a5_to_Equation2,1,alps4141,alps4141::alps_b5726b02a4a5_to_Equation2,memory_limit,resource_exhausted,memory_limit,False,False,False
alpha_777f373d4156e62c,alps4141::alps_a6952a0bde9c_to_Equation2,1,alps4141,alps4141::alps_a6952a0bde9c_to_Equation2,memory_limit,resource_exhausted,memory_limit,False,False,False
alpha_85e79180bbde2c43,alps4141::alps_e6c87ade1bb1_to_Equation2,1,alps4141,alps4141::alps_e6c87ade1bb1_to_Equation2,memory_limit,resource_exhausted,memory_limit,False,False,False
alpha_056df8be37131b62,alps4141::alps_ca1102910b52_to_Equation2,1,alps4141,alps4141::alps_ca1102910b52_to_Equation2,memory_limit,resource_exhausted,memory_limit,False,False,False
alpha_fe97e6fac5aa8e23,alps4141::alps_28d7faa06118_to_Equation2,1,alps4141,alps4141::alps_28d7faa06118_to_Equation2,memory_limit,resource_exhausted,memory_limit,False,False,False
alpha_de7749697b62957b,alps4141::alps_2549de292dd5_to_Equation2,1,alps4141,alps4141::alps_2549de292dd5_to_Equation2,completed_no_decisive_result,resource_exhausted,memory_limit,False,False,False
alpha_d08e712688234e69,alps4141::alps_b5c6a8db3168_to_Equation2,1,alps4141,alps4141::alps_b5c6a8db3168_to_Equation2,memory_limit,resource_exhausted,resource_exhausted,False,False,False
alpha_c192bb4aa7db1236,alps4141::alps_a18a85ad3dd7_to_Equation2,1,alps4141,alps4141::alps_a18a85ad3dd7_to_Equation2,memory_limit,resource_exhausted,memory_limit,False,False,False
alpha_29ef9b6b594eb19e,alps4141::alps_8aa73774f5dd_to_Equation2,1,alps4141,alps4141::alps_8aa73774f5dd_to_Equation2,memory_limit,resource_exhausted,memory_limit,False,False,False
alpha_ea21896c0e4e09e7,alps4141::alps_c5ca90743645_to_Equation2,1,alps4141,alps4141::alps_c5ca90743645_to_Equation2,memory_limit,resource_exhausted,memory_limit,False,False,False
alpha_fcbb2065f0893a99,alps4141::alps_a7da396a386a_to_Equation2,1,alps4141,alps4141::alps_a7da396a386a_to_Equation2,memory_limit,resource_exhausted,memory_limit,False,False,False
alpha_bd561cbdf7b28dd1,alps4141::alps_7de61eb65b72_to_Equation2,1,alps4141,alps4141::alps_7de61eb65b72_to_Equation2,memory_limit,resource_exhausted,resource_exhausted,False,False,False
alpha_8b414bdd27329c40,alps4141::alps_8cbc48cff634_to_Equation2,1,alps4141,alps4141::alps_8cbc48cff634_to_Equation2,memory_limit,resource_exhausted,memory_limit,False,False,False
alpha_e7e75bc92e6b3e77,alps4141::alps_770235030991_to_Equation2,1,alps4141,alps4141::alps_770235030991_to_Equation2,memory_limit,resource_exhausted,resource_exhausted,False,False,False
alpha_463ca34362fb6f9b,alps4141::alps_e88b554bab2d_to_Equation2,1,alps4141,alps4141::alps_e88b554bab2d_to_Equation2,memory_limit,resource_exhausted,resource_exhausted,False,False,False
alpha_8d1c20d7736608bf,alps4141::alps_a10ea15b94a4_to_Equation2,1,alps4141,alps4141::alps_a10ea15b94a4_to_Equation2,memory_limit,resource_exhausted,resource_exhausted,False,False,False
alpha_116bdd8c729cf6b9,alps4141::alps_b7bc5cde3de9_to_Equation2,1,alps4141,alps4141::alps_b7bc5cde3de9_to_Equation2,resource_exhausted,resource_exhausted,resource_exhausted,False,False,False
alpha_bf1b70061147fca6,alps4141::alps_3da586fe82a3_to_Equation2,1,alps4141,alps4141::alps_3da586fe82a3_to_Equation2,resource_exhausted,resource_exhausted,resource_exhausted,False,False,False
alpha_94a385bda03c4668,alps4141::alps_18009f302998_to_Equation2,1,alps4141,alps4141::alps_18009f302998_to_Equation2,memory_limit,resource_exhausted,resource_exhausted,False,False,False
alpha_0fba404fa1e943dd,alps4141::alps_b41a67cfd674_to_Equation2,1,alps4141,alps4141::alps_b41a67cfd674_to_Equation2,memory_limit,resource_exhausted,resource_exhausted,False,False,False
alpha_04b8383b280025cb,alps4141::alps_4c249875f616_to_Equation2,1,alps4141,alps4141::alps_4c249875f616_to_Equation2,memory_limit,resource_exhausted,resource_exhausted,False,False,False
alpha_74d0367dad94fea7,alps4141::alps_b1795c2025d8_to_Equation2,1,alps4141,alps4141::alps_b1795c2025d8_to_Equation2,memory_limit,resource_exhausted,resource_exhausted,False,False,False
alpha_4f962d558fc8ec04,alps4141::alps_a3e836e1bf54_to_Equation2,1,alps4141,alps4141::alps_a3e836e1bf54_to_Equation2,memory_limit,resource_exhausted,resource_exhausted,False,False,False
alpha_c28024c965a5c8e7,alps4141::alps_67611012fc1d_to_Equation2,1,alps4141,alps4141::alps_67611012fc1d_to_Equation2,memory_limit,resource_exhausted,memory_limit,False,False,False
alpha_142da294d801dd85,alps4141::alps_fe887d19f258_to_Equation2,1,alps4141,alps4141::alps_fe887d19f258_to_Equation2,resource_exhausted,resource_exhausted,resource_exhausted,False,False,False
alpha_81924bc7c97f4db6,alps4141::alps_cf1a4470bcaa_to_Equation2,1,alps4141,alps4141::alps_cf1a4470bcaa_to_Equation2,resource_exhausted,resource_exhausted,resource_exhausted,False,False,False
alpha_77a199bc5d865edb,alps4141::alps_4c50884032f8_to_Equation2,1,alps4141,alps4141::alps_4c50884032f8_to_Equation2,memory_limit,resource_exhausted,memory_limit,False,False,False
alpha_cee07dca25fe3bae,alps4141::alps_f574353c561c_to_Equation2,1,alps4141,alps4141::alps_f574353c561c_to_Equation2,memory_limit,resource_exhausted,memory_limit,False,False,False
alpha_724f3201036d1001,alps4141::alps_4863b77bc3c3_to_Equation2,1,alps4141,alps4141::alps_4863b77bc3c3_to_Equation2,memory_limit,resource_exhausted,resource_exhausted,False,False,False
alpha_60e19cae53407e1a,alps4141::alps_660593a90048_to_Equation2,1,alps4141,alps4141::alps_660593a90048_to_Equation2,memory_limit,resource_exhausted,memory_limit,False,False,False
alpha_7887d16d58c0dd96,alps4141::alps_b03cbd5c16c0_to_Equation2,1,alps4141,alps4141::alps_b03cbd5c16c0_to_Equation2,memory_limit,resource_exhausted,resource_exhausted,False,False,False
alpha_d38959d80af86a84,alps4141::alps_4632d28bafaf_to_Equation2,1,alps4141,alps4141::alps_4632d28bafaf_to_Equation2,memory_limit,resource_exhausted,resource_exhausted,False,False,False
alpha_e4fdf4510b909dc6,alps4141::alps_e78c8ba86a95_to_Equation2,1,alps4141,alps4141::alps_e78c8ba86a95_to_Equation2,memory_limit,resource_exhausted,resource_exhausted,False,False,False
alpha_468af6283242a449,alps4141::alps_10481add1380_to_Equation2,1,alps4141,alps4141::alps_10481add1380_to_Equation2,memory_limit,resource_exhausted,resource_exhausted,False,False,False
alpha_be527d9ab8019f0c,alps4141::alps_bb16b65549e2_to_Equation2,1,alps4141,alps4141::alps_bb16b65549e2_to_Equation2,memory_limit,resource_exhausted,resource_exhausted,False,False,False
alpha_063ad35c0c73d222,alps4141::alps_254c64c3c681_to_Equation2,1,alps4141,alps4141::alps_254c64c3c681_to_Equation2,memory_limit,resource_exhausted,resource_exhausted,False,False,False
alpha_571f9cfc3727e483,alps4141::alps_3704ef7d1515_to_Equation2,1,alps4141,alps4141::alps_3704ef7d1515_to_Equation2,memory_limit,resource_exhausted,resource_exhausted,False,False,False
alpha_85d7fec2b6d7f078,alps4141::alps_c510fa9cdc38_to_Equation2,1,alps4141,alps4141::alps_c510fa9cdc38_to_Equation2,memory_limit,resource_exhausted,resource_exhausted,False,False,False
alpha_b1900d912b2433bf,alps4141::alps_a13938efd699_to_Equation2,1,alps4141,alps4141::alps_a13938efd699_to_Equation2,memory_limit,resource_exhausted,resource_exhausted,False,False,False
alpha_41bf7b9122389997,alps4141::alps_b2d68349b55b_to_Equation2,1,alps4141,alps4141::alps_b2d68349b55b_to_Equation2,resource_exhausted,resource_exhausted,resource_exhausted,False,False,False
alpha_85404d0fb394a857,alps4141::alps_f7ff953ec48f_to_Equation2,1,alps4141,alps4141::alps_f7ff953ec48f_to_Equation2,memory_limit,resource_exhausted,resource_exhausted,False,False,False
alpha_36483624b2d9cd99,alps4141::alps_cad33515843d_to_Equation2,1,alps4141,alps4141::alps_cad33515843d_to_Equation2,memory_limit,resource_exhausted,memory_limit,False,False,False
alpha_8ed4ef0c78a9027a,alps4141::alps_5218b6ce7271_to_Equation2,1,alps4141,alps4141::alps_5218b6ce7271_to_Equation2,memory_limit,resource_exhausted,memory_limit,False,False,False
alpha_088cffcfb3a40ae8,alps4141::alps_ca43ec3e3901_to_Equation2,1,alps4141,alps4141::alps_ca43ec3e3901_to_Equation2,memory_limit,resource_exhausted,resource_exhausted,False,False,False
alpha_f3d32e98a0175859,alps4141::alps_92a9a60a60b1_to_Equation2,1,alps4141,alps4141::alps_92a9a60a60b1_to_Equation2,memory_limit,resource_exhausted,resource_exhausted,False,False,False
alpha_bd8a0edf759d1b65,alps4141::alps_8be84e7f22a3_to_Equation2,1,alps4141,alps4141::alps_8be84e7f22a3_to_Equation2,memory_limit,resource_exhausted,resource_exhausted,False,False,False
alpha_48c35f68b63f67be,alps4141::alps_6f23d73b49ba_to_Equation2,1,alps4141,alps4141::alps_6f23d73b49ba_to_Equation2,memory_limit,resource_exhausted,resource_exhausted,False,False,False
alpha_9ec1c344247e6010,alps4141::alps_aeb03c8e341f_to_Equation2,1,alps4141,alps4141::alps_aeb03c8e341f_to_Equation2,memory_limit,resource_exhausted,resource_exhausted,False,False,False
alpha_1ab4aa5d51dafb8c,alps4141::alps_99833035450d_to_Equation2,1,alps4141,alps4141::alps_99833035450d_to_Equation2,memory_limit,resource_exhausted,resource_exhausted,False,False,False
alpha_c2c6dc688b2e6e8d,alps4141::alps_c5d1cef58655_to_Equation2,1,alps4141,alps4141::alps_c5d1cef58655_to_Equation2,memory_limit,resource_exhausted,resource_exhausted,False,False,False
alpha_1bbd1817628d2913,alps4141::alps_81398e1ae14b_to_Equation2,1,alps4141,alps4141::alps_81398e1ae14b_to_Equation2,memory_limit,resource_exhausted,resource_exhausted,False,False,False
alpha_6ea84c4cf0d3a01f,alps4141::alps_4e37eb8eb318_to_Equation2,1,alps4141,alps4141::alps_4e37eb8eb318_to_Equation2,memory_limit,resource_exhausted,resource_exhausted,False,False,False
alpha_7a0a8b2ecfa93a3e,alps4141::alps_0c55f3035f5a_to_Equation2,1,alps4141,alps4141::alps_0c55f3035f5a_to_Equation2,memory_limit,resource_exhausted,resource_exhausted,False,False,False
alpha_1d3372fe09a65334,alps4141::alps_537630bb12a6_to_Equation2,1,alps4141,alps4141::alps_537630bb12a6_to_Equation2,memory_limit,resource_exhausted,resource_exhausted,False,False,False
alpha_18d7d9abaab67395,alps4141::alps_db51324e4ceb_to_Equation2,1,alps4141,alps4141::alps_db51324e4ceb_to_Equation2,memory_limit,resource_exhausted,resource_exhausted,False,False,False
alpha_e470965479f5fd75,alps4141::alps_3daa6573271b_to_Equation2,1,alps4141,alps4141::alps_3daa6573271b_to_Equation2,memory_limit,resource_exhausted,resource_exhausted,False,False,False
alpha_5c920027f9039cf4,alps4141::alps_6472ae4d22cb_to_Equation2,1,alps4141,alps4141::alps_6472ae4d22cb_to_Equation2,memory_limit,resource_exhausted,resource_exhausted,False,False,False
alpha_d1855c6644b339e9,alps4141::alps_065d15f1e5bd_to_Equation2,1,alps4141,alps4141::alps_065d15f1e5bd_to_Equation2,memory_limit,resource_exhausted,resource_exhausted,False,False,False
alpha_0f93d05f1a90a260,alps4141::alps_ec80078a1146_to_Equation2,1,alps4141,alps4141::alps_ec80078a1146_to_Equation2,memory_limit,resource_exhausted,resource_exhausted,False,False,False
alpha_daeb09a50c9b81c5,alps4141::alps_e71c6d5128c3_to_Equation2,1,alps4141,alps4141::alps_e71c6d5128c3_to_Equation2,memory_limit,resource_exhausted,resource_exhausted,False,False,False
alpha_b0f1c403921c915b,alps4141::alps_b88217bcc8f6_to_Equation2,1,alps4141,alps4141::alps_b88217bcc8f6_to_Equation2,memory_limit,resource_exhausted,resource_exhausted,False,False,False
alpha_24c3e502362bdf15,alps4141::alps_ce967abdc297_to_Equation2,1,alps4141,alps4141::alps_ce967abdc297_to_Equation2,memory_limit,resource_exhausted,resource_exhausted,False,False,False
alpha_b0babaa121f96870,alps4141::alps_a8ed9119de90_to_Equation2,1,alps4141,alps4141::alps_a8ed9119de90_to_Equation2,memory_limit,resource_exhausted,resource_exhausted,False,False,False
alpha_ec395c1761a3a818,alps4141::alps_7bea4cbf46a6_to_Equation2,1,alps4141,alps4141::alps_7bea4cbf46a6_to_Equation2,memory_limit,resource_exhausted,resource_exhausted,False,False,False
alpha_562cfcb325dcc7f0,alps4141::alps_c543db9fc11c_to_Equation2,1,alps4141,alps4141::alps_c543db9fc11c_to_Equation2,memory_limit,resource_exhausted,resource_exhausted,False,False,False
alpha_9aac3c4de5105f2f,alps4141::alps_9dd6e03c0d16_to_Equation2,1,alps4141,alps4141::alps_9dd6e03c0d16_to_Equation2,memory_limit,resource_exhausted,resource_exhausted,False,False,False
alpha_afd717b922f873fc,alps4141::alps_b2a602d62a1f_to_Equation2,1,alps4141,alps4141::alps_b2a602d62a1f_to_Equation2,memory_limit,resource_exhausted,resource_exhausted,False,False,False
alpha_8a78c1992f545e25,alps4141::alps_6491206feab3_to_Equation2,1,alps4141,alps4141::alps_6491206feab3_to_Equation2,resource_exhausted,resource_exhausted,resource_exhausted,False,False,False
alpha_410a07c423bfed54,alps4141::alps_c54c386a4b3f_to_Equation2,1,alps4141,alps4141::alps_c54c386a4b3f_to_Equation2,memory_limit,resource_exhausted,resource_exhausted,False,False,False
alpha_05148d1f9fb4ce47,alps4141::alps_76f0b085e1ff_to_Equation2,1,alps4141,alps4141::alps_76f0b085e1ff_to_Equation2,memory_limit,resource_exhausted,resource_exhausted,False,False,False
alpha_7a112df12a3ed5da,alps4141::alps_7fb197820daf_to_Equation2,1,alps4141,alps4141::alps_7fb197820daf_to_Equation2,resource_exhausted,resource_exhausted,resource_exhausted,False,False,False
alpha_cbce40330d8ae090,alps4141::alps_c756ca440965_to_Equation2,1,alps4141,alps4141::alps_c756ca440965_to_Equation2,memory_limit,resource_exhausted,resource_exhausted,False,False,False
alpha_2de8f020bc07f7c2,alps4141::alps_0a7eacedd1ea_to_Equation2,1,alps4141,alps4141::alps_0a7eacedd1ea_to_Equation2,memory_limit,resource_exhausted,resource_exhausted,False,False,False
alpha_935a65b505b8931c,alps4141::alps_c119e53c2b53_to_Equation2,1,alps4141,alps4141::alps_c119e53c2b53_to_Equation2,memory_limit,resource_exhausted,resource_exhausted,False,False,False
alpha_7224e1bf2e3cccab,alps4141::alps_154ad6814fa9_to_Equation2,1,alps4141,alps4141::alps_154ad6814fa9_to_Equation2,resource_exhausted,resource_exhausted,resource_exhausted,False,False,False
alpha_25b25ca3b40ada10,alps4141::alps_5df2db350edb_to_Equation2,1,alps4141,alps4141::alps_5df2db350edb_to_Equation2,resource_exhausted,resource_exhausted,resource_exhausted,False,False,False
alpha_87dd10f518e610f0,alps4141::alps_191cabf7c5c2_to_Equation2,1,alps4141,alps4141::alps_191cabf7c5c2_to_Equation2,resource_exhausted,resource_exhausted,resource_exhausted,False,False,False
alpha_8da8681ec050e5a0,alps4141::alps_a52381a65377_to_Equation2,1,alps4141,alps4141::alps_a52381a65377_to_Equation2,memory_limit,resource_exhausted,resource_exhausted,False,False,False
alpha_b5c5944529f335d1,alps4141::alps_cca70f5c3ee5_to_Equation2,1,alps4141,alps4141::alps_cca70f5c3ee5_to_Equation2,memory_limit,resource_exhausted,resource_exhausted,False,False,False
alpha_8fda25b41efe618e,alps4141::alps_0b3cb0cfb186_to_Equation2,1,alps4141,alps4141::alps_0b3cb0cfb186_to_Equation2,memory_limit,resource_exhausted,resource_exhausted,False,False,False
alpha_067247093533f950,alps4141::alps_422385b3b3d5_to_Equation2,1,alps4141,alps4141::alps_422385b3b3d5_to_Equation2,memory_limit,resource_exhausted,resource_exhausted,False,False,False
alpha_319e38731963ffd9,alps4141::alps_a1f40ef76e4c_to_Equation2,1,alps4141,alps4141::alps_a1f40ef76e4c_to_Equation2,memory_limit,resource_exhausted,resource_exhausted,False,False,False
alpha_8f33574bb52df32d,alps4141::alps_39eee2e56fe5_to_Equation2,1,alps4141,alps4141::alps_39eee2e56fe5_to_Equation2,memory_limit,resource_exhausted,resource_exhausted,False,False,False
alpha_7791dcbf5090d72e,alps4141::alps_5be636291d0e_to_Equation2,1,alps4141,alps4141::alps_5be636291d0e_to_Equation2,memory_limit,resource_exhausted,resource_exhausted,False,False,False
alpha_0fe647edcae11f19,alps4141::alps_bf20b2d10382_to_Equation2,1,alps4141,alps4141::alps_bf20b2d10382_to_Equation2,memory_limit,resource_exhausted,resource_exhausted,False,False,False
alpha_27e8527344e48f0f,alps4141::alps_2391bcf862c7_to_Equation2,1,alps4141,alps4141::alps_2391bcf862c7_to_Equation2,memory_limit,resource_exhausted,resource_exhausted,False,False,False
alpha_26a0279c6b27c65d,alps4141::alps_f35ccf259b1b_to_Equation2,1,alps4141,alps4141::alps_f35ccf259b1b_to_Equation2,memory_limit,resource_exhausted,resource_exhausted,False,False,False
alpha_965ea9266290c8a2,alps4141::alps_c9a07e8843ab_to_Equation2,1,alps4141,alps4141::alps_c9a07e8843ab_to_Equation2,memory_limit,resource_exhausted,resource_exhausted,False,False,False
alpha_0ec214d9a2a0fad4,alps4141::alps_5965f33483b6_to_Equation2,1,alps4141,alps4141::alps_5965f33483b6_to_Equation2,memory_limit,resource_exhausted,resource_exhausted,False,False,False
alpha_0f41284ffe1469c8,alps4141::alps_3526a8b869d3_to_Equation2,1,alps4141,alps4141::alps_3526a8b869d3_to_Equation2,memory_limit,resource_exhausted,resource_exhausted,False,False,False
alpha_972ce74f906aaca7,alps4141::alps_e0c5835b0a42_to_Equation2,1,alps4141,alps4141::alps_e0c5835b0a42_to_Equation2,memory_limit,resource_exhausted,resource_exhausted,False,False,False
alpha_7fa6ea0ca0a6eb07,alps4141::alps_8534fe25a82a_to_Equation2,1,alps4141,alps4141::alps_8534fe25a82a_to_Equation2,memory_limit,resource_exhausted,resource_exhausted,False,False,False
alpha_e32be34c6a19b15f,alps4141::alps_68682cc3b8ea_to_Equation2,1,alps4141,alps4141::alps_68682cc3b8ea_to_Equation2,memory_limit,resource_exhausted,resource_exhausted,False,False,False
alpha_561772d23ec40805,alps4141::alps_80fe96a730d7_to_Equation2,1,alps4141,alps4141::alps_80fe96a730d7_to_Equation2,memory_limit,resource_exhausted,resource_exhausted,False,False,False
alpha_b73cae899b161408,alps4141::alps_e8c2bd7a43b5_to_Equation2,1,alps4141,alps4141::alps_e8c2bd7a43b5_to_Equation2,resource_exhausted,resource_exhausted,resource_exhausted,False,False,False
alpha_50accda0093d08a6,alps4141::alps_4dd33876df60_to_Equation2,1,alps4141,alps4141::alps_4dd33876df60_to_Equation2,memory_limit,resource_exhausted,resource_exhausted,False,False,False
alpha_8b0f2f85d4da91d2,alps4141::alps_82a1c8da4888_to_Equation2,1,alps4141,alps4141::alps_82a1c8da4888_to_Equation2,memory_limit,resource_exhausted,memory_limit,False,False,False
alpha_5dd01dbe25109961,alps4141::alps_10c35e440bdb_to_Equation2,1,alps4141,alps4141::alps_10c35e440bdb_to_Equation2,memory_limit,resource_exhausted,resource_exhausted,False,False,False
alpha_ecc2eee11d254610,alps4141::alps_e4fdf2ae9e1e_to_Equation2,1,alps4141,alps4141::alps_e4fdf2ae9e1e_to_Equation2,memory_limit,resource_exhausted,resource_exhausted,False,False,False
alpha_5de179c406f3a656,alps4141::alps_6a66ebf2a89a_to_Equation2,1,alps4141,alps4141::alps_6a66ebf2a89a_to_Equation2,memory_limit,resource_exhausted,resource_exhausted,False,False,False
alpha_c95314c1209e7f0f,alps4141::alps_069708d5496b_to_Equation2,1,alps4141,alps4141::alps_069708d5496b_to_Equation2,memory_limit,resource_exhausted,resource_exhausted,False,False,False
alpha_668df7140a298805,alps4141::alps_9da9671c7cdf_to_Equation2,1,alps4141,alps4141::alps_9da9671c7cdf_to_Equation2,memory_limit,resource_exhausted,memory_limit,False,False,False
alpha_94819a2c9a5a870b,alps4141::alps_a31f1d4a07d9_to_Equation2,1,alps4141,alps4141::alps_a31f1d4a07d9_to_Equation2,memory_limit,resource_exhausted,resource_exhausted,False,False,False
alpha_08b0c60e2b3bce22,alps4141::alps_87024a107cbf_to_Equation2,1,alps4141,alps4141::alps_87024a107cbf_to_Equation2,memory_limit,resource_exhausted,memory_limit,False,False,False
alpha_53dc85176fdbb086,alps4141::alps_2b2629505916_to_Equation2,1,alps4141,alps4141::alps_2b2629505916_to_Equation2,memory_limit,resource_exhausted,resource_exhausted,False,False,False
alpha_ad01fb6aba978a96,alps4141::alps_cff361b1fcb5_to_Equation2,1,alps4141,alps4141::alps_cff361b1fcb5_to_Equation2,memory_limit,resource_exhausted,resource_exhausted,False,False,False
alpha_5b907c3ce4468478,alps4141::alps_b4432be7118f_to_Equation2,1,alps4141,alps4141::alps_b4432be7118f_to_Equation2,resource_exhausted,resource_exhausted,resource_exhausted,False,False,False
alpha_6be2006217c6a523,alps4141::alps_0c296f924429_to_Equation2,1,alps4141,alps4141::alps_0c296f924429_to_Equation2,resource_exhausted,resource_exhausted,resource_exhausted,False,False,False
alpha_67d167212a410890,alps4141::alps_13198f31bffe_to_Equation2,1,alps4141,alps4141::alps_13198f31bffe_to_Equation2,memory_limit,resource_exhausted,resource_exhausted,False,False,False
alpha_26af65ba50c9a472,alps4141::alps_ddb4d873a16b_to_Equation2,1,alps4141,alps4141::alps_ddb4d873a16b_to_Equation2,memory_limit,resource_exhausted,resource_exhausted,False,False,False
alpha_867c8aa2877ef2c5,alps4141::alps_c26de2c2cf3c_to_Equation2,1,alps4141,alps4141::alps_c26de2c2cf3c_to_Equation2,memory_limit,resource_exhausted,resource_exhausted,False,False,False
alpha_d4aa1dcbde040df5,alps4141::alps_6dc9a2250ad5_to_Equation2,1,alps4141,alps4141::alps_6dc9a2250ad5_to_Equation2,memory_limit,resource_exhausted,resource_exhausted,False,False,False
alpha_9b2cf7635837e748,alps4141::alps_8ab3173fcc69_to_Equation2,1,alps4141,alps4141::alps_8ab3173fcc69_to_Equation2,memory_limit,resource_exhausted,resource_exhausted,False,False,False
alpha_e7d2ce03d9a7b389,alps4141::alps_437a7a21d5a4_to_Equation2,1,alps4141,alps4141::alps_437a7a21d5a4_to_Equation2,memory_limit,resource_exhausted,memory_limit,False,False,False
alpha_e53fc3aac7bfd9cf,alps4141::alps_534f85156b8b_to_Equation2,1,alps4141,alps4141::alps_534f85156b8b_to_Equation2,memory_limit,resource_exhausted,resource_exhausted,False,False,False
alpha_48fa300bdd800643,alps4141::alps_d5df25a6ca54_to_Equation2,1,alps4141,alps4141::alps_d5df25a6ca54_to_Equation2,memory_limit,resource_exhausted,resource_exhausted,False,False,False
alpha_5585cc6cb9270eb1,alps4141::alps_d42a90405f15_to_Equation2,1,alps4141,alps4141::alps_d42a90405f15_to_Equation2,resource_exhausted,resource_exhausted,resource_exhausted,False,False,False
alpha_5cf08190123edfce,alps4141::alps_6f7aff7b5564_to_Equation2,1,alps4141,alps4141::alps_6f7aff7b5564_to_Equation2,resource_exhausted,resource_exhausted,resource_exhausted,False,False,False
alpha_7771191752935eb4,alps4141::alps_d22b3f8047de_to_Equation2,1,alps4141,alps4141::alps_d22b3f8047de_to_Equation2,resource_exhausted,resource_exhausted,resource_exhausted,False,False,False
alpha_29107af53b6f7b99,alps4141::alps_1809fde83cbf_to_Equation2,1,alps4141,alps4141::alps_1809fde83cbf_to_Equation2,memory_limit,resource_exhausted,resource_exhausted,False,False,False
alpha_f7aa7be47322c5f3,alps4141::alps_70a293d8e6e6_to_Equation2,1,alps4141,alps4141::alps_70a293d8e6e6_to_Equation2,memory_limit,resource_exhausted,memory_limit,False,False,False
alpha_6c0ba0969b27f21d,alps4141::alps_1941fed09982_to_Equation2,1,alps4141,alps4141::alps_1941fed09982_to_Equation2,resource_exhausted,resource_exhausted,resource_exhausted,False,False,False
alpha_9ecf086e080fc8e7,alps4141::alps_5431295fbacc_to_Equation2,1,alps4141,alps4141::alps_5431295fbacc_to_Equation2,resource_exhausted,resource_exhausted,resource_exhausted,False,False,False
alpha_bf6e3acfc73c7c60,alps4141::alps_3f8cb0afade6_to_Equation2,1,alps4141,alps4141::alps_3f8cb0afade6_to_Equation2,resource_exhausted,resource_exhausted,resource_exhausted,False,False,False
alpha_c4315aa7b6da1039,alps4141::alps_94e2a5c30f2f_to_Equation2,1,alps4141,alps4141::alps_94e2a5c30f2f_to_Equation2,resource_exhausted,resource_exhausted,resource_exhausted,False,False,False
alpha_ada9b0195b14ebb9,alps4141::alps_f3ba71311766_to_Equation2,1,alps4141,alps4141::alps_f3ba71311766_to_Equation2,memory_limit,resource_exhausted,resource_exhausted,False,False,False
alpha_34a77ace040ef3ba,alps4141::alps_38fe829ac951_to_Equation2,1,alps4141,alps4141::alps_38fe829ac951_to_Equation2,memory_limit,resource_exhausted,resource_exhausted,False,False,False
alpha_89dc1071d22d0a8e,alps4141::alps_5b9231463bee_to_Equation2,1,alps4141,alps4141::alps_5b9231463bee_to_Equation2,memory_limit,resource_exhausted,resource_exhausted,False,False,False
alpha_78f5d8c11da5663a,alps4141::alps_58e36a9b564c_to_Equation2,1,alps4141,alps4141::alps_58e36a9b564c_to_Equation2,memory_limit,resource_exhausted,resource_exhausted,False,False,False
alpha_abf07b1e408ac1e2,alps4141::alps_c330973a2561_to_Equation2,1,alps4141,alps4141::alps_c330973a2561_to_Equation2,memory_limit,resource_exhausted,resource_exhausted,False,False,False
alpha_ed48b38f02a0c444,alps4141::alps_5163bc937a3e_to_Equation2,1,alps4141,alps4141::alps_5163bc937a3e_to_Equation2,memory_limit,resource_exhausted,resource_exhausted,False,False,False
alpha_0d43aa5046dc611a,alps4141::alps_fe59c4d866e4_to_Equation2,1,alps4141,alps4141::alps_fe59c4d866e4_to_Equation2,memory_limit,resource_exhausted,resource_exhausted,False,False,False
alpha_06730e4b9ae550e4,alps4141::alps_90d8d3a44d4a_to_Equation2,1,alps4141,alps4141::alps_90d8d3a44d4a_to_Equation2,memory_limit,resource_exhausted,resource_exhausted,False,False,False
alpha_d84bbc6bebf3b364,alps4141::alps_fb2e94eb4f73_to_Equation2,1,alps4141,alps4141::alps_fb2e94eb4f73_to_Equation2,resource_exhausted,resource_exhausted,resource_exhausted,False,False,False
alpha_2ff6f1c1e1346af8,alps4141::alps_5f82f1e1fb7b_to_Equation2,1,alps4141,alps4141::alps_5f82f1e1fb7b_to_Equation2,memory_limit,resource_exhausted,memory_limit,False,False,False
alpha_d333497f2fbe5a98,alps4141::alps_bfaab3e66b01_to_Equation2,1,alps4141,alps4141::alps_bfaab3e66b01_to_Equation2,memory_limit,resource_exhausted,resource_exhausted,False,False,False
alpha_21d6b39417027d82,alps4141::alps_a45780552d62_to_Equation2,1,alps4141,alps4141::alps_a45780552d62_to_Equation2,memory_limit,resource_exhausted,resource_exhausted,False,False,False
alpha_e0902333595f8fc5,alps4141::alps_ecb61a275ccf_to_Equation2,1,alps4141,alps4141::alps_ecb61a275ccf_to_Equation2,completed_no_decisive_result,resource_exhausted,memory_limit,False,False,False
alpha_c524ff8ea580e893,alps4141::alps_9a19b35ecadd_to_Equation2,1,alps4141,alps4141::alps_9a19b35ecadd_to_Equation2,memory_limit,resource_exhausted,memory_limit,False,False,False
alpha_fa7e19ce2f5742c4,alps4141::alps_ab7f1c71e664_to_Equation2,1,alps4141,alps4141::alps_ab7f1c71e664_to_Equation2,memory_limit,resource_exhausted,memory_limit,False,False,False
alpha_38a686a2ba6a2ad0,alps4141::alps_995cdf4a170d_to_Equation2,1,alps4141,alps4141::alps_995cdf4a170d_to_Equation2,memory_limit,resource_exhausted,resource_exhausted,False,False,False
alpha_76082a793da899b4,alps4141::alps_7150e56f2461_to_Equation2,1,alps4141,alps4141::alps_7150e56f2461_to_Equation2,memory_limit,resource_exhausted,resource_exhausted,False,False,False
alpha_09b3402315e9fbbb,alps4141::alps_a70c7130dc59_to_Equation2,1,alps4141,alps4141::alps_a70c7130dc59_to_Equation2,memory_limit,resource_exhausted,memory_limit,False,False,False
alpha_fc7749b2eafac696,alps4141::alps_2ed47c0f8d38_to_Equation2,1,alps4141,alps4141::alps_2ed47c0f8d38_to_Equation2,memory_limit,resource_exhausted,memory_limit,False,False,False
alpha_655a9305a54949bf,alps4141::alps_cf7f1c87d1de_to_Equation2,1,alps4141,alps4141::alps_cf7f1c87d1de_to_Equation2,memory_limit,resource_exhausted,resource_exhausted,False,False,False
alpha_45fa0b9419e60fae,alps4141::alps_810659c84472_to_Equation2,1,alps4141,alps4141::alps_810659c84472_to_Equation2,memory_limit,resource_exhausted,resource_exhausted,False,False,False
alpha_337207bbbf46cbc9,alps4141::alps_1d31d922d304_to_Equation2,1,alps4141,alps4141::alps_1d31d922d304_to_Equation2,memory_limit,resource_exhausted,resource_exhausted,False,False,False
alpha_5f2f9a3af89330dd,alps4141::alps_d6209df8cc09_to_Equation2,1,alps4141,alps4141::alps_d6209df8cc09_to_Equation2,memory_limit,resource_exhausted,resource_exhausted,False,False,False
alpha_df23252937574298,alps4141::alps_c328ba6d6325_to_Equation2,1,alps4141,alps4141::alps_c328ba6d6325_to_Equation2,memory_limit,resource_exhausted,memory_limit,False,False,False
alpha_bd58279d5db0c9e8,alps4141::alps_a36767381a55_to_Equation2,1,alps4141,alps4141::alps_a36767381a55_to_Equation2,memory_limit,resource_exhausted,resource_exhausted,False,False,False
alpha_18889e96f0843fad,alps4141::alps_3e4e7d9ca901_to_Equation2,1,alps4141,alps4141::alps_3e4e7d9ca901_to_Equation2,memory_limit,resource_exhausted,resource_exhausted,False,False,False
alpha_474af0900979095a,alps4141::alps_5a6b7dc57a3c_to_Equation2,1,alps4141,alps4141::alps_5a6b7dc57a3c_to_Equation2,memory_limit,resource_exhausted,resource_exhausted,False,False,False
alpha_932073b26a6a0857,alps4141::alps_e1dd01d6cb9a_to_Equation2,1,alps4141,alps4141::alps_e1dd01d6cb9a_to_Equation2,memory_limit,resource_exhausted,memory_limit,False,False,False
alpha_035d7e9bc0004f78,alps4141::alps_fb63fd009d79_to_Equation2,1,alps4141,alps4141::alps_fb63fd009d79_to_Equation2,memory_limit,resource_exhausted,resource_exhausted,False,False,False
alpha_d6a053ab80937b52,alps4141::alps_23c9313d97c3_to_Equation2,1,alps4141,alps4141::alps_23c9313d97c3_to_Equation2,memory_limit,resource_exhausted,resource_exhausted,False,False,False
alpha_8bb8b514979f7a27,alps4141::alps_7183a7825cb7_to_Equation2,1,alps4141,alps4141::alps_7183a7825cb7_to_Equation2,memory_limit,resource_exhausted,memory_limit,False,False,False
alpha_2d67912d49947410,alps4141::alps_a89cf9a39630_to_Equation2,1,alps4141,alps4141::alps_a89cf9a39630_to_Equation2,memory_limit,resource_exhausted,memory_limit,False,False,False
alpha_e07c4d0448f51619,alps4141::alps_4fb75a5578f5_to_Equation2,1,alps4141,alps4141::alps_4fb75a5578f5_to_Equation2,memory_limit,resource_exhausted,resource_exhausted,False,False,False
alpha_7056536360831e6e,alps4141::alps_f4062af4588e_to_Equation2,1,alps4141,alps4141::alps_f4062af4588e_to_Equation2,memory_limit,resource_exhausted,resource_exhausted,False,False,False
alpha_e90755efcf24e5ef,alps4141::alps_b685a7059ff6_to_Equation2,1,alps4141,alps4141::alps_b685a7059ff6_to_Equation2,memory_limit,resource_exhausted,resource_exhausted,False,False,False
alpha_258f11334888d05f,alps4141::alps_cd7d18f9c3a4_to_Equation2,1,alps4141,alps4141::alps_cd7d18f9c3a4_to_Equation2,resource_exhausted,resource_exhausted,resource_exhausted,False,False,False
alpha_78377d71032786c6,alps4141::alps_2910d88911ab_to_Equation2,1,alps4141,alps4141::alps_2910d88911ab_to_Equation2,memory_limit,resource_exhausted,memory_limit,False,False,False
alpha_2f0a1f6f765fbae5,alps4141::alps_89350e5ce68a_to_Equation2,1,alps4141,alps4141::alps_89350e5ce68a_to_Equation2,memory_limit,resource_exhausted,resource_exhausted,False,False,False
alpha_ec2e8bff4fae8e89,alps4141::alps_ea61af3a419f_to_Equation2,1,alps4141,alps4141::alps_ea61af3a419f_to_Equation2,memory_limit,resource_exhausted,memory_limit,False,False,False
alpha_663dbf02cbe08298,alps4141::alps_fdba9cfb8df0_to_Equation2,1,alps4141,alps4141::alps_fdba9cfb8df0_to_Equation2,resource_exhausted,resource_exhausted,resource_exhausted,False,False,False
alpha_4684f842c4d81499,alps4141::alps_e1b26837033b_to_Equation2,1,alps4141,alps4141::alps_e1b26837033b_to_Equation2,resource_exhausted,resource_exhausted,resource_exhausted,False,False,False
alpha_6ac0f5161f16a93f,alps4141::alps_dc8c35e966ce_to_Equation2,1,alps4141,alps4141::alps_dc8c35e966ce_to_Equation2,memory_limit,resource_exhausted,resource_exhausted,False,False,False
alpha_a94b56232c944044,alps4141::alps_71fbbdc5a941_to_Equation2,1,alps4141,alps4141::alps_71fbbdc5a941_to_Equation2,memory_limit,resource_exhausted,resource_exhausted,False,False,False
alpha_e26b69ee8e702b0a,alps4141::alps_be1d2d0415b8_to_Equation2,1,alps4141,alps4141::alps_be1d2d0415b8_to_Equation2,resource_exhausted,resource_exhausted,resource_exhausted,False,False,False
alpha_72483ca26a171fe9,alps4141::alps_fcdda0fff993_to_Equation2,1,alps4141,alps4141::alps_fcdda0fff993_to_Equation2,memory_limit,resource_exhausted,memory_limit,False,False,False
alpha_26c37b6a88db0bcb,alps4141::alps_97b417d5dd66_to_Equation2,1,alps4141,alps4141::alps_97b417d5dd66_to_Equation2,memory_limit,resource_exhausted,memory_limit,False,False,False
alpha_225cfa08cab844c4,alps4141::alps_cddc54592289_to_Equation2,1,alps4141,alps4141::alps_cddc54592289_to_Equation2,memory_limit,resource_exhausted,memory_limit,False,False,False
alpha_ed5722f1f9e878eb,alps4141::alps_2fe58b83ad0d_to_Equation2,1,alps4141,alps4141::alps_2fe58b83ad0d_to_Equation2,memory_limit,resource_exhausted,memory_limit,False,False,False
alpha_d78faf95b1963fd0,alps4141::alps_37737aaced19_to_Equation2,1,alps4141,alps4141::alps_37737aaced19_to_Equation2,resource_exhausted,resource_exhausted,memory_limit,False,False,False
alpha_ddb9858fbe2ad0ee,alps4141::alps_222942d5abd5_to_Equation2,1,alps4141,alps4141::alps_222942d5abd5_to_Equation2,memory_limit,resource_exhausted,memory_limit,False,False,False
alpha_4fc10de74d9378d7,alps4141::alps_a52c5648f154_to_Equation2,1,alps4141,alps4141::alps_a52c5648f154_to_Equation2,memory_limit,resource_exhausted,memory_limit,False,False,False
alpha_bc71de10b50b17a5,alps4141::alps_26a26c84fdfb_to_Equation2,1,alps4141,alps4141::alps_26a26c84fdfb_to_Equation2,memory_limit,resource_exhausted,memory_limit,False,False,False
alpha_498d0433c5fb02c6,alps4141::alps_b4a9d1615d85_to_Equation2,1,alps4141,alps4141::alps_b4a9d1615d85_to_Equation2,memory_limit,resource_exhausted,memory_limit,False,False,False
alpha_e3132f32a694f725,alps4141::alps_a71227a9e87a_to_Equation2,1,alps4141,alps4141::alps_a71227a9e87a_to_Equation2,resource_exhausted,resource_exhausted,resource_exhausted,False,False,False
alpha_164644ec6d8b2c54,alps4141::alps_c9798b971d67_to_Equation2,1,alps4141,alps4141::alps_c9798b971d67_to_Equation2,memory_limit,resource_exhausted,memory_limit,False,False,False
alpha_ab43a03b48ef4c56,alps4141::alps_b664c95fd7e3_to_Equation2,1,alps4141,alps4141::alps_b664c95fd7e3_to_Equation2,memory_limit,resource_exhausted,resource_exhausted,False,False,False
alpha_f85f12210c16b078,alps4141::alps_7f8f9d2576c1_to_Equation2,1,alps4141,alps4141::alps_7f8f9d2576c1_to_Equation2,memory_limit,resource_exhausted,memory_limit,False,False,False
alpha_e1303508f5f0be68,alps4141::alps_7a410311639f_to_Equation2,1,alps4141,alps4141::alps_7a410311639f_to_Equation2,resource_exhausted,resource_exhausted,theorem,True,False,False
alpha_0e608d3dfc5e89a8,alps4141::alps_e319eb5a5ee2_to_Equation2,1,alps4141,alps4141::alps_e319eb5a5ee2_to_Equation2,memory_limit,resource_exhausted,resource_exhausted,False,False,False
alpha_5e5902d6481515e5,alps4141::alps_54b4e6cf333a_to_Equation2,1,alps4141,alps4141::alps_54b4e6cf333a_to_Equation2,memory_limit,resource_exhausted,resource_exhausted,False,False,False
alpha_9de1d6abfec1844f,alps4141::alps_17264f8817bd_to_Equation2,1,alps4141,alps4141::alps_17264f8817bd_to_Equation2,memory_limit,resource_exhausted,resource_exhausted,False,False,False
alpha_eab0f99bc99f9050,alps4141::alps_c95bf2e7dc78_to_Equation2,1,alps4141,alps4141::alps_c95bf2e7dc78_to_Equation2,memory_limit,resource_exhausted,resource_exhausted,False,False,False
alpha_6de7e46cc026ebb7,alps4141::alps_b0d105a15a48_to_Equation2,1,alps4141,alps4141::alps_b0d105a15a48_to_Equation2,resource_exhausted,resource_exhausted,resource_exhausted,False,False,False
alpha_07e03ffb429ca7a3,alps4141::alps_d7173b94bcd1_to_Equation2,1,alps4141,alps4141::alps_d7173b94bcd1_to_Equation2,memory_limit,resource_exhausted,memory_limit,False,False,False
alpha_2734b9c4a38c1426,alps4141::alps_24af85b7acb4_to_Equation2,1,alps4141,alps4141::alps_24af85b7acb4_to_Equation2,memory_limit,resource_exhausted,resource_exhausted,False,False,False
alpha_bbbf519d86add695,alps4141::alps_c2af704f7af8_to_Equation2,1,alps4141,alps4141::alps_c2af704f7af8_to_Equation2,memory_limit,resource_exhausted,memory_limit,False,False,False
alpha_e8e3cfe2c681e2b0,alps4141::alps_e6ace1558ff9_to_Equation2,1,alps4141,alps4141::alps_e6ace1558ff9_to_Equation2,memory_limit,resource_exhausted,resource_exhausted,False,False,False
alpha_1b1b303082101399,alps4141::alps_8817e0f850fc_to_Equation2,1,alps4141,alps4141::alps_8817e0f850fc_to_Equation2,resource_exhausted,resource_exhausted,resource_exhausted,False,False,False
alpha_1b8b16bdd7258b5e,alps4141::alps_cf554eb0ed22_to_Equation2,1,alps4141,alps4141::alps_cf554eb0ed22_to_Equation2,resource_exhausted,resource_exhausted,resource_exhausted,False,False,False
alpha_37588d24bd4f2989,alps4141::alps_7ec89b52d27c_to_Equation2,1,alps4141,alps4141::alps_7ec89b52d27c_to_Equation2,memory_limit,resource_exhausted,memory_limit,False,False,False
alpha_ec2242872e965b3c,alps4141::alps_016035fae918_to_Equation2,1,alps4141,alps4141::alps_016035fae918_to_Equation2,memory_limit,resource_exhausted,resource_exhausted,False,False,False
alpha_1cc7b075294add51,alps4141::alps_287312e35737_to_Equation2,1,alps4141,alps4141::alps_287312e35737_to_Equation2,memory_limit,resource_exhausted,memory_limit,False,False,False
alpha_62ef12bde5cbf34d,alps4141::alps_4a8fd30c46fe_to_Equation2,1,alps4141,alps4141::alps_4a8fd30c46fe_to_Equation2,memory_limit,resource_exhausted,resource_exhausted,False,False,False
alpha_bd88d99fee3589b9,alps4141::alps_895984d48e2b_to_Equation2,1,alps4141,alps4141::alps_895984d48e2b_to_Equation2,memory_limit,resource_exhausted,resource_exhausted,False,False,False
alpha_a8f6ddd91bfa96c5,alps4141::alps_4cf821036248_to_Equation2,1,alps4141,alps4141::alps_4cf821036248_to_Equation2,memory_limit,resource_exhausted,resource_exhausted,False,False,False
alpha_64704e355d901a79,alps4141::alps_ad7a05432392_to_Equation2,1,alps4141,alps4141::alps_ad7a05432392_to_Equation2,memory_limit,resource_exhausted,resource_exhausted,False,False,False
alpha_b36300fa2932bd2b,alps4141::alps_0899c907cd5a_to_Equation2,1,alps4141,alps4141::alps_0899c907cd5a_to_Equation2,memory_limit,resource_exhausted,resource_exhausted,False,False,False
alpha_49b48fabb728e3b6,alps4141::alps_2613a83e6a82_to_Equation2,1,alps4141,alps4141::alps_2613a83e6a82_to_Equation2,memory_limit,resource_exhausted,resource_exhausted,False,False,False
alpha_d9bd8c8ae79eb011,alps4141::alps_dad844c5ebed_to_Equation2,1,alps4141,alps4141::alps_dad844c5ebed_to_Equation2,memory_limit,resource_exhausted,resource_exhausted,False,False,False
alpha_f18a2b4dbb2ac09f,alps4141::alps_428e97fa175e_to_Equation2,1,alps4141,alps4141::alps_428e97fa175e_to_Equation2,memory_limit,resource_exhausted,resource_exhausted,False,False,False
alpha_76ece37224b413ee,alps4141::alps_8ba116409890_to_Equation2,1,alps4141,alps4141::alps_8ba116409890_to_Equation2,resource_exhausted,resource_exhausted,resource_exhausted,False,False,False
alpha_be43fa732c85fb47,alps4141::alps_f01abcc873fc_to_Equation2,1,alps4141,alps4141::alps_f01abcc873fc_to_Equation2,memory_limit,resource_exhausted,resource_exhausted,False,False,False
alpha_fbfeb853af99b28f,alps4141::alps_0ac263608ebb_to_Equation2,1,alps4141,alps4141::alps_0ac263608ebb_to_Equation2,resource_exhausted,resource_exhausted,resource_exhausted,False,False,False
alpha_c16b406687fe7426,alps4141::alps_d487230a4dd5_to_Equation2,1,alps4141,alps4141::alps_d487230a4dd5_to_Equation2,resource_exhausted,resource_exhausted,resource_exhausted,False,False,False
alpha_ec024cf1704b9298,alps4141::alps_8e7320e9c2f4_to_Equation2,1,alps4141,alps4141::alps_8e7320e9c2f4_to_Equation2,resource_exhausted,resource_exhausted,resource_exhausted,False,False,False
alpha_99529e3b45cfe0ec,alps4141::alps_48d4f82d90ca_to_Equation2,1,alps4141,alps4141::alps_48d4f82d90ca_to_Equation2,resource_exhausted,resource_exhausted,resource_exhausted,False,False,False
alpha_15fdfc04599361a2,alps4141::alps_3875e9285aaf_to_Equation2,1,alps4141,alps4141::alps_3875e9285aaf_to_Equation2,resource_exhausted,resource_exhausted,resource_exhausted,False,False,False
alpha_82c358e84fc7eb87,alps4141::alps_c8474c452fb9_to_Equation2,1,alps4141,alps4141::alps_c8474c452fb9_to_Equation2,memory_limit,resource_exhausted,memory_limit,False,False,False
alpha_5ab151b08b8222d4,alps4141::alps_c301d80600bd_to_Equation2,1,alps4141,alps4141::alps_c301d80600bd_to_Equation2,memory_limit,resource_exhausted,resource_exhausted,False,False,False
alpha_c93451646c9f595e,alps4141::alps_863784dd575a_to_Equation2,1,alps4141,alps4141::alps_863784dd575a_to_Equation2,memory_limit,resource_exhausted,resource_exhausted,False,False,False
alpha_eb1e3788dbca7e1d,alps4141::alps_3b773ba1407a_to_Equation2,1,alps4141,alps4141::alps_3b773ba1407a_to_Equation2,resource_exhausted,resource_exhausted,resource_exhausted,False,False,False
alpha_52ca36f29fa8effd,alps4141::alps_860ef5839dfc_to_Equation2,1,alps4141,alps4141::alps_860ef5839dfc_to_Equation2,memory_limit,resource_exhausted,memory_limit,False,False,False
alpha_e5deb467aa3b911c,alps4141::alps_5a32b29bc6e7_to_Equation2,1,alps4141,alps4141::alps_5a32b29bc6e7_to_Equation2,memory_limit,resource_exhausted,resource_exhausted,False,False,False
alpha_8cf111ef3a675da7,alps4141::alps_545e89f913d3_to_Equation2,1,alps4141,alps4141::alps_545e89f913d3_to_Equation2,memory_limit,resource_exhausted,resource_exhausted,False,False,False
alpha_6a45d7b2c0669c37,alps4141::alps_52d4f8d186ea_to_Equation2,1,alps4141,alps4141::alps_52d4f8d186ea_to_Equation2,memory_limit,resource_exhausted,memory_limit,False,False,False
alpha_62a1a2c0592c42c1,alps4141::alps_bef6642fc277_to_Equation2,1,alps4141,alps4141::alps_bef6642fc277_to_Equation2,memory_limit,resource_exhausted,resource_exhausted,False,False,False
alpha_09f35b5696d4e48f,alps4141::alps_4cccd5bca506_to_Equation2,1,alps4141,alps4141::alps_4cccd5bca506_to_Equation2,resource_exhausted,resource_exhausted,resource_exhausted,False,False,False
alpha_f2d7846f3ed67048,alps4141::alps_715bfc4ad84f_to_Equation2,1,alps4141,alps4141::alps_715bfc4ad84f_to_Equation2,memory_limit,resource_exhausted,resource_exhausted,False,False,False
alpha_aecc400790312509,alps4141::alps_d075f52a2087_to_Equation2,1,alps4141,alps4141::alps_d075f52a2087_to_Equation2,memory_limit,resource_exhausted,resource_exhausted,False,False,False
alpha_2e7b5eb8d51637c3,alps4141::alps_bb84431e699f_to_Equation2,1,alps4141,alps4141::alps_bb84431e699f_to_Equation2,memory_limit,resource_exhausted,memory_limit,False,False,False
alpha_4b05a9c1904b83cf,alps4141::alps_d45aaed7facf_to_Equation2,1,alps4141,alps4141::alps_d45aaed7facf_to_Equation2,memory_limit,resource_exhausted,resource_exhausted,False,False,False
alpha_931db604c84042ac,alps4141::alps_f01c4ea7e98e_to_Equation2,1,alps4141,alps4141::alps_f01c4ea7e98e_to_Equation2,memory_limit,resource_exhausted,resource_exhausted,False,False,False
alpha_65e945a3a134c592,alps4141::alps_25e0c673ed97_to_Equation2,1,alps4141,alps4141::alps_25e0c673ed97_to_Equation2,resource_exhausted,resource_exhausted,resource_exhausted,False,False,False
alpha_427ec71c5ecaaf23,alps4141::alps_8b21c63d0fdc_to_Equation2,1,alps4141,alps4141::alps_8b21c63d0fdc_to_Equation2,resource_exhausted,resource_exhausted,resource_exhausted,False,False,False
alpha_6a5a7e874dde6a98,alps4141::alps_874c2d429690_to_Equation2,1,alps4141,alps4141::alps_874c2d429690_to_Equation2,resource_exhausted,resource_exhausted,resource_exhausted,False,False,False
alpha_b74e88012250f457,alps4141::alps_7ed3bba17b63_to_Equation2,1,alps4141,alps4141::alps_7ed3bba17b63_to_Equation2,memory_limit,resource_exhausted,resource_exhausted,False,False,False
alpha_1ef0cc3afdf6ecb3,alps4141::alps_305d6f1f7ace_to_Equation2,1,alps4141,alps4141::alps_305d6f1f7ace_to_Equation2,resource_exhausted,resource_exhausted,resource_exhausted,False,False,False
alpha_cc4309bdd4f9b3d8,alps4141::alps_226daf30b36c_to_Equation2,1,alps4141,alps4141::alps_226daf30b36c_to_Equation2,memory_limit,resource_exhausted,memory_limit,False,False,False
alpha_b321b7f227021bc0,alps4141::alps_bb2496c16e9f_to_Equation2,1,alps4141,alps4141::alps_bb2496c16e9f_to_Equation2,theorem,resource_exhausted,theorem,True,False,False
alpha_027e91e9384f30e2,alps4141::alps_120a35a815d9_to_Equation2,1,alps4141,alps4141::alps_120a35a815d9_to_Equation2,resource_exhausted,resource_exhausted,resource_exhausted,False,False,False
alpha_90b3a8452b16cb20,alps4141::alps_6fc3f7b31647_to_Equation2,1,alps4141,alps4141::alps_6fc3f7b31647_to_Equation2,memory_limit,resource_exhausted,resource_exhausted,False,False,False
alpha_81d99cdf24a19a97,alps4141::alps_07c81857ce2b_to_Equation2,1,alps4141,alps4141::alps_07c81857ce2b_to_Equation2,resource_exhausted,resource_exhausted,resource_exhausted,False,False,False
alpha_ea38d014872becb3,alps4141::alps_229034b0283f_to_Equation2,1,alps4141,alps4141::alps_229034b0283f_to_Equation2,memory_limit,resource_exhausted,resource_exhausted,False,False,False
alpha_efcb6ef84771c6bc,alps4141::alps_be789e816894_to_Equation2,1,alps4141,alps4141::alps_be789e816894_to_Equation2,resource_exhausted,resource_exhausted,resource_exhausted,False,False,False
alpha_cbacf194a72f4fd2,alps4141::alps_e3e8dbe4fc9f_to_Equation2,1,alps4141,alps4141::alps_e3e8dbe4fc9f_to_Equation2,memory_limit,resource_exhausted,resource_exhausted,False,False,False
alpha_4a6f0cc0c4d03b1e,alps4141::alps_dae6b636d623_to_Equation2,1,alps4141,alps4141::alps_dae6b636d623_to_Equation2,memory_limit,resource_exhausted,resource_exhausted,False,False,False
alpha_f0f881fefc0c82a3,alps4141::alps_08c404b5a6f2_to_Equation2,1,alps4141,alps4141::alps_08c404b5a6f2_to_Equation2,resource_exhausted,resource_exhausted,resource_exhausted,False,False,False
alpha_c11b8d9a7bc7c1f8,alps4141::alps_d7c6c21821af_to_Equation2,1,alps4141,alps4141::alps_d7c6c21821af_to_Equation2,resource_exhausted,resource_exhausted,resource_exhausted,False,False,False
alpha_17f703a3d637672c,alps4141::alps_a4ed45ba81ef_to_Equation2,1,alps4141,alps4141::alps_a4ed45ba81ef_to_Equation2,resource_exhausted,resource_exhausted,resource_exhausted,False,False,False
alpha_0699c1204673d8fd,alps4141::alps_146512b77260_to_Equation2,1,alps4141,alps4141::alps_146512b77260_to_Equation2,memory_limit,resource_exhausted,resource_exhausted,False,False,False
alpha_eb816a1081cfaaa9,alps4141::alps_8619ab4494a6_to_Equation2,1,alps4141,alps4141::alps_8619ab4494a6_to_Equation2,memory_limit,resource_exhausted,resource_exhausted,False,False,False
alpha_99d313774374f919,alps4141::alps_7c606647a444_to_Equation2,1,alps4141,alps4141::alps_7c606647a444_to_Equation2,resource_exhausted,resource_exhausted,resource_exhausted,False,False,False
alpha_9ed9495887808f06,alps4141::alps_5980bdae117e_to_Equation2,1,alps4141,alps4141::alps_5980bdae117e_to_Equation2,memory_limit,resource_exhausted,resource_exhausted,False,False,False
alpha_1fca7583558b2830,alps4141::alps_d5d1b71dd2f2_to_Equation2,1,alps4141,alps4141::alps_d5d1b71dd2f2_to_Equation2,memory_limit,resource_exhausted,resource_exhausted,False,False,False
alpha_55f00368461216cf,alps4141::alps_5a91626df356_to_Equation2,1,alps4141,alps4141::alps_5a91626df356_to_Equation2,memory_limit,resource_exhausted,resource_exhausted,False,False,False
alpha_ccd6d0393941613b,alps4141::alps_63ba7f22ab81_to_Equation2,1,alps4141,alps4141::alps_63ba7f22ab81_to_Equation2,memory_limit,resource_exhausted,resource_exhausted,False,False,False
alpha_69a5d2d79d8fea27,alps4141::alps_682d87ae582e_to_Equation2,1,alps4141,alps4141::alps_682d87ae582e_to_Equation2,memory_limit,resource_exhausted,resource_exhausted,False,False,False
alpha_0b5338637a5c4ba8,alps4141::alps_8aa7f62a526f_to_Equation2,1,alps4141,alps4141::alps_8aa7f62a526f_to_Equation2,memory_limit,theorem,theorem,True,False,False
alpha_9b5dcc1cc7728a15,alps4141::alps_dc9e7fb1f12f_to_Equation2,1,alps4141,alps4141::alps_dc9e7fb1f12f_to_Equation2,memory_limit,resource_exhausted,memory_limit,False,False,False
alpha_cbe2c6bc168f797c,alps4141::alps_0da7a086ee3f_to_Equation2,1,alps4141,alps4141::alps_0da7a086ee3f_to_Equation2,memory_limit,resource_exhausted,memory_limit,False,False,False
alpha_2ba6a081f3c8f1e6,alps4141::alps_fd60b30b86a2_to_Equation2,1,alps4141,alps4141::alps_fd60b30b86a2_to_Equation2,memory_limit,resource_exhausted,memory_limit,False,False,False
alpha_223c22318fda2dba,alps4141::alps_e016901af261_to_Equation2,1,alps4141,alps4141::alps_e016901af261_to_Equation2,memory_limit,resource_exhausted,memory_limit,False,False,False
alpha_6c6b9cf92f8af867,alps4141::alps_d1c77aa7acef_to_Equation2,1,alps4141,alps4141::alps_d1c77aa7acef_to_Equation2,memory_limit,resource_exhausted,resource_exhausted,False,False,False
alpha_ee06ff8e805bcc9e,alps4141::alps_fcc2ea5f9622_to_Equation2,1,alps4141,alps4141::alps_fcc2ea5f9622_to_Equation2,memory_limit,resource_exhausted,memory_limit,False,False,False
alpha_e188698820f60808,alps4141::alps_2403ff419da3_to_Equation2,1,alps4141,alps4141::alps_2403ff419da3_to_Equation2,memory_limit,resource_exhausted,memory_limit,False,False,False
alpha_2f5bbde309a30e89,alps4141::alps_ed9d4fa5fa30_to_Equation2,1,alps4141,alps4141::alps_ed9d4fa5fa30_to_Equation2,completed_no_decisive_result,resource_exhausted,resource_exhausted,False,False,False
alpha_204b6d74e5656c36,alps4141::alps_55e347656987_to_Equation2,1,alps4141,alps4141::alps_55e347656987_to_Equation2,completed_no_decisive_result,resource_exhausted,memory_limit,False,False,False
alpha_43fab204d9419a2c,alps4141::alps_2e7c6c65a512_to_Equation2,1,alps4141,alps4141::alps_2e7c6c65a512_to_Equation2,memory_limit,resource_exhausted,memory_limit,False,False,False
alpha_15cb8d9046bedfa0,alps4141::alps_23c26a4bba91_to_Equation2,1,alps4141,alps4141::alps_23c26a4bba91_to_Equation2,memory_limit,resource_exhausted,memory_limit,False,False,False
alpha_2d8294f37c04540f,alps4141::alps_3278715764e6_to_Equation2,1,alps4141,alps4141::alps_3278715764e6_to_Equation2,memory_limit,resource_exhausted,memory_limit,False,False,False
alpha_99bced2525a8c088,alps4141::alps_6d5974ffb304_to_Equation2,1,alps4141,alps4141::alps_6d5974ffb304_to_Equation2,memory_limit,resource_exhausted,resource_exhausted,False,False,False
alpha_da1aaeef0a2c2c19,alps4141::alps_a1ee56ec1a96_to_Equation2,1,alps4141,alps4141::alps_a1ee56ec1a96_to_Equation2,memory_limit,resource_exhausted,memory_limit,False,False,False
alpha_a9bf25aa67f63d5f,alps4141::alps_5e130d009555_to_Equation2,1,alps4141,alps4141::alps_5e130d009555_to_Equation2,memory_limit,resource_exhausted,resource_exhausted,False,False,False
alpha_de5632eb74bb9ee1,alps4141::alps_beb1c64803fd_to_Equation2,1,alps4141,alps4141::alps_beb1c64803fd_to_Equation2,memory_limit,resource_exhausted,memory_limit,False,False,False
alpha_64b00d620a8c7219,alps4141::alps_cc2b3582dd38_to_Equation2,1,alps4141,alps4141::alps_cc2b3582dd38_to_Equation2,memory_limit,resource_exhausted,memory_limit,False,False,False
alpha_4ce88ed5f872a565,alps4141::alps_227de7111698_to_Equation2,1,alps4141,alps4141::alps_227de7111698_to_Equation2,memory_limit,resource_exhausted,memory_limit,False,False,False
alpha_ed66c6b51d4d633f,alps4141::alps_02165b925f75_to_Equation2,1,alps4141,alps4141::alps_02165b925f75_to_Equation2,memory_limit,resource_exhausted,memory_limit,False,False,False
alpha_7c24a21f0a0dae03,alps4141::alps_108517b9da6f_to_Equation2,1,alps4141,alps4141::alps_108517b9da6f_to_Equation2,memory_limit,resource_exhausted,memory_limit,False,False,False
alpha_ebb8deee562907cc,alps4141::alps_5d84bdc7fbcf_to_Equation2,1,alps4141,alps4141::alps_5d84bdc7fbcf_to_Equation2,completed_no_decisive_result,resource_exhausted,resource_exhausted,False,False,False
alpha_4267f8b0f97b5653,alps4141::alps_f7d34353edea_to_Equation2,1,alps4141,alps4141::alps_f7d34353edea_to_Equation2,memory_limit,resource_exhausted,memory_limit,False,False,False
alpha_4de4e86d16b73681,alps4141::alps_9509fd1d794c_to_Equation2,1,alps4141,alps4141::alps_9509fd1d794c_to_Equation2,completed_no_decisive_result,resource_exhausted,memory_limit,False,False,False
alpha_b998ca0d916318a3,alps4141::alps_1f33354b668b_to_Equation2,1,alps4141,alps4141::alps_1f33354b668b_to_Equation2,memory_limit,resource_exhausted,memory_limit,False,False,False
alpha_b28992fb027b13d8,alps4141::alps_3845db8d8ed1_to_Equation2,1,alps4141,alps4141::alps_3845db8d8ed1_to_Equation2,memory_limit,resource_exhausted,memory_limit,False,False,False
alpha_baf4950bafc809a9,alps4141::alps_77aea1f78cdf_to_Equation2,1,alps4141,alps4141::alps_77aea1f78cdf_to_Equation2,memory_limit,resource_exhausted,resource_exhausted,False,False,False
alpha_8f2706826ee23d50,alps4141::alps_96b0e935c43e_to_Equation2,1,alps4141,alps4141::alps_96b0e935c43e_to_Equation2,memory_limit,resource_exhausted,resource_exhausted,False,False,False
alpha_5a4604954419bed4,alps4141::alps_57737fa6742a_to_Equation2,1,alps4141,alps4141::alps_57737fa6742a_to_Equation2,memory_limit,resource_exhausted,memory_limit,False,False,False
alpha_ba92126f0601804f,alps4141::alps_6793dd0b1159_to_Equation2,1,alps4141,alps4141::alps_6793dd0b1159_to_Equation2,memory_limit,resource_exhausted,resource_exhausted,False,False,False
alpha_45d66a37d388cc3a,alps4141::alps_be43ba7c2918_to_Equation2,1,alps4141,alps4141::alps_be43ba7c2918_to_Equation2,resource_exhausted,resource_exhausted,resource_exhausted,False,False,False
alpha_f12bb55fa4893bc9,alps4141::alps_c6a2a74e3922_to_Equation2,1,alps4141,alps4141::alps_c6a2a74e3922_to_Equation2,memory_limit,resource_exhausted,memory_limit,False,False,False
alpha_2cfa0b9f8baf1ac0,alps4141::alps_0b6a13d45dce_to_Equation2,1,alps4141,alps4141::alps_0b6a13d45dce_to_Equation2,memory_limit,resource_exhausted,memory_limit,False,False,False
alpha_f74bc6900ca9a00f,alps4141::alps_7cdeb76670b7_to_Equation2,1,alps4141,alps4141::alps_7cdeb76670b7_to_Equation2,memory_limit,resource_exhausted,resource_exhausted,False,False,False
alpha_145bd5cf439c9a5f,alps4141::alps_54a0da9ca56b_to_Equation2,1,alps4141,alps4141::alps_54a0da9ca56b_to_Equation2,memory_limit,resource_exhausted,memory_limit,False,False,False
alpha_c8a29a05eaf6782a,alps4141::alps_f5a215d24511_to_Equation2,1,alps4141,alps4141::alps_f5a215d24511_to_Equation2,memory_limit,resource_exhausted,resource_exhausted,False,False,False
alpha_5f83e99357571e46,alps4141::alps_1de42c747b2e_to_Equation2,1,alps4141,alps4141::alps_1de42c747b2e_to_Equation2,memory_limit,resource_exhausted,resource_exhausted,False,False,False
alpha_3bd78674186ef370,alps4141::alps_722c4026cd26_to_Equation2,1,alps4141,alps4141::alps_722c4026cd26_to_Equation2,resource_exhausted,resource_exhausted,resource_exhausted,False,False,False
alpha_27337156fbe6ab2f,alps4141::alps_af5b1344f950_to_Equation2,1,alps4141,alps4141::alps_af5b1344f950_to_Equation2,memory_limit,resource_exhausted,memory_limit,False,False,False
alpha_2df3273d4497a98b,alps4141::alps_a21b6d6baa7a_to_Equation2,1,alps4141,alps4141::alps_a21b6d6baa7a_to_Equation2,memory_limit,resource_exhausted,resource_exhausted,False,False,False
alpha_c447a3c63e071592,alps4141::alps_12c88b997c5a_to_Equation2,1,alps4141,alps4141::alps_12c88b997c5a_to_Equation2,memory_limit,resource_exhausted,memory_limit,False,False,False
alpha_33cd0037941145c8,alps4141::alps_b43fe1832bf3_to_Equation2,1,alps4141,alps4141::alps_b43fe1832bf3_to_Equation2,memory_limit,resource_exhausted,resource_exhausted,False,False,False
alpha_5d4e7ed85b88269b,alps4141::alps_820dae26d317_to_Equation2,1,alps4141,alps4141::alps_820dae26d317_to_Equation2,memory_limit,resource_exhausted,memory_limit,False,False,False
alpha_bbcc87c98d2dfb31,alps4141::alps_525747d82f56_to_Equation2,1,alps4141,alps4141::alps_525747d82f56_to_Equation2,memory_limit,resource_exhausted,resource_exhausted,False,False,False
alpha_dd0a79a3471e88d3,alps4141::alps_0f4491ac0ec8_to_Equation2,1,alps4141,alps4141::alps_0f4491ac0ec8_to_Equation2,memory_limit,resource_exhausted,memory_limit,False,False,False
alpha_63a7afa3df4509ae,alps4141::alps_169adaa8ea12_to_Equation2,1,alps4141,alps4141::alps_169adaa8ea12_to_Equation2,memory_limit,resource_exhausted,resource_exhausted,False,False,False
alpha_9729da643050241b,alps4141::alps_08111ceae2d9_to_Equation2,1,alps4141,alps4141::alps_08111ceae2d9_to_Equation2,memory_limit,resource_exhausted,memory_limit,False,False,False
alpha_f8f1746e3305fcd4,alps4141::alps_887f7c3c16b6_to_Equation2,1,alps4141,alps4141::alps_887f7c3c16b6_to_Equation2,memory_limit,resource_exhausted,memory_limit,False,False,False
alpha_69e3080a46c4b12f,alps4141::alps_2680c44cda1f_to_Equation2,1,alps4141,alps4141::alps_2680c44cda1f_to_Equation2,memory_limit,resource_exhausted,resource_exhausted,False,False,False
alpha_5ade8b674530fa77,alps4141::alps_8c2859a2c1c9_to_Equation2,1,alps4141,alps4141::alps_8c2859a2c1c9_to_Equation2,memory_limit,resource_exhausted,resource_exhausted,False,False,False
alpha_af45ba9e0cb4bcca,alps4141::alps_1a1e4dc61942_to_Equation2,1,alps4141,alps4141::alps_1a1e4dc61942_to_Equation2,resource_exhausted,resource_exhausted,resource_exhausted,False,False,False
alpha_aed0d293ae72b456,alps4141::alps_2a42c5266055_to_Equation2,1,alps4141,alps4141::alps_2a42c5266055_to_Equation2,memory_limit,resource_exhausted,resource_exhausted,False,False,False
alpha_2863bd05a0459a3b,alps4141::alps_3e1aac74f6af_to_Equation2,1,alps4141,alps4141::alps_3e1aac74f6af_to_Equation2,memory_limit,resource_exhausted,resource_exhausted,False,False,False
alpha_aac85b4e65fd28b6,alps4141::alps_b67940562552_to_Equation2,1,alps4141,alps4141::alps_b67940562552_to_Equation2,completed_no_decisive_result,resource_exhausted,memory_limit,False,False,False
alpha_11abe329f7b026f9,alps4141::alps_abeacdede0cf_to_Equation2,1,alps4141,alps4141::alps_abeacdede0cf_to_Equation2,memory_limit,resource_exhausted,resource_exhausted,False,False,False
alpha_26787b252873519f,alps4141::alps_b963d1eb0666_to_Equation2,1,alps4141,alps4141::alps_b963d1eb0666_to_Equation2,memory_limit,resource_exhausted,resource_exhausted,False,False,False
alpha_95f98c51d40e8a10,alps4141::alps_46735379c455_to_Equation2,1,alps4141,alps4141::alps_46735379c455_to_Equation2,memory_limit,resource_exhausted,resource_exhausted,False,False,False
alpha_a9eea6b7e721ebe7,alps4141::alps_6aaf3a9575d2_to_Equation2,1,alps4141,alps4141::alps_6aaf3a9575d2_to_Equation2,memory_limit,resource_exhausted,memory_limit,False,False,False
alpha_046fca0d77f336d7,alps4141::alps_bae67b1a9de0_to_Equation2,1,alps4141,alps4141::alps_bae67b1a9de0_to_Equation2,completed_no_decisive_result,resource_exhausted,memory_limit,False,False,False
alpha_e73a99a185b018fc,alps4141::alps_d0a3bc89bd15_to_Equation2,1,alps4141,alps4141::alps_d0a3bc89bd15_to_Equation2,memory_limit,resource_exhausted,memory_limit,False,False,False
alpha_5804c884cf23190d,alps4141::alps_bc3f3921bdd1_to_Equation2,1,alps4141,alps4141::alps_bc3f3921bdd1_to_Equation2,memory_limit,resource_exhausted,resource_exhausted,False,False,False
alpha_01bfe7585f873e37,alps4141::alps_8e0b080172a5_to_Equation2,1,alps4141,alps4141::alps_8e0b080172a5_to_Equation2,memory_limit,resource_exhausted,resource_exhausted,False,False,False
alpha_8ec323ef62c211fa,alps4141::alps_a7d192610c6d_to_Equation2,1,alps4141,alps4141::alps_a7d192610c6d_to_Equation2,memory_limit,resource_exhausted,memory_limit,False,False,False
alpha_6c6d955198930d00,alps4141::alps_017615da39f0_to_Equation2,1,alps4141,alps4141::alps_017615da39f0_to_Equation2,memory_limit,resource_exhausted,resource_exhausted,False,False,False
alpha_6e477d4a39a10d26,alps4141::alps_328eab5852d1_to_Equation2,1,alps4141,alps4141::alps_328eab5852d1_to_Equation2,memory_limit,resource_exhausted,memory_limit,False,False,False
alpha_6adf3b57b6d0ead0,alps4141::alps_a095f6918df8_to_Equation2,1,alps4141,alps4141::alps_a095f6918df8_to_Equation2,memory_limit,resource_exhausted,memory_limit,False,False,False
alpha_6b823a9ec4bcb234,alps4141::alps_839287f8e2b1_to_Equation2,1,alps4141,alps4141::alps_839287f8e2b1_to_Equation2,memory_limit,resource_exhausted,memory_limit,False,False,False
alpha_759a55834bb9e3ec,alps4141::alps_d19d3ebd99b5_to_Equation2,1,alps4141,alps4141::alps_d19d3ebd99b5_to_Equation2,resource_exhausted,resource_exhausted,resource_exhausted,False,False,False
alpha_5673e325165864d1,alps4141::alps_81b952cc455f_to_Equation2,1,alps4141,alps4141::alps_81b952cc455f_to_Equation2,memory_limit,resource_exhausted,memory_limit,False,False,False
alpha_0025f72bf938a41a,alps4141::alps_c7f863817e00_to_Equation2,1,alps4141,alps4141::alps_c7f863817e00_to_Equation2,memory_limit,resource_exhausted,memory_limit,False,False,False
alpha_c1da3d817f47feba,alps4141::alps_3b0e2a2b75d7_to_Equation2,1,alps4141,alps4141::alps_3b0e2a2b75d7_to_Equation2,memory_limit,resource_exhausted,memory_limit,False,False,False
alpha_d34bb0bd1382f7c1,alps4141::alps_db4237f2e0a6_to_Equation2,1,alps4141,alps4141::alps_db4237f2e0a6_to_Equation2,memory_limit,resource_exhausted,memory_limit,False,False,False
alpha_4775cb211ddf8f63,alps4141::alps_e9cd4226bcb2_to_Equation2,1,alps4141,alps4141::alps_e9cd4226bcb2_to_Equation2,memory_limit,resource_exhausted,memory_limit,False,False,False
alpha_26c79428ae987934,alps4141::alps_de3fc59310ca_to_Equation2,1,alps4141,alps4141::alps_de3fc59310ca_to_Equation2,memory_limit,resource_exhausted,memory_limit,False,False,False
alpha_6c2f73997a60c6d1,alps4141::alps_1b6cdb9895b7_to_Equation2,1,alps4141,alps4141::alps_1b6cdb9895b7_to_Equation2,memory_limit,resource_exhausted,resource_exhausted,False,False,False
alpha_162ce51484016e8e,alps4141::alps_68b18fb0402b_to_Equation2,1,alps4141,alps4141::alps_68b18fb0402b_to_Equation2,memory_limit,resource_exhausted,memory_limit,False,False,False
alpha_2c565b0e60ef62ce,alps4141::alps_54b2c9d01c89_to_Equation2,1,alps4141,alps4141::alps_54b2c9d01c89_to_Equation2,completed_no_decisive_result,resource_exhausted,resource_exhausted,False,False,False
alpha_6f107cec1409a45c,alps4141::alps_c79812334f92_to_Equation2,1,alps4141,alps4141::alps_c79812334f92_to_Equation2,memory_limit,resource_exhausted,resource_exhausted,False,False,False
alpha_5504996624dcc8ce,alps4141::alps_fa46a61fadea_to_Equation2,1,alps4141,alps4141::alps_fa46a61fadea_to_Equation2,memory_limit,resource_exhausted,memory_limit,False,False,False
alpha_78596093bf79d8fe,alps4141::alps_a743f391cc8a_to_Equation2,1,alps4141,alps4141::alps_a743f391cc8a_to_Equation2,memory_limit,resource_exhausted,memory_limit,False,False,False
alpha_c15271afb30b7519,alps4141::alps_ba904e0f667e_to_Equation2,1,alps4141,alps4141::alps_ba904e0f667e_to_Equation2,memory_limit,resource_exhausted,memory_limit,False,False,False
alpha_c9305973380b31dc,alps4141::alps_42fddd77d48c_to_Equation2,1,alps4141,alps4141::alps_42fddd77d48c_to_Equation2,memory_limit,resource_exhausted,memory_limit,False,False,False
alpha_6e7ed4542c0f7a80,alps4141::alps_0f288298ee1e_to_Equation2,1,alps4141,alps4141::alps_0f288298ee1e_to_Equation2,memory_limit,resource_exhausted,memory_limit,False,False,False
alpha_db28d89dee073516,alps4141::alps_6dd0c1bc8f26_to_Equation2,1,alps4141,alps4141::alps_6dd0c1bc8f26_to_Equation2,memory_limit,resource_exhausted,memory_limit,False,False,False
alpha_3b0ca49dbe58c9ad,alps4141::alps_244c35b73ee8_to_Equation2,1,alps4141,alps4141::alps_244c35b73ee8_to_Equation2,completed_no_decisive_result,resource_exhausted,memory_limit,False,False,False
alpha_b7283804b93cb3f6,alps4141::alps_08511125a79f_to_Equation2,1,alps4141,alps4141::alps_08511125a79f_to_Equation2,memory_limit,resource_exhausted,resource_exhausted,False,False,False
alpha_3c3a7628686d3dee,alps4141::alps_2fcfbcdff676_to_Equation2,1,alps4141,alps4141::alps_2fcfbcdff676_to_Equation2,memory_limit,resource_exhausted,memory_limit,False,False,False
alpha_6a3df7affca5159b,alps4141::alps_eb4797f05160_to_Equation2,1,alps4141,alps4141::alps_eb4797f05160_to_Equation2,memory_limit,resource_exhausted,memory_limit,False,False,False
alpha_9772211040492d89,alps4141::alps_0e8b16c58c5d_to_Equation2,1,alps4141,alps4141::alps_0e8b16c58c5d_to_Equation2,memory_limit,resource_exhausted,memory_limit,False,False,False
alpha_375f7e898a4ff7f2,alps4141::alps_73c8192ae8a8_to_Equation2,1,alps4141,alps4141::alps_73c8192ae8a8_to_Equation2,memory_limit,resource_exhausted,memory_limit,False,False,False
alpha_b1a8a89d6db5c714,alps4141::alps_8e5a8dc1e76f_to_Equation2,1,alps4141,alps4141::alps_8e5a8dc1e76f_to_Equation2,resource_exhausted,resource_exhausted,resource_exhausted,False,False,False
alpha_6a742cbde07e5c3c,alps4141::alps_eb30001d3b0c_to_Equation2,1,alps4141,alps4141::alps_eb30001d3b0c_to_Equation2,memory_limit,resource_exhausted,memory_limit,False,False,False
alpha_d9c1d5bf8b47e32e,alps4141::alps_237235f764c1_to_Equation2,1,alps4141,alps4141::alps_237235f764c1_to_Equation2,memory_limit,resource_exhausted,resource_exhausted,False,False,False
alpha_494daae8d81cfd3d,alps4141::alps_b44f282f7e94_to_Equation2,1,alps4141,alps4141::alps_b44f282f7e94_to_Equation2,resource_exhausted,resource_exhausted,resource_exhausted,False,False,False
alpha_220e94306d67976d,generality34::order5_known_austin10_E41082_to_E2,1,generality34,generality34::order5_known_austin10_E41082_to_E2,completed_no_decisive_result,completed_no_proof,counter_satisfiable,False,True,False
alpha_f258acd194ad1c06,alps4141::alps_22d298d90e13_to_Equation2,1,alps4141,alps4141::alps_22d298d90e13_to_Equation2,memory_limit,resource_exhausted,resource_exhausted,False,False,False
alpha_0b276d16b0f47094,alps4141::alps_ee0f23684435_to_Equation2,1,alps4141,alps4141::alps_ee0f23684435_to_Equation2,memory_limit,resource_exhausted,resource_exhausted,False,False,False
alpha_2653ca66013daee4,alps4141::alps_20b4f5cca53f_to_Equation2,1,alps4141,alps4141::alps_20b4f5cca53f_to_Equation2,memory_limit,resource_exhausted,memory_limit,False,False,False
alpha_266cd72694c1c40c,alps4141::alps_ebdab870e00b_to_Equation2,1,alps4141,alps4141::alps_ebdab870e00b_to_Equation2,memory_limit,resource_exhausted,memory_limit,False,False,False
alpha_b2ee3ced31407c1c,alps4141::alps_115259e625c9_to_Equation2,1,alps4141,alps4141::alps_115259e625c9_to_Equation2,memory_limit,resource_exhausted,memory_limit,False,False,False
alpha_e7889d54a7a73d04,alps4141::alps_79b00185d28e_to_Equation2,1,alps4141,alps4141::alps_79b00185d28e_to_Equation2,memory_limit,resource_exhausted,resource_exhausted,False,False,False
alpha_3bf78df274f96b7a,alps4141::alps_c6da654cb862_to_Equation2,1,alps4141,alps4141::alps_c6da654cb862_to_Equation2,memory_limit,resource_exhausted,resource_exhausted,False,False,False
alpha_55ad8a053224d6ad,alps4141::alps_c6d941013b90_to_Equation2,1,alps4141,alps4141::alps_c6d941013b90_to_Equation2,memory_limit,resource_exhausted,resource_exhausted,False,False,False
alpha_8ef6bed8e443ef5d,alps4141::alps_c321e4bda7ab_to_Equation2,1,alps4141,alps4141::alps_c321e4bda7ab_to_Equation2,memory_limit,resource_exhausted,resource_exhausted,False,False,False
alpha_c15ac6811ff8047a,alps4141::alps_3509cc1b89fd_to_Equation2,1,alps4141,alps4141::alps_3509cc1b89fd_to_Equation2,memory_limit,resource_exhausted,resource_exhausted,False,False,False
alpha_1420c0326013cbd3,alps4141::alps_192a92ccbb03_to_Equation2,1,alps4141,alps4141::alps_192a92ccbb03_to_Equation2,memory_limit,resource_exhausted,resource_exhausted,False,False,False
alpha_949bf193311c6828,alps4141::alps_daaec7ce656d_to_Equation2,1,alps4141,alps4141::alps_daaec7ce656d_to_Equation2,memory_limit,resource_exhausted,resource_exhausted,False,False,False
alpha_e00dab675e4fdf59,alps4141::alps_1518d629ddfe_to_Equation2,1,alps4141,alps4141::alps_1518d629ddfe_to_Equation2,memory_limit,resource_exhausted,resource_exhausted,False,False,False
alpha_043876dc4eb83126,alps4141::alps_2e294bb00be8_to_Equation2,1,alps4141,alps4141::alps_2e294bb00be8_to_Equation2,memory_limit,resource_exhausted,resource_exhausted,False,False,False
alpha_f91b5a497020a84e,alps4141::alps_0179bef394b9_to_Equation2,1,alps4141,alps4141::alps_0179bef394b9_to_Equation2,memory_limit,resource_exhausted,memory_limit,False,False,False
alpha_e06a057cd8c0be20,alps4141::alps_d382eb462967_to_Equation2,1,alps4141,alps4141::alps_d382eb462967_to_Equation2,memory_limit,resource_exhausted,resource_exhausted,False,False,False
alpha_0537d1a51220c1fa,alps4141::alps_4158e1a4dfc5_to_Equation2,1,alps4141,alps4141::alps_4158e1a4dfc5_to_Equation2,resource_exhausted,resource_exhausted,resource_exhausted,False,False,False
alpha_e3895855d306cbf2,alps4141::alps_0a8d9b2393fd_to_Equation2,1,alps4141,alps4141::alps_0a8d9b2393fd_to_Equation2,resource_exhausted,resource_exhausted,resource_exhausted,False,False,False
alpha_bb298e0acfba1ff7,alps4141::alps_74dc8560e765_to_Equation2,1,alps4141,alps4141::alps_74dc8560e765_to_Equation2,memory_limit,resource_exhausted,resource_exhausted,False,False,False
alpha_15a75346e0429ed8,alps4141::alps_a125b107b931_to_Equation2,1,alps4141,alps4141::alps_a125b107b931_to_Equation2,resource_exhausted,resource_exhausted,resource_exhausted,False,False,False
alpha_30d6e8527a4ae567,alps4141::alps_8bd6b13db3c8_to_Equation2,1,alps4141,alps4141::alps_8bd6b13db3c8_to_Equation2,memory_limit,resource_exhausted,resource_exhausted,False,False,False
alpha_f57cba7684595ea2,alps4141::alps_097989f4f7dd_to_Equation2,1,alps4141,alps4141::alps_097989f4f7dd_to_Equation2,memory_limit,resource_exhausted,resource_exhausted,False,False,False
alpha_6a56bf52475fe98b,alps4141::alps_e4f8b4a6419d_to_Equation2,1,alps4141,alps4141::alps_e4f8b4a6419d_to_Equation2,memory_limit,resource_exhausted,resource_exhausted,False,False,False
alpha_0b206d08f0f5b951,alps4141::alps_b655d4ac943d_to_Equation2,1,alps4141,alps4141::alps_b655d4ac943d_to_Equation2,memory_limit,resource_exhausted,resource_exhausted,False,False,False
alpha_8083e4370f590955,alps4141::alps_54ee6f30d18c_to_Equation2,1,alps4141,alps4141::alps_54ee6f30d18c_to_Equation2,memory_limit,resource_exhausted,resource_exhausted,False,False,False
alpha_3551f2e5d25ca5f2,alps4141::alps_4b410aa3ccf4_to_Equation2,1,alps4141,alps4141::alps_4b410aa3ccf4_to_Equation2,memory_limit,resource_exhausted,memory_limit,False,False,False
alpha_39a10f6950df2605,alps4141::alps_ada05c510429_to_Equation2,1,alps4141,alps4141::alps_ada05c510429_to_Equation2,memory_limit,resource_exhausted,memory_limit,False,False,False
alpha_24a97ea5f08f5821,alps4141::alps_b61598af334a_to_Equation2,1,alps4141,alps4141::alps_b61598af334a_to_Equation2,resource_exhausted,resource_exhausted,resource_exhausted,False,False,False
alpha_c5febd62960a68a7,alps4141::alps_ad849cc9aaa5_to_Equation2,1,alps4141,alps4141::alps_ad849cc9aaa5_to_Equation2,memory_limit,resource_exhausted,resource_exhausted,False,False,False
alpha_75e6b6e4ab43ca21,alps4141::alps_a3187a246efc_to_Equation2,1,alps4141,alps4141::alps_a3187a246efc_to_Equation2,memory_limit,resource_exhausted,resource_exhausted,False,False,False
alpha_e6ad040b60ec44e1,alps4141::alps_e0b9cee718dc_to_Equation2,1,alps4141,alps4141::alps_e0b9cee718dc_to_Equation2,memory_limit,resource_exhausted,resource_exhausted,False,False,False
alpha_7a9c27c5369624dc,alps4141::alps_2d7be9463d15_to_Equation2,1,alps4141,alps4141::alps_2d7be9463d15_to_Equation2,memory_limit,resource_exhausted,resource_exhausted,False,False,False
alpha_9a1c8d4635236b6a,alps4141::alps_37a16fa23ff7_to_Equation2,1,alps4141,alps4141::alps_37a16fa23ff7_to_Equation2,memory_limit,resource_exhausted,resource_exhausted,False,False,False
alpha_2e9e2f65f2899d29,alps4141::alps_b6dfd23be7bd_to_Equation2,1,alps4141,alps4141::alps_b6dfd23be7bd_to_Equation2,memory_limit,resource_exhausted,resource_exhausted,False,False,False
alpha_7f6b34d69f5e8c11,alps4141::alps_10abe9cd1986_to_Equation2,1,alps4141,alps4141::alps_10abe9cd1986_to_Equation2,memory_limit,resource_exhausted,resource_exhausted,False,False,False
alpha_a72b610002777b3f,alps4141::alps_9d8c58336537_to_Equation2,1,alps4141,alps4141::alps_9d8c58336537_to_Equation2,memory_limit,resource_exhausted,resource_exhausted,False,False,False
alpha_c420cb04adfc4b9c,alps4141::alps_3569cde50536_to_Equation2,1,alps4141,alps4141::alps_3569cde50536_to_Equation2,memory_limit,resource_exhausted,memory_limit,False,False,False
alpha_435c0716941a0db8,alps4141::alps_3cd6ff2ebcc8_to_Equation2,1,alps4141,alps4141::alps_3cd6ff2ebcc8_to_Equation2,memory_limit,resource_exhausted,resource_exhausted,False,False,False
alpha_3217cf3c3efee625,alps4141::alps_3f841e0041bf_to_Equation2,1,alps4141,alps4141::alps_3f841e0041bf_to_Equation2,memory_limit,resource_exhausted,memory_limit,False,False,False
alpha_50bf3d99d892ac13,alps4141::alps_fb7cab0e60ab_to_Equation2,1,alps4141,alps4141::alps_fb7cab0e60ab_to_Equation2,memory_limit,resource_exhausted,resource_exhausted,False,False,False
alpha_a5d773734c2cf218,alps4141::alps_e01bf1ef6f8e_to_Equation2,1,alps4141,alps4141::alps_e01bf1ef6f8e_to_Equation2,memory_limit,resource_exhausted,memory_limit,False,False,False
alpha_8c097d9ee0643314,alps4141::alps_021e4be09f06_to_Equation2,1,alps4141,alps4141::alps_021e4be09f06_to_Equation2,memory_limit,resource_exhausted,memory_limit,False,False,False
alpha_5ec0d2cb7de27e81,alps4141::alps_c62e3cfad4c4_to_Equation2,1,alps4141,alps4141::alps_c62e3cfad4c4_to_Equation2,memory_limit,resource_exhausted,memory_limit,False,False,False
alpha_5e79fa9eaa11f544,alps4141::alps_0a3baaa39742_to_Equation2,1,alps4141,alps4141::alps_0a3baaa39742_to_Equation2,memory_limit,resource_exhausted,resource_exhausted,False,False,False
alpha_70a4b2e29baf3b2a,alps4141::alps_3c65cda392fd_to_Equation2,1,alps4141,alps4141::alps_3c65cda392fd_to_Equation2,memory_limit,resource_exhausted,resource_exhausted,False,False,False
alpha_9a23ee4d17e7f4dc,alps4141::alps_50d025b45015_to_Equation2,1,alps4141,alps4141::alps_50d025b45015_to_Equation2,memory_limit,resource_exhausted,memory_limit,False,False,False
alpha_c5479933e661411f,alps4141::alps_d4777ee0edcc_to_Equation2,1,alps4141,alps4141::alps_d4777ee0edcc_to_Equation2,memory_limit,resource_exhausted,memory_limit,False,False,False
alpha_f85f33ae2de2bf3a,alps4141::alps_ed354dc6ca9d_to_Equation2,1,alps4141,alps4141::alps_ed354dc6ca9d_to_Equation2,resource_exhausted,resource_exhausted,resource_exhausted,False,False,False
alpha_ad4739a1fd76fc79,alps4141::alps_eed19ade7a3c_to_Equation2,1,alps4141,alps4141::alps_eed19ade7a3c_to_Equation2,memory_limit,resource_exhausted,resource_exhausted,False,False,False
alpha_dc9f9a5bc1165e85,alps4141::alps_7ca27d3adb49_to_Equation2,1,alps4141,alps4141::alps_7ca27d3adb49_to_Equation2,memory_limit,resource_exhausted,resource_exhausted,False,False,False
alpha_f2c4a837201728a4,alps4141::alps_0c63ba7dc2ff_to_Equation2,1,alps4141,alps4141::alps_0c63ba7dc2ff_to_Equation2,memory_limit,resource_exhausted,resource_exhausted,False,False,False
alpha_4b68e5bea58fc184,alps4141::alps_41c8cf556bd7_to_Equation2,1,alps4141,alps4141::alps_41c8cf556bd7_to_Equation2,memory_limit,resource_exhausted,resource_exhausted,False,False,False
alpha_9ef62fc46e00aaa7,alps4141::alps_2c781a39f09b_to_Equation2,1,alps4141,alps4141::alps_2c781a39f09b_to_Equation2,memory_limit,resource_exhausted,resource_exhausted,False,False,False
alpha_96ca0ae9ab29a8c7,alps4141::alps_da30d1a167d0_to_Equation2,1,alps4141,alps4141::alps_da30d1a167d0_to_Equation2,memory_limit,resource_exhausted,resource_exhausted,False,False,False
alpha_b373dfd3556a0e6b,alps4141::alps_31d829f6394e_to_Equation2,1,alps4141,alps4141::alps_31d829f6394e_to_Equation2,memory_limit,resource_exhausted,resource_exhausted,False,False,False
alpha_711c3e4ef7cae6de,alps4141::alps_c0611f5dca5d_to_Equation2,1,alps4141,alps4141::alps_c0611f5dca5d_to_Equation2,memory_limit,resource_exhausted,resource_exhausted,False,False,False
alpha_ee9752d968113507,alps4141::alps_ddd660bb2f5e_to_Equation2,1,alps4141,alps4141::alps_ddd660bb2f5e_to_Equation2,memory_limit,resource_exhausted,resource_exhausted,False,False,False
alpha_a7549947d51b2c0a,alps4141::alps_0f38371e4100_to_Equation2,1,alps4141,alps4141::alps_0f38371e4100_to_Equation2,memory_limit,resource_exhausted,resource_exhausted,False,False,False
alpha_869f6af658fd3d1a,alps4141::alps_37906c69549c_to_Equation2,1,alps4141,alps4141::alps_37906c69549c_to_Equation2,memory_limit,resource_exhausted,resource_exhausted,False,False,False
alpha_c2b10eeb4a3ea48e,alps4141::alps_52bffcfd3a63_to_Equation2,1,alps4141,alps4141::alps_52bffcfd3a63_to_Equation2,memory_limit,resource_exhausted,resource_exhausted,False,False,False
alpha_e2a85664623d70a9,alps4141::alps_70eecd0139e4_to_Equation2,1,alps4141,alps4141::alps_70eecd0139e4_to_Equation2,memory_limit,resource_exhausted,resource_exhausted,False,False,False
alpha_f55f1c581b53029a,alps4141::alps_3bcbebce868d_to_Equation2,1,alps4141,alps4141::alps_3bcbebce868d_to_Equation2,resource_exhausted,resource_exhausted,resource_exhausted,False,False,False
alpha_0fb85f50836d5754,alps4141::alps_e3c3615f0ad9_to_Equation2,1,alps4141,alps4141::alps_e3c3615f0ad9_to_Equation2,memory_limit,resource_exhausted,resource_exhausted,False,False,False
alpha_007dcd9d7a221466,alps4141::alps_06042e035135_to_Equation2,1,alps4141,alps4141::alps_06042e035135_to_Equation2,memory_limit,resource_exhausted,resource_exhausted,False,False,False
alpha_71afa8100e4772de,alps4141::alps_c7a29bf823d5_to_Equation2,1,alps4141,alps4141::alps_c7a29bf823d5_to_Equation2,memory_limit,theorem,theorem,True,False,False
alpha_8720f06ed5575cf3,alps4141::alps_94e649da70b5_to_Equation2,1,alps4141,alps4141::alps_94e649da70b5_to_Equation2,memory_limit,resource_exhausted,resource_exhausted,False,False,False
alpha_0f0fba6dac0a532b,alps4141::alps_6881b2b024cb_to_Equation2,1,alps4141,alps4141::alps_6881b2b024cb_to_Equation2,memory_limit,resource_exhausted,resource_exhausted,False,False,False
alpha_33fa6f4a08c9c910,alps4141::alps_159ed30898a9_to_Equation2,1,alps4141,alps4141::alps_159ed30898a9_to_Equation2,memory_limit,resource_exhausted,resource_exhausted,False,False,False
alpha_c45decad90d19ce7,alps4141::alps_088569524c29_to_Equation2,1,alps4141,alps4141::alps_088569524c29_to_Equation2,memory_limit,resource_exhausted,resource_exhausted,False,False,False
alpha_c38abb65550dc3c9,alps4141::alps_57686d88e720_to_Equation2,1,alps4141,alps4141::alps_57686d88e720_to_Equation2,resource_exhausted,resource_exhausted,resource_exhausted,False,False,False
alpha_8d4e4a42bf935f15,alps4141::alps_b8ef3522ae0a_to_Equation2,1,alps4141,alps4141::alps_b8ef3522ae0a_to_Equation2,memory_limit,resource_exhausted,resource_exhausted,False,False,False
alpha_29689cbb4011f18f,alps4141::alps_bee4363d9e00_to_Equation2,1,alps4141,alps4141::alps_bee4363d9e00_to_Equation2,memory_limit,resource_exhausted,resource_exhausted,False,False,False
alpha_516edc34adc5ad38,alps4141::alps_32131eff4d72_to_Equation2,1,alps4141,alps4141::alps_32131eff4d72_to_Equation2,resource_exhausted,resource_exhausted,resource_exhausted,False,False,False
alpha_0882e126caa9a1e5,alps4141::alps_0e56653a5b12_to_Equation2,1,alps4141,alps4141::alps_0e56653a5b12_to_Equation2,memory_limit,resource_exhausted,resource_exhausted,False,False,False
alpha_ff01ad7c65560755,alps4141::alps_4ede7787afe3_to_Equation2,1,alps4141,alps4141::alps_4ede7787afe3_to_Equation2,memory_limit,resource_exhausted,resource_exhausted,False,False,False
alpha_7c92df4507e74e5f,alps4141::alps_9b4f7b013951_to_Equation2,1,alps4141,alps4141::alps_9b4f7b013951_to_Equation2,resource_exhausted,resource_exhausted,theorem,True,False,False
alpha_2a041a46749845e8,alps4141::alps_b2aaae91463e_to_Equation2,1,alps4141,alps4141::alps_b2aaae91463e_to_Equation2,resource_exhausted,resource_exhausted,resource_exhausted,False,False,False
alpha_0d83d7d0a4d90f34,alps4141::alps_b3325c742677_to_Equation2,1,alps4141,alps4141::alps_b3325c742677_to_Equation2,memory_limit,resource_exhausted,resource_exhausted,False,False,False
alpha_d68763e2973f21a8,alps4141::alps_da58817fcfe2_to_Equation2,1,alps4141,alps4141::alps_da58817fcfe2_to_Equation2,memory_limit,resource_exhausted,resource_exhausted,False,False,False
alpha_bc6dbfac50f8db64,alps4141::alps_636e32bfc8ac_to_Equation2,1,alps4141,alps4141::alps_636e32bfc8ac_to_Equation2,memory_limit,resource_exhausted,resource_exhausted,False,False,False
alpha_26bc9ed438a07cc2,alps4141::alps_a9ad03636dda_to_Equation2,1,alps4141,alps4141::alps_a9ad03636dda_to_Equation2,memory_limit,resource_exhausted,resource_exhausted,False,False,False
alpha_d7300ceca6ddf9ba,alps4141::alps_5d3f9b11d610_to_Equation2,1,alps4141,alps4141::alps_5d3f9b11d610_to_Equation2,memory_limit,resource_exhausted,resource_exhausted,False,False,False
alpha_bc8d6a3705c942c6,alps4141::alps_ff10a33c20bd_to_Equation2,1,alps4141,alps4141::alps_ff10a33c20bd_to_Equation2,memory_limit,resource_exhausted,resource_exhausted,False,False,False
alpha_4a1862dbd15be912,alps4141::alps_5f1ea2f9050f_to_Equation2,1,alps4141,alps4141::alps_5f1ea2f9050f_to_Equation2,resource_exhausted,resource_exhausted,resource_exhausted,False,False,False
alpha_ffc35c6f0fe615c6,alps4141::alps_56bd88a54179_to_Equation2,1,alps4141,alps4141::alps_56bd88a54179_to_Equation2,memory_limit,resource_exhausted,resource_exhausted,False,False,False
alpha_b3bf83f1f626b568,alps4141::alps_c5686f54e160_to_Equation2,1,alps4141,alps4141::alps_c5686f54e160_to_Equation2,memory_limit,resource_exhausted,resource_exhausted,False,False,False
alpha_c219340b3d51f7c0,alps4141::alps_5c0a709f5220_to_Equation2,1,alps4141,alps4141::alps_5c0a709f5220_to_Equation2,memory_limit,resource_exhausted,resource_exhausted,False,False,False
alpha_d7332ff90efa15e8,alps4141::alps_1aca03bb6b05_to_Equation2,1,alps4141,alps4141::alps_1aca03bb6b05_to_Equation2,resource_exhausted,resource_exhausted,resource_exhausted,False,False,False
alpha_0b455cb3f1c6cc6d,alps4141::alps_3cbc595f90f3_to_Equation2,1,alps4141,alps4141::alps_3cbc595f90f3_to_Equation2,memory_limit,resource_exhausted,resource_exhausted,False,False,False
alpha_fbe4543b7344582a,alps4141::alps_30d868262edd_to_Equation2,1,alps4141,alps4141::alps_30d868262edd_to_Equation2,resource_exhausted,resource_exhausted,resource_exhausted,False,False,False
alpha_abdc66634638589b,alps4141::alps_193f51676385_to_Equation2,1,alps4141,alps4141::alps_193f51676385_to_Equation2,resource_exhausted,theorem,resource_exhausted,True,False,False
alpha_b6b386b02216a045,alps4141::alps_97bb6447329a_to_Equation2,1,alps4141,alps4141::alps_97bb6447329a_to_Equation2,memory_limit,resource_exhausted,resource_exhausted,False,False,False
alpha_fb897ee25dcb72a4,alps4141::alps_6dd10e249231_to_Equation2,1,alps4141,alps4141::alps_6dd10e249231_to_Equation2,memory_limit,resource_exhausted,resource_exhausted,False,False,False
alpha_983d5a1db7f5610f,alps4141::alps_ecb3a262e500_to_Equation2,1,alps4141,alps4141::alps_ecb3a262e500_to_Equation2,memory_limit,resource_exhausted,resource_exhausted,False,False,False
alpha_ac4af7228eb4e6db,alps4141::alps_82f6a6e93738_to_Equation2,1,alps4141,alps4141::alps_82f6a6e93738_to_Equation2,memory_limit,resource_exhausted,resource_exhausted,False,False,False
alpha_d27451bdf8b6ba52,alps4141::alps_d065de338c07_to_Equation2,1,alps4141,alps4141::alps_d065de338c07_to_Equation2,memory_limit,resource_exhausted,resource_exhausted,False,False,False
alpha_4c59b6d4bffa6d32,alps4141::alps_192ee5e9c156_to_Equation2,1,alps4141,alps4141::alps_192ee5e9c156_to_Equation2,memory_limit,resource_exhausted,resource_exhausted,False,False,False
alpha_8be543b2f1f5bfe7,alps4141::alps_381728836ed2_to_Equation2,1,alps4141,alps4141::alps_381728836ed2_to_Equation2,memory_limit,resource_exhausted,resource_exhausted,False,False,False
alpha_ce1b3913ca7c4bdf,alps4141::alps_83a4ab6417c8_to_Equation2,1,alps4141,alps4141::alps_83a4ab6417c8_to_Equation2,memory_limit,resource_exhausted,resource_exhausted,False,False,False
alpha_f4254f423140fa50,alps4141::alps_064efece1b07_to_Equation2,1,alps4141,alps4141::alps_064efece1b07_to_Equation2,memory_limit,resource_exhausted,resource_exhausted,False,False,False
alpha_283e1241ec3c1eee,alps4141::alps_2c934d1fb009_to_Equation2,1,alps4141,alps4141::alps_2c934d1fb009_to_Equation2,memory_limit,resource_exhausted,resource_exhausted,False,False,False
alpha_6f16d80e388c4012,alps4141::alps_c77404faca02_to_Equation2,1,alps4141,alps4141::alps_c77404faca02_to_Equation2,memory_limit,resource_exhausted,resource_exhausted,False,False,False
alpha_102001e573c98f1a,alps4141::alps_b3aee3980a5a_to_Equation2,1,alps4141,alps4141::alps_b3aee3980a5a_to_Equation2,memory_limit,resource_exhausted,resource_exhausted,False,False,False
alpha_4a310b75b7ee3db9,alps4141::alps_a35bb5bcc2ae_to_Equation2,1,alps4141,alps4141::alps_a35bb5bcc2ae_to_Equation2,resource_exhausted,resource_exhausted,resource_exhausted,False,False,False
alpha_afb992f58a013562,alps4141::alps_1f5a0be4e36f_to_Equation2,1,alps4141,alps4141::alps_1f5a0be4e36f_to_Equation2,resource_exhausted,resource_exhausted,resource_exhausted,False,False,False
alpha_69bab9db73b8fd66,alps4141::alps_73f498d67c29_to_Equation2,1,alps4141,alps4141::alps_73f498d67c29_to_Equation2,resource_exhausted,resource_exhausted,resource_exhausted,False,False,False
alpha_b45ad938a5586df7,alps4141::alps_2c61fdaaf420_to_Equation2,1,alps4141,alps4141::alps_2c61fdaaf420_to_Equation2,resource_exhausted,resource_exhausted,resource_exhausted,False,False,False
alpha_f7eabc40b8094da2,alps4141::alps_18aa3d95787d_to_Equation2,1,alps4141,alps4141::alps_18aa3d95787d_to_Equation2,memory_limit,resource_exhausted,resource_exhausted,False,False,False
alpha_0001ff27946d01f6,alps4141::alps_4796554cb725_to_Equation2,1,alps4141,alps4141::alps_4796554cb725_to_Equation2,memory_limit,resource_exhausted,resource_exhausted,False,False,False
alpha_3473b4726c1c5233,alps4141::alps_97861b2a24f2_to_Equation2,1,alps4141,alps4141::alps_97861b2a24f2_to_Equation2,resource_exhausted,resource_exhausted,resource_exhausted,False,False,False
alpha_b8913e3d1f5399c0,alps4141::alps_3c31f0521afd_to_Equation2,1,alps4141,alps4141::alps_3c31f0521afd_to_Equation2,resource_exhausted,resource_exhausted,resource_exhausted,False,False,False
alpha_9b99c06ae240996a,alps4141::alps_d555fd26489c_to_Equation2,1,alps4141,alps4141::alps_d555fd26489c_to_Equation2,resource_exhausted,resource_exhausted,resource_exhausted,False,False,False
alpha_f40a05bd0e682030,alps4141::alps_6f0a787563cf_to_Equation2,1,alps4141,alps4141::alps_6f0a787563cf_to_Equation2,resource_exhausted,resource_exhausted,resource_exhausted,False,False,False
alpha_b0d95d7336677c81,alps4141::alps_ddf396bce5ff_to_Equation2,1,alps4141,alps4141::alps_ddf396bce5ff_to_Equation2,memory_limit,resource_exhausted,resource_exhausted,False,False,False
alpha_cdc198eaad6287b3,alps4141::alps_8bbdb6a3b7fb_to_Equation2,1,alps4141,alps4141::alps_8bbdb6a3b7fb_to_Equation2,memory_limit,resource_exhausted,resource_exhausted,False,False,False
alpha_376056c5fdd0cf66,alps4141::alps_87b99148dc6e_to_Equation2,1,alps4141,alps4141::alps_87b99148dc6e_to_Equation2,memory_limit,resource_exhausted,resource_exhausted,False,False,False
alpha_4a1a76edbd809451,alps4141::alps_41486307ecf8_to_Equation2,1,alps4141,alps4141::alps_41486307ecf8_to_Equation2,memory_limit,resource_exhausted,resource_exhausted,False,False,False
alpha_50e74b54b345e4b0,alps4141::alps_a9b515255f70_to_Equation2,1,alps4141,alps4141::alps_a9b515255f70_to_Equation2,resource_exhausted,resource_exhausted,resource_exhausted,False,False,False
alpha_077ae707a2d91353,alps4141::alps_fb4472e5477a_to_Equation2,1,alps4141,alps4141::alps_fb4472e5477a_to_Equation2,resource_exhausted,resource_exhausted,resource_exhausted,False,False,False
alpha_307c109c7ae6a344,alps4141::alps_f35c9e6cb3ec_to_Equation2,1,alps4141,alps4141::alps_f35c9e6cb3ec_to_Equation2,memory_limit,resource_exhausted,resource_exhausted,False,False,False
alpha_8f37b738a44955ce,alps4141::alps_4157d5c4afbb_to_Equation2,1,alps4141,alps4141::alps_4157d5c4afbb_to_Equation2,memory_limit,resource_exhausted,resource_exhausted,False,False,False
alpha_fd190c651ec9c7d7,alps4141::alps_4465e4a8826a_to_Equation2,1,alps4141,alps4141::alps_4465e4a8826a_to_Equation2,memory_limit,resource_exhausted,resource_exhausted,False,False,False
alpha_9e9d81ccdbb99152,alps4141::alps_a82f7ef94fa6_to_Equation2,1,alps4141,alps4141::alps_a82f7ef94fa6_to_Equation2,memory_limit,resource_exhausted,memory_limit,False,False,False
alpha_d5d52fdb315fb8fc,alps4141::alps_37290525a4d6_to_Equation2,1,alps4141,alps4141::alps_37290525a4d6_to_Equation2,memory_limit,resource_exhausted,resource_exhausted,False,False,False
alpha_4e2ac75723f1bc4f,alps4141::alps_72e1f5460530_to_Equation2,1,alps4141,alps4141::alps_72e1f5460530_to_Equation2,memory_limit,resource_exhausted,resource_exhausted,False,False,False
alpha_d42428686616d2fa,alps4141::alps_1e9590bf6dbb_to_Equation2,1,alps4141,alps4141::alps_1e9590bf6dbb_to_Equation2,memory_limit,resource_exhausted,memory_limit,False,False,False
alpha_175eea6b313dc400,alps4141::alps_fbe5a8a6811f_to_Equation2,1,alps4141,alps4141::alps_fbe5a8a6811f_to_Equation2,memory_limit,resource_exhausted,resource_exhausted,False,False,False
alpha_18ad31540574f49c,alps4141::alps_9f3a82631d0a_to_Equation2,1,alps4141,alps4141::alps_9f3a82631d0a_to_Equation2,memory_limit,resource_exhausted,memory_limit,False,False,False
alpha_6fc62a8220c4056e,alps4141::alps_62842786bbe1_to_Equation2,1,alps4141,alps4141::alps_62842786bbe1_to_Equation2,memory_limit,resource_exhausted,memory_limit,False,False,False
alpha_23a62f6d53471fe7,alps4141::alps_ca58dc0647e2_to_Equation2,1,alps4141,alps4141::alps_ca58dc0647e2_to_Equation2,memory_limit,resource_exhausted,memory_limit,False,False,False
alpha_675b1f0b169baf66,alps4141::alps_45b9218bfe64_to_Equation2,1,alps4141,alps4141::alps_45b9218bfe64_to_Equation2,memory_limit,resource_exhausted,resource_exhausted,False,False,False
alpha_bfe9215989c1809c,alps4141::alps_97b63cc6153e_to_Equation2,1,alps4141,alps4141::alps_97b63cc6153e_to_Equation2,resource_exhausted,resource_exhausted,resource_exhausted,False,False,False
alpha_13b3494a450d607a,alps4141::alps_81e33ffae3bd_to_Equation2,1,alps4141,alps4141::alps_81e33ffae3bd_to_Equation2,resource_exhausted,resource_exhausted,resource_exhausted,False,False,False
alpha_2695c64bb95f0196,alps4141::alps_fd75733323d3_to_Equation2,1,alps4141,alps4141::alps_fd75733323d3_to_Equation2,memory_limit,resource_exhausted,memory_limit,False,False,False
alpha_c9ae66ebf63b0a44,alps4141::alps_0689dc91724a_to_Equation2,1,alps4141,alps4141::alps_0689dc91724a_to_Equation2,memory_limit,resource_exhausted,resource_exhausted,False,False,False
alpha_6c8cb75b006e41f8,alps4141::alps_17e729ad1c3a_to_Equation2,1,alps4141,alps4141::alps_17e729ad1c3a_to_Equation2,memory_limit,resource_exhausted,memory_limit,False,False,False
alpha_ac1ec8fc9d8d9800,alps4141::alps_b5bf4662b882_to_Equation2,1,alps4141,alps4141::alps_b5bf4662b882_to_Equation2,memory_limit,resource_exhausted,memory_limit,False,False,False
alpha_e26c0ed6efa0ca86,alps4141::alps_e285187c7ea1_to_Equation2,1,alps4141,alps4141::alps_e285187c7ea1_to_Equation2,resource_exhausted,resource_exhausted,resource_exhausted,False,False,False
alpha_c4707057bcd75b8c,alps4141::alps_a16a7ae174b7_to_Equation2,1,alps4141,alps4141::alps_a16a7ae174b7_to_Equation2,memory_limit,resource_exhausted,resource_exhausted,False,False,False
alpha_d388b287cffc3c48,alps4141::alps_8ed2e59a6c0e_to_Equation2,1,alps4141,alps4141::alps_8ed2e59a6c0e_to_Equation2,memory_limit,resource_exhausted,resource_exhausted,False,False,False
alpha_edd1e8ae10f3cc4e,alps4141::alps_c92681882dbb_to_Equation2,1,alps4141,alps4141::alps_c92681882dbb_to_Equation2,memory_limit,resource_exhausted,memory_limit,False,False,False
alpha_73d2351225830aa0,alps4141::alps_045cef1b920b_to_Equation2,1,alps4141,alps4141::alps_045cef1b920b_to_Equation2,memory_limit,resource_exhausted,resource_exhausted,False,False,False
alpha_02704ce3de0b961f,alps4141::alps_dfa46f1defcf_to_Equation2,1,alps4141,alps4141::alps_dfa46f1defcf_to_Equation2,memory_limit,resource_exhausted,resource_exhausted,False,False,False
alpha_33dc9c69f30edf46,alps4141::alps_1327b8b932cd_to_Equation2,1,alps4141,alps4141::alps_1327b8b932cd_to_Equation2,memory_limit,resource_exhausted,memory_limit,False,False,False
alpha_c7244c8a3c0b6779,alps4141::alps_e4f61ff7cbda_to_Equation2,1,alps4141,alps4141::alps_e4f61ff7cbda_to_Equation2,memory_limit,resource_exhausted,memory_limit,False,False,False
alpha_2c38dac2d9b49213,alps4141::alps_62ae352640a0_to_Equation2,1,alps4141,alps4141::alps_62ae352640a0_to_Equation2,resource_exhausted,resource_exhausted,resource_exhausted,False,False,False
alpha_6f7d5a3f83ab8699,alps4141::alps_b68d3d4e8bed_to_Equation2,1,alps4141,alps4141::alps_b68d3d4e8bed_to_Equation2,resource_exhausted,resource_exhausted,resource_exhausted,False,False,False
alpha_7d8b167170419f21,alps4141::alps_0482b4a2e3a0_to_Equation2,1,alps4141,alps4141::alps_0482b4a2e3a0_to_Equation2,memory_limit,resource_exhausted,memory_limit,False,False,False
alpha_eb411aa3d0988092,alps4141::alps_6c835d50a320_to_Equation2,1,alps4141,alps4141::alps_6c835d50a320_to_Equation2,memory_limit,resource_exhausted,resource_exhausted,False,False,False
alpha_e5f56c78cad8aaac,alps4141::alps_77383748b78b_to_Equation2,1,alps4141,alps4141::alps_77383748b78b_to_Equation2,memory_limit,resource_exhausted,resource_exhausted,False,False,False
alpha_6489c21b246b8a85,alps4141::alps_c5bbe4e82753_to_Equation2,1,alps4141,alps4141::alps_c5bbe4e82753_to_Equation2,memory_limit,resource_exhausted,resource_exhausted,False,False,False
alpha_7145c18dac6eca2c,alps4141::alps_88e2f1b54a5b_to_Equation2,1,alps4141,alps4141::alps_88e2f1b54a5b_to_Equation2,memory_limit,resource_exhausted,resource_exhausted,False,False,False
alpha_0fac8c3d878ad5f6,alps4141::alps_b88bbec85d96_to_Equation2,1,alps4141,alps4141::alps_b88bbec85d96_to_Equation2,memory_limit,resource_exhausted,resource_exhausted,False,False,False
alpha_6ec06684b2303378,alps4141::alps_992ad2b3613f_to_Equation2,1,alps4141,alps4141::alps_992ad2b3613f_to_Equation2,memory_limit,resource_exhausted,resource_exhausted,False,False,False
alpha_2a36bf665bf97167,alps4141::alps_dc0b07519d84_to_Equation2,1,alps4141,alps4141::alps_dc0b07519d84_to_Equation2,memory_limit,resource_exhausted,resource_exhausted,False,False,False
alpha_6f9aaee15d26c0e7,alps4141::alps_fb7290389a23_to_Equation2,1,alps4141,alps4141::alps_fb7290389a23_to_Equation2,memory_limit,resource_exhausted,memory_limit,False,False,False
alpha_307416f643b6d4b3,alps4141::alps_1758f55f1a98_to_Equation2,1,alps4141,alps4141::alps_1758f55f1a98_to_Equation2,memory_limit,resource_exhausted,memory_limit,False,False,False
alpha_09565d9940b2f0c2,alps4141::alps_3c57c5e72e24_to_Equation2,1,alps4141,alps4141::alps_3c57c5e72e24_to_Equation2,memory_limit,resource_exhausted,resource_exhausted,False,False,False
alpha_8d708b5517285ada,alps4141::alps_5e57a0f5e46b_to_Equation2,1,alps4141,alps4141::alps_5e57a0f5e46b_to_Equation2,memory_limit,resource_exhausted,resource_exhausted,False,False,False
alpha_8bac0876a1a074fc,alps4141::alps_22515697cc6b_to_Equation2,1,alps4141,alps4141::alps_22515697cc6b_to_Equation2,memory_limit,resource_exhausted,resource_exhausted,False,False,False
alpha_7b5c3b80bb69ab10,alps4141::alps_4b5d86c33ce0_to_Equation2,1,alps4141,alps4141::alps_4b5d86c33ce0_to_Equation2,memory_limit,resource_exhausted,memory_limit,False,False,False
alpha_62d9513dbd57c120,alps4141::alps_d316b817514b_to_Equation2,1,alps4141,alps4141::alps_d316b817514b_to_Equation2,memory_limit,resource_exhausted,memory_limit,False,False,False
alpha_36395c50a4cccd07,alps4141::alps_1fdc084df7be_to_Equation2,1,alps4141,alps4141::alps_1fdc084df7be_to_Equation2,memory_limit,resource_exhausted,resource_exhausted,False,False,False
alpha_2c978e5798089dee,alps4141::alps_5123fa15f632_to_Equation2,1,alps4141,alps4141::alps_5123fa15f632_to_Equation2,memory_limit,resource_exhausted,resource_exhausted,False,False,False
alpha_ec849cf76da7f04a,alps4141::alps_ea18473ea455_to_Equation2,1,alps4141,alps4141::alps_ea18473ea455_to_Equation2,memory_limit,resource_exhausted,resource_exhausted,False,False,False
alpha_740679613f52d9c3,alps4141::alps_1a3db0f49896_to_Equation2,1,alps4141,alps4141::alps_1a3db0f49896_to_Equation2,memory_limit,resource_exhausted,resource_exhausted,False,False,False
alpha_91c9672f230c2cce,alps4141::alps_144538f5defd_to_Equation2,1,alps4141,alps4141::alps_144538f5defd_to_Equation2,memory_limit,resource_exhausted,resource_exhausted,False,False,False
alpha_657976f3b0411721,alps4141::alps_ac8fadd3388b_to_Equation2,1,alps4141,alps4141::alps_ac8fadd3388b_to_Equation2,memory_limit,resource_exhausted,memory_limit,False,False,False
alpha_9cf95d4949da641e,alps4141::alps_82e44ee11f61_to_Equation2,1,alps4141,alps4141::alps_82e44ee11f61_to_Equation2,memory_limit,resource_exhausted,resource_exhausted,False,False,False
alpha_4e27c74717c5c953,alps4141::alps_9ea4ed52f024_to_Equation2,1,alps4141,alps4141::alps_9ea4ed52f024_to_Equation2,memory_limit,resource_exhausted,resource_exhausted,False,False,False
alpha_bf98c2490d150516,alps4141::alps_5e8d7decf81b_to_Equation2,1,alps4141,alps4141::alps_5e8d7decf81b_to_Equation2,memory_limit,resource_exhausted,memory_limit,False,False,False
alpha_fbe4cfe9e9b5b8ca,alps4141::alps_c15559966716_to_Equation2,1,alps4141,alps4141::alps_c15559966716_to_Equation2,memory_limit,resource_exhausted,resource_exhausted,False,False,False
alpha_4f002f297c8a8ed2,alps4141::alps_b811c2eae27d_to_Equation2,1,alps4141,alps4141::alps_b811c2eae27d_to_Equation2,resource_exhausted,resource_exhausted,resource_exhausted,False,False,False
alpha_33a7d8bcd27c76a9,alps4141::alps_b14026136645_to_Equation2,1,alps4141,alps4141::alps_b14026136645_to_Equation2,memory_limit,resource_exhausted,resource_exhausted,False,False,False
alpha_5db8db4a0d2782ff,alps4141::alps_ec12e330efc4_to_Equation2,1,alps4141,alps4141::alps_ec12e330efc4_to_Equation2,memory_limit,resource_exhausted,resource_exhausted,False,False,False
alpha_944818ab38eb6364,alps4141::alps_857544a51822_to_Equation2,1,alps4141,alps4141::alps_857544a51822_to_Equation2,resource_exhausted,resource_exhausted,resource_exhausted,False,False,False
alpha_d65b4f8863da1c3c,alps4141::alps_528485b554ee_to_Equation2,1,alps4141,alps4141::alps_528485b554ee_to_Equation2,memory_limit,resource_exhausted,resource_exhausted,False,False,False
alpha_35213705794fb2cb,alps4141::alps_6c3b999aeb45_to_Equation2,1,alps4141,alps4141::alps_6c3b999aeb45_to_Equation2,memory_limit,resource_exhausted,memory_limit,False,False,False
alpha_e0b0fc434f2edb71,alps4141::alps_811248c830e3_to_Equation2,1,alps4141,alps4141::alps_811248c830e3_to_Equation2,memory_limit,resource_exhausted,resource_exhausted,False,False,False
alpha_d6a55193bc81aa2e,alps4141::alps_d03c039146aa_to_Equation2,1,alps4141,alps4141::alps_d03c039146aa_to_Equation2,memory_limit,resource_exhausted,resource_exhausted,False,False,False
alpha_eb0d5ce0d9be7ac0,alps4141::alps_5122844a4419_to_Equation2,1,alps4141,alps4141::alps_5122844a4419_to_Equation2,memory_limit,resource_exhausted,resource_exhausted,False,False,False
alpha_e54debaefbb2ccdf,alps4141::alps_14e5fc2e6792_to_Equation2,1,alps4141,alps4141::alps_14e5fc2e6792_to_Equation2,memory_limit,resource_exhausted,resource_exhausted,False,False,False
alpha_fca7930147e04801,alps4141::alps_eba597d1a5d3_to_Equation2,1,alps4141,alps4141::alps_eba597d1a5d3_to_Equation2,memory_limit,resource_exhausted,resource_exhausted,False,False,False
alpha_d369fe41c3a4b748,alps4141::alps_db60fa2f5d23_to_Equation2,1,alps4141,alps4141::alps_db60fa2f5d23_to_Equation2,memory_limit,resource_exhausted,resource_exhausted,False,False,False
alpha_1f9a6cd2e779c536,alps4141::alps_bdc2b9ae5bb8_to_Equation2,1,alps4141,alps4141::alps_bdc2b9ae5bb8_to_Equation2,memory_limit,resource_exhausted,memory_limit,False,False,False
alpha_1ec6f19c0690a477,alps4141::alps_f62544508c7b_to_Equation2,1,alps4141,alps4141::alps_f62544508c7b_to_Equation2,resource_exhausted,resource_exhausted,resource_exhausted,False,False,False
alpha_e372487091ac7265,alps4141::alps_3a14abe1f807_to_Equation2,1,alps4141,alps4141::alps_3a14abe1f807_to_Equation2,memory_limit,resource_exhausted,resource_exhausted,False,False,False
alpha_74436a6931f90af8,alps4141::alps_8bdb2bb855d0_to_Equation2,1,alps4141,alps4141::alps_8bdb2bb855d0_to_Equation2,memory_limit,resource_exhausted,resource_exhausted,False,False,False
alpha_6bbd7b72abb951db,alps4141::alps_bbe6fb6aa1a5_to_Equation2,1,alps4141,alps4141::alps_bbe6fb6aa1a5_to_Equation2,memory_limit,resource_exhausted,resource_exhausted,False,False,False
alpha_eba88de494203afd,alps4141::alps_04d8923625c1_to_Equation2,1,alps4141,alps4141::alps_04d8923625c1_to_Equation2,memory_limit,resource_exhausted,memory_limit,False,False,False
alpha_2f508450e695c595,alps4141::alps_1c3218092cd7_to_Equation2,1,alps4141,alps4141::alps_1c3218092cd7_to_Equation2,memory_limit,resource_exhausted,memory_limit,False,False,False
alpha_d996318d0f067b77,alps4141::alps_49a28942c13b_to_Equation2,1,alps4141,alps4141::alps_49a28942c13b_to_Equation2,memory_limit,resource_exhausted,resource_exhausted,False,False,False
alpha_c8b3bd2a43470ddf,alps4141::alps_cdeb43f8b709_to_Equation2,1,alps4141,alps4141::alps_cdeb43f8b709_to_Equation2,memory_limit,resource_exhausted,resource_exhausted,False,False,False
alpha_194baac5cac96053,alps4141::alps_b8922ca6701e_to_Equation2,1,alps4141,alps4141::alps_b8922ca6701e_to_Equation2,memory_limit,resource_exhausted,resource_exhausted,False,False,False
alpha_7de5fd2586d17d6b,alps4141::alps_ab9e26a66e6c_to_Equation2,1,alps4141,alps4141::alps_ab9e26a66e6c_to_Equation2,memory_limit,resource_exhausted,memory_limit,False,False,False
alpha_dba061609a0e7397,austin96::order5_austin_unknown_E40909_to_E2,2,alps4141+austin96,austin96::order5_austin_unknown_E40909_to_E2 | alps4141::alps_ef8ed96e525e_to_Equation2,memory_limit,resource_exhausted,memory_limit,False,False,False
alpha_3ddf8f3c86ea8d97,austin96::order5_austin_unknown_E41252_to_E2,1,austin96,austin96::order5_austin_unknown_E41252_to_E2,memory_limit,resource_exhausted,memory_limit,False,False,False
alpha_3458262aff010dfd,austin96::order5_austin_unknown_E41253_to_E2,2,alps4141+austin96,austin96::order5_austin_unknown_E41253_to_E2 | alps4141::alps_33e0f69d0242_to_Equation2,memory_limit,resource_exhausted,memory_limit,False,False,False
alpha_fc9ba2bb9bd28311,alps4141::alps_e4c8a0d63626_to_Equation2,1,alps4141,alps4141::alps_e4c8a0d63626_to_Equation2,memory_limit,resource_exhausted,resource_exhausted,False,False,False
alpha_023d37c7fea64d7d,alps4141::alps_eda6fa906f2e_to_Equation2,1,alps4141,alps4141::alps_eda6fa906f2e_to_Equation2,resource_exhausted,resource_exhausted,resource_exhausted,False,False,False
alpha_9454148a10907b96,alps4141::alps_2e45e03cee00_to_Equation2,1,alps4141,alps4141::alps_2e45e03cee00_to_Equation2,memory_limit,resource_exhausted,resource_exhausted,False,False,False
alpha_6a74a1bb0efdd906,alps4141::alps_0fe3bd2f0c52_to_Equation2,1,alps4141,alps4141::alps_0fe3bd2f0c52_to_Equation2,resource_exhausted,resource_exhausted,resource_exhausted,False,False,False
alpha_bc3dc29d0108d188,alps4141::alps_6d1633d95725_to_Equation2,1,alps4141,alps4141::alps_6d1633d95725_to_Equation2,memory_limit,resource_exhausted,memory_limit,False,False,False
alpha_544b097ea2a9a7bf,alps4141::alps_1a9bb4936833_to_Equation2,1,alps4141,alps4141::alps_1a9bb4936833_to_Equation2,memory_limit,resource_exhausted,resource_exhausted,False,False,False
alpha_8e721de81ee5242b,alps4141::alps_23c0373ac0be_to_Equation2,1,alps4141,alps4141::alps_23c0373ac0be_to_Equation2,memory_limit,resource_exhausted,resource_exhausted,False,False,False
alpha_916a9c000cc6f077,alps4141::alps_6e70e4849e94_to_Equation2,1,alps4141,alps4141::alps_6e70e4849e94_to_Equation2,memory_limit,resource_exhausted,resource_exhausted,False,False,False
alpha_975b3ad7b9e8ccff,alps4141::alps_c288118f3516_to_Equation2,1,alps4141,alps4141::alps_c288118f3516_to_Equation2,memory_limit,resource_exhausted,memory_limit,False,False,False
alpha_047b72fea5ee60b7,alps4141::alps_796fccf802ea_to_Equation2,1,alps4141,alps4141::alps_796fccf802ea_to_Equation2,memory_limit,resource_exhausted,memory_limit,False,False,False
alpha_7b6f7213fd7b9ab0,alps4141::alps_dd615f942c2b_to_Equation2,1,alps4141,alps4141::alps_dd615f942c2b_to_Equation2,memory_limit,resource_exhausted,resource_exhausted,False,False,False
alpha_0f1d195baa8497d9,alps4141::alps_8f74aa9601e1_to_Equation2,1,alps4141,alps4141::alps_8f74aa9601e1_to_Equation2,memory_limit,resource_exhausted,resource_exhausted,False,False,False
alpha_dd2f62a542c7639d,alps4141::alps_ed8ee5c0166c_to_Equation2,1,alps4141,alps4141::alps_ed8ee5c0166c_to_Equation2,memory_limit,resource_exhausted,resource_exhausted,False,False,False
alpha_67dc72792122e47f,alps4141::alps_2519fff9389b_to_Equation2,1,alps4141,alps4141::alps_2519fff9389b_to_Equation2,memory_limit,resource_exhausted,resource_exhausted,False,False,False
alpha_a6204de15a6e2954,alps4141::alps_2a2feaef35e7_to_Equation2,1,alps4141,alps4141::alps_2a2feaef35e7_to_Equation2,memory_limit,resource_exhausted,resource_exhausted,False,False,False
alpha_8fe1977e0e2bc3f9,alps4141::alps_f3ce6b551587_to_Equation2,1,alps4141,alps4141::alps_f3ce6b551587_to_Equation2,memory_limit,resource_exhausted,resource_exhausted,False,False,False
alpha_8e70d4983bd5d99f,austin96::order5_austin_unknown_E40917_to_E2,1,austin96,austin96::order5_austin_unknown_E40917_to_E2,memory_limit,resource_exhausted,memory_limit,False,False,False
alpha_c061d8d814d0f476,austin96::order5_austin_unknown_E41239_to_E2,2,alps4141+austin96,austin96::order5_austin_unknown_E41239_to_E2 | alps4141::alps_b053d2a06e12_to_Equation2,memory_limit,resource_exhausted,memory_limit,False,False,False
alpha_c74237e545aa83d6,austin96::order5_austin_unknown_E40914_to_E2,2,alps4141+austin96,austin96::order5_austin_unknown_E40914_to_E2 | alps4141::alps_1c0b64ba253c_to_Equation2,resource_exhausted,resource_exhausted,resource_exhausted,False,False,False
alpha_425d686c68e35d9d,alps4141::alps_1638a4666f75_to_Equation2,1,alps4141,alps4141::alps_1638a4666f75_to_Equation2,memory_limit,resource_exhausted,resource_exhausted,False,False,False
alpha_4cc009f266cb5789,alps4141::alps_15d81e65c77d_to_Equation2,1,alps4141,alps4141::alps_15d81e65c77d_to_Equation2,memory_limit,resource_exhausted,resource_exhausted,False,False,False
alpha_461adae14b194547,alps4141::alps_a882532a4380_to_Equation2,1,alps4141,alps4141::alps_a882532a4380_to_Equation2,memory_limit,resource_exhausted,resource_exhausted,False,False,False
alpha_8887a86856f626ae,alps4141::alps_a8344bbfdba2_to_Equation2,1,alps4141,alps4141::alps_a8344bbfdba2_to_Equation2,memory_limit,resource_exhausted,resource_exhausted,False,False,False
alpha_23f9fd4b8f2565d3,alps4141::alps_23506c54fa12_to_Equation2,1,alps4141,alps4141::alps_23506c54fa12_to_Equation2,memory_limit,resource_exhausted,resource_exhausted,False,False,False
alpha_11f28cca9712b36e,alps4141::alps_24c58f8b4c2e_to_Equation2,1,alps4141,alps4141::alps_24c58f8b4c2e_to_Equation2,memory_limit,resource_exhausted,resource_exhausted,False,False,False
alpha_bebc114520f75deb,alps4141::alps_03efda3a3835_to_Equation2,1,alps4141,alps4141::alps_03efda3a3835_to_Equation2,memory_limit,resource_exhausted,resource_exhausted,False,False,False
alpha_cf34de2e0f8004f6,alps4141::alps_407b08a67dea_to_Equation2,1,alps4141,alps4141::alps_407b08a67dea_to_Equation2,memory_limit,resource_exhausted,resource_exhausted,False,False,False
alpha_6be273b7f9ff2db3,alps4141::alps_0170001d64af_to_Equation2,1,alps4141,alps4141::alps_0170001d64af_to_Equation2,memory_limit,resource_exhausted,resource_exhausted,False,False,False
alpha_804f4a39f2b05e51,alps4141::alps_3c7442098687_to_Equation2,1,alps4141,alps4141::alps_3c7442098687_to_Equation2,memory_limit,resource_exhausted,resource_exhausted,False,False,False
alpha_bf7417647e597a00,alps4141::alps_332d495ea054_to_Equation2,1,alps4141,alps4141::alps_332d495ea054_to_Equation2,memory_limit,resource_exhausted,memory_limit,False,False,False
alpha_e176c47a7c0405f7,alps4141::alps_00dd4cdee0cf_to_Equation2,1,alps4141,alps4141::alps_00dd4cdee0cf_to_Equation2,memory_limit,resource_exhausted,resource_exhausted,False,False,False
alpha_0347aa31f8ec4e4d,alps4141::alps_1f9099634a14_to_Equation2,1,alps4141,alps4141::alps_1f9099634a14_to_Equation2,memory_limit,resource_exhausted,resource_exhausted,False,False,False
alpha_1c8b030fe9be2f8f,alps4141::alps_299936a16cbf_to_Equation2,1,alps4141,alps4141::alps_299936a16cbf_to_Equation2,memory_limit,resource_exhausted,resource_exhausted,False,False,False
alpha_d22139fa281ce3e8,alps4141::alps_0506aeb99cc6_to_Equation2,1,alps4141,alps4141::alps_0506aeb99cc6_to_Equation2,memory_limit,resource_exhausted,resource_exhausted,False,False,False
alpha_128ff069678a48ed,alps4141::alps_78c11d64a0cc_to_Equation2,1,alps4141,alps4141::alps_78c11d64a0cc_to_Equation2,memory_limit,resource_exhausted,resource_exhausted,False,False,False
alpha_e0d269fc8d84ea4b,alps4141::alps_db0d3d77a44a_to_Equation2,1,alps4141,alps4141::alps_db0d3d77a44a_to_Equation2,memory_limit,resource_exhausted,resource_exhausted,False,False,False
alpha_6a55eef3b26ce4bb,alps4141::alps_8052a4673d40_to_Equation2,1,alps4141,alps4141::alps_8052a4673d40_to_Equation2,memory_limit,resource_exhausted,resource_exhausted,False,False,False
alpha_157c4db7d3e614e9,alps4141::alps_cd0b5622a634_to_Equation2,1,alps4141,alps4141::alps_cd0b5622a634_to_Equation2,memory_limit,resource_exhausted,resource_exhausted,False,False,False
alpha_fa8231a1887b8b25,alps4141::alps_e4b1caedb025_to_Equation2,1,alps4141,alps4141::alps_e4b1caedb025_to_Equation2,memory_limit,resource_exhausted,resource_exhausted,False,False,False
alpha_3a23fa6a4c29f174,alps4141::alps_955b104a6074_to_Equation2,1,alps4141,alps4141::alps_955b104a6074_to_Equation2,memory_limit,resource_exhausted,resource_exhausted,False,False,False
alpha_8823e2901dafdf87,alps4141::alps_c8c4ae44b0f7_to_Equation2,1,alps4141,alps4141::alps_c8c4ae44b0f7_to_Equation2,memory_limit,resource_exhausted,resource_exhausted,False,False,False
alpha_76651e58b32d02e3,alps4141::alps_ce606a8c7161_to_Equation2,1,alps4141,alps4141::alps_ce606a8c7161_to_Equation2,memory_limit,resource_exhausted,resource_exhausted,False,False,False
alpha_6f8174bdcdf81eb8,alps4141::alps_337fc5773860_to_Equation2,1,alps4141,alps4141::alps_337fc5773860_to_Equation2,memory_limit,resource_exhausted,theorem,True,False,False
alpha_e2f6fc03eb4d8eb8,alps4141::alps_cfe8c2b483f6_to_Equation2,1,alps4141,alps4141::alps_cfe8c2b483f6_to_Equation2,resource_exhausted,resource_exhausted,resource_exhausted,False,False,False
alpha_21de47a1d27db773,alps4141::alps_aaa9a0af8e86_to_Equation2,1,alps4141,alps4141::alps_aaa9a0af8e86_to_Equation2,memory_limit,resource_exhausted,resource_exhausted,False,False,False
alpha_3bb0a735de7111b4,alps4141::alps_90b24c42357b_to_Equation2,1,alps4141,alps4141::alps_90b24c42357b_to_Equation2,memory_limit,resource_exhausted,resource_exhausted,False,False,False
alpha_7cf7acff690132f5,alps4141::alps_e59e6de3fd80_to_Equation2,1,alps4141,alps4141::alps_e59e6de3fd80_to_Equation2,memory_limit,resource_exhausted,resource_exhausted,False,False,False
alpha_4edf0e37438aaac1,alps4141::alps_719c9e40d23b_to_Equation2,1,alps4141,alps4141::alps_719c9e40d23b_to_Equation2,memory_limit,resource_exhausted,resource_exhausted,False,False,False
alpha_15693ff6ce83e8a7,alps4141::alps_3cb522dcec2e_to_Equation2,1,alps4141,alps4141::alps_3cb522dcec2e_to_Equation2,memory_limit,resource_exhausted,resource_exhausted,False,False,False
alpha_fd6282b779e9dd0e,alps4141::alps_1fae9dbd79aa_to_Equation2,1,alps4141,alps4141::alps_1fae9dbd79aa_to_Equation2,memory_limit,resource_exhausted,resource_exhausted,False,False,False
alpha_98a932d385b5bc28,alps4141::alps_ff3f851a0dd1_to_Equation2,1,alps4141,alps4141::alps_ff3f851a0dd1_to_Equation2,memory_limit,resource_exhausted,resource_exhausted,False,False,False
alpha_ca24eb597d77fda7,alps4141::alps_70b6c7ef2ec6_to_Equation2,1,alps4141,alps4141::alps_70b6c7ef2ec6_to_Equation2,resource_exhausted,resource_exhausted,theorem,True,False,False
alpha_ecbadd62dcb88e31,alps4141::alps_fe79c1dc7999_to_Equation2,1,alps4141,alps4141::alps_fe79c1dc7999_to_Equation2,memory_limit,resource_exhausted,resource_exhausted,False,False,False
alpha_7174dec67a8b6d97,alps4141::alps_4d539d9e4790_to_Equation2,1,alps4141,alps4141::alps_4d539d9e4790_to_Equation2,memory_limit,resource_exhausted,resource_exhausted,False,False,False
alpha_5ed0e192388170ee,alps4141::alps_1d032705dc31_to_Equation2,1,alps4141,alps4141::alps_1d032705dc31_to_Equation2,memory_limit,resource_exhausted,resource_exhausted,False,False,False
alpha_daccf0733a4dfe38,alps4141::alps_999577ae9e8d_to_Equation2,1,alps4141,alps4141::alps_999577ae9e8d_to_Equation2,theorem,resource_exhausted,theorem,True,False,False
alpha_1255c4ceb9aabfdc,alps4141::alps_6285b27d36df_to_Equation2,1,alps4141,alps4141::alps_6285b27d36df_to_Equation2,memory_limit,resource_exhausted,resource_exhausted,False,False,False
alpha_ba1c7c51d5aede06,alps4141::alps_2ccc99ccc5a9_to_Equation2,1,alps4141,alps4141::alps_2ccc99ccc5a9_to_Equation2,memory_limit,resource_exhausted,resource_exhausted,False,False,False
alpha_19928b1960c77087,alps4141::alps_dd5bfdb99e34_to_Equation2,1,alps4141,alps4141::alps_dd5bfdb99e34_to_Equation2,memory_limit,resource_exhausted,resource_exhausted,False,False,False
alpha_4c7dfc42ad437379,alps4141::alps_7a71bcff40d1_to_Equation2,1,alps4141,alps4141::alps_7a71bcff40d1_to_Equation2,resource_exhausted,resource_exhausted,resource_exhausted,False,False,False
alpha_26f6d8cb6a1116f3,alps4141::alps_0e40cbd46ad5_to_Equation2,1,alps4141,alps4141::alps_0e40cbd46ad5_to_Equation2,memory_limit,resource_exhausted,resource_exhausted,False,False,False
alpha_dff1183e20302495,alps4141::alps_fdaa4e1fb0f2_to_Equation2,1,alps4141,alps4141::alps_fdaa4e1fb0f2_to_Equation2,memory_limit,resource_exhausted,resource_exhausted,False,False,False
alpha_d9c4be040c422d7d,alps4141::alps_0529a2c9fe3b_to_Equation2,1,alps4141,alps4141::alps_0529a2c9fe3b_to_Equation2,memory_limit,resource_exhausted,resource_exhausted,False,False,False
alpha_bacc664a2483662d,alps4141::alps_00721eaa0376_to_Equation2,1,alps4141,alps4141::alps_00721eaa0376_to_Equation2,memory_limit,resource_exhausted,resource_exhausted,False,False,False
alpha_4bac2dc9deb048d6,alps4141::alps_89ded59e2486_to_Equation2,1,alps4141,alps4141::alps_89ded59e2486_to_Equation2,memory_limit,resource_exhausted,resource_exhausted,False,False,False
alpha_86b6afc0345256f2,alps4141::alps_3f3653926a5d_to_Equation2,1,alps4141,alps4141::alps_3f3653926a5d_to_Equation2,memory_limit,resource_exhausted,resource_exhausted,False,False,False
alpha_c87d4d19c051da42,alps4141::alps_d3ac389db550_to_Equation2,1,alps4141,alps4141::alps_d3ac389db550_to_Equation2,resource_exhausted,resource_exhausted,resource_exhausted,False,False,False
alpha_c1e65dd456582100,alps4141::alps_bb9f823fac9c_to_Equation2,1,alps4141,alps4141::alps_bb9f823fac9c_to_Equation2,memory_limit,resource_exhausted,resource_exhausted,False,False,False
alpha_0b68383a2351c328,alps4141::alps_810d1f1b1616_to_Equation2,1,alps4141,alps4141::alps_810d1f1b1616_to_Equation2,memory_limit,resource_exhausted,resource_exhausted,False,False,False
alpha_8dc814aa10236a85,alps4141::alps_9f2748c4422b_to_Equation2,1,alps4141,alps4141::alps_9f2748c4422b_to_Equation2,memory_limit,resource_exhausted,resource_exhausted,False,False,False
alpha_65592800bb501ac7,alps4141::alps_b4e3db8a0428_to_Equation2,1,alps4141,alps4141::alps_b4e3db8a0428_to_Equation2,memory_limit,resource_exhausted,resource_exhausted,False,False,False
alpha_83e6cb3f676cc268,alps4141::alps_9bed69f7afad_to_Equation2,1,alps4141,alps4141::alps_9bed69f7afad_to_Equation2,resource_exhausted,theorem,theorem,True,False,False
alpha_0b1fd016e997c5ab,alps4141::alps_12b6910627f8_to_Equation2,1,alps4141,alps4141::alps_12b6910627f8_to_Equation2,memory_limit,resource_exhausted,resource_exhausted,False,False,False
alpha_821cdf7c8259ffa4,alps4141::alps_8d85b048e194_to_Equation2,1,alps4141,alps4141::alps_8d85b048e194_to_Equation2,resource_exhausted,resource_exhausted,resource_exhausted,False,False,False
alpha_7bdcdc73e57f02c4,alps4141::alps_d890e85bbbeb_to_Equation2,1,alps4141,alps4141::alps_d890e85bbbeb_to_Equation2,memory_limit,resource_exhausted,resource_exhausted,False,False,False
alpha_043e3065b2f91cac,alps4141::alps_a8eeb6f18045_to_Equation2,1,alps4141,alps4141::alps_a8eeb6f18045_to_Equation2,memory_limit,resource_exhausted,resource_exhausted,False,False,False
alpha_233be03b2692a076,alps4141::alps_0ac68ea8a286_to_Equation2,1,alps4141,alps4141::alps_0ac68ea8a286_to_Equation2,memory_limit,resource_exhausted,resource_exhausted,False,False,False
alpha_e93448a09b8c177d,alps4141::alps_7204111c314d_to_Equation2,1,alps4141,alps4141::alps_7204111c314d_to_Equation2,memory_limit,resource_exhausted,resource_exhausted,False,False,False
alpha_55ec75c6fdbcfd9b,alps4141::alps_93f6c0da4ca1_to_Equation2,1,alps4141,alps4141::alps_93f6c0da4ca1_to_Equation2,memory_limit,resource_exhausted,resource_exhausted,False,False,False
alpha_a0fd97ad2ae7c6bb,alps4141::alps_ee83dfb837a2_to_Equation2,1,alps4141,alps4141::alps_ee83dfb837a2_to_Equation2,memory_limit,resource_exhausted,resource_exhausted,False,False,False
alpha_6f80a129708736ba,alps4141::alps_ab317517b756_to_Equation2,1,alps4141,alps4141::alps_ab317517b756_to_Equation2,resource_exhausted,theorem,resource_exhausted,True,False,False
alpha_2de19d1e103b4e52,alps4141::alps_402de3b736b8_to_Equation2,1,alps4141,alps4141::alps_402de3b736b8_to_Equation2,memory_limit,resource_exhausted,resource_exhausted,False,False,False
alpha_aa60706c1a5a7015,alps4141::alps_5779b8f67104_to_Equation2,1,alps4141,alps4141::alps_5779b8f67104_to_Equation2,resource_exhausted,theorem,resource_exhausted,True,False,False
alpha_ffba61dde9d9771f,alps4141::alps_358660e19595_to_Equation2,1,alps4141,alps4141::alps_358660e19595_to_Equation2,memory_limit,resource_exhausted,resource_exhausted,False,False,False
alpha_5ff6279f6390971f,alps4141::alps_c977d5069437_to_Equation2,1,alps4141,alps4141::alps_c977d5069437_to_Equation2,memory_limit,resource_exhausted,resource_exhausted,False,False,False
alpha_1d1b0ea82cf8425d,alps4141::alps_4f0e6016989b_to_Equation2,1,alps4141,alps4141::alps_4f0e6016989b_to_Equation2,memory_limit,resource_exhausted,resource_exhausted,False,False,False
alpha_be8bb72d161016d8,austin96::order5_austin_unknown_E40951_to_E2,1,austin96,austin96::order5_austin_unknown_E40951_to_E2,memory_limit,resource_exhausted,resource_exhausted,False,False,False
alpha_33a539ba1d8b403c,austin96::order5_austin_unknown_E41179_to_E2,2,alps4141+austin96,austin96::order5_austin_unknown_E41179_to_E2 | alps4141::alps_65ea2cf821fc_to_Equation2,memory_limit,resource_exhausted,resource_exhausted,False,False,False
alpha_f5568166769bb0c5,alps4141::alps_e42071a7a7ce_to_Equation2,1,alps4141,alps4141::alps_e42071a7a7ce_to_Equation2,memory_limit,resource_exhausted,resource_exhausted,False,False,False
alpha_834aea2ccd260de2,alps4141::alps_80b9d8c21186_to_Equation2,1,alps4141,alps4141::alps_80b9d8c21186_to_Equation2,resource_exhausted,resource_exhausted,resource_exhausted,False,False,False
alpha_13f2bfb847e12cb9,alps4141::alps_2f7409c99b0e_to_Equation2,1,alps4141,alps4141::alps_2f7409c99b0e_to_Equation2,memory_limit,resource_exhausted,memory_limit,False,False,False
alpha_bb1162032965b25f,alps4141::alps_919427d04aae_to_Equation2,1,alps4141,alps4141::alps_919427d04aae_to_Equation2,memory_limit,resource_exhausted,resource_exhausted,False,False,False
alpha_586121358c6c5d24,alps4141::alps_bed55bae3a6f_to_Equation2,1,alps4141,alps4141::alps_bed55bae3a6f_to_Equation2,resource_exhausted,resource_exhausted,resource_exhausted,False,False,False
alpha_90aa00b03671dc30,alps4141::alps_0e805afbe32a_to_Equation2,1,alps4141,alps4141::alps_0e805afbe32a_to_Equation2,memory_limit,resource_exhausted,resource_exhausted,False,False,False
alpha_1529e99eb4429d4e,alps4141::alps_7de66d4cab3f_to_Equation2,1,alps4141,alps4141::alps_7de66d4cab3f_to_Equation2,memory_limit,resource_exhausted,resource_exhausted,False,False,False
alpha_5efd3783574844e2,alps4141::alps_764356d469dd_to_Equation2,1,alps4141,alps4141::alps_764356d469dd_to_Equation2,memory_limit,resource_exhausted,resource_exhausted,False,False,False
alpha_72fc184c367fbb6d,alps4141::alps_024a7cb2b493_to_Equation2,1,alps4141,alps4141::alps_024a7cb2b493_to_Equation2,memory_limit,resource_exhausted,resource_exhausted,False,False,False
alpha_7f136744c823abdb,alps4141::alps_196cb5c811d8_to_Equation2,1,alps4141,alps4141::alps_196cb5c811d8_to_Equation2,memory_limit,resource_exhausted,resource_exhausted,False,False,False
alpha_c558708b95cb99e9,alps4141::alps_98aa516c2d48_to_Equation2,1,alps4141,alps4141::alps_98aa516c2d48_to_Equation2,resource_exhausted,resource_exhausted,resource_exhausted,False,False,False
alpha_49786638f0612a62,alps4141::alps_0ecd02292543_to_Equation2,1,alps4141,alps4141::alps_0ecd02292543_to_Equation2,memory_limit,resource_exhausted,memory_limit,False,False,False
alpha_774feff324cb84c6,alps4141::alps_3e6766b7a311_to_Equation2,1,alps4141,alps4141::alps_3e6766b7a311_to_Equation2,resource_exhausted,resource_exhausted,resource_exhausted,False,False,False
alpha_bb61cc0b3b2cb096,alps4141::alps_e4eb77a69abf_to_Equation2,1,alps4141,alps4141::alps_e4eb77a69abf_to_Equation2,memory_limit,resource_exhausted,resource_exhausted,False,False,False
alpha_3872cdb89c7f3ff9,alps4141::alps_e39593a1cba5_to_Equation2,1,alps4141,alps4141::alps_e39593a1cba5_to_Equation2,completed_no_decisive_result,resource_exhausted,memory_limit,False,False,False
alpha_aaaa3cc742120624,alps4141::alps_df821aef9b55_to_Equation2,1,alps4141,alps4141::alps_df821aef9b55_to_Equation2,memory_limit,resource_exhausted,resource_exhausted,False,False,False
alpha_e58ef1948f4b07b9,alps4141::alps_8874c65b6c1b_to_Equation2,1,alps4141,alps4141::alps_8874c65b6c1b_to_Equation2,memory_limit,resource_exhausted,resource_exhausted,False,False,False
alpha_94b1261c8e1e3a4a,alps4141::alps_4c00457a46e2_to_Equation2,1,alps4141,alps4141::alps_4c00457a46e2_to_Equation2,resource_exhausted,resource_exhausted,resource_exhausted,False,False,False
alpha_313ac264cc8cf8ff,alps4141::alps_44b6a488afdb_to_Equation2,1,alps4141,alps4141::alps_44b6a488afdb_to_Equation2,memory_limit,resource_exhausted,memory_limit,False,False,False
alpha_9bc1c715f9af56e1,alps4141::alps_869eca9827a7_to_Equation2,1,alps4141,alps4141::alps_869eca9827a7_to_Equation2,memory_limit,resource_exhausted,memory_limit,False,False,False
alpha_049280ed79d0504f,alps4141::alps_d13b892ca53e_to_Equation2,1,alps4141,alps4141::alps_d13b892ca53e_to_Equation2,completed_no_decisive_result,resource_exhausted,memory_limit,False,False,False
alpha_bd9b3ab60237b41e,alps4141::alps_1cd2ac55df08_to_Equation2,1,alps4141,alps4141::alps_1cd2ac55df08_to_Equation2,completed_no_decisive_result,resource_exhausted,resource_exhausted,False,False,False
alpha_4557dc991c457e29,alps4141::alps_465b8b5e654c_to_Equation2,1,alps4141,alps4141::alps_465b8b5e654c_to_Equation2,completed_no_decisive_result,resource_exhausted,memory_limit,False,False,False
alpha_f7888e0a06982939,alps4141::alps_0d92e33ead74_to_Equation2,1,alps4141,alps4141::alps_0d92e33ead74_to_Equation2,memory_limit,resource_exhausted,resource_exhausted,False,False,False
alpha_93c60c6bce3113c3,alps4141::alps_1f08771c04d9_to_Equation2,1,alps4141,alps4141::alps_1f08771c04d9_to_Equation2,memory_limit,resource_exhausted,resource_exhausted,False,False,False
alpha_fd07431c08362bef,alps4141::alps_c739c8d6280a_to_Equation2,1,alps4141,alps4141::alps_c739c8d6280a_to_Equation2,memory_limit,resource_exhausted,resource_exhausted,False,False,False
alpha_724dd2e0cfeb0c8c,alps4141::alps_85fb2b93c94c_to_Equation2,1,alps4141,alps4141::alps_85fb2b93c94c_to_Equation2,memory_limit,resource_exhausted,resource_exhausted,False,False,False
alpha_c724acd8d97a2a0b,alps4141::alps_6bf8e025e590_to_Equation2,1,alps4141,alps4141::alps_6bf8e025e590_to_Equation2,memory_limit,resource_exhausted,resource_exhausted,False,False,False
alpha_9098bf8c31ce609d,alps4141::alps_075ebc0575ef_to_Equation2,1,alps4141,alps4141::alps_075ebc0575ef_to_Equation2,memory_limit,resource_exhausted,resource_exhausted,False,False,False
alpha_278012d4c0a57da9,alps4141::alps_6b285062647f_to_Equation2,1,alps4141,alps4141::alps_6b285062647f_to_Equation2,memory_limit,resource_exhausted,resource_exhausted,False,False,False
alpha_5a8b76da2db80ef7,alps4141::alps_bf366b2ecf4b_to_Equation2,1,alps4141,alps4141::alps_bf366b2ecf4b_to_Equation2,memory_limit,resource_exhausted,resource_exhausted,False,False,False
alpha_7c7bd8c58f9a292f,alps4141::alps_03b535d5ff1a_to_Equation2,1,alps4141,alps4141::alps_03b535d5ff1a_to_Equation2,memory_limit,resource_exhausted,resource_exhausted,False,False,False
alpha_7c66843d0ccdd9e3,alps4141::alps_9fbd9f3c40d9_to_Equation2,1,alps4141,alps4141::alps_9fbd9f3c40d9_to_Equation2,resource_exhausted,resource_exhausted,resource_exhausted,False,False,False
alpha_aee9a41b5a806be7,alps4141::alps_22173f2012d0_to_Equation2,1,alps4141,alps4141::alps_22173f2012d0_to_Equation2,memory_limit,resource_exhausted,resource_exhausted,False,False,False
alpha_8354aa8f2d12597e,alps4141::alps_6cf6cf76a5ee_to_Equation2,1,alps4141,alps4141::alps_6cf6cf76a5ee_to_Equation2,memory_limit,resource_exhausted,resource_exhausted,False,False,False
alpha_89f4c6f76d01c813,alps4141::alps_6f1d595a9699_to_Equation2,1,alps4141,alps4141::alps_6f1d595a9699_to_Equation2,memory_limit,resource_exhausted,resource_exhausted,False,False,False
alpha_1539520756a15522,alps4141::alps_1aa5a2353a01_to_Equation2,1,alps4141,alps4141::alps_1aa5a2353a01_to_Equation2,resource_exhausted,resource_exhausted,resource_exhausted,False,False,False
alpha_ea9569bb5618eab9,alps4141::alps_ca3992c13540_to_Equation2,1,alps4141,alps4141::alps_ca3992c13540_to_Equation2,resource_exhausted,resource_exhausted,resource_exhausted,False,False,False
alpha_8d165aa1badce1e2,alps4141::alps_ca419c943a4e_to_Equation2,1,alps4141,alps4141::alps_ca419c943a4e_to_Equation2,resource_exhausted,resource_exhausted,resource_exhausted,False,False,False
alpha_e58ee976baec02e4,alps4141::alps_0b4c0ba8cab4_to_Equation2,1,alps4141,alps4141::alps_0b4c0ba8cab4_to_Equation2,memory_limit,resource_exhausted,resource_exhausted,False,False,False
alpha_49fcd62a30b847ea,alps4141::alps_08cae1f5a3eb_to_Equation2,1,alps4141,alps4141::alps_08cae1f5a3eb_to_Equation2,memory_limit,resource_exhausted,resource_exhausted,False,False,False
alpha_ac64baf5de386929,alps4141::alps_f69f9077dacc_to_Equation2,1,alps4141,alps4141::alps_f69f9077dacc_to_Equation2,memory_limit,resource_exhausted,resource_exhausted,False,False,False
alpha_464a8e984558a45c,alps4141::alps_8b9b42dc26f4_to_Equation2,1,alps4141,alps4141::alps_8b9b42dc26f4_to_Equation2,resource_exhausted,resource_exhausted,resource_exhausted,False,False,False
alpha_d505e8a5d09d94dd,alps4141::alps_2527bdd184ff_to_Equation2,1,alps4141,alps4141::alps_2527bdd184ff_to_Equation2,memory_limit,resource_exhausted,resource_exhausted,False,False,False
alpha_27d27b99950463c3,alps4141::alps_0a4d5872316b_to_Equation2,1,alps4141,alps4141::alps_0a4d5872316b_to_Equation2,memory_limit,resource_exhausted,resource_exhausted,False,False,False
alpha_e3927c092939a792,alps4141::alps_afa72f740267_to_Equation2,1,alps4141,alps4141::alps_afa72f740267_to_Equation2,resource_exhausted,resource_exhausted,resource_exhausted,False,False,False
alpha_55ff2485c81e6ab6,alps4141::alps_ff32978b3885_to_Equation2,1,alps4141,alps4141::alps_ff32978b3885_to_Equation2,resource_exhausted,resource_exhausted,resource_exhausted,False,False,False
alpha_e0b9903470ef8bd2,alps4141::alps_ca941f9f79b8_to_Equation2,1,alps4141,alps4141::alps_ca941f9f79b8_to_Equation2,resource_exhausted,resource_exhausted,resource_exhausted,False,False,False
alpha_ce8319fe672f07b1,alps4141::alps_c45a150943ba_to_Equation2,1,alps4141,alps4141::alps_c45a150943ba_to_Equation2,resource_exhausted,resource_exhausted,resource_exhausted,False,False,False
alpha_691ca0b55a9e9951,alps4141::alps_a50a445b05bf_to_Equation2,1,alps4141,alps4141::alps_a50a445b05bf_to_Equation2,resource_exhausted,resource_exhausted,resource_exhausted,False,False,False
alpha_418cf95facf19f60,alps4141::alps_0c266fc35c0d_to_Equation2,1,alps4141,alps4141::alps_0c266fc35c0d_to_Equation2,resource_exhausted,resource_exhausted,resource_exhausted,False,False,False
alpha_f79f9a16ca0e706c,alps4141::alps_689ae573c44f_to_Equation2,1,alps4141,alps4141::alps_689ae573c44f_to_Equation2,memory_limit,resource_exhausted,memory_limit,False,False,False
alpha_36efbb854ffd3cd2,alps4141::alps_69b999bb5d34_to_Equation2,1,alps4141,alps4141::alps_69b999bb5d34_to_Equation2,memory_limit,resource_exhausted,memory_limit,False,False,False
alpha_670b7d74810a8897,alps4141::alps_9b9134cd4d27_to_Equation2,1,alps4141,alps4141::alps_9b9134cd4d27_to_Equation2,memory_limit,resource_exhausted,resource_exhausted,False,False,False
alpha_a85737f8e0582dcc,alps4141::alps_cd5b5ce24fa8_to_Equation2,1,alps4141,alps4141::alps_cd5b5ce24fa8_to_Equation2,memory_limit,resource_exhausted,resource_exhausted,False,False,False
alpha_3fbbe7ffc571b73a,alps4141::alps_5967a09d58d8_to_Equation2,1,alps4141,alps4141::alps_5967a09d58d8_to_Equation2,resource_exhausted,resource_exhausted,resource_exhausted,False,False,False
alpha_9b9a34e5dc3cd7b9,alps4141::alps_e65abdf95b77_to_Equation2,1,alps4141,alps4141::alps_e65abdf95b77_to_Equation2,memory_limit,resource_exhausted,resource_exhausted,False,False,False
alpha_6515e2b9e50f76bd,alps4141::alps_0af3d21787d7_to_Equation2,1,alps4141,alps4141::alps_0af3d21787d7_to_Equation2,resource_exhausted,resource_exhausted,resource_exhausted,False,False,False
alpha_561b9c9b6b040d63,alps4141::alps_6a98d79e9f9b_to_Equation2,1,alps4141,alps4141::alps_6a98d79e9f9b_to_Equation2,memory_limit,resource_exhausted,resource_exhausted,False,False,False
alpha_d7f97afd84875cd9,alps4141::alps_9b4d7c3e3c6c_to_Equation2,1,alps4141,alps4141::alps_9b4d7c3e3c6c_to_Equation2,memory_limit,resource_exhausted,resource_exhausted,False,False,False
alpha_dea62cab3862fe09,alps4141::alps_44d3ead1faf4_to_Equation2,1,alps4141,alps4141::alps_44d3ead1faf4_to_Equation2,memory_limit,resource_exhausted,resource_exhausted,False,False,False
alpha_c9033dc666968192,alps4141::alps_30773d52e501_to_Equation2,1,alps4141,alps4141::alps_30773d52e501_to_Equation2,memory_limit,resource_exhausted,resource_exhausted,False,False,False
alpha_d3104fc25c3fe750,alps4141::alps_1ac44e0fe778_to_Equation2,1,alps4141,alps4141::alps_1ac44e0fe778_to_Equation2,memory_limit,resource_exhausted,resource_exhausted,False,False,False
alpha_f607b59c102fe247,alps4141::alps_4a6e016e637c_to_Equation2,1,alps4141,alps4141::alps_4a6e016e637c_to_Equation2,memory_limit,resource_exhausted,resource_exhausted,False,False,False
alpha_f1684a4ab2c529d4,alps4141::alps_33a0206a72f9_to_Equation2,1,alps4141,alps4141::alps_33a0206a72f9_to_Equation2,memory_limit,resource_exhausted,resource_exhausted,False,False,False
alpha_6da3cc5b8f4ed08a,alps4141::alps_7cec2b82a40e_to_Equation2,1,alps4141,alps4141::alps_7cec2b82a40e_to_Equation2,memory_limit,resource_exhausted,resource_exhausted,False,False,False
alpha_263bf044ca10d5cc,alps4141::alps_7e26394ea8e5_to_Equation2,1,alps4141,alps4141::alps_7e26394ea8e5_to_Equation2,resource_exhausted,resource_exhausted,resource_exhausted,False,False,False
alpha_bba729e346c15e57,alps4141::alps_55b2feb40814_to_Equation2,1,alps4141,alps4141::alps_55b2feb40814_to_Equation2,memory_limit,resource_exhausted,resource_exhausted,False,False,False
alpha_363bf8513b3f4f7d,alps4141::alps_a56cbf25e57d_to_Equation2,1,alps4141,alps4141::alps_a56cbf25e57d_to_Equation2,memory_limit,resource_exhausted,memory_limit,False,False,False
alpha_2cee39d436822929,alps4141::alps_cf8592c6a991_to_Equation2,1,alps4141,alps4141::alps_cf8592c6a991_to_Equation2,memory_limit,resource_exhausted,memory_limit,False,False,False
alpha_c3ff06082b678b3b,alps4141::alps_deacef119475_to_Equation2,1,alps4141,alps4141::alps_deacef119475_to_Equation2,memory_limit,resource_exhausted,theorem,True,False,False
alpha_541356bf51719ed1,alps4141::alps_33392112bbb5_to_Equation2,1,alps4141,alps4141::alps_33392112bbb5_to_Equation2,memory_limit,resource_exhausted,memory_limit,False,False,False
alpha_3eca89ea0d10478f,alps4141::alps_8d7cf877c38e_to_Equation2,1,alps4141,alps4141::alps_8d7cf877c38e_to_Equation2,memory_limit,resource_exhausted,memory_limit,False,False,False
alpha_07af730f17e965f5,alps4141::alps_3d196e592cfe_to_Equation2,1,alps4141,alps4141::alps_3d196e592cfe_to_Equation2,memory_limit,resource_exhausted,memory_limit,False,False,False
alpha_24e8a3cf8fb22e3e,alps4141::alps_e34aa7688006_to_Equation2,1,alps4141,alps4141::alps_e34aa7688006_to_Equation2,memory_limit,resource_exhausted,memory_limit,False,False,False
alpha_0805177c6c9ff080,alps4141::alps_1985a41731af_to_Equation2,1,alps4141,alps4141::alps_1985a41731af_to_Equation2,memory_limit,resource_exhausted,memory_limit,False,False,False
alpha_1c8777b00a5c8317,alps4141::alps_e7825160d417_to_Equation2,1,alps4141,alps4141::alps_e7825160d417_to_Equation2,memory_limit,resource_exhausted,resource_exhausted,False,False,False
alpha_fcd8f5f86dd208a3,alps4141::alps_64d1ac354c29_to_Equation2,1,alps4141,alps4141::alps_64d1ac354c29_to_Equation2,memory_limit,resource_exhausted,memory_limit,False,False,False
alpha_2e640013522db47d,alps4141::alps_a24b2736213b_to_Equation2,1,alps4141,alps4141::alps_a24b2736213b_to_Equation2,memory_limit,resource_exhausted,resource_exhausted,False,False,False
alpha_e459a245c63dbfcd,alps4141::alps_67b346a6e989_to_Equation2,1,alps4141,alps4141::alps_67b346a6e989_to_Equation2,memory_limit,resource_exhausted,resource_exhausted,False,False,False
alpha_110f40925026d043,alps4141::alps_844619cd68bc_to_Equation2,1,alps4141,alps4141::alps_844619cd68bc_to_Equation2,memory_limit,resource_exhausted,memory_limit,False,False,False
alpha_87118f7ee14ce88d,alps4141::alps_b0fd08af8b11_to_Equation2,1,alps4141,alps4141::alps_b0fd08af8b11_to_Equation2,memory_limit,resource_exhausted,memory_limit,False,False,False
alpha_1d83fd5820c58024,alps4141::alps_266cfbe4fa7d_to_Equation2,1,alps4141,alps4141::alps_266cfbe4fa7d_to_Equation2,memory_limit,resource_exhausted,memory_limit,False,False,False
alpha_7e76338e629b814b,alps4141::alps_05c5c964b268_to_Equation2,1,alps4141,alps4141::alps_05c5c964b268_to_Equation2,memory_limit,resource_exhausted,resource_exhausted,False,False,False
alpha_a88b3ff1ba373d7f,alps4141::alps_fc1c5af1f5c5_to_Equation2,1,alps4141,alps4141::alps_fc1c5af1f5c5_to_Equation2,memory_limit,resource_exhausted,resource_exhausted,False,False,False
alpha_b71b2551495fc90f,alps4141::alps_0c415a734047_to_Equation2,1,alps4141,alps4141::alps_0c415a734047_to_Equation2,resource_exhausted,resource_exhausted,resource_exhausted,False,False,False
alpha_4abab06fa4315726,alps4141::alps_b64c197ce140_to_Equation2,1,alps4141,alps4141::alps_b64c197ce140_to_Equation2,memory_limit,resource_exhausted,resource_exhausted,False,False,False
alpha_0e5cfe4556430bed,alps4141::alps_9454691330ec_to_Equation2,1,alps4141,alps4141::alps_9454691330ec_to_Equation2,memory_limit,resource_exhausted,resource_exhausted,False,False,False
alpha_fb66e3c6e9bd6e42,alps4141::alps_74e5eb80954d_to_Equation2,1,alps4141,alps4141::alps_74e5eb80954d_to_Equation2,memory_limit,resource_exhausted,resource_exhausted,False,False,False
alpha_7ed19110db3cbe2e,alps4141::alps_4471b68bdbac_to_Equation2,1,alps4141,alps4141::alps_4471b68bdbac_to_Equation2,memory_limit,resource_exhausted,resource_exhausted,False,False,False
alpha_27f02ed330b63ae7,alps4141::alps_4a2683e8d4a6_to_Equation2,1,alps4141,alps4141::alps_4a2683e8d4a6_to_Equation2,memory_limit,resource_exhausted,memory_limit,False,False,False
alpha_b2d253ef5c1d66d7,alps4141::alps_58a3b7b1af03_to_Equation2,1,alps4141,alps4141::alps_58a3b7b1af03_to_Equation2,memory_limit,resource_exhausted,resource_exhausted,False,False,False
alpha_9e949e2bf7903430,alps4141::alps_ce7bcf9f6279_to_Equation2,1,alps4141,alps4141::alps_ce7bcf9f6279_to_Equation2,memory_limit,resource_exhausted,resource_exhausted,False,False,False
alpha_7926f04cd085f058,alps4141::alps_03f7d098e96f_to_Equation2,1,alps4141,alps4141::alps_03f7d098e96f_to_Equation2,memory_limit,resource_exhausted,resource_exhausted,False,False,False
alpha_02cc906686c82d3e,alps4141::alps_d714f43098c8_to_Equation2,1,alps4141,alps4141::alps_d714f43098c8_to_Equation2,memory_limit,resource_exhausted,resource_exhausted,False,False,False
alpha_7f63c51254a1dd19,alps4141::alps_95275e16ddc3_to_Equation2,1,alps4141,alps4141::alps_95275e16ddc3_to_Equation2,memory_limit,resource_exhausted,resource_exhausted,False,False,False
alpha_298649b8c4b11c36,alps4141::alps_4b0ca227a01d_to_Equation2,1,alps4141,alps4141::alps_4b0ca227a01d_to_Equation2,memory_limit,resource_exhausted,resource_exhausted,False,False,False
alpha_eb9042bb720f3814,alps4141::alps_a545e74c942c_to_Equation2,1,alps4141,alps4141::alps_a545e74c942c_to_Equation2,memory_limit,resource_exhausted,resource_exhausted,False,False,False
alpha_d6719c693d583147,alps4141::alps_98dd1eff8dc9_to_Equation2,1,alps4141,alps4141::alps_98dd1eff8dc9_to_Equation2,memory_limit,resource_exhausted,resource_exhausted,False,False,False
alpha_ed7d03168fb4f6bf,alps4141::alps_55e794ba5ac6_to_Equation2,1,alps4141,alps4141::alps_55e794ba5ac6_to_Equation2,resource_exhausted,resource_exhausted,resource_exhausted,False,False,False
alpha_b49b20d3e3e13e7b,alps4141::alps_7e4305a24365_to_Equation2,1,alps4141,alps4141::alps_7e4305a24365_to_Equation2,resource_exhausted,resource_exhausted,resource_exhausted,False,False,False
alpha_ebcdc84c949a40eb,alps4141::alps_4ec929c0f2de_to_Equation2,1,alps4141,alps4141::alps_4ec929c0f2de_to_Equation2,memory_limit,resource_exhausted,resource_exhausted,False,False,False
alpha_9804ed2c3b07c32f,alps4141::alps_5d24e034e921_to_Equation2,1,alps4141,alps4141::alps_5d24e034e921_to_Equation2,resource_exhausted,resource_exhausted,resource_exhausted,False,False,False
alpha_19a87ed71f5ff3e7,alps4141::alps_05a2dca4b8b5_to_Equation2,1,alps4141,alps4141::alps_05a2dca4b8b5_to_Equation2,memory_limit,resource_exhausted,resource_exhausted,False,False,False
alpha_f3986295aff7ed48,alps4141::alps_064728da2932_to_Equation2,1,alps4141,alps4141::alps_064728da2932_to_Equation2,memory_limit,resource_exhausted,resource_exhausted,False,False,False
alpha_3c9102ead656b6ed,alps4141::alps_7be6aa4d3eb8_to_Equation2,1,alps4141,alps4141::alps_7be6aa4d3eb8_to_Equation2,memory_limit,resource_exhausted,resource_exhausted,False,False,False
alpha_69bd184af03a2781,alps4141::alps_84a1dcfaf80e_to_Equation2,1,alps4141,alps4141::alps_84a1dcfaf80e_to_Equation2,memory_limit,resource_exhausted,resource_exhausted,False,False,False
alpha_488d45dc3e9379d5,alps4141::alps_897f21a62d11_to_Equation2,1,alps4141,alps4141::alps_897f21a62d11_to_Equation2,memory_limit,resource_exhausted,resource_exhausted,False,False,False
alpha_5eba0b54f63dd6b6,alps4141::alps_89949acad5d7_to_Equation2,1,alps4141,alps4141::alps_89949acad5d7_to_Equation2,memory_limit,resource_exhausted,resource_exhausted,False,False,False
alpha_dfbe9efb7ba506ad,alps4141::alps_8bd12786aa37_to_Equation2,1,alps4141,alps4141::alps_8bd12786aa37_to_Equation2,memory_limit,resource_exhausted,resource_exhausted,False,False,False
alpha_d1d7ae60646e9860,alps4141::alps_1de10adb1b2b_to_Equation2,1,alps4141,alps4141::alps_1de10adb1b2b_to_Equation2,memory_limit,resource_exhausted,memory_limit,False,False,False
alpha_b444eef8b0338463,alps4141::alps_aa84877beeca_to_Equation2,1,alps4141,alps4141::alps_aa84877beeca_to_Equation2,memory_limit,resource_exhausted,resource_exhausted,False,False,False
alpha_95513df172df63e5,alps4141::alps_7bc0647dbfe9_to_Equation2,1,alps4141,alps4141::alps_7bc0647dbfe9_to_Equation2,memory_limit,resource_exhausted,resource_exhausted,False,False,False
alpha_1f37b066de390208,alps4141::alps_04c3d8136f92_to_Equation2,1,alps4141,alps4141::alps_04c3d8136f92_to_Equation2,memory_limit,resource_exhausted,resource_exhausted,False,False,False
alpha_7954e0d50cdbe911,alps4141::alps_6f840e94faee_to_Equation2,1,alps4141,alps4141::alps_6f840e94faee_to_Equation2,memory_limit,resource_exhausted,resource_exhausted,False,False,False
alpha_4745c885005245cc,alps4141::alps_f56c75a636fc_to_Equation2,1,alps4141,alps4141::alps_f56c75a636fc_to_Equation2,memory_limit,resource_exhausted,resource_exhausted,False,False,False
alpha_2f923c595e1c6f2d,alps4141::alps_c597f1c9db0d_to_Equation2,1,alps4141,alps4141::alps_c597f1c9db0d_to_Equation2,memory_limit,resource_exhausted,resource_exhausted,False,False,False
alpha_45a23427f6b74db7,alps4141::alps_7a3abce20ed1_to_Equation2,1,alps4141,alps4141::alps_7a3abce20ed1_to_Equation2,memory_limit,resource_exhausted,resource_exhausted,False,False,False
alpha_73f05a99c0f89a69,alps4141::alps_58932893e377_to_Equation2,1,alps4141,alps4141::alps_58932893e377_to_Equation2,memory_limit,resource_exhausted,resource_exhausted,False,False,False
alpha_467c8c2f02a9d6f6,alps4141::alps_85282b1d1e1f_to_Equation2,1,alps4141,alps4141::alps_85282b1d1e1f_to_Equation2,memory_limit,resource_exhausted,resource_exhausted,False,False,False
alpha_c98cc5db7d4baab4,alps4141::alps_a2f6dc4a1691_to_Equation2,1,alps4141,alps4141::alps_a2f6dc4a1691_to_Equation2,memory_limit,resource_exhausted,resource_exhausted,False,False,False
alpha_26ea2e1c9b2c779b,alps4141::alps_ce8d0113ec20_to_Equation2,1,alps4141,alps4141::alps_ce8d0113ec20_to_Equation2,memory_limit,resource_exhausted,resource_exhausted,False,False,False
alpha_88d4ba68c13b85b5,alps4141::alps_2c20e985c128_to_Equation2,1,alps4141,alps4141::alps_2c20e985c128_to_Equation2,memory_limit,resource_exhausted,resource_exhausted,False,False,False
alpha_f7333fbedfcfaafa,alps4141::alps_ff790af8edc2_to_Equation2,1,alps4141,alps4141::alps_ff790af8edc2_to_Equation2,memory_limit,resource_exhausted,resource_exhausted,False,False,False
alpha_ea5112172b0d3b70,alps4141::alps_e953e9c5f6fe_to_Equation2,1,alps4141,alps4141::alps_e953e9c5f6fe_to_Equation2,memory_limit,resource_exhausted,resource_exhausted,False,False,False
alpha_9d739b4f403de4c0,alps4141::alps_94af45869e7c_to_Equation2,1,alps4141,alps4141::alps_94af45869e7c_to_Equation2,memory_limit,resource_exhausted,resource_exhausted,False,False,False
alpha_3b1092bd71de903d,alps4141::alps_954fd6b80c5b_to_Equation2,1,alps4141,alps4141::alps_954fd6b80c5b_to_Equation2,memory_limit,resource_exhausted,resource_exhausted,False,False,False
alpha_cd575dab2db35d4b,alps4141::alps_8953b536df9a_to_Equation2,1,alps4141,alps4141::alps_8953b536df9a_to_Equation2,memory_limit,resource_exhausted,resource_exhausted,False,False,False
alpha_8716afde40b39769,alps4141::alps_cebc586ee566_to_Equation2,1,alps4141,alps4141::alps_cebc586ee566_to_Equation2,memory_limit,resource_exhausted,resource_exhausted,False,False,False
alpha_dfe5b772a4c45d26,alps4141::alps_646184bb7db9_to_Equation2,1,alps4141,alps4141::alps_646184bb7db9_to_Equation2,memory_limit,resource_exhausted,memory_limit,False,False,False
alpha_173ed6c74499b53e,alps4141::alps_1c3f50c7d087_to_Equation2,1,alps4141,alps4141::alps_1c3f50c7d087_to_Equation2,memory_limit,resource_exhausted,resource_exhausted,False,False,False
alpha_4ec746c21a00e975,alps4141::alps_9a64a50c9f50_to_Equation2,1,alps4141,alps4141::alps_9a64a50c9f50_to_Equation2,memory_limit,resource_exhausted,resource_exhausted,False,False,False
alpha_4539a85819d41535,alps4141::alps_44a4e6c5d556_to_Equation2,1,alps4141,alps4141::alps_44a4e6c5d556_to_Equation2,memory_limit,resource_exhausted,resource_exhausted,False,False,False
alpha_0cbcf45769223d09,alps4141::alps_1903dcbf5d68_to_Equation2,1,alps4141,alps4141::alps_1903dcbf5d68_to_Equation2,memory_limit,resource_exhausted,resource_exhausted,False,False,False
alpha_8f073a987506240c,alps4141::alps_0ca6b07f6ae4_to_Equation2,1,alps4141,alps4141::alps_0ca6b07f6ae4_to_Equation2,memory_limit,resource_exhausted,resource_exhausted,False,False,False
alpha_6559e6d60741d9ff,alps4141::alps_500c218de9aa_to_Equation2,1,alps4141,alps4141::alps_500c218de9aa_to_Equation2,memory_limit,resource_exhausted,resource_exhausted,False,False,False
alpha_ba07aed1d60eb699,alps4141::alps_b27c7bd29ae6_to_Equation2,1,alps4141,alps4141::alps_b27c7bd29ae6_to_Equation2,memory_limit,resource_exhausted,memory_limit,False,False,False
alpha_9f8d2c1fbd6ab940,alps4141::alps_c8557c1eb8d4_to_Equation2,1,alps4141,alps4141::alps_c8557c1eb8d4_to_Equation2,memory_limit,resource_exhausted,resource_exhausted,False,False,False
alpha_9480d87d3dbc2795,alps4141::alps_50311bbe8ba7_to_Equation2,1,alps4141,alps4141::alps_50311bbe8ba7_to_Equation2,memory_limit,resource_exhausted,memory_limit,False,False,False
alpha_e30d85c5bd8420f8,alps4141::alps_8f305d979ada_to_Equation2,1,alps4141,alps4141::alps_8f305d979ada_to_Equation2,resource_exhausted,resource_exhausted,resource_exhausted,False,False,False
alpha_be5707644fd0b84b,alps4141::alps_4b9c74e4301b_to_Equation2,1,alps4141,alps4141::alps_4b9c74e4301b_to_Equation2,memory_limit,resource_exhausted,resource_exhausted,False,False,False
alpha_5c19fea2bd0e6a1d,alps4141::alps_eb61bb6b1e7d_to_Equation2,1,alps4141,alps4141::alps_eb61bb6b1e7d_to_Equation2,memory_limit,resource_exhausted,resource_exhausted,False,False,False
alpha_4508ea01d8d7879d,alps4141::alps_19b54d610c4a_to_Equation2,1,alps4141,alps4141::alps_19b54d610c4a_to_Equation2,memory_limit,resource_exhausted,resource_exhausted,False,False,False
alpha_7ea727aaad11a3c7,alps4141::alps_1e2d93ec0b83_to_Equation2,1,alps4141,alps4141::alps_1e2d93ec0b83_to_Equation2,memory_limit,resource_exhausted,resource_exhausted,False,False,False
alpha_82fecabe3e778a61,alps4141::alps_54d251f49eb8_to_Equation2,1,alps4141,alps4141::alps_54d251f49eb8_to_Equation2,memory_limit,resource_exhausted,resource_exhausted,False,False,False
alpha_8502b5e30630965c,alps4141::alps_239db08a4d06_to_Equation2,1,alps4141,alps4141::alps_239db08a4d06_to_Equation2,memory_limit,resource_exhausted,resource_exhausted,False,False,False
alpha_0609620e3fdf4635,alps4141::alps_d09d6b9492eb_to_Equation2,1,alps4141,alps4141::alps_d09d6b9492eb_to_Equation2,memory_limit,resource_exhausted,resource_exhausted,False,False,False
alpha_7c1f004a0c847a60,alps4141::alps_582674752570_to_Equation2,1,alps4141,alps4141::alps_582674752570_to_Equation2,memory_limit,resource_exhausted,resource_exhausted,False,False,False
alpha_a0c15f01a42bbd20,alps4141::alps_96bec39d0023_to_Equation2,1,alps4141,alps4141::alps_96bec39d0023_to_Equation2,memory_limit,resource_exhausted,memory_limit,False,False,False
alpha_578cfea6b63568de,alps4141::alps_66ea80ef45f0_to_Equation2,1,alps4141,alps4141::alps_66ea80ef45f0_to_Equation2,resource_exhausted,resource_exhausted,resource_exhausted,False,False,False
alpha_48eb4df65a09b9c1,alps4141::alps_3c7e6fd654a1_to_Equation2,1,alps4141,alps4141::alps_3c7e6fd654a1_to_Equation2,memory_limit,resource_exhausted,memory_limit,False,False,False
alpha_efe50ad7129d1674,alps4141::alps_e0be1a2a35c8_to_Equation2,1,alps4141,alps4141::alps_e0be1a2a35c8_to_Equation2,memory_limit,resource_exhausted,resource_exhausted,False,False,False
alpha_a598e29f207fa1c5,alps4141::alps_65a714165d44_to_Equation2,1,alps4141,alps4141::alps_65a714165d44_to_Equation2,memory_limit,resource_exhausted,resource_exhausted,False,False,False
alpha_5d7709cde18068ef,alps4141::alps_ebf8b24b178d_to_Equation2,1,alps4141,alps4141::alps_ebf8b24b178d_to_Equation2,memory_limit,resource_exhausted,memory_limit,False,False,False
alpha_e26d6dd4cfcc926d,alps4141::alps_b89b9c69e7af_to_Equation2,1,alps4141,alps4141::alps_b89b9c69e7af_to_Equation2,memory_limit,resource_exhausted,resource_exhausted,False,False,False
alpha_dd54d109aab25680,alps4141::alps_3c9610e48ca3_to_Equation2,1,alps4141,alps4141::alps_3c9610e48ca3_to_Equation2,memory_limit,resource_exhausted,resource_exhausted,False,False,False
alpha_69b1f94ecb3746af,alps4141::alps_ea644c62b1e8_to_Equation2,1,alps4141,alps4141::alps_ea644c62b1e8_to_Equation2,memory_limit,resource_exhausted,resource_exhausted,False,False,False
alpha_8052c4b500beb380,alps4141::alps_a3580399e25f_to_Equation2,1,alps4141,alps4141::alps_a3580399e25f_to_Equation2,memory_limit,resource_exhausted,resource_exhausted,False,False,False
alpha_e5e723dcfecfcbcf,alps4141::alps_262b9721b234_to_Equation2,1,alps4141,alps4141::alps_262b9721b234_to_Equation2,memory_limit,resource_exhausted,resource_exhausted,False,False,False
alpha_6b5f52b983f2c4b8,alps4141::alps_d20a964e6115_to_Equation2,1,alps4141,alps4141::alps_d20a964e6115_to_Equation2,memory_limit,resource_exhausted,memory_limit,False,False,False
alpha_a5a022f023b86308,alps4141::alps_f26ba572130a_to_Equation2,1,alps4141,alps4141::alps_f26ba572130a_to_Equation2,memory_limit,resource_exhausted,memory_limit,False,False,False
alpha_d92c5c393d33a8b4,alps4141::alps_838cc3769ec2_to_Equation2,1,alps4141,alps4141::alps_838cc3769ec2_to_Equation2,memory_limit,resource_exhausted,memory_limit,False,False,False
alpha_d1e129404ccccb0b,alps4141::alps_512cb5b5ec2a_to_Equation2,1,alps4141,alps4141::alps_512cb5b5ec2a_to_Equation2,memory_limit,resource_exhausted,memory_limit,False,False,False
alpha_2e9624392b48a641,alps4141::alps_17065982552b_to_Equation2,1,alps4141,alps4141::alps_17065982552b_to_Equation2,completed_no_decisive_result,resource_exhausted,memory_limit,False,False,False
alpha_91bdeac362609ad3,alps4141::alps_775a7b9601f1_to_Equation2,1,alps4141,alps4141::alps_775a7b9601f1_to_Equation2,memory_limit,resource_exhausted,memory_limit,False,False,False
alpha_3ff8a4467f9b731a,alps4141::alps_49879125f712_to_Equation2,1,alps4141,alps4141::alps_49879125f712_to_Equation2,memory_limit,resource_exhausted,resource_exhausted,False,False,False
alpha_0731ffc19e69b9bf,alps4141::alps_8ad9402d02fb_to_Equation2,1,alps4141,alps4141::alps_8ad9402d02fb_to_Equation2,resource_exhausted,resource_exhausted,resource_exhausted,False,False,False
alpha_8882a17eb1a77e4d,alps4141::alps_90e1231a8a67_to_Equation2,1,alps4141,alps4141::alps_90e1231a8a67_to_Equation2,memory_limit,resource_exhausted,resource_exhausted,False,False,False
alpha_65f237f621af201e,alps4141::alps_b1afaaf9dcaf_to_Equation2,1,alps4141,alps4141::alps_b1afaaf9dcaf_to_Equation2,memory_limit,resource_exhausted,resource_exhausted,False,False,False
alpha_82f811593a95afe4,alps4141::alps_2eb7d5a3ef01_to_Equation2,1,alps4141,alps4141::alps_2eb7d5a3ef01_to_Equation2,memory_limit,resource_exhausted,resource_exhausted,False,False,False
alpha_8265613ddc585250,alps4141::alps_b2846f63c1d0_to_Equation2,1,alps4141,alps4141::alps_b2846f63c1d0_to_Equation2,memory_limit,resource_exhausted,resource_exhausted,False,False,False
alpha_2b2fa91bc6743bf6,alps4141::alps_f4bac8b852be_to_Equation2,1,alps4141,alps4141::alps_f4bac8b852be_to_Equation2,memory_limit,resource_exhausted,resource_exhausted,False,False,False
alpha_8e3963551ae6191c,alps4141::alps_a3393dfe5044_to_Equation2,1,alps4141,alps4141::alps_a3393dfe5044_to_Equation2,memory_limit,resource_exhausted,memory_limit,False,False,False
alpha_abc6f7feed2b7468,alps4141::alps_b50b5a8646ae_to_Equation2,1,alps4141,alps4141::alps_b50b5a8646ae_to_Equation2,memory_limit,resource_exhausted,resource_exhausted,False,False,False
alpha_68237f6995813c9e,alps4141::alps_30f3b0262ba3_to_Equation2,1,alps4141,alps4141::alps_30f3b0262ba3_to_Equation2,memory_limit,resource_exhausted,resource_exhausted,False,False,False
alpha_c4ecdc3628956567,alps4141::alps_4e506b7dcb9a_to_Equation2,1,alps4141,alps4141::alps_4e506b7dcb9a_to_Equation2,memory_limit,resource_exhausted,resource_exhausted,False,False,False
alpha_1aaf0ad8974af30f,alps4141::alps_ce7fb6af5e12_to_Equation2,1,alps4141,alps4141::alps_ce7fb6af5e12_to_Equation2,memory_limit,resource_exhausted,resource_exhausted,False,False,False
alpha_f52603c4402aec9d,alps4141::alps_cc772b9a0721_to_Equation2,1,alps4141,alps4141::alps_cc772b9a0721_to_Equation2,memory_limit,resource_exhausted,resource_exhausted,False,False,False
alpha_3ab1a202384482d7,alps4141::alps_e6f0cabb2e13_to_Equation2,1,alps4141,alps4141::alps_e6f0cabb2e13_to_Equation2,memory_limit,resource_exhausted,resource_exhausted,False,False,False
alpha_33a8ddbb4672b580,alps4141::alps_f1e1404f46ff_to_Equation2,1,alps4141,alps4141::alps_f1e1404f46ff_to_Equation2,memory_limit,resource_exhausted,resource_exhausted,False,False,False
alpha_99b6a5dc4aa0a237,alps4141::alps_911cb1df6c3d_to_Equation2,1,alps4141,alps4141::alps_911cb1df6c3d_to_Equation2,theorem,resource_exhausted,theorem,True,False,False
alpha_fddecdb811469938,alps4141::alps_8dffea7ffd61_to_Equation2,1,alps4141,alps4141::alps_8dffea7ffd61_to_Equation2,memory_limit,resource_exhausted,resource_exhausted,False,False,False
alpha_241c9a517bbb40b5,alps4141::alps_162bb9c12d70_to_Equation2,1,alps4141,alps4141::alps_162bb9c12d70_to_Equation2,memory_limit,resource_exhausted,resource_exhausted,False,False,False
alpha_67039dbc52b35641,alps4141::alps_ca4a6a049c77_to_Equation2,1,alps4141,alps4141::alps_ca4a6a049c77_to_Equation2,memory_limit,resource_exhausted,resource_exhausted,False,False,False
alpha_0dd1cdfa34b458fb,alps4141::alps_be1d9016c9fe_to_Equation2,1,alps4141,alps4141::alps_be1d9016c9fe_to_Equation2,memory_limit,resource_exhausted,resource_exhausted,False,False,False
alpha_daf11e7f1fa094bc,alps4141::alps_a31ffd41efa1_to_Equation2,1,alps4141,alps4141::alps_a31ffd41efa1_to_Equation2,memory_limit,resource_exhausted,resource_exhausted,False,False,False
alpha_261c9b6b59847c37,alps4141::alps_6b646851a646_to_Equation2,1,alps4141,alps4141::alps_6b646851a646_to_Equation2,memory_limit,resource_exhausted,resource_exhausted,False,False,False
alpha_6eb72c681363963f,alps4141::alps_fa78f490cbd3_to_Equation2,1,alps4141,alps4141::alps_fa78f490cbd3_to_Equation2,memory_limit,resource_exhausted,resource_exhausted,False,False,False
alpha_c0df87be4c548fbe,alps4141::alps_d8b20a0a2239_to_Equation2,1,alps4141,alps4141::alps_d8b20a0a2239_to_Equation2,memory_limit,resource_exhausted,resource_exhausted,False,False,False
alpha_a9cefeea1d0bbbf9,alps4141::alps_8bb5d9ebd6c5_to_Equation2,1,alps4141,alps4141::alps_8bb5d9ebd6c5_to_Equation2,memory_limit,resource_exhausted,resource_exhausted,False,False,False
alpha_11a99b5858e44152,alps4141::alps_175f0236b99e_to_Equation2,1,alps4141,alps4141::alps_175f0236b99e_to_Equation2,completed_no_decisive_result,resource_exhausted,memory_limit,False,False,False
alpha_6acce0c7eac2d6db,alps4141::alps_fa3d32041560_to_Equation2,1,alps4141,alps4141::alps_fa3d32041560_to_Equation2,memory_limit,resource_exhausted,resource_exhausted,False,False,False
alpha_60fe0638e3592fc4,alps4141::alps_8d070da39956_to_Equation2,1,alps4141,alps4141::alps_8d070da39956_to_Equation2,memory_limit,resource_exhausted,resource_exhausted,False,False,False
alpha_e347a0161d6da852,alps4141::alps_07266d38c625_to_Equation2,1,alps4141,alps4141::alps_07266d38c625_to_Equation2,memory_limit,resource_exhausted,resource_exhausted,False,False,False
alpha_296f2cf23dad8f1a,alps4141::alps_95ef8f70ead3_to_Equation2,1,alps4141,alps4141::alps_95ef8f70ead3_to_Equation2,completed_no_decisive_result,resource_exhausted,memory_limit,False,False,False
alpha_8cc882e6e9249ac8,alps4141::alps_e8342dc399de_to_Equation2,1,alps4141,alps4141::alps_e8342dc399de_to_Equation2,resource_exhausted,resource_exhausted,resource_exhausted,False,False,False
alpha_d7696fd2cfc8e032,alps4141::alps_358816c4ead4_to_Equation2,1,alps4141,alps4141::alps_358816c4ead4_to_Equation2,resource_exhausted,resource_exhausted,resource_exhausted,False,False,False
alpha_d302dde52d088c9a,alps4141::alps_af9760b92145_to_Equation2,1,alps4141,alps4141::alps_af9760b92145_to_Equation2,completed_no_decisive_result,resource_exhausted,resource_exhausted,False,False,False
alpha_41a8a912bdb296fe,alps4141::alps_41750ae8594f_to_Equation2,1,alps4141,alps4141::alps_41750ae8594f_to_Equation2,completed_no_decisive_result,resource_exhausted,resource_exhausted,False,False,False
alpha_7b8822f09dcf0547,alps4141::alps_1ab9c53449a2_to_Equation2,1,alps4141,alps4141::alps_1ab9c53449a2_to_Equation2,memory_limit,resource_exhausted,resource_exhausted,False,False,False
alpha_8662ea0cca166267,alps4141::alps_f9e7dc9e2abc_to_Equation2,1,alps4141,alps4141::alps_f9e7dc9e2abc_to_Equation2,memory_limit,resource_exhausted,resource_exhausted,False,False,False
alpha_ec6f58cff2547b85,alps4141::alps_6e8647da749b_to_Equation2,1,alps4141,alps4141::alps_6e8647da749b_to_Equation2,memory_limit,resource_exhausted,resource_exhausted,False,False,False
alpha_ee29d25a9b8c7260,alps4141::alps_4d126a01fd7b_to_Equation2,1,alps4141,alps4141::alps_4d126a01fd7b_to_Equation2,memory_limit,resource_exhausted,resource_exhausted,False,False,False
alpha_afee779438c78a84,alps4141::alps_7f9440e01f3b_to_Equation2,1,alps4141,alps4141::alps_7f9440e01f3b_to_Equation2,memory_limit,resource_exhausted,resource_exhausted,False,False,False
alpha_34142228bea6fa65,alps4141::alps_8ebd0d5596b6_to_Equation2,1,alps4141,alps4141::alps_8ebd0d5596b6_to_Equation2,resource_exhausted,resource_exhausted,resource_exhausted,False,False,False
alpha_d2436561523894e3,alps4141::alps_7d4eb3a6fa48_to_Equation2,1,alps4141,alps4141::alps_7d4eb3a6fa48_to_Equation2,completed_no_decisive_result,resource_exhausted,memory_limit,False,False,False
alpha_1f306678224e3ef4,alps4141::alps_684a02bd5852_to_Equation2,1,alps4141,alps4141::alps_684a02bd5852_to_Equation2,completed_no_decisive_result,resource_exhausted,memory_limit,False,False,False
alpha_3c5ecc98d0120672,alps4141::alps_5449cf3b73ad_to_Equation2,1,alps4141,alps4141::alps_5449cf3b73ad_to_Equation2,completed_no_decisive_result,resource_exhausted,memory_limit,False,False,False
alpha_0c507709e6baa203,alps4141::alps_e4900ace5b51_to_Equation2,1,alps4141,alps4141::alps_e4900ace5b51_to_Equation2,memory_limit,resource_exhausted,resource_exhausted,False,False,False
alpha_e5a0e8342167cb6f,alps4141::alps_6fb04ac03a02_to_Equation2,1,alps4141,alps4141::alps_6fb04ac03a02_to_Equation2,memory_limit,resource_exhausted,memory_limit,False,False,False
alpha_1fb28a886f4831aa,alps4141::alps_c586f46b7163_to_Equation2,1,alps4141,alps4141::alps_c586f46b7163_to_Equation2,memory_limit,resource_exhausted,resource_exhausted,False,False,False
alpha_3c7f8337889b9718,austin96::order5_austin_unknown_E40221_to_E2,2,alps4141+austin96,austin96::order5_austin_unknown_E40221_to_E2 | alps4141::alps_59c4d40203e1_to_Equation2,memory_limit,resource_exhausted,resource_exhausted,False,False,False
alpha_6b01abb24a372053,alps4141::alps_0c9bbc702190_to_Equation2,1,alps4141,alps4141::alps_0c9bbc702190_to_Equation2,memory_limit,resource_exhausted,resource_exhausted,False,False,False
alpha_7b9138ee93481af1,alps4141::alps_2cf3edde421a_to_Equation2,1,alps4141,alps4141::alps_2cf3edde421a_to_Equation2,memory_limit,resource_exhausted,resource_exhausted,False,False,False
alpha_26bb59027cc020b9,alps4141::alps_b3541458cd22_to_Equation2,1,alps4141,alps4141::alps_b3541458cd22_to_Equation2,memory_limit,resource_exhausted,resource_exhausted,False,False,False
alpha_18455e11893805d6,alps4141::alps_f42bc8405e63_to_Equation2,1,alps4141,alps4141::alps_f42bc8405e63_to_Equation2,memory_limit,resource_exhausted,resource_exhausted,False,False,False
alpha_3d441be2afd5042b,alps4141::alps_ec57b09a994b_to_Equation2,1,alps4141,alps4141::alps_ec57b09a994b_to_Equation2,memory_limit,resource_exhausted,resource_exhausted,False,False,False
alpha_574e82cfcb86587d,alps4141::alps_94f1e0c822f0_to_Equation2,1,alps4141,alps4141::alps_94f1e0c822f0_to_Equation2,memory_limit,resource_exhausted,resource_exhausted,False,False,False
alpha_ec40dbde438fcb26,alps4141::alps_a8b7facac7b3_to_Equation2,1,alps4141,alps4141::alps_a8b7facac7b3_to_Equation2,memory_limit,resource_exhausted,memory_limit,False,False,False
alpha_374efc1d44d27097,austin96::order5_austin_unknown_E40208_to_E2,2,alps4141+austin96,austin96::order5_austin_unknown_E40208_to_E2 | alps4141::alps_24226510ea8d_to_Equation2,memory_limit,resource_exhausted,resource_exhausted,False,False,False
alpha_28059d4db8544a01,alps4141::alps_c815d4563e26_to_Equation2,1,alps4141,alps4141::alps_c815d4563e26_to_Equation2,resource_exhausted,resource_exhausted,resource_exhausted,False,False,False
alpha_00a9d73b5ea01e51,alps4141::alps_b69f55fdabc2_to_Equation2,1,alps4141,alps4141::alps_b69f55fdabc2_to_Equation2,resource_exhausted,resource_exhausted,resource_exhausted,False,False,False
alpha_f8c883059f9f0b13,alps4141::alps_5019f8dc1718_to_Equation2,1,alps4141,alps4141::alps_5019f8dc1718_to_Equation2,resource_exhausted,resource_exhausted,resource_exhausted,False,False,False
alpha_5b45848d6bf0977f,alps4141::alps_496e439ecbea_to_Equation2,1,alps4141,alps4141::alps_496e439ecbea_to_Equation2,resource_exhausted,resource_exhausted,resource_exhausted,False,False,False
alpha_a3e6ffdafbb313e1,alps4141::alps_861f966984ea_to_Equation2,1,alps4141,alps4141::alps_861f966984ea_to_Equation2,resource_exhausted,resource_exhausted,resource_exhausted,False,False,False
alpha_16e3f8adbe469099,alps4141::alps_aca720bb1611_to_Equation2,1,alps4141,alps4141::alps_aca720bb1611_to_Equation2,memory_limit,resource_exhausted,resource_exhausted,False,False,False
alpha_72d328ab6979bbfb,alps4141::alps_b49a351fa14a_to_Equation2,1,alps4141,alps4141::alps_b49a351fa14a_to_Equation2,resource_exhausted,resource_exhausted,resource_exhausted,False,False,False
alpha_fe2307eb95edbdaf,alps4141::alps_d2a7d1cae6fb_to_Equation2,1,alps4141,alps4141::alps_d2a7d1cae6fb_to_Equation2,memory_limit,resource_exhausted,resource_exhausted,False,False,False
alpha_3885770d5b0cc826,alps4141::alps_53020dbe9e98_to_Equation2,1,alps4141,alps4141::alps_53020dbe9e98_to_Equation2,memory_limit,resource_exhausted,resource_exhausted,False,False,False
alpha_6a2f808457e01569,alps4141::alps_f6f94614eaf0_to_Equation2,1,alps4141,alps4141::alps_f6f94614eaf0_to_Equation2,resource_exhausted,resource_exhausted,resource_exhausted,False,False,False
alpha_570ea69856e6a31e,alps4141::alps_614f50e38e1c_to_Equation2,1,alps4141,alps4141::alps_614f50e38e1c_to_Equation2,resource_exhausted,resource_exhausted,resource_exhausted,False,False,False
alpha_54d69a9d238eb448,alps4141::alps_2e38e4b6c3a1_to_Equation2,1,alps4141,alps4141::alps_2e38e4b6c3a1_to_Equation2,memory_limit,resource_exhausted,resource_exhausted,False,False,False
alpha_68d23bdcda59eb4d,alps4141::alps_cd7195494dab_to_Equation2,1,alps4141,alps4141::alps_cd7195494dab_to_Equation2,memory_limit,resource_exhausted,resource_exhausted,False,False,False
alpha_28cdc4fc066bb0c5,alps4141::alps_22f46cc7f16a_to_Equation2,1,alps4141,alps4141::alps_22f46cc7f16a_to_Equation2,memory_limit,resource_exhausted,resource_exhausted,False,False,False
alpha_6760c9157909fc3f,alps4141::alps_7efb1c65bc00_to_Equation2,1,alps4141,alps4141::alps_7efb1c65bc00_to_Equation2,memory_limit,resource_exhausted,resource_exhausted,False,False,False
alpha_f0d7c69c83a77b8d,alps4141::alps_89be69847d5b_to_Equation2,1,alps4141,alps4141::alps_89be69847d5b_to_Equation2,memory_limit,resource_exhausted,resource_exhausted,False,False,False
alpha_51925d0ffa794408,alps4141::alps_609c6ae490e7_to_Equation2,1,alps4141,alps4141::alps_609c6ae490e7_to_Equation2,memory_limit,resource_exhausted,resource_exhausted,False,False,False
alpha_9df1a0da12470651,alps4141::alps_d28f4fb438ca_to_Equation2,1,alps4141,alps4141::alps_d28f4fb438ca_to_Equation2,memory_limit,resource_exhausted,resource_exhausted,False,False,False
alpha_e39ebc827085af5a,alps4141::alps_8865e13fee52_to_Equation2,1,alps4141,alps4141::alps_8865e13fee52_to_Equation2,memory_limit,resource_exhausted,resource_exhausted,False,False,False
alpha_c0c1f869a846dc30,alps4141::alps_b531df65d0d4_to_Equation2,1,alps4141,alps4141::alps_b531df65d0d4_to_Equation2,memory_limit,resource_exhausted,resource_exhausted,False,False,False
alpha_e38ab6f5573cbcb9,alps4141::alps_d5fe22f7f76b_to_Equation2,1,alps4141,alps4141::alps_d5fe22f7f76b_to_Equation2,memory_limit,resource_exhausted,resource_exhausted,False,False,False
alpha_79ad2b9b3b1d9f5d,alps4141::alps_dd015fb667a7_to_Equation2,1,alps4141,alps4141::alps_dd015fb667a7_to_Equation2,memory_limit,resource_exhausted,resource_exhausted,False,False,False
alpha_4653349b735802e8,alps4141::alps_7fa74093f352_to_Equation2,1,alps4141,alps4141::alps_7fa74093f352_to_Equation2,resource_exhausted,resource_exhausted,resource_exhausted,False,False,False
alpha_ac8289c548c34816,alps4141::alps_6eeec50de4a4_to_Equation2,1,alps4141,alps4141::alps_6eeec50de4a4_to_Equation2,memory_limit,resource_exhausted,resource_exhausted,False,False,False
alpha_0ba5395c1a5bac01,alps4141::alps_58a4d45d67cd_to_Equation2,1,alps4141,alps4141::alps_58a4d45d67cd_to_Equation2,memory_limit,resource_exhausted,resource_exhausted,False,False,False
alpha_c028f08d9676a152,alps4141::alps_87f40917e8cd_to_Equation2,1,alps4141,alps4141::alps_87f40917e8cd_to_Equation2,memory_limit,resource_exhausted,resource_exhausted,False,False,False
alpha_31c46d3f1f22b550,alps4141::alps_736e406e4881_to_Equation2,1,alps4141,alps4141::alps_736e406e4881_to_Equation2,resource_exhausted,resource_exhausted,resource_exhausted,False,False,False
alpha_6d3094718c9a937b,alps4141::alps_2312790296d1_to_Equation2,1,alps4141,alps4141::alps_2312790296d1_to_Equation2,memory_limit,resource_exhausted,resource_exhausted,False,False,False
alpha_3b0f93cd7da013f8,alps4141::alps_8b46d51e819a_to_Equation2,1,alps4141,alps4141::alps_8b46d51e819a_to_Equation2,memory_limit,resource_exhausted,resource_exhausted,False,False,False
alpha_ce42b6ba6784febb,alps4141::alps_7a19f8fb77dd_to_Equation2,1,alps4141,alps4141::alps_7a19f8fb77dd_to_Equation2,memory_limit,resource_exhausted,resource_exhausted,False,False,False
alpha_7d643122aa162e35,alps4141::alps_c6d5c73622d7_to_Equation2,1,alps4141,alps4141::alps_c6d5c73622d7_to_Equation2,memory_limit,resource_exhausted,resource_exhausted,False,False,False
alpha_c8a7d5e3f5ddb7e4,alps4141::alps_4d73a13e5dde_to_Equation2,1,alps4141,alps4141::alps_4d73a13e5dde_to_Equation2,resource_exhausted,resource_exhausted,resource_exhausted,False,False,False
alpha_d01503863e761c60,alps4141::alps_0548b5d0df4e_to_Equation2,1,alps4141,alps4141::alps_0548b5d0df4e_to_Equation2,memory_limit,resource_exhausted,resource_exhausted,False,False,False
alpha_5a197bcf007b96cf,alps4141::alps_240b449d3d05_to_Equation2,1,alps4141,alps4141::alps_240b449d3d05_to_Equation2,resource_exhausted,resource_exhausted,resource_exhausted,False,False,False
alpha_33166371904d2064,alps4141::alps_b295910c1cf2_to_Equation2,1,alps4141,alps4141::alps_b295910c1cf2_to_Equation2,memory_limit,resource_exhausted,resource_exhausted,False,False,False
alpha_8e752689a28ad7e3,alps4141::alps_d89cee0c197b_to_Equation2,1,alps4141,alps4141::alps_d89cee0c197b_to_Equation2,memory_limit,resource_exhausted,resource_exhausted,False,False,False
alpha_d3812f02f3ce7a29,alps4141::alps_8a923ee9f831_to_Equation2,1,alps4141,alps4141::alps_8a923ee9f831_to_Equation2,memory_limit,resource_exhausted,resource_exhausted,False,False,False
alpha_35575bb9946943b4,alps4141::alps_43fcef37494f_to_Equation2,1,alps4141,alps4141::alps_43fcef37494f_to_Equation2,memory_limit,resource_exhausted,resource_exhausted,False,False,False
alpha_6a0d7c7a617ae8ee,alps4141::alps_4e53f89113b2_to_Equation2,1,alps4141,alps4141::alps_4e53f89113b2_to_Equation2,memory_limit,resource_exhausted,resource_exhausted,False,False,False
alpha_0286f88e0d3d6139,alps4141::alps_7eab5699039a_to_Equation2,1,alps4141,alps4141::alps_7eab5699039a_to_Equation2,memory_limit,resource_exhausted,resource_exhausted,False,False,False
alpha_43ef8cbb8cc4417d,alps4141::alps_8eb225e3320f_to_Equation2,1,alps4141,alps4141::alps_8eb225e3320f_to_Equation2,resource_exhausted,resource_exhausted,resource_exhausted,False,False,False
alpha_a5b3d96197444f6d,alps4141::alps_9c325ba4dc42_to_Equation2,1,alps4141,alps4141::alps_9c325ba4dc42_to_Equation2,memory_limit,resource_exhausted,resource_exhausted,False,False,False
alpha_1286dae2f9956cdf,alps4141::alps_9b800bb12069_to_Equation2,1,alps4141,alps4141::alps_9b800bb12069_to_Equation2,memory_limit,resource_exhausted,resource_exhausted,False,False,False
alpha_722f56399c72157f,alps4141::alps_d688f4b33c8f_to_Equation2,1,alps4141,alps4141::alps_d688f4b33c8f_to_Equation2,memory_limit,resource_exhausted,resource_exhausted,False,False,False
alpha_a15e633d2b5985e9,alps4141::alps_6da7121988dd_to_Equation2,1,alps4141,alps4141::alps_6da7121988dd_to_Equation2,resource_exhausted,resource_exhausted,resource_exhausted,False,False,False
alpha_40313480fe45a2c1,alps4141::alps_a04be0bd7d5b_to_Equation2,1,alps4141,alps4141::alps_a04be0bd7d5b_to_Equation2,theorem,resource_exhausted,resource_exhausted,True,False,False
alpha_b666e28b6c0df410,alps4141::alps_3d1a86236c87_to_Equation2,1,alps4141,alps4141::alps_3d1a86236c87_to_Equation2,memory_limit,resource_exhausted,resource_exhausted,False,False,False
alpha_e651c41ec2de8f09,alps4141::alps_43df88086383_to_Equation2,1,alps4141,alps4141::alps_43df88086383_to_Equation2,memory_limit,resource_exhausted,resource_exhausted,False,False,False
alpha_cffc4b5cb737bef6,alps4141::alps_4829943fdc24_to_Equation2,1,alps4141,alps4141::alps_4829943fdc24_to_Equation2,memory_limit,resource_exhausted,resource_exhausted,False,False,False
alpha_f9af6b48b44ae5c1,alps4141::alps_835a82ffdf55_to_Equation2,1,alps4141,alps4141::alps_835a82ffdf55_to_Equation2,memory_limit,resource_exhausted,resource_exhausted,False,False,False
alpha_b960cc425c72863f,alps4141::alps_07928c99b7e1_to_Equation2,1,alps4141,alps4141::alps_07928c99b7e1_to_Equation2,memory_limit,resource_exhausted,resource_exhausted,False,False,False
alpha_7a0e5202a146a74e,alps4141::alps_c4cfc8c94571_to_Equation2,1,alps4141,alps4141::alps_c4cfc8c94571_to_Equation2,resource_exhausted,resource_exhausted,resource_exhausted,False,False,False
alpha_2eb502092020a793,alps4141::alps_5f307e47c106_to_Equation2,1,alps4141,alps4141::alps_5f307e47c106_to_Equation2,resource_exhausted,resource_exhausted,resource_exhausted,False,False,False
alpha_a8e846264f3d9515,alps4141::alps_7534e6e00290_to_Equation2,1,alps4141,alps4141::alps_7534e6e00290_to_Equation2,resource_exhausted,resource_exhausted,resource_exhausted,False,False,False
alpha_70566542c919c92a,alps4141::alps_fbe7fb6e09d0_to_Equation2,1,alps4141,alps4141::alps_fbe7fb6e09d0_to_Equation2,memory_limit,resource_exhausted,resource_exhausted,False,False,False
alpha_b0681f0a61950869,alps4141::alps_abbf5595d7b5_to_Equation2,1,alps4141,alps4141::alps_abbf5595d7b5_to_Equation2,memory_limit,resource_exhausted,resource_exhausted,False,False,False
alpha_97e192bcd47364cd,alps4141::alps_5ed9de8314a6_to_Equation2,1,alps4141,alps4141::alps_5ed9de8314a6_to_Equation2,memory_limit,resource_exhausted,resource_exhausted,False,False,False
alpha_c5a384d322d3867b,alps4141::alps_62057b3556b9_to_Equation2,1,alps4141,alps4141::alps_62057b3556b9_to_Equation2,resource_exhausted,resource_exhausted,resource_exhausted,False,False,False
alpha_d4206fa461294236,alps4141::alps_790ddcf65f40_to_Equation2,1,alps4141,alps4141::alps_790ddcf65f40_to_Equation2,memory_limit,resource_exhausted,resource_exhausted,False,False,False
alpha_35bce94b32ca2b38,alps4141::alps_c897b50d7b49_to_Equation2,1,alps4141,alps4141::alps_c897b50d7b49_to_Equation2,resource_exhausted,resource_exhausted,resource_exhausted,False,False,False
alpha_725a1dac0493e6c2,alps4141::alps_1e2578b30976_to_Equation2,1,alps4141,alps4141::alps_1e2578b30976_to_Equation2,memory_limit,resource_exhausted,resource_exhausted,False,False,False
alpha_1845a7cf38f1142d,alps4141::alps_fa58f6f0d849_to_Equation2,1,alps4141,alps4141::alps_fa58f6f0d849_to_Equation2,resource_exhausted,resource_exhausted,resource_exhausted,False,False,False
alpha_0a1a0f01c6d98fea,alps4141::alps_783011731a51_to_Equation2,1,alps4141,alps4141::alps_783011731a51_to_Equation2,memory_limit,resource_exhausted,resource_exhausted,False,False,False
alpha_3832f6fb7c3808d1,alps4141::alps_98eac947cdec_to_Equation2,1,alps4141,alps4141::alps_98eac947cdec_to_Equation2,memory_limit,resource_exhausted,resource_exhausted,False,False,False
alpha_c468452026ce84ca,alps4141::alps_d6b97e3a94ce_to_Equation2,1,alps4141,alps4141::alps_d6b97e3a94ce_to_Equation2,resource_exhausted,resource_exhausted,resource_exhausted,False,False,False
alpha_7b9a785e100f6a4b,alps4141::alps_a64160eac965_to_Equation2,1,alps4141,alps4141::alps_a64160eac965_to_Equation2,memory_limit,resource_exhausted,resource_exhausted,False,False,False
alpha_c14dfe25a6c73734,alps4141::alps_a33879232bb0_to_Equation2,1,alps4141,alps4141::alps_a33879232bb0_to_Equation2,memory_limit,resource_exhausted,resource_exhausted,False,False,False
alpha_9cfcd9c512203ac2,alps4141::alps_4356a91ba07d_to_Equation2,1,alps4141,alps4141::alps_4356a91ba07d_to_Equation2,resource_exhausted,resource_exhausted,resource_exhausted,False,False,False
alpha_caa2bf24799534e1,alps4141::alps_0db1335ed2eb_to_Equation2,1,alps4141,alps4141::alps_0db1335ed2eb_to_Equation2,resource_exhausted,resource_exhausted,resource_exhausted,False,False,False
alpha_cb9934fc832ccf98,alps4141::alps_19101bb0a089_to_Equation2,1,alps4141,alps4141::alps_19101bb0a089_to_Equation2,resource_exhausted,resource_exhausted,resource_exhausted,False,False,False
alpha_8cb2888f4b6bdf25,alps4141::alps_5e9375b39c1c_to_Equation2,1,alps4141,alps4141::alps_5e9375b39c1c_to_Equation2,resource_exhausted,resource_exhausted,resource_exhausted,False,False,False
alpha_b76084c92f7402d1,alps4141::alps_ca7c35dee51b_to_Equation2,1,alps4141,alps4141::alps_ca7c35dee51b_to_Equation2,resource_exhausted,resource_exhausted,resource_exhausted,False,False,False
alpha_503a6647fde36b8b,alps4141::alps_b316d52ecaba_to_Equation2,1,alps4141,alps4141::alps_b316d52ecaba_to_Equation2,resource_exhausted,resource_exhausted,resource_exhausted,False,False,False
alpha_f63a52ce8a4e9815,alps4141::alps_e07dd42cbe78_to_Equation2,1,alps4141,alps4141::alps_e07dd42cbe78_to_Equation2,resource_exhausted,resource_exhausted,resource_exhausted,False,False,False
alpha_689350fe252a9cb3,alps4141::alps_867db9bdc5e0_to_Equation2,1,alps4141,alps4141::alps_867db9bdc5e0_to_Equation2,memory_limit,resource_exhausted,resource_exhausted,False,False,False
alpha_a03edac9670c1ec7,alps4141::alps_24c2d15b90e9_to_Equation2,1,alps4141,alps4141::alps_24c2d15b90e9_to_Equation2,memory_limit,resource_exhausted,resource_exhausted,False,False,False
alpha_e2b319c4c2aca62b,alps4141::alps_8a0caf1b15db_to_Equation2,1,alps4141,alps4141::alps_8a0caf1b15db_to_Equation2,memory_limit,resource_exhausted,resource_exhausted,False,False,False
alpha_1c81e14de35b737b,alps4141::alps_149214e5831d_to_Equation2,1,alps4141,alps4141::alps_149214e5831d_to_Equation2,memory_limit,resource_exhausted,resource_exhausted,False,False,False
alpha_0ee5e3f1ea200b72,alps4141::alps_65e852907433_to_Equation2,1,alps4141,alps4141::alps_65e852907433_to_Equation2,memory_limit,resource_exhausted,resource_exhausted,False,False,False
alpha_0231ffa4b3f0b86c,alps4141::alps_e950c3927baf_to_Equation2,1,alps4141,alps4141::alps_e950c3927baf_to_Equation2,memory_limit,resource_exhausted,resource_exhausted,False,False,False
alpha_475236b1209f887c,alps4141::alps_7f2c618536e6_to_Equation2,1,alps4141,alps4141::alps_7f2c618536e6_to_Equation2,memory_limit,resource_exhausted,memory_limit,False,False,False
alpha_5ef80e3126fd836c,alps4141::alps_ad889cd39f6f_to_Equation2,1,alps4141,alps4141::alps_ad889cd39f6f_to_Equation2,memory_limit,resource_exhausted,resource_exhausted,False,False,False
alpha_25df325d1f2b76ce,alps4141::alps_26f7bcf001ed_to_Equation2,1,alps4141,alps4141::alps_26f7bcf001ed_to_Equation2,memory_limit,resource_exhausted,resource_exhausted,False,False,False
alpha_2c74299f509a1b12,alps4141::alps_185f89168ed7_to_Equation2,1,alps4141,alps4141::alps_185f89168ed7_to_Equation2,resource_exhausted,resource_exhausted,resource_exhausted,False,False,False
alpha_9a9a91277677db11,alps4141::alps_56f283bf2d24_to_Equation2,1,alps4141,alps4141::alps_56f283bf2d24_to_Equation2,memory_limit,resource_exhausted,resource_exhausted,False,False,False
alpha_f1a96198f496b9cd,alps4141::alps_4999d2be7aec_to_Equation2,1,alps4141,alps4141::alps_4999d2be7aec_to_Equation2,memory_limit,resource_exhausted,resource_exhausted,False,False,False
alpha_34f9a18c11cb412f,alps4141::alps_85730bfe9b6a_to_Equation2,1,alps4141,alps4141::alps_85730bfe9b6a_to_Equation2,memory_limit,resource_exhausted,resource_exhausted,False,False,False
alpha_a6143ac41ba8aedd,alps4141::alps_4620b283dd60_to_Equation2,1,alps4141,alps4141::alps_4620b283dd60_to_Equation2,memory_limit,resource_exhausted,memory_limit,False,False,False
alpha_d7fbe20aa7aac0fa,alps4141::alps_259c760de892_to_Equation2,1,alps4141,alps4141::alps_259c760de892_to_Equation2,memory_limit,resource_exhausted,resource_exhausted,False,False,False
alpha_2c474fff8e4b5bc6,alps4141::alps_c2da8dda784c_to_Equation2,1,alps4141,alps4141::alps_c2da8dda784c_to_Equation2,memory_limit,resource_exhausted,resource_exhausted,False,False,False
alpha_a3973a1f59a4f78c,alps4141::alps_68682feb95c3_to_Equation2,1,alps4141,alps4141::alps_68682feb95c3_to_Equation2,resource_exhausted,resource_exhausted,resource_exhausted,False,False,False
alpha_e16a0596692947c4,alps4141::alps_1fbeee688761_to_Equation2,1,alps4141,alps4141::alps_1fbeee688761_to_Equation2,memory_limit,resource_exhausted,resource_exhausted,False,False,False
alpha_e7a5d33fcef813ad,alps4141::alps_052b954ebc95_to_Equation2,1,alps4141,alps4141::alps_052b954ebc95_to_Equation2,memory_limit,resource_exhausted,memory_limit,False,False,False
alpha_a7b3933d29e60069,alps4141::alps_804ad8c08a93_to_Equation2,1,alps4141,alps4141::alps_804ad8c08a93_to_Equation2,memory_limit,resource_exhausted,resource_exhausted,False,False,False
alpha_d0b9f826abb4cea1,alps4141::alps_99fdb19d22f2_to_Equation2,1,alps4141,alps4141::alps_99fdb19d22f2_to_Equation2,memory_limit,resource_exhausted,resource_exhausted,False,False,False
alpha_704ab50a1b6c3316,alps4141::alps_65e22845dd96_to_Equation2,1,alps4141,alps4141::alps_65e22845dd96_to_Equation2,resource_exhausted,resource_exhausted,memory_limit,False,False,False
alpha_7bbb2c3965072c28,alps4141::alps_69ae0bc474f3_to_Equation2,1,alps4141,alps4141::alps_69ae0bc474f3_to_Equation2,memory_limit,resource_exhausted,resource_exhausted,False,False,False
alpha_4308d4827f5d7e0b,alps4141::alps_627e1821f349_to_Equation2,1,alps4141,alps4141::alps_627e1821f349_to_Equation2,memory_limit,resource_exhausted,resource_exhausted,False,False,False
alpha_f8264a1dc1a6f272,alps4141::alps_bdd9988cfadc_to_Equation2,1,alps4141,alps4141::alps_bdd9988cfadc_to_Equation2,memory_limit,resource_exhausted,resource_exhausted,False,False,False
alpha_dbd16d678c521dac,alps4141::alps_5fd47def8795_to_Equation2,1,alps4141,alps4141::alps_5fd47def8795_to_Equation2,memory_limit,resource_exhausted,resource_exhausted,False,False,False
alpha_c29de969dcf7d74f,austin96::order5_austin_unknown_E40037_to_E2,2,alps4141+austin96,austin96::order5_austin_unknown_E40037_to_E2 | alps4141::alps_f22c976b5a81_to_Equation2,resource_exhausted,resource_exhausted,theorem,True,False,False
alpha_b3495e589ebc88e5,alps4141::alps_239a8c0e2387_to_Equation2,1,alps4141,alps4141::alps_239a8c0e2387_to_Equation2,memory_limit,resource_exhausted,resource_exhausted,False,False,False
alpha_9352afe1a3ba4d17,alps4141::alps_c3e91fb5bed6_to_Equation2,1,alps4141,alps4141::alps_c3e91fb5bed6_to_Equation2,memory_limit,resource_exhausted,resource_exhausted,False,False,False
alpha_d5387c098e58d8b4,alps4141::alps_0f6572d18beb_to_Equation2,1,alps4141,alps4141::alps_0f6572d18beb_to_Equation2,memory_limit,resource_exhausted,resource_exhausted,False,False,False
alpha_bb22beacfa6b2e69,alps4141::alps_b2b292efb93e_to_Equation2,1,alps4141,alps4141::alps_b2b292efb93e_to_Equation2,memory_limit,resource_exhausted,resource_exhausted,False,False,False
alpha_5c8879a7aa0a89fa,alps4141::alps_094883b23c19_to_Equation2,1,alps4141,alps4141::alps_094883b23c19_to_Equation2,memory_limit,resource_exhausted,resource_exhausted,False,False,False
alpha_ae56945640bee8c5,alps4141::alps_ac9211e812fd_to_Equation2,1,alps4141,alps4141::alps_ac9211e812fd_to_Equation2,memory_limit,resource_exhausted,resource_exhausted,False,False,False
alpha_ba75f9ba8f0b195b,alps4141::alps_f8a31ac97a17_to_Equation2,1,alps4141,alps4141::alps_f8a31ac97a17_to_Equation2,memory_limit,resource_exhausted,resource_exhausted,False,False,False
alpha_6d450f1787a47a90,alps4141::alps_7eec725c6377_to_Equation2,1,alps4141,alps4141::alps_7eec725c6377_to_Equation2,memory_limit,resource_exhausted,resource_exhausted,False,False,False
alpha_f934513a397ea956,alps4141::alps_894e11900435_to_Equation2,1,alps4141,alps4141::alps_894e11900435_to_Equation2,memory_limit,resource_exhausted,resource_exhausted,False,False,False
alpha_cb6a7e13c4e21c70,alps4141::alps_799f64dde599_to_Equation2,1,alps4141,alps4141::alps_799f64dde599_to_Equation2,memory_limit,resource_exhausted,resource_exhausted,False,False,False
alpha_617d87dd0f90cc25,alps4141::alps_fe5ba14d5b16_to_Equation2,1,alps4141,alps4141::alps_fe5ba14d5b16_to_Equation2,memory_limit,resource_exhausted,resource_exhausted,False,False,False
alpha_a4003fae4346bbfd,alps4141::alps_0117c003e8a8_to_Equation2,1,alps4141,alps4141::alps_0117c003e8a8_to_Equation2,memory_limit,resource_exhausted,resource_exhausted,False,False,False
alpha_0631ed97e39b0256,alps4141::alps_1d519f392557_to_Equation2,1,alps4141,alps4141::alps_1d519f392557_to_Equation2,memory_limit,resource_exhausted,resource_exhausted,False,False,False
alpha_791b8a9ad4ef8eed,alps4141::alps_b11109962c99_to_Equation2,1,alps4141,alps4141::alps_b11109962c99_to_Equation2,resource_exhausted,resource_exhausted,resource_exhausted,False,False,False
alpha_6ac0d6b71e52d7e3,alps4141::alps_5808d8a8e925_to_Equation2,1,alps4141,alps4141::alps_5808d8a8e925_to_Equation2,memory_limit,resource_exhausted,resource_exhausted,False,False,False
alpha_b749de15086c1148,alps4141::alps_5e7f3a43c805_to_Equation2,1,alps4141,alps4141::alps_5e7f3a43c805_to_Equation2,memory_limit,resource_exhausted,resource_exhausted,False,False,False
alpha_2fcf19de92b57fff,alps4141::alps_9f60a3c1d404_to_Equation2,1,alps4141,alps4141::alps_9f60a3c1d404_to_Equation2,memory_limit,resource_exhausted,resource_exhausted,False,False,False
alpha_040d5ec85910671f,alps4141::alps_2371e596ac6b_to_Equation2,1,alps4141,alps4141::alps_2371e596ac6b_to_Equation2,memory_limit,resource_exhausted,resource_exhausted,False,False,False
alpha_3e9d62cf35882ba9,alps4141::alps_b92a0917bd8f_to_Equation2,1,alps4141,alps4141::alps_b92a0917bd8f_to_Equation2,memory_limit,resource_exhausted,resource_exhausted,False,False,False
alpha_6ff2e6c9567016ac,alps4141::alps_03ea65509492_to_Equation2,1,alps4141,alps4141::alps_03ea65509492_to_Equation2,memory_limit,resource_exhausted,resource_exhausted,False,False,False
alpha_b303e9871c243f2d,alps4141::alps_e2999edefd62_to_Equation2,1,alps4141,alps4141::alps_e2999edefd62_to_Equation2,memory_limit,resource_exhausted,resource_exhausted,False,False,False
alpha_56651979e80f206f,alps4141::alps_4ffd7e9e0acf_to_Equation2,1,alps4141,alps4141::alps_4ffd7e9e0acf_to_Equation2,memory_limit,resource_exhausted,resource_exhausted,False,False,False
alpha_9fbda78631df3891,alps4141::alps_962dd11c4adc_to_Equation2,1,alps4141,alps4141::alps_962dd11c4adc_to_Equation2,memory_limit,resource_exhausted,resource_exhausted,False,False,False
alpha_9a33177ac3a66596,alps4141::alps_dcb62f1c65a7_to_Equation2,1,alps4141,alps4141::alps_dcb62f1c65a7_to_Equation2,resource_exhausted,resource_exhausted,resource_exhausted,False,False,False
alpha_3586fa691d70f3c5,alps4141::alps_997c621cfacf_to_Equation2,1,alps4141,alps4141::alps_997c621cfacf_to_Equation2,memory_limit,resource_exhausted,resource_exhausted,False,False,False
alpha_8ed95c9d462cc2cc,alps4141::alps_d1b8fc4fc8a4_to_Equation2,1,alps4141,alps4141::alps_d1b8fc4fc8a4_to_Equation2,memory_limit,resource_exhausted,resource_exhausted,False,False,False
alpha_cec8bbf11bcd107a,alps4141::alps_ff7c7772f814_to_Equation2,1,alps4141,alps4141::alps_ff7c7772f814_to_Equation2,memory_limit,resource_exhausted,resource_exhausted,False,False,False
alpha_249fa4e528696f80,alps4141::alps_088c4367cfe6_to_Equation2,1,alps4141,alps4141::alps_088c4367cfe6_to_Equation2,memory_limit,resource_exhausted,resource_exhausted,False,False,False
alpha_ef6812cca2c49f79,alps4141::alps_9657025be5c4_to_Equation2,1,alps4141,alps4141::alps_9657025be5c4_to_Equation2,memory_limit,resource_exhausted,resource_exhausted,False,False,False
alpha_71184b901de08870,alps4141::alps_24cdab7db840_to_Equation2,1,alps4141,alps4141::alps_24cdab7db840_to_Equation2,memory_limit,resource_exhausted,resource_exhausted,False,False,False
alpha_1c4d26fcc83e2e66,alps4141::alps_adabefa8a9ed_to_Equation2,1,alps4141,alps4141::alps_adabefa8a9ed_to_Equation2,memory_limit,resource_exhausted,resource_exhausted,False,False,False
alpha_d83fc19e95c36246,alps4141::alps_6a214b54047d_to_Equation2,1,alps4141,alps4141::alps_6a214b54047d_to_Equation2,resource_exhausted,resource_exhausted,theorem,True,False,False
alpha_346dd2b3282fd6d1,alps4141::alps_011664065340_to_Equation2,1,alps4141,alps4141::alps_011664065340_to_Equation2,memory_limit,resource_exhausted,resource_exhausted,False,False,False
alpha_365c175d16a46621,alps4141::alps_fbcfc5be49f8_to_Equation2,1,alps4141,alps4141::alps_fbcfc5be49f8_to_Equation2,memory_limit,resource_exhausted,resource_exhausted,False,False,False
alpha_128eb5f3206b310f,alps4141::alps_5df534edf28e_to_Equation2,1,alps4141,alps4141::alps_5df534edf28e_to_Equation2,memory_limit,resource_exhausted,resource_exhausted,False,False,False
alpha_01620b20bdbf4401,alps4141::alps_5fb651d14a58_to_Equation2,1,alps4141,alps4141::alps_5fb651d14a58_to_Equation2,memory_limit,resource_exhausted,resource_exhausted,False,False,False
alpha_16df7760348871f5,alps4141::alps_3ca7417d822e_to_Equation2,1,alps4141,alps4141::alps_3ca7417d822e_to_Equation2,memory_limit,resource_exhausted,resource_exhausted,False,False,False
alpha_448dacae880c11ec,alps4141::alps_03d68ef9a8ef_to_Equation2,1,alps4141,alps4141::alps_03d68ef9a8ef_to_Equation2,memory_limit,resource_exhausted,resource_exhausted,False,False,False
alpha_909ce6f8b04915f3,alps4141::alps_b568c05c04cb_to_Equation2,1,alps4141,alps4141::alps_b568c05c04cb_to_Equation2,memory_limit,resource_exhausted,resource_exhausted,False,False,False
alpha_2ea17e3d720321fc,alps4141::alps_e715ace2c486_to_Equation2,1,alps4141,alps4141::alps_e715ace2c486_to_Equation2,memory_limit,resource_exhausted,resource_exhausted,False,False,False
alpha_d0aa3e2ca52d0736,alps4141::alps_6ef661c2e07c_to_Equation2,1,alps4141,alps4141::alps_6ef661c2e07c_to_Equation2,memory_limit,resource_exhausted,resource_exhausted,False,False,False
alpha_d0bd9423cf58a81a,alps4141::alps_7f7159fbeeda_to_Equation2,1,alps4141,alps4141::alps_7f7159fbeeda_to_Equation2,memory_limit,resource_exhausted,resource_exhausted,False,False,False
alpha_3ed2bef4613cf062,alps4141::alps_5c8fe750c80b_to_Equation2,1,alps4141,alps4141::alps_5c8fe750c80b_to_Equation2,memory_limit,resource_exhausted,resource_exhausted,False,False,False
alpha_3f48a24aa9c59675,alps4141::alps_265d4eddd50a_to_Equation2,1,alps4141,alps4141::alps_265d4eddd50a_to_Equation2,memory_limit,resource_exhausted,resource_exhausted,False,False,False
alpha_8cb24f89ff14a662,alps4141::alps_681873325404_to_Equation2,1,alps4141,alps4141::alps_681873325404_to_Equation2,memory_limit,resource_exhausted,resource_exhausted,False,False,False
alpha_7a3560157a33700d,alps4141::alps_7df6ee90fe45_to_Equation2,1,alps4141,alps4141::alps_7df6ee90fe45_to_Equation2,memory_limit,resource_exhausted,resource_exhausted,False,False,False
alpha_ea0ce04abe2d5466,alps4141::alps_15b503772b22_to_Equation2,1,alps4141,alps4141::alps_15b503772b22_to_Equation2,memory_limit,resource_exhausted,resource_exhausted,False,False,False
alpha_e546566ec28fdc4f,alps4141::alps_f3dd4ab25d09_to_Equation2,1,alps4141,alps4141::alps_f3dd4ab25d09_to_Equation2,memory_limit,resource_exhausted,resource_exhausted,False,False,False
alpha_4c1c5943ff91c98a,alps4141::alps_6dfebc48d433_to_Equation2,1,alps4141,alps4141::alps_6dfebc48d433_to_Equation2,memory_limit,resource_exhausted,resource_exhausted,False,False,False
alpha_7d5c2bfa158320e2,alps4141::alps_3dbf2ee0f6a5_to_Equation2,1,alps4141,alps4141::alps_3dbf2ee0f6a5_to_Equation2,memory_limit,resource_exhausted,resource_exhausted,False,False,False
alpha_360393812e700649,alps4141::alps_c0c7ab718a1b_to_Equation2,1,alps4141,alps4141::alps_c0c7ab718a1b_to_Equation2,memory_limit,resource_exhausted,resource_exhausted,False,False,False
alpha_1f1ce88231147316,alps4141::alps_3c3e34162cc2_to_Equation2,1,alps4141,alps4141::alps_3c3e34162cc2_to_Equation2,resource_exhausted,resource_exhausted,resource_exhausted,False,False,False
alpha_aa1266315a5340a4,alps4141::alps_0ff65ffe4c5d_to_Equation2,1,alps4141,alps4141::alps_0ff65ffe4c5d_to_Equation2,memory_limit,resource_exhausted,resource_exhausted,False,False,False
alpha_83610b7aeaac7895,alps4141::alps_f2fbcfa931e2_to_Equation2,1,alps4141,alps4141::alps_f2fbcfa931e2_to_Equation2,resource_exhausted,resource_exhausted,resource_exhausted,False,False,False
alpha_ae328dd720c9ee94,alps4141::alps_3a401aa707f6_to_Equation2,1,alps4141,alps4141::alps_3a401aa707f6_to_Equation2,memory_limit,resource_exhausted,resource_exhausted,False,False,False
alpha_31682a90f59b8233,alps4141::alps_83bf95013ea1_to_Equation2,1,alps4141,alps4141::alps_83bf95013ea1_to_Equation2,resource_exhausted,theorem,theorem,True,False,False
alpha_4e88e85dd88908c7,alps4141::alps_a1993ba2fda0_to_Equation2,1,alps4141,alps4141::alps_a1993ba2fda0_to_Equation2,memory_limit,resource_exhausted,resource_exhausted,False,False,False
alpha_aed7da2457472752,alps4141::alps_9c5a560492c8_to_Equation2,1,alps4141,alps4141::alps_9c5a560492c8_to_Equation2,memory_limit,resource_exhausted,resource_exhausted,False,False,False
alpha_32ced46c032b5b89,alps4141::alps_b8f7f95c5019_to_Equation2,1,alps4141,alps4141::alps_b8f7f95c5019_to_Equation2,resource_exhausted,resource_exhausted,resource_exhausted,False,False,False
alpha_f6a4ec6b9d0ced16,alps4141::alps_4531e76a3bf2_to_Equation2,1,alps4141,alps4141::alps_4531e76a3bf2_to_Equation2,memory_limit,resource_exhausted,resource_exhausted,False,False,False
alpha_47517830068fbbca,alps4141::alps_ea31ee244df4_to_Equation2,1,alps4141,alps4141::alps_ea31ee244df4_to_Equation2,memory_limit,resource_exhausted,memory_limit,False,False,False
alpha_6c70fabd481b5e5b,alps4141::alps_1cbc6ff393a7_to_Equation2,1,alps4141,alps4141::alps_1cbc6ff393a7_to_Equation2,memory_limit,resource_exhausted,resource_exhausted,False,False,False
alpha_2dca301a8c94c69c,alps4141::alps_bb9e146245cc_to_Equation2,1,alps4141,alps4141::alps_bb9e146245cc_to_Equation2,memory_limit,resource_exhausted,resource_exhausted,False,False,False
alpha_4f273236de75b175,alps4141::alps_b7a8b9b384ba_to_Equation2,1,alps4141,alps4141::alps_b7a8b9b384ba_to_Equation2,memory_limit,resource_exhausted,resource_exhausted,False,False,False
alpha_fc8bf4306f4349d4,alps4141::alps_18ab5f4a0922_to_Equation2,1,alps4141,alps4141::alps_18ab5f4a0922_to_Equation2,memory_limit,resource_exhausted,resource_exhausted,False,False,False
alpha_a15416331e1f6bf0,alps4141::alps_ab97c383bd27_to_Equation2,1,alps4141,alps4141::alps_ab97c383bd27_to_Equation2,memory_limit,resource_exhausted,resource_exhausted,False,False,False
alpha_7a34af34b864b6fa,alps4141::alps_ac17f03a64dd_to_Equation2,1,alps4141,alps4141::alps_ac17f03a64dd_to_Equation2,memory_limit,resource_exhausted,resource_exhausted,False,False,False
alpha_a6f6f76813ed9220,alps4141::alps_53e9aeddf90f_to_Equation2,1,alps4141,alps4141::alps_53e9aeddf90f_to_Equation2,memory_limit,resource_exhausted,resource_exhausted,False,False,False
alpha_74a5d17edaed616d,alps4141::alps_55f837525b8e_to_Equation2,1,alps4141,alps4141::alps_55f837525b8e_to_Equation2,memory_limit,resource_exhausted,resource_exhausted,False,False,False
alpha_3a57552cc28de367,alps4141::alps_409633667294_to_Equation2,1,alps4141,alps4141::alps_409633667294_to_Equation2,memory_limit,resource_exhausted,resource_exhausted,False,False,False
alpha_80aa264f66270f99,alps4141::alps_58ba583b941f_to_Equation2,1,alps4141,alps4141::alps_58ba583b941f_to_Equation2,memory_limit,resource_exhausted,resource_exhausted,False,False,False
alpha_b6adde038ab265de,alps4141::alps_e1c9210c3019_to_Equation2,1,alps4141,alps4141::alps_e1c9210c3019_to_Equation2,memory_limit,resource_exhausted,resource_exhausted,False,False,False
alpha_e86d6236196900f4,alps4141::alps_9787c9ab791a_to_Equation2,1,alps4141,alps4141::alps_9787c9ab791a_to_Equation2,memory_limit,resource_exhausted,resource_exhausted,False,False,False
alpha_5cdf2b78cbbea232,alps4141::alps_b30d5a80eca1_to_Equation2,1,alps4141,alps4141::alps_b30d5a80eca1_to_Equation2,memory_limit,resource_exhausted,resource_exhausted,False,False,False
alpha_c1782ca9fb764daa,alps4141::alps_954635482cf4_to_Equation2,1,alps4141,alps4141::alps_954635482cf4_to_Equation2,memory_limit,resource_exhausted,resource_exhausted,False,False,False
alpha_e198e57e7c45c164,alps4141::alps_97c3bffdd615_to_Equation2,1,alps4141,alps4141::alps_97c3bffdd615_to_Equation2,memory_limit,resource_exhausted,resource_exhausted,False,False,False
alpha_d1b65cb70fe3195a,austin96::order5_austin_unknown_E40070_to_E2,2,alps4141+austin96,austin96::order5_austin_unknown_E40070_to_E2 | alps4141::alps_37734d7c3058_to_Equation2,memory_limit,resource_exhausted,resource_exhausted,False,False,False
alpha_ef4a6e0fb6c188d3,alps4141::alps_c752bd4f91be_to_Equation2,1,alps4141,alps4141::alps_c752bd4f91be_to_Equation2,resource_exhausted,resource_exhausted,theorem,True,False,False
alpha_2f22f88b1d7fa383,alps4141::alps_5da44af77bbd_to_Equation2,1,alps4141,alps4141::alps_5da44af77bbd_to_Equation2,memory_limit,resource_exhausted,resource_exhausted,False,False,False
alpha_ea035465d1a54598,alps4141::alps_fce9f9a7fda6_to_Equation2,1,alps4141,alps4141::alps_fce9f9a7fda6_to_Equation2,resource_exhausted,resource_exhausted,resource_exhausted,False,False,False
alpha_dff434d77df2338b,alps4141::alps_801fe17df697_to_Equation2,1,alps4141,alps4141::alps_801fe17df697_to_Equation2,resource_exhausted,resource_exhausted,resource_exhausted,False,False,False
alpha_7cd005eadfab2899,alps4141::alps_d1c6260e2c7f_to_Equation2,1,alps4141,alps4141::alps_d1c6260e2c7f_to_Equation2,theorem,resource_exhausted,resource_exhausted,True,False,False
alpha_a3a9dc6b85c1ea3d,alps4141::alps_50e43369562d_to_Equation2,1,alps4141,alps4141::alps_50e43369562d_to_Equation2,memory_limit,resource_exhausted,resource_exhausted,False,False,False
alpha_d8233c64d86aec33,alps4141::alps_ff357e01f930_to_Equation2,1,alps4141,alps4141::alps_ff357e01f930_to_Equation2,resource_exhausted,resource_exhausted,resource_exhausted,False,False,False
alpha_d9e91f5a60547050,austin96::order5_austin_unknown_E40057_to_E2,2,alps4141+austin96,austin96::order5_austin_unknown_E40057_to_E2 | alps4141::alps_8f54e4f4ed21_to_Equation2,resource_exhausted,resource_exhausted,resource_exhausted,False,False,False
alpha_499e3cee3db7e82c,alps4141::alps_2cdb4d50eb89_to_Equation2,1,alps4141,alps4141::alps_2cdb4d50eb89_to_Equation2,memory_limit,resource_exhausted,resource_exhausted,False,False,False
alpha_d6b2c52bcba1427b,alps4141::alps_a71ca07d858f_to_Equation2,1,alps4141,alps4141::alps_a71ca07d858f_to_Equation2,memory_limit,resource_exhausted,resource_exhausted,False,False,False
alpha_c52a61033f29b0f4,alps4141::alps_d66056b22c67_to_Equation2,1,alps4141,alps4141::alps_d66056b22c67_to_Equation2,memory_limit,resource_exhausted,memory_limit,False,False,False
alpha_e14b295603c07998,alps4141::alps_6a8cbdea75ab_to_Equation2,1,alps4141,alps4141::alps_6a8cbdea75ab_to_Equation2,memory_limit,resource_exhausted,memory_limit,False,False,False
alpha_db8dd65e533e8e22,alps4141::alps_ebaaccf94f1e_to_Equation2,1,alps4141,alps4141::alps_ebaaccf94f1e_to_Equation2,memory_limit,resource_exhausted,resource_exhausted,False,False,False
alpha_99c8734b72bf671f,alps4141::alps_321c957f313b_to_Equation2,1,alps4141,alps4141::alps_321c957f313b_to_Equation2,memory_limit,resource_exhausted,resource_exhausted,False,False,False
alpha_1d05d430b2fe7866,alps4141::alps_9796edc3adb7_to_Equation2,1,alps4141,alps4141::alps_9796edc3adb7_to_Equation2,resource_exhausted,resource_exhausted,resource_exhausted,False,False,False
alpha_93b4fcaf7146bb30,alps4141::alps_3ae79cc0f3bc_to_Equation2,1,alps4141,alps4141::alps_3ae79cc0f3bc_to_Equation2,memory_limit,resource_exhausted,resource_exhausted,False,False,False
alpha_fc6a4d7e7ccd440a,alps4141::alps_54dbfa8686f7_to_Equation2,1,alps4141,alps4141::alps_54dbfa8686f7_to_Equation2,memory_limit,resource_exhausted,memory_limit,False,False,False
alpha_c99faab1713a7172,alps4141::alps_85b324b1469c_to_Equation2,1,alps4141,alps4141::alps_85b324b1469c_to_Equation2,memory_limit,resource_exhausted,resource_exhausted,False,False,False
alpha_bd36324f4c2993cf,alps4141::alps_d69d1fc5e354_to_Equation2,1,alps4141,alps4141::alps_d69d1fc5e354_to_Equation2,memory_limit,resource_exhausted,memory_limit,False,False,False
alpha_1a617277894e15e0,alps4141::alps_59bee21f0bc6_to_Equation2,1,alps4141,alps4141::alps_59bee21f0bc6_to_Equation2,memory_limit,resource_exhausted,resource_exhausted,False,False,False
alpha_d8e1c3be8825f11b,alps4141::alps_954786ddaf01_to_Equation2,1,alps4141,alps4141::alps_954786ddaf01_to_Equation2,memory_limit,resource_exhausted,resource_exhausted,False,False,False
alpha_a938ac90717bd2c0,alps4141::alps_f5961a29b695_to_Equation2,1,alps4141,alps4141::alps_f5961a29b695_to_Equation2,resource_exhausted,resource_exhausted,resource_exhausted,False,False,False
alpha_161969e49c3de22e,alps4141::alps_473b748227b1_to_Equation2,1,alps4141,alps4141::alps_473b748227b1_to_Equation2,memory_limit,resource_exhausted,resource_exhausted,False,False,False
alpha_9ed556b22658494d,alps4141::alps_32f630f5498f_to_Equation2,1,alps4141,alps4141::alps_32f630f5498f_to_Equation2,resource_exhausted,resource_exhausted,resource_exhausted,False,False,False
alpha_564971f08568228e,alps4141::alps_db0a371877be_to_Equation2,1,alps4141,alps4141::alps_db0a371877be_to_Equation2,resource_exhausted,resource_exhausted,resource_exhausted,False,False,False
alpha_29003e9092444ac2,alps4141::alps_ca436960d296_to_Equation2,1,alps4141,alps4141::alps_ca436960d296_to_Equation2,memory_limit,resource_exhausted,resource_exhausted,False,False,False
alpha_026ba8b98f59f5ba,alps4141::alps_adc5914ba21c_to_Equation2,1,alps4141,alps4141::alps_adc5914ba21c_to_Equation2,memory_limit,resource_exhausted,memory_limit,False,False,False
alpha_dcbe279db3fd76ea,alps4141::alps_49f75e163ba2_to_Equation2,1,alps4141,alps4141::alps_49f75e163ba2_to_Equation2,memory_limit,resource_exhausted,memory_limit,False,False,False
alpha_c2e4a6bc7b42689d,alps4141::alps_87dd12eefbff_to_Equation2,1,alps4141,alps4141::alps_87dd12eefbff_to_Equation2,resource_exhausted,resource_exhausted,resource_exhausted,False,False,False
alpha_a49e89f6c63c105b,alps4141::alps_f7eace621855_to_Equation2,1,alps4141,alps4141::alps_f7eace621855_to_Equation2,memory_limit,resource_exhausted,memory_limit,False,False,False
alpha_5a98a3eb08eb5cac,alps4141::alps_e686da9a4075_to_Equation2,1,alps4141,alps4141::alps_e686da9a4075_to_Equation2,memory_limit,resource_exhausted,memory_limit,False,False,False
alpha_fd7803da39a62267,alps4141::alps_96eef6d62dc2_to_Equation2,1,alps4141,alps4141::alps_96eef6d62dc2_to_Equation2,memory_limit,resource_exhausted,memory_limit,False,False,False
alpha_aa3ca36cf73d2730,alps4141::alps_5c8ef576c2ad_to_Equation2,1,alps4141,alps4141::alps_5c8ef576c2ad_to_Equation2,memory_limit,resource_exhausted,memory_limit,False,False,False
alpha_2a8c3295a7b598d7,alps4141::alps_188b58397753_to_Equation2,1,alps4141,alps4141::alps_188b58397753_to_Equation2,memory_limit,resource_exhausted,memory_limit,False,False,False
alpha_db909aac1d1795b7,alps4141::alps_5ad8d56ae64e_to_Equation2,1,alps4141,alps4141::alps_5ad8d56ae64e_to_Equation2,memory_limit,resource_exhausted,memory_limit,False,False,False
alpha_68ab83759369ea1d,alps4141::alps_5d8ac15664dc_to_Equation2,1,alps4141,alps4141::alps_5d8ac15664dc_to_Equation2,memory_limit,resource_exhausted,memory_limit,False,False,False
alpha_f8e99319944fb929,alps4141::alps_f1cdcb1eb5af_to_Equation2,1,alps4141,alps4141::alps_f1cdcb1eb5af_to_Equation2,resource_exhausted,resource_exhausted,resource_exhausted,False,False,False
alpha_f55533bbc6a9f23d,alps4141::alps_8f32e7288c99_to_Equation2,1,alps4141,alps4141::alps_8f32e7288c99_to_Equation2,resource_exhausted,resource_exhausted,resource_exhausted,False,False,False
alpha_ee92e198fc9c79d7,alps4141::alps_90e2775de5b3_to_Equation2,1,alps4141,alps4141::alps_90e2775de5b3_to_Equation2,memory_limit,resource_exhausted,memory_limit,False,False,False
alpha_67d3c482181ad084,alps4141::alps_9c22dfbeb929_to_Equation2,1,alps4141,alps4141::alps_9c22dfbeb929_to_Equation2,memory_limit,resource_exhausted,resource_exhausted,False,False,False
alpha_dd7047a4a8daf0a4,alps4141::alps_d6f067098ae5_to_Equation2,1,alps4141,alps4141::alps_d6f067098ae5_to_Equation2,memory_limit,resource_exhausted,resource_exhausted,False,False,False
alpha_cccfd3710a8f0f1c,alps4141::alps_10ff545ea65c_to_Equation2,1,alps4141,alps4141::alps_10ff545ea65c_to_Equation2,memory_limit,resource_exhausted,memory_limit,False,False,False
alpha_a91e7a32d0a0b22f,alps4141::alps_7eafbc7021ee_to_Equation2,1,alps4141,alps4141::alps_7eafbc7021ee_to_Equation2,memory_limit,resource_exhausted,memory_limit,False,False,False
alpha_4ebabc3a35b76b6a,alps4141::alps_d1c4900aba84_to_Equation2,1,alps4141,alps4141::alps_d1c4900aba84_to_Equation2,memory_limit,resource_exhausted,memory_limit,False,False,False
alpha_d4df622f82312cf7,alps4141::alps_596e0a5ce60b_to_Equation2,1,alps4141,alps4141::alps_596e0a5ce60b_to_Equation2,memory_limit,resource_exhausted,memory_limit,False,False,False
alpha_491eead83ee3111d,alps4141::alps_cd2dda6de112_to_Equation2,1,alps4141,alps4141::alps_cd2dda6de112_to_Equation2,memory_limit,resource_exhausted,memory_limit,False,False,False
alpha_a2543f6e5ff182df,alps4141::alps_d7dc36a4ccd0_to_Equation2,1,alps4141,alps4141::alps_d7dc36a4ccd0_to_Equation2,resource_exhausted,resource_exhausted,resource_exhausted,False,False,False
alpha_5431bde020d1deb2,alps4141::alps_9ee1f95fe5a3_to_Equation2,1,alps4141,alps4141::alps_9ee1f95fe5a3_to_Equation2,memory_limit,resource_exhausted,resource_exhausted,False,False,False
alpha_22b43c92a90d9b6f,alps4141::alps_cb5eb3a9ae24_to_Equation2,1,alps4141,alps4141::alps_cb5eb3a9ae24_to_Equation2,memory_limit,resource_exhausted,resource_exhausted,False,False,False
alpha_28a5c77b001f1194,alps4141::alps_da73a36f44c5_to_Equation2,1,alps4141,alps4141::alps_da73a36f44c5_to_Equation2,memory_limit,resource_exhausted,resource_exhausted,False,False,False
alpha_25b77ea6ec1fe78d,alps4141::alps_8aa216aa1b27_to_Equation2,1,alps4141,alps4141::alps_8aa216aa1b27_to_Equation2,resource_exhausted,resource_exhausted,resource_exhausted,False,False,False
alpha_8075dd7c6580c0d8,alps4141::alps_53d23875b0c3_to_Equation2,1,alps4141,alps4141::alps_53d23875b0c3_to_Equation2,memory_limit,resource_exhausted,memory_limit,False,False,False
alpha_eb8a86c8efbd79be,alps4141::alps_3d4358af0145_to_Equation2,1,alps4141,alps4141::alps_3d4358af0145_to_Equation2,completed_no_decisive_result,resource_exhausted,memory_limit,False,False,False
alpha_40f1b69a0d1e63f5,alps4141::alps_00a53c24b102_to_Equation2,1,alps4141,alps4141::alps_00a53c24b102_to_Equation2,resource_exhausted,resource_exhausted,memory_limit,False,False,False
alpha_cdbf4853dfb72d9c,alps4141::alps_8a2cb4853b85_to_Equation2,1,alps4141,alps4141::alps_8a2cb4853b85_to_Equation2,memory_limit,resource_exhausted,resource_exhausted,False,False,False
alpha_8321dde789bcc6eb,alps4141::alps_bb7d1e09f4e4_to_Equation2,1,alps4141,alps4141::alps_bb7d1e09f4e4_to_Equation2,completed_no_decisive_result,resource_exhausted,memory_limit,False,False,False
alpha_bcef0a7ed6cad4f8,alps4141::alps_af064d4af4dc_to_Equation2,1,alps4141,alps4141::alps_af064d4af4dc_to_Equation2,memory_limit,resource_exhausted,memory_limit,False,False,False
alpha_c4fbfa382f1e5d31,alps4141::alps_726975c0e595_to_Equation2,1,alps4141,alps4141::alps_726975c0e595_to_Equation2,memory_limit,resource_exhausted,resource_exhausted,False,False,False
alpha_1872cc0a20555ba5,alps4141::alps_ec0ca3853593_to_Equation2,1,alps4141,alps4141::alps_ec0ca3853593_to_Equation2,memory_limit,resource_exhausted,memory_limit,False,False,False
alpha_7cd38d2e019a2796,alps4141::alps_2d54380c54d4_to_Equation2,1,alps4141,alps4141::alps_2d54380c54d4_to_Equation2,memory_limit,resource_exhausted,memory_limit,False,False,False
alpha_ba9db8d5c88d3b14,alps4141::alps_4d25a4f57d20_to_Equation2,1,alps4141,alps4141::alps_4d25a4f57d20_to_Equation2,memory_limit,resource_exhausted,resource_exhausted,False,False,False
alpha_0c8ce9f253be37d6,alps4141::alps_c0dbbdacab13_to_Equation2,1,alps4141,alps4141::alps_c0dbbdacab13_to_Equation2,memory_limit,resource_exhausted,resource_exhausted,False,False,False
alpha_d19d5f0a8ab0f4ca,alps4141::alps_b440115ebe88_to_Equation2,1,alps4141,alps4141::alps_b440115ebe88_to_Equation2,memory_limit,resource_exhausted,memory_limit,False,False,False
alpha_074b8e92fb2ff88d,alps4141::alps_59604d7dae9a_to_Equation2,1,alps4141,alps4141::alps_59604d7dae9a_to_Equation2,memory_limit,resource_exhausted,memory_limit,False,False,False
alpha_aac5a5c23d97c73a,alps4141::alps_af50264eab5e_to_Equation2,1,alps4141,alps4141::alps_af50264eab5e_to_Equation2,memory_limit,resource_exhausted,resource_exhausted,False,False,False
alpha_42ad7e46879ff555,alps4141::alps_de5a659b4657_to_Equation2,1,alps4141,alps4141::alps_de5a659b4657_to_Equation2,memory_limit,resource_exhausted,resource_exhausted,False,False,False
alpha_3234ccd35e4b6242,alps4141::alps_2afecda2745a_to_Equation2,1,alps4141,alps4141::alps_2afecda2745a_to_Equation2,resource_exhausted,resource_exhausted,resource_exhausted,False,False,False
alpha_cec9269cd3656d68,alps4141::alps_e9f0267af353_to_Equation2,1,alps4141,alps4141::alps_e9f0267af353_to_Equation2,memory_limit,resource_exhausted,memory_limit,False,False,False
alpha_8212a15e0aa17f1c,alps4141::alps_936afa69581d_to_Equation2,1,alps4141,alps4141::alps_936afa69581d_to_Equation2,resource_exhausted,resource_exhausted,memory_limit,False,False,False
alpha_4f5a064b3336e375,alps4141::alps_dbc4ea393f2a_to_Equation2,1,alps4141,alps4141::alps_dbc4ea393f2a_to_Equation2,memory_limit,resource_exhausted,memory_limit,False,False,False
alpha_5993e904cf3061d6,alps4141::alps_de1404bdc4ca_to_Equation2,1,alps4141,alps4141::alps_de1404bdc4ca_to_Equation2,memory_limit,resource_exhausted,resource_exhausted,False,False,False
alpha_5bb1cd2bb49e1e53,alps4141::alps_3694edcf9f48_to_Equation2,1,alps4141,alps4141::alps_3694edcf9f48_to_Equation2,memory_limit,resource_exhausted,resource_exhausted,False,False,False
alpha_9f680cb73675ca65,alps4141::alps_7f93d3e7674f_to_Equation2,1,alps4141,alps4141::alps_7f93d3e7674f_to_Equation2,memory_limit,resource_exhausted,resource_exhausted,False,False,False
alpha_a98bb6a4dea743dd,alps4141::alps_62659cee6708_to_Equation2,1,alps4141,alps4141::alps_62659cee6708_to_Equation2,memory_limit,resource_exhausted,memory_limit,False,False,False
alpha_266ec1fc3e9c25cc,alps4141::alps_38708b9950cf_to_Equation2,1,alps4141,alps4141::alps_38708b9950cf_to_Equation2,memory_limit,resource_exhausted,resource_exhausted,False,False,False
alpha_159e89f04b4c60f1,alps4141::alps_ce2c47bbe89a_to_Equation2,1,alps4141,alps4141::alps_ce2c47bbe89a_to_Equation2,memory_limit,resource_exhausted,resource_exhausted,False,False,False
alpha_5d5c936ee36da009,alps4141::alps_2084557676b5_to_Equation2,1,alps4141,alps4141::alps_2084557676b5_to_Equation2,memory_limit,resource_exhausted,resource_exhausted,False,False,False
alpha_4a91f6f314eef42e,alps4141::alps_f120024973cb_to_Equation2,1,alps4141,alps4141::alps_f120024973cb_to_Equation2,memory_limit,resource_exhausted,memory_limit,False,False,False
alpha_5c3dad17a67d495a,alps4141::alps_855b255bd4b9_to_Equation2,1,alps4141,alps4141::alps_855b255bd4b9_to_Equation2,memory_limit,resource_exhausted,resource_exhausted,False,False,False
alpha_895e6c629faf227d,alps4141::alps_c0edffe34979_to_Equation2,1,alps4141,alps4141::alps_c0edffe34979_to_Equation2,memory_limit,resource_exhausted,memory_limit,False,False,False
alpha_69418b52dc71661f,alps4141::alps_70284e1a1ef4_to_Equation2,1,alps4141,alps4141::alps_70284e1a1ef4_to_Equation2,memory_limit,resource_exhausted,memory_limit,False,False,False
alpha_ff1db80a031ff88e,alps4141::alps_c8b15eed91f4_to_Equation2,1,alps4141,alps4141::alps_c8b15eed91f4_to_Equation2,memory_limit,resource_exhausted,resource_exhausted,False,False,False
alpha_a57eaa664ce087fb,alps4141::alps_0af839ed4f16_to_Equation2,1,alps4141,alps4141::alps_0af839ed4f16_to_Equation2,memory_limit,resource_exhausted,memory_limit,False,False,False
alpha_2baea4deb74509a0,alps4141::alps_8bee91f2a326_to_Equation2,1,alps4141,alps4141::alps_8bee91f2a326_to_Equation2,memory_limit,resource_exhausted,resource_exhausted,False,False,False
alpha_3c4567ae684d1fd1,alps4141::alps_ce2be37e2cf7_to_Equation2,1,alps4141,alps4141::alps_ce2be37e2cf7_to_Equation2,memory_limit,resource_exhausted,resource_exhausted,False,False,False
alpha_3c65e7a6a4103a63,alps4141::alps_8b019e4e1824_to_Equation2,1,alps4141,alps4141::alps_8b019e4e1824_to_Equation2,theorem,theorem,theorem,True,False,False
alpha_fcdd5691913e0539,alps4141::alps_f5739bb6ee85_to_Equation2,1,alps4141,alps4141::alps_f5739bb6ee85_to_Equation2,memory_limit,resource_exhausted,memory_limit,False,False,False
alpha_11a8714bb0342f4e,alps4141::alps_a08ea3612708_to_Equation2,1,alps4141,alps4141::alps_a08ea3612708_to_Equation2,memory_limit,resource_exhausted,memory_limit,False,False,False
alpha_25e6641b9360d71e,alps4141::alps_20afd6105b8d_to_Equation2,1,alps4141,alps4141::alps_20afd6105b8d_to_Equation2,memory_limit,resource_exhausted,memory_limit,False,False,False
alpha_2e32b04d6c503884,alps4141::alps_f8fe49ab8dc8_to_Equation2,1,alps4141,alps4141::alps_f8fe49ab8dc8_to_Equation2,memory_limit,resource_exhausted,memory_limit,False,False,False
alpha_bcecdd51181fef3c,alps4141::alps_bfc1aee214b8_to_Equation2,1,alps4141,alps4141::alps_bfc1aee214b8_to_Equation2,memory_limit,resource_exhausted,memory_limit,False,False,False
alpha_5dea31768d5d01e0,alps4141::alps_48259a099940_to_Equation2,1,alps4141,alps4141::alps_48259a099940_to_Equation2,memory_limit,resource_exhausted,memory_limit,False,False,False
alpha_c685302ce27dbed4,alps4141::alps_4dd7bec89c6b_to_Equation2,1,alps4141,alps4141::alps_4dd7bec89c6b_to_Equation2,memory_limit,resource_exhausted,resource_exhausted,False,False,False
alpha_977b58dd4b79b37b,alps4141::alps_a6d43f83dfc5_to_Equation2,1,alps4141,alps4141::alps_a6d43f83dfc5_to_Equation2,resource_exhausted,resource_exhausted,memory_limit,False,False,False
alpha_b839ed420843adb9,alps4141::alps_57952d93f03f_to_Equation2,1,alps4141,alps4141::alps_57952d93f03f_to_Equation2,resource_exhausted,resource_exhausted,memory_limit,False,False,False
alpha_22efa38d14db94ac,alps4141::alps_543673d787b6_to_Equation2,1,alps4141,alps4141::alps_543673d787b6_to_Equation2,memory_limit,resource_exhausted,memory_limit,False,False,False
alpha_752e679c45b09585,generality34::order5_known_austin10_E28770_to_E2,1,generality34,generality34::order5_known_austin10_E28770_to_E2,completed_no_decisive_result,completed_no_proof,counter_satisfiable,False,True,False
alpha_e302ad541b62da09,alps4141::alps_2c323a3fdd14_to_Equation2,1,alps4141,alps4141::alps_2c323a3fdd14_to_Equation2,memory_limit,resource_exhausted,memory_limit,False,False,False
alpha_5ad7bcc654cf5845,alps4141::alps_457e61d6873e_to_Equation2,1,alps4141,alps4141::alps_457e61d6873e_to_Equation2,memory_limit,resource_exhausted,memory_limit,False,False,False
alpha_b7a2cf867bdce72e,alps4141::alps_5d387dc08efa_to_Equation2,1,alps4141,alps4141::alps_5d387dc08efa_to_Equation2,memory_limit,resource_exhausted,memory_limit,False,False,False
alpha_38e7964675b37237,alps4141::alps_1b947b0059fe_to_Equation2,1,alps4141,alps4141::alps_1b947b0059fe_to_Equation2,memory_limit,resource_exhausted,memory_limit,False,False,False
alpha_84a58ca1027d4e7d,alps4141::alps_9173a247c9c5_to_Equation2,1,alps4141,alps4141::alps_9173a247c9c5_to_Equation2,memory_limit,resource_exhausted,memory_limit,False,False,False
alpha_97023254023f559a,alps4141::alps_f2a0a4a9ebc1_to_Equation2,1,alps4141,alps4141::alps_f2a0a4a9ebc1_to_Equation2,memory_limit,resource_exhausted,memory_limit,False,False,False
alpha_807b85e3d23f399a,alps4141::alps_f1c8df375339_to_Equation2,1,alps4141,alps4141::alps_f1c8df375339_to_Equation2,memory_limit,resource_exhausted,memory_limit,False,False,False
alpha_b6910cd96b1ea74c,alps4141::alps_4ae83eac57c8_to_Equation2,1,alps4141,alps4141::alps_4ae83eac57c8_to_Equation2,completed_no_decisive_result,resource_exhausted,memory_limit,False,False,False
alpha_baead05858922166,alps4141::alps_4f1c99427eee_to_Equation2,1,alps4141,alps4141::alps_4f1c99427eee_to_Equation2,memory_limit,resource_exhausted,memory_limit,False,False,False
alpha_85ccb676c474fe2b,alps4141::alps_6825bd7d18e7_to_Equation2,1,alps4141,alps4141::alps_6825bd7d18e7_to_Equation2,memory_limit,resource_exhausted,memory_limit,False,False,False
alpha_7bb3ad0127b0a336,alps4141::alps_c4e7d4843760_to_Equation2,1,alps4141,alps4141::alps_c4e7d4843760_to_Equation2,resource_exhausted,resource_exhausted,resource_exhausted,False,False,False
alpha_eb4284966c768fee,alps4141::alps_fc6bca1e72b5_to_Equation2,1,alps4141,alps4141::alps_fc6bca1e72b5_to_Equation2,memory_limit,resource_exhausted,memory_limit,False,False,False
alpha_806a3b170bc6d279,alps4141::alps_8f881756de91_to_Equation2,1,alps4141,alps4141::alps_8f881756de91_to_Equation2,memory_limit,resource_exhausted,resource_exhausted,False,False,False
alpha_ffc876d77f04ffd0,alps4141::alps_83beeb5bbf44_to_Equation2,1,alps4141,alps4141::alps_83beeb5bbf44_to_Equation2,completed_no_decisive_result,resource_exhausted,memory_limit,False,False,False
alpha_9fa4e7bb98a0709c,alps4141::alps_be80a3684fb8_to_Equation2,1,alps4141,alps4141::alps_be80a3684fb8_to_Equation2,memory_limit,resource_exhausted,resource_exhausted,False,False,False
alpha_04238ae595821b3c,alps4141::alps_0dd2a20ad099_to_Equation2,1,alps4141,alps4141::alps_0dd2a20ad099_to_Equation2,memory_limit,resource_exhausted,resource_exhausted,False,False,False
alpha_ff4f789c5f944fe5,alps4141::alps_6464f8b99ccd_to_Equation2,1,alps4141,alps4141::alps_6464f8b99ccd_to_Equation2,memory_limit,resource_exhausted,resource_exhausted,False,False,False
alpha_776723d8ccdb84b4,alps4141::alps_39edad141359_to_Equation2,1,alps4141,alps4141::alps_39edad141359_to_Equation2,memory_limit,resource_exhausted,memory_limit,False,False,False
alpha_c170729305bef4e4,alps4141::alps_92b88400ef54_to_Equation2,1,alps4141,alps4141::alps_92b88400ef54_to_Equation2,memory_limit,resource_exhausted,memory_limit,False,False,False
alpha_b82974259335ce7f,alps4141::alps_4d26aab14b76_to_Equation2,1,alps4141,alps4141::alps_4d26aab14b76_to_Equation2,memory_limit,resource_exhausted,memory_limit,False,False,False
alpha_e0d4637837b8e59c,alps4141::alps_4b4db861d8cd_to_Equation2,1,alps4141,alps4141::alps_4b4db861d8cd_to_Equation2,completed_no_decisive_result,resource_exhausted,memory_limit,False,False,False
alpha_4c3f8197e8c04e23,austin96::order5_austin_unknown_E36638_to_E2,2,alps4141+austin96,austin96::order5_austin_unknown_E36638_to_E2 | alps4141::alps_0314c4278387_to_Equation2,memory_limit,resource_exhausted,memory_limit,False,False,False
alpha_f91d60ef99e75eab,austin96::order5_austin_unknown_E36713_to_E2,2,alps4141+austin96,austin96::order5_austin_unknown_E36713_to_E2 | alps4141::alps_69629f506446_to_Equation2,memory_limit,resource_exhausted,memory_limit,False,False,False
alpha_da360b6bbc84b6dc,austin96::order5_austin_unknown_E36714_to_E2,2,alps4141+austin96,austin96::order5_austin_unknown_E36714_to_E2 | alps4141::alps_284714b901e2_to_Equation2,memory_limit,resource_exhausted,memory_limit,False,False,False
alpha_41705405073e9009,generality34::order5_unknown_finite_status24_E28740_to_E2,1,generality34,generality34::order5_unknown_finite_status24_E28740_to_E2,completed_no_decisive_result,completed_no_proof,counter_satisfiable,False,True,False
alpha_3bd3f2a102b853d6,alps4141::alps_62869252e301_to_Equation2,1,alps4141,alps4141::alps_62869252e301_to_Equation2,memory_limit,resource_exhausted,resource_exhausted,False,False,False
alpha_a57a9aa0e03a2ad5,alps4141::alps_ca52eff5c1b7_to_Equation2,1,alps4141,alps4141::alps_ca52eff5c1b7_to_Equation2,memory_limit,resource_exhausted,memory_limit,False,False,False
alpha_6c033ca45bf7cfce,alps4141::alps_e6f5c3d0b61b_to_Equation2,1,alps4141,alps4141::alps_e6f5c3d0b61b_to_Equation2,memory_limit,resource_exhausted,memory_limit,False,False,False
alpha_294e8fadcc8bdc18,alps4141::alps_fc763d7ee3f6_to_Equation2,1,alps4141,alps4141::alps_fc763d7ee3f6_to_Equation2,memory_limit,resource_exhausted,resource_exhausted,False,False,False
alpha_7289889074fd522a,alps4141::alps_eca980b59607_to_Equation2,1,alps4141,alps4141::alps_eca980b59607_to_Equation2,memory_limit,resource_exhausted,resource_exhausted,False,False,False
alpha_bc3d229179b80c3a,alps4141::alps_0f85ff1e9f63_to_Equation2,1,alps4141,alps4141::alps_0f85ff1e9f63_to_Equation2,memory_limit,resource_exhausted,resource_exhausted,False,False,False
alpha_2aadbebd9e755d28,alps4141::alps_970a79d620d2_to_Equation2,1,alps4141,alps4141::alps_970a79d620d2_to_Equation2,memory_limit,resource_exhausted,memory_limit,False,False,False
alpha_a10b03d2fde2f2ac,alps4141::alps_3aa834dbbc6b_to_Equation2,1,alps4141,alps4141::alps_3aa834dbbc6b_to_Equation2,memory_limit,resource_exhausted,resource_exhausted,False,False,False
alpha_e36a1154b0799406,alps4141::alps_df7890f4c54c_to_Equation2,1,alps4141,alps4141::alps_df7890f4c54c_to_Equation2,memory_limit,resource_exhausted,resource_exhausted,False,False,False
alpha_31c4fc8ee5fdeb19,alps4141::alps_e60d1821224c_to_Equation2,1,alps4141,alps4141::alps_e60d1821224c_to_Equation2,memory_limit,resource_exhausted,resource_exhausted,False,False,False
alpha_bbe2f1e4b663ece0,alps4141::alps_07d4513c876c_to_Equation2,1,alps4141,alps4141::alps_07d4513c876c_to_Equation2,memory_limit,resource_exhausted,resource_exhausted,False,False,False
alpha_10027c2216e2c896,alps4141::alps_4d41b9466a30_to_Equation2,1,alps4141,alps4141::alps_4d41b9466a30_to_Equation2,memory_limit,resource_exhausted,resource_exhausted,False,False,False
alpha_5f3f01789a2ee331,alps4141::alps_007d3d452b94_to_Equation2,1,alps4141,alps4141::alps_007d3d452b94_to_Equation2,memory_limit,resource_exhausted,resource_exhausted,False,False,False
alpha_460ca9d6b4c275ff,alps4141::alps_8593ff8d8bbc_to_Equation2,1,alps4141,alps4141::alps_8593ff8d8bbc_to_Equation2,memory_limit,resource_exhausted,resource_exhausted,False,False,False
alpha_a9cdc5546f98b614,alps4141::alps_9e24b2dedfda_to_Equation2,1,alps4141,alps4141::alps_9e24b2dedfda_to_Equation2,memory_limit,resource_exhausted,resource_exhausted,False,False,False
alpha_beb02df12e17432c,alps4141::alps_a0b53ffd0c19_to_Equation2,1,alps4141,alps4141::alps_a0b53ffd0c19_to_Equation2,memory_limit,resource_exhausted,memory_limit,False,False,False
alpha_cab346a82a898494,alps4141::alps_532d98590423_to_Equation2,1,alps4141,alps4141::alps_532d98590423_to_Equation2,memory_limit,resource_exhausted,memory_limit,False,False,False
alpha_b3910ceb0507f4d8,alps4141::alps_ab462c9918e0_to_Equation2,1,alps4141,alps4141::alps_ab462c9918e0_to_Equation2,memory_limit,resource_exhausted,memory_limit,False,False,False
alpha_d74ed5b3c8bac493,alps4141::alps_2543ea4d75ea_to_Equation2,1,alps4141,alps4141::alps_2543ea4d75ea_to_Equation2,memory_limit,resource_exhausted,resource_exhausted,False,False,False
alpha_f2f6a7c203a7463e,alps4141::alps_4685a49b2855_to_Equation2,1,alps4141,alps4141::alps_4685a49b2855_to_Equation2,resource_exhausted,resource_exhausted,resource_exhausted,False,False,False
alpha_d63f4efcbec61e94,alps4141::alps_54eca13724e0_to_Equation2,1,alps4141,alps4141::alps_54eca13724e0_to_Equation2,memory_limit,resource_exhausted,resource_exhausted,False,False,False
alpha_8d3f912aaa6be11b,alps4141::alps_529bb81de33e_to_Equation2,1,alps4141,alps4141::alps_529bb81de33e_to_Equation2,resource_exhausted,resource_exhausted,resource_exhausted,False,False,False
alpha_784f409ece5b349b,alps4141::alps_452fe96fa72d_to_Equation2,1,alps4141,alps4141::alps_452fe96fa72d_to_Equation2,resource_exhausted,resource_exhausted,resource_exhausted,False,False,False
alpha_4bf7cbbab153e717,alps4141::alps_cc9c36e4db54_to_Equation2,1,alps4141,alps4141::alps_cc9c36e4db54_to_Equation2,memory_limit,theorem,theorem,True,False,False
alpha_de0822cf454331a1,alps4141::alps_fecd0713dd64_to_Equation2,1,alps4141,alps4141::alps_fecd0713dd64_to_Equation2,memory_limit,resource_exhausted,resource_exhausted,False,False,False
alpha_805cc0ac06ebee7c,alps4141::alps_1138cb530a6d_to_Equation2,1,alps4141,alps4141::alps_1138cb530a6d_to_Equation2,memory_limit,resource_exhausted,resource_exhausted,False,False,False
alpha_43b36a7a350573c1,alps4141::alps_b2d4795fab24_to_Equation2,1,alps4141,alps4141::alps_b2d4795fab24_to_Equation2,memory_limit,resource_exhausted,resource_exhausted,False,False,False
alpha_8a985bd612e6daa6,alps4141::alps_3366cbced5f6_to_Equation2,1,alps4141,alps4141::alps_3366cbced5f6_to_Equation2,resource_exhausted,resource_exhausted,theorem,True,False,False
alpha_fcc745d89648ff46,alps4141::alps_ac9ac1d3e5b9_to_Equation2,1,alps4141,alps4141::alps_ac9ac1d3e5b9_to_Equation2,memory_limit,resource_exhausted,resource_exhausted,False,False,False
alpha_c6f45c06604e69de,alps4141::alps_d286a86eb376_to_Equation2,1,alps4141,alps4141::alps_d286a86eb376_to_Equation2,memory_limit,resource_exhausted,resource_exhausted,False,False,False
alpha_48089c8fd481e76e,alps4141::alps_2174b5781b23_to_Equation2,1,alps4141,alps4141::alps_2174b5781b23_to_Equation2,memory_limit,resource_exhausted,resource_exhausted,False,False,False
alpha_f399ad8474776f69,alps4141::alps_417f32ff8173_to_Equation2,1,alps4141,alps4141::alps_417f32ff8173_to_Equation2,memory_limit,resource_exhausted,resource_exhausted,False,False,False
alpha_4b0ebeb6b6dc4391,alps4141::alps_04e4f4423508_to_Equation2,1,alps4141,alps4141::alps_04e4f4423508_to_Equation2,memory_limit,resource_exhausted,resource_exhausted,False,False,False
alpha_fd53c8df0543c5cb,alps4141::alps_4db901b3ed23_to_Equation2,1,alps4141,alps4141::alps_4db901b3ed23_to_Equation2,memory_limit,resource_exhausted,resource_exhausted,False,False,False
alpha_97dacf459b8b78ff,alps4141::alps_d795f7e82cda_to_Equation2,1,alps4141,alps4141::alps_d795f7e82cda_to_Equation2,resource_exhausted,resource_exhausted,resource_exhausted,False,False,False
alpha_9a8c91edeac716a5,alps4141::alps_834cb9c4e6b2_to_Equation2,1,alps4141,alps4141::alps_834cb9c4e6b2_to_Equation2,resource_exhausted,resource_exhausted,resource_exhausted,False,False,False
alpha_05c017e2d248b85e,alps4141::alps_0c699b84eec8_to_Equation2,1,alps4141,alps4141::alps_0c699b84eec8_to_Equation2,memory_limit,resource_exhausted,resource_exhausted,False,False,False
alpha_8e7fda920adcfe19,alps4141::alps_4c95967f6b39_to_Equation2,1,alps4141,alps4141::alps_4c95967f6b39_to_Equation2,memory_limit,resource_exhausted,resource_exhausted,False,False,False
alpha_a12b0c1529ca9aca,alps4141::alps_d0c5232b7137_to_Equation2,1,alps4141,alps4141::alps_d0c5232b7137_to_Equation2,resource_exhausted,resource_exhausted,resource_exhausted,False,False,False
alpha_ae24c98e5a156580,alps4141::alps_9a4a13fa7775_to_Equation2,1,alps4141,alps4141::alps_9a4a13fa7775_to_Equation2,memory_limit,resource_exhausted,resource_exhausted,False,False,False
alpha_cdddd0204c2110e4,alps4141::alps_c37888afb694_to_Equation2,1,alps4141,alps4141::alps_c37888afb694_to_Equation2,memory_limit,resource_exhausted,resource_exhausted,False,False,False
alpha_d65e2f8251da63be,alps4141::alps_afeb0623d47f_to_Equation2,1,alps4141,alps4141::alps_afeb0623d47f_to_Equation2,memory_limit,resource_exhausted,resource_exhausted,False,False,False
alpha_1c775d5a6cf32131,alps4141::alps_ac68bdda1a08_to_Equation2,1,alps4141,alps4141::alps_ac68bdda1a08_to_Equation2,resource_exhausted,resource_exhausted,resource_exhausted,False,False,False
alpha_dc408540b660638d,alps4141::alps_c4ad79847e75_to_Equation2,1,alps4141,alps4141::alps_c4ad79847e75_to_Equation2,memory_limit,resource_exhausted,resource_exhausted,False,False,False
alpha_5a0004dbea6b749d,alps4141::alps_2f2a3c7596d4_to_Equation2,1,alps4141,alps4141::alps_2f2a3c7596d4_to_Equation2,memory_limit,resource_exhausted,resource_exhausted,False,False,False
alpha_2dfabeecea5bea82,alps4141::alps_b2e6d0d6a91a_to_Equation2,1,alps4141,alps4141::alps_b2e6d0d6a91a_to_Equation2,memory_limit,resource_exhausted,resource_exhausted,False,False,False
alpha_c127c739df19e925,alps4141::alps_a11c45c66eae_to_Equation2,1,alps4141,alps4141::alps_a11c45c66eae_to_Equation2,memory_limit,resource_exhausted,resource_exhausted,False,False,False
alpha_0e0e1c194d2f4ef5,alps4141::alps_1a4896021dc5_to_Equation2,1,alps4141,alps4141::alps_1a4896021dc5_to_Equation2,memory_limit,resource_exhausted,resource_exhausted,False,False,False
alpha_5d1ca3285704f41c,alps4141::alps_3b22afcc8040_to_Equation2,1,alps4141,alps4141::alps_3b22afcc8040_to_Equation2,memory_limit,resource_exhausted,memory_limit,False,False,False
alpha_b9bad4bc36f5731a,alps4141::alps_c1fc336524a4_to_Equation2,1,alps4141,alps4141::alps_c1fc336524a4_to_Equation2,resource_exhausted,resource_exhausted,resource_exhausted,False,False,False
alpha_98f1213e8f936778,alps4141::alps_c61821bb8a08_to_Equation2,1,alps4141,alps4141::alps_c61821bb8a08_to_Equation2,memory_limit,resource_exhausted,resource_exhausted,False,False,False
alpha_83fc8180e7ae4187,alps4141::alps_4cf0b633edba_to_Equation2,1,alps4141,alps4141::alps_4cf0b633edba_to_Equation2,memory_limit,resource_exhausted,resource_exhausted,False,False,False
alpha_3b993b8795922c5c,alps4141::alps_dfac8b02cd68_to_Equation2,1,alps4141,alps4141::alps_dfac8b02cd68_to_Equation2,memory_limit,resource_exhausted,memory_limit,False,False,False
alpha_7cbb6aac017b9ea7,alps4141::alps_00ec8d391202_to_Equation2,1,alps4141,alps4141::alps_00ec8d391202_to_Equation2,memory_limit,resource_exhausted,resource_exhausted,False,False,False
alpha_2a1426fb097a93cf,alps4141::alps_8626b4a5b338_to_Equation2,1,alps4141,alps4141::alps_8626b4a5b338_to_Equation2,resource_exhausted,resource_exhausted,theorem,True,False,False
alpha_03e8d9cac1e3d2c5,alps4141::alps_3d826194a944_to_Equation2,1,alps4141,alps4141::alps_3d826194a944_to_Equation2,memory_limit,resource_exhausted,resource_exhausted,False,False,False
alpha_d585d33405129901,alps4141::alps_21d691a2ec82_to_Equation2,1,alps4141,alps4141::alps_21d691a2ec82_to_Equation2,memory_limit,resource_exhausted,resource_exhausted,False,False,False
alpha_db937e6d04f4ca2f,alps4141::alps_2b977794b2b8_to_Equation2,1,alps4141,alps4141::alps_2b977794b2b8_to_Equation2,memory_limit,resource_exhausted,resource_exhausted,False,False,False
alpha_4ecd7676faae6836,alps4141::alps_beb3a4082d1c_to_Equation2,1,alps4141,alps4141::alps_beb3a4082d1c_to_Equation2,memory_limit,resource_exhausted,memory_limit,False,False,False
alpha_cb50922012a58900,alps4141::alps_234d0c418a5f_to_Equation2,1,alps4141,alps4141::alps_234d0c418a5f_to_Equation2,memory_limit,resource_exhausted,resource_exhausted,False,False,False
alpha_b7c339d4a29290ec,alps4141::alps_5e2667235f89_to_Equation2,1,alps4141,alps4141::alps_5e2667235f89_to_Equation2,memory_limit,resource_exhausted,resource_exhausted,False,False,False
alpha_7ad50855c89e9bac,alps4141::alps_334987aca675_to_Equation2,1,alps4141,alps4141::alps_334987aca675_to_Equation2,memory_limit,resource_exhausted,resource_exhausted,False,False,False
alpha_5eef024e916fc891,alps4141::alps_d340b60ca49f_to_Equation2,1,alps4141,alps4141::alps_d340b60ca49f_to_Equation2,memory_limit,resource_exhausted,resource_exhausted,False,False,False
alpha_2b53c84776ce3ff3,alps4141::alps_7a29fc0e18f0_to_Equation2,1,alps4141,alps4141::alps_7a29fc0e18f0_to_Equation2,memory_limit,resource_exhausted,resource_exhausted,False,False,False
alpha_5816520e232dabc1,alps4141::alps_8f07abded7bd_to_Equation2,1,alps4141,alps4141::alps_8f07abded7bd_to_Equation2,resource_exhausted,resource_exhausted,resource_exhausted,False,False,False
alpha_f5da3bfd4a9e8eca,alps4141::alps_24fee88f84ee_to_Equation2,1,alps4141,alps4141::alps_24fee88f84ee_to_Equation2,resource_exhausted,resource_exhausted,resource_exhausted,False,False,False
alpha_7b6ab139a800565d,alps4141::alps_e4cb06178496_to_Equation2,1,alps4141,alps4141::alps_e4cb06178496_to_Equation2,memory_limit,resource_exhausted,resource_exhausted,False,False,False
alpha_bb9060a597b5b451,alps4141::alps_708d02d92851_to_Equation2,1,alps4141,alps4141::alps_708d02d92851_to_Equation2,memory_limit,resource_exhausted,resource_exhausted,False,False,False
alpha_dec62efbb3f5fcf4,alps4141::alps_4685b2a15ed2_to_Equation2,1,alps4141,alps4141::alps_4685b2a15ed2_to_Equation2,memory_limit,resource_exhausted,resource_exhausted,False,False,False
alpha_88db75eb024edf71,alps4141::alps_848233e3d068_to_Equation2,1,alps4141,alps4141::alps_848233e3d068_to_Equation2,memory_limit,resource_exhausted,resource_exhausted,False,False,False
alpha_461cc3c94ad17c46,alps4141::alps_12ee7391168f_to_Equation2,1,alps4141,alps4141::alps_12ee7391168f_to_Equation2,memory_limit,resource_exhausted,resource_exhausted,False,False,False
alpha_29577cab4b9f0f35,alps4141::alps_ed50e68e62be_to_Equation2,1,alps4141,alps4141::alps_ed50e68e62be_to_Equation2,memory_limit,resource_exhausted,resource_exhausted,False,False,False
alpha_a5b9c081b8bc444a,austin96::order5_austin_unknown_E39163_to_E2,2,alps4141+austin96,austin96::order5_austin_unknown_E39163_to_E2 | alps4141::alps_f43e0e47fa62_to_Equation2,memory_limit,resource_exhausted,resource_exhausted,False,False,False
alpha_9a18923c017a61bf,austin96::order5_austin_unknown_E39485_to_E2,2,alps4141+austin96,austin96::order5_austin_unknown_E39485_to_E2 | alps4141::alps_a87f41c03efb_to_Equation2,memory_limit,resource_exhausted,resource_exhausted,False,False,False
alpha_6dbc1eaa9573641a,alps4141::alps_53ca54728592_to_Equation2,1,alps4141,alps4141::alps_53ca54728592_to_Equation2,resource_exhausted,resource_exhausted,resource_exhausted,False,False,False
alpha_92ec982c85607645,alps4141::alps_4a3fb206b906_to_Equation2,1,alps4141,alps4141::alps_4a3fb206b906_to_Equation2,resource_exhausted,resource_exhausted,resource_exhausted,False,False,False
alpha_294e51a21b1d955c,alps4141::alps_5e23e57f5868_to_Equation2,1,alps4141,alps4141::alps_5e23e57f5868_to_Equation2,resource_exhausted,resource_exhausted,resource_exhausted,False,False,False
alpha_834a81e995a30b33,alps4141::alps_ec8278061140_to_Equation2,1,alps4141,alps4141::alps_ec8278061140_to_Equation2,resource_exhausted,resource_exhausted,resource_exhausted,False,False,False
alpha_9e26c7ce10df3ba3,alps4141::alps_a982cb6d16a1_to_Equation2,1,alps4141,alps4141::alps_a982cb6d16a1_to_Equation2,memory_limit,resource_exhausted,resource_exhausted,False,False,False
alpha_a3c45287959a49c0,alps4141::alps_5a7f706b21ee_to_Equation2,1,alps4141,alps4141::alps_5a7f706b21ee_to_Equation2,memory_limit,resource_exhausted,resource_exhausted,False,False,False
alpha_77e8f8cc21f7d469,alps4141::alps_706ce3e33acf_to_Equation2,1,alps4141,alps4141::alps_706ce3e33acf_to_Equation2,memory_limit,resource_exhausted,resource_exhausted,False,False,False
alpha_c500ed97e4278800,alps4141::alps_8002b61986d9_to_Equation2,1,alps4141,alps4141::alps_8002b61986d9_to_Equation2,memory_limit,resource_exhausted,resource_exhausted,False,False,False
alpha_4166ce67d4b0c232,alps4141::alps_f9fc8fe60287_to_Equation2,1,alps4141,alps4141::alps_f9fc8fe60287_to_Equation2,memory_limit,resource_exhausted,resource_exhausted,False,False,False
alpha_5d3d2e6c316e3f5b,alps4141::alps_92b269b522ed_to_Equation2,1,alps4141,alps4141::alps_92b269b522ed_to_Equation2,memory_limit,resource_exhausted,resource_exhausted,False,False,False
alpha_3881f665d35c35d0,alps4141::alps_c14443775608_to_Equation2,1,alps4141,alps4141::alps_c14443775608_to_Equation2,memory_limit,resource_exhausted,resource_exhausted,False,False,False
alpha_a3fcf79b2a9e4c24,alps4141::alps_b9555e662a4c_to_Equation2,1,alps4141,alps4141::alps_b9555e662a4c_to_Equation2,memory_limit,resource_exhausted,resource_exhausted,False,False,False
alpha_513f7141762520a0,alps4141::alps_7e9003346a27_to_Equation2,1,alps4141,alps4141::alps_7e9003346a27_to_Equation2,memory_limit,resource_exhausted,resource_exhausted,False,False,False
alpha_7b4b2345c456b45d,alps4141::alps_d3a4050c793c_to_Equation2,1,alps4141,alps4141::alps_d3a4050c793c_to_Equation2,memory_limit,resource_exhausted,resource_exhausted,False,False,False
alpha_d914250a9e6d265c,alps4141::alps_e00b2be726c7_to_Equation2,1,alps4141,alps4141::alps_e00b2be726c7_to_Equation2,memory_limit,resource_exhausted,resource_exhausted,False,False,False
alpha_ad989eae295e967c,alps4141::alps_98c061f8a845_to_Equation2,1,alps4141,alps4141::alps_98c061f8a845_to_Equation2,memory_limit,resource_exhausted,resource_exhausted,False,False,False
alpha_ca1fdd85f67d7292,alps4141::alps_c44b844e8f28_to_Equation2,1,alps4141,alps4141::alps_c44b844e8f28_to_Equation2,memory_limit,resource_exhausted,resource_exhausted,False,False,False
alpha_9b465bc3e48e9e3e,alps4141::alps_f1084b11d719_to_Equation2,1,alps4141,alps4141::alps_f1084b11d719_to_Equation2,memory_limit,resource_exhausted,resource_exhausted,False,False,False
alpha_0b25b357a6f48a29,alps4141::alps_5a1d4edc2d0a_to_Equation2,1,alps4141,alps4141::alps_5a1d4edc2d0a_to_Equation2,memory_limit,resource_exhausted,resource_exhausted,False,False,False
alpha_25ce5af557d5d96f,alps4141::alps_81b6020778af_to_Equation2,1,alps4141,alps4141::alps_81b6020778af_to_Equation2,memory_limit,resource_exhausted,resource_exhausted,False,False,False
alpha_695681adf3507e14,alps4141::alps_10a4ccc6e689_to_Equation2,1,alps4141,alps4141::alps_10a4ccc6e689_to_Equation2,memory_limit,resource_exhausted,resource_exhausted,False,False,False
alpha_4ed9cc86581d5714,alps4141::alps_d92adc1738b0_to_Equation2,1,alps4141,alps4141::alps_d92adc1738b0_to_Equation2,memory_limit,resource_exhausted,resource_exhausted,False,False,False
alpha_0476466ae687af69,alps4141::alps_4adf7d4e8298_to_Equation2,1,alps4141,alps4141::alps_4adf7d4e8298_to_Equation2,memory_limit,resource_exhausted,resource_exhausted,False,False,False
alpha_f505f005fe7e90c0,alps4141::alps_f511fb062c26_to_Equation2,1,alps4141,alps4141::alps_f511fb062c26_to_Equation2,resource_exhausted,resource_exhausted,resource_exhausted,False,False,False
alpha_05456cd31bbcc2a0,alps4141::alps_64b43d4b4ce6_to_Equation2,1,alps4141,alps4141::alps_64b43d4b4ce6_to_Equation2,resource_exhausted,resource_exhausted,resource_exhausted,False,False,False
alpha_80f447fc7e7a4b06,alps4141::alps_7331fa8bfd86_to_Equation2,1,alps4141,alps4141::alps_7331fa8bfd86_to_Equation2,memory_limit,resource_exhausted,resource_exhausted,False,False,False
alpha_5eecd4e62ee71733,alps4141::alps_77fcf562d6c4_to_Equation2,1,alps4141,alps4141::alps_77fcf562d6c4_to_Equation2,memory_limit,resource_exhausted,resource_exhausted,False,False,False
alpha_9a93ce64527dd9ff,alps4141::alps_e01a4e96cb4f_to_Equation2,1,alps4141,alps4141::alps_e01a4e96cb4f_to_Equation2,memory_limit,resource_exhausted,resource_exhausted,False,False,False
alpha_a2bd0debecd1f8a9,alps4141::alps_07dae9c1edf4_to_Equation2,1,alps4141,alps4141::alps_07dae9c1edf4_to_Equation2,memory_limit,resource_exhausted,resource_exhausted,False,False,False
alpha_a4c6ff115808ec07,alps4141::alps_ebb4c10372ae_to_Equation2,1,alps4141,alps4141::alps_ebb4c10372ae_to_Equation2,resource_exhausted,resource_exhausted,resource_exhausted,False,False,False
alpha_15163caec316c46b,alps4141::alps_bdb197250a82_to_Equation2,1,alps4141,alps4141::alps_bdb197250a82_to_Equation2,memory_limit,resource_exhausted,resource_exhausted,False,False,False
alpha_66fffa2fc6dcda2c,alps4141::alps_53126a0188e9_to_Equation2,1,alps4141,alps4141::alps_53126a0188e9_to_Equation2,memory_limit,resource_exhausted,resource_exhausted,False,False,False
alpha_8c81c98aab092df4,alps4141::alps_69f341a6fc1e_to_Equation2,1,alps4141,alps4141::alps_69f341a6fc1e_to_Equation2,memory_limit,resource_exhausted,resource_exhausted,False,False,False
alpha_d8761077cfe3781d,alps4141::alps_1c6e56b7e96e_to_Equation2,1,alps4141,alps4141::alps_1c6e56b7e96e_to_Equation2,memory_limit,resource_exhausted,resource_exhausted,False,False,False
alpha_862f6534490620bd,alps4141::alps_d4e371f659a3_to_Equation2,1,alps4141,alps4141::alps_d4e371f659a3_to_Equation2,memory_limit,resource_exhausted,resource_exhausted,False,False,False
alpha_27551020436311f6,austin96::order5_austin_unknown_E39126_to_E2,2,alps4141+austin96,austin96::order5_austin_unknown_E39126_to_E2 | alps4141::alps_cfe08066ab0e_to_Equation2,resource_exhausted,resource_exhausted,resource_exhausted,False,False,False
alpha_5cff238bcc5ea5c1,alps4141::alps_5a6b57287d5f_to_Equation2,1,alps4141,alps4141::alps_5a6b57287d5f_to_Equation2,resource_exhausted,theorem,theorem,True,False,False
alpha_f08a7d6457c8d470,alps4141::alps_e7c5f5d34c5f_to_Equation2,1,alps4141,alps4141::alps_e7c5f5d34c5f_to_Equation2,memory_limit,resource_exhausted,resource_exhausted,False,False,False
alpha_23458a632c6aca64,alps4141::alps_7777168b5125_to_Equation2,1,alps4141,alps4141::alps_7777168b5125_to_Equation2,resource_exhausted,resource_exhausted,resource_exhausted,False,False,False
alpha_1e4a0c692755070d,alps4141::alps_4744e97a64ad_to_Equation2,1,alps4141,alps4141::alps_4744e97a64ad_to_Equation2,memory_limit,resource_exhausted,resource_exhausted,False,False,False
alpha_4d868dae31d869fc,alps4141::alps_b1e56eb11cdc_to_Equation2,1,alps4141,alps4141::alps_b1e56eb11cdc_to_Equation2,memory_limit,resource_exhausted,resource_exhausted,False,False,False
alpha_fcd5bca5b752ae76,alps4141::alps_d00c4b2ba514_to_Equation2,1,alps4141,alps4141::alps_d00c4b2ba514_to_Equation2,memory_limit,resource_exhausted,resource_exhausted,False,False,False
alpha_e4a2dcaf3bca3100,alps4141::alps_575a71178b8f_to_Equation2,1,alps4141,alps4141::alps_575a71178b8f_to_Equation2,memory_limit,resource_exhausted,resource_exhausted,False,False,False
alpha_b27c8d8355ff38f0,alps4141::alps_e3d2e9596188_to_Equation2,1,alps4141,alps4141::alps_e3d2e9596188_to_Equation2,memory_limit,resource_exhausted,memory_limit,False,False,False
alpha_3cb954420b79bfff,austin96::order5_austin_unknown_E39214_to_E2,2,alps4141+austin96,austin96::order5_austin_unknown_E39214_to_E2 | alps4141::alps_f7a8cca6e60b_to_Equation2,resource_exhausted,resource_exhausted,resource_exhausted,False,False,False
alpha_ec3f07504451ffcd,alps4141::alps_e17b72679b4b_to_Equation2,1,alps4141,alps4141::alps_e17b72679b4b_to_Equation2,memory_limit,resource_exhausted,memory_limit,False,False,False
alpha_d44a6e73c4f4e7ac,alps4141::alps_24c85f5d4e5e_to_Equation2,1,alps4141,alps4141::alps_24c85f5d4e5e_to_Equation2,memory_limit,resource_exhausted,memory_limit,False,False,False
alpha_a86a2910abdbc867,alps4141::alps_b3f62a598082_to_Equation2,1,alps4141,alps4141::alps_b3f62a598082_to_Equation2,memory_limit,resource_exhausted,resource_exhausted,False,False,False
alpha_cb6acc44ec89c438,alps4141::alps_9f8e76fda024_to_Equation2,1,alps4141,alps4141::alps_9f8e76fda024_to_Equation2,memory_limit,resource_exhausted,resource_exhausted,False,False,False
alpha_8bc49c80ce52b619,alps4141::alps_2105818320e0_to_Equation2,1,alps4141,alps4141::alps_2105818320e0_to_Equation2,memory_limit,resource_exhausted,resource_exhausted,False,False,False
alpha_83dbef9fd18bc22a,alps4141::alps_d5f230fab00d_to_Equation2,1,alps4141,alps4141::alps_d5f230fab00d_to_Equation2,memory_limit,resource_exhausted,resource_exhausted,False,False,False
alpha_039e73968234d043,alps4141::alps_79728f28d53e_to_Equation2,1,alps4141,alps4141::alps_79728f28d53e_to_Equation2,memory_limit,resource_exhausted,memory_limit,False,False,False
alpha_816cf0f458f435ab,alps4141::alps_bab33d06b5f1_to_Equation2,1,alps4141,alps4141::alps_bab33d06b5f1_to_Equation2,memory_limit,resource_exhausted,resource_exhausted,False,False,False
alpha_947638fd3131bbae,alps4141::alps_42af71fb68b8_to_Equation2,1,alps4141,alps4141::alps_42af71fb68b8_to_Equation2,memory_limit,resource_exhausted,memory_limit,False,False,False
alpha_59f9b5fcf2de4ea4,alps4141::alps_9f67dc17a90a_to_Equation2,1,alps4141,alps4141::alps_9f67dc17a90a_to_Equation2,memory_limit,resource_exhausted,memory_limit,False,False,False
alpha_4b2e36d1e176d7be,alps4141::alps_2139db78c8ea_to_Equation2,1,alps4141,alps4141::alps_2139db78c8ea_to_Equation2,resource_exhausted,resource_exhausted,resource_exhausted,False,False,False
alpha_e2883610d82098a3,alps4141::alps_202a78ff60b9_to_Equation2,1,alps4141,alps4141::alps_202a78ff60b9_to_Equation2,memory_limit,resource_exhausted,memory_limit,False,False,False
alpha_d47d38e0f03a49fb,alps4141::alps_db2de30ad65c_to_Equation2,1,alps4141,alps4141::alps_db2de30ad65c_to_Equation2,resource_exhausted,resource_exhausted,resource_exhausted,False,False,False
alpha_c5c9a296a1a7c997,alps4141::alps_707dcbab6176_to_Equation2,1,alps4141,alps4141::alps_707dcbab6176_to_Equation2,memory_limit,resource_exhausted,resource_exhausted,False,False,False
alpha_6f78c311fc6c37f6,alps4141::alps_75baf8f53c4e_to_Equation2,1,alps4141,alps4141::alps_75baf8f53c4e_to_Equation2,memory_limit,resource_exhausted,resource_exhausted,False,False,False
alpha_f7da8ff1f8721be5,alps4141::alps_3e65153ab4c5_to_Equation2,1,alps4141,alps4141::alps_3e65153ab4c5_to_Equation2,resource_exhausted,resource_exhausted,resource_exhausted,False,False,False
alpha_dbb3e701396f1e3b,alps4141::alps_6644ad9619e0_to_Equation2,1,alps4141,alps4141::alps_6644ad9619e0_to_Equation2,resource_exhausted,resource_exhausted,resource_exhausted,False,False,False
alpha_3d55506e6349fe38,alps4141::alps_e7e6c3e0aa3d_to_Equation2,1,alps4141,alps4141::alps_e7e6c3e0aa3d_to_Equation2,resource_exhausted,resource_exhausted,resource_exhausted,False,False,False
alpha_7337663abf770155,alps4141::alps_32423cb18dcf_to_Equation2,1,alps4141,alps4141::alps_32423cb18dcf_to_Equation2,resource_exhausted,resource_exhausted,resource_exhausted,False,False,False
alpha_a44110efefbe1460,alps4141::alps_3bb60f49b89e_to_Equation2,1,alps4141,alps4141::alps_3bb60f49b89e_to_Equation2,resource_exhausted,resource_exhausted,resource_exhausted,False,False,False
alpha_d95a0a24e55bf525,alps4141::alps_6eba0be502d9_to_Equation2,1,alps4141,alps4141::alps_6eba0be502d9_to_Equation2,resource_exhausted,resource_exhausted,resource_exhausted,False,False,False
alpha_cbdb9e98361155bf,alps4141::alps_d24506f5d4ec_to_Equation2,1,alps4141,alps4141::alps_d24506f5d4ec_to_Equation2,memory_limit,resource_exhausted,resource_exhausted,False,False,False
alpha_1c6a9fa67411fc6c,alps4141::alps_faff456acd9b_to_Equation2,1,alps4141,alps4141::alps_faff456acd9b_to_Equation2,resource_exhausted,resource_exhausted,resource_exhausted,False,False,False
alpha_f5dc45e65b2f3f41,alps4141::alps_57fba81eaf67_to_Equation2,1,alps4141,alps4141::alps_57fba81eaf67_to_Equation2,resource_exhausted,resource_exhausted,resource_exhausted,False,False,False
alpha_6a54c48aa667e15c,alps4141::alps_6a33c4ce8f4e_to_Equation2,1,alps4141,alps4141::alps_6a33c4ce8f4e_to_Equation2,resource_exhausted,resource_exhausted,resource_exhausted,False,False,False
alpha_e4ff2e79adf4201f,alps4141::alps_d7c135ffe584_to_Equation2,1,alps4141,alps4141::alps_d7c135ffe584_to_Equation2,resource_exhausted,resource_exhausted,resource_exhausted,False,False,False
alpha_87583ebe0b0f37c7,alps4141::alps_787ae43ef02c_to_Equation2,1,alps4141,alps4141::alps_787ae43ef02c_to_Equation2,resource_exhausted,resource_exhausted,resource_exhausted,False,False,False
alpha_4255515205cbdb59,alps4141::alps_74ad5973d594_to_Equation2,1,alps4141,alps4141::alps_74ad5973d594_to_Equation2,memory_limit,resource_exhausted,resource_exhausted,False,False,False
alpha_9f58046c3e25bc89,alps4141::alps_b84c8e2723a0_to_Equation2,1,alps4141,alps4141::alps_b84c8e2723a0_to_Equation2,memory_limit,resource_exhausted,resource_exhausted,False,False,False
alpha_7e47b18f414e51ab,alps4141::alps_657338193acb_to_Equation2,1,alps4141,alps4141::alps_657338193acb_to_Equation2,memory_limit,resource_exhausted,memory_limit,False,False,False
alpha_420c6d2431637987,alps4141::alps_81fdf572e329_to_Equation2,1,alps4141,alps4141::alps_81fdf572e329_to_Equation2,memory_limit,resource_exhausted,resource_exhausted,False,False,False
alpha_a0330cf8ef9e4d16,alps4141::alps_ebb2fe026907_to_Equation2,1,alps4141,alps4141::alps_ebb2fe026907_to_Equation2,memory_limit,resource_exhausted,resource_exhausted,False,False,False
alpha_559001a5353f4e26,alps4141::alps_c38b8bfb5ce4_to_Equation2,1,alps4141,alps4141::alps_c38b8bfb5ce4_to_Equation2,memory_limit,resource_exhausted,resource_exhausted,False,False,False
alpha_4714a2b3fecb19cc,alps4141::alps_7339a47dc3f6_to_Equation2,1,alps4141,alps4141::alps_7339a47dc3f6_to_Equation2,memory_limit,resource_exhausted,resource_exhausted,False,False,False
alpha_96d411d02e41cde8,alps4141::alps_ed5b1b7c7a3f_to_Equation2,1,alps4141,alps4141::alps_ed5b1b7c7a3f_to_Equation2,memory_limit,resource_exhausted,memory_limit,False,False,False
alpha_bc5fd59187b2dd31,alps4141::alps_d4038984ef37_to_Equation2,1,alps4141,alps4141::alps_d4038984ef37_to_Equation2,memory_limit,resource_exhausted,memory_limit,False,False,False
alpha_169d620ef0ead617,alps4141::alps_976fb3a5f560_to_Equation2,1,alps4141,alps4141::alps_976fb3a5f560_to_Equation2,memory_limit,resource_exhausted,resource_exhausted,False,False,False
alpha_76cc1f77f233e627,austin96::order5_austin_unknown_E36524_to_E2,2,alps4141+austin96,austin96::order5_austin_unknown_E36524_to_E2 | alps4141::alps_a75197ba71c2_to_Equation2,memory_limit,resource_exhausted,resource_exhausted,False,False,False
alpha_d897e162fc3b8939,austin96::order5_austin_unknown_E36867_to_E2,2,alps4141+austin96,austin96::order5_austin_unknown_E36867_to_E2 | alps4141::alps_788bc8c71235_to_Equation2,memory_limit,resource_exhausted,resource_exhausted,False,False,False
alpha_d4b94cd6f4e2636b,alps4141::alps_f1ef98ed488a_to_Equation2,1,alps4141,alps4141::alps_f1ef98ed488a_to_Equation2,memory_limit,resource_exhausted,resource_exhausted,False,False,False
alpha_562f718954178016,alps4141::alps_9a39c7a6f5c0_to_Equation2,1,alps4141,alps4141::alps_9a39c7a6f5c0_to_Equation2,memory_limit,resource_exhausted,resource_exhausted,False,False,False
alpha_57dac302e87228c2,alps4141::alps_dcfabfb26e57_to_Equation2,1,alps4141,alps4141::alps_dcfabfb26e57_to_Equation2,memory_limit,resource_exhausted,resource_exhausted,False,False,False
alpha_1cfa2809cc5aeebb,alps4141::alps_68d817e87fce_to_Equation2,1,alps4141,alps4141::alps_68d817e87fce_to_Equation2,memory_limit,resource_exhausted,resource_exhausted,False,False,False
alpha_b100ce7d78ebdd2d,alps4141::alps_8cf6d48b4b45_to_Equation2,1,alps4141,alps4141::alps_8cf6d48b4b45_to_Equation2,memory_limit,resource_exhausted,resource_exhausted,False,False,False
alpha_ea20ba7fe54f8d4e,alps4141::alps_0168e8f5b473_to_Equation2,1,alps4141,alps4141::alps_0168e8f5b473_to_Equation2,memory_limit,resource_exhausted,resource_exhausted,False,False,False
alpha_30c7ae5a1374a1a4,alps4141::alps_d577661fb455_to_Equation2,1,alps4141,alps4141::alps_d577661fb455_to_Equation2,memory_limit,resource_exhausted,resource_exhausted,False,False,False
alpha_02a835af01f570a7,alps4141::alps_6cdeb75f1b09_to_Equation2,1,alps4141,alps4141::alps_6cdeb75f1b09_to_Equation2,resource_exhausted,resource_exhausted,resource_exhausted,False,False,False
alpha_369389d0a41270ef,austin96::order5_austin_unknown_E36514_to_E2,2,alps4141+austin96,austin96::order5_austin_unknown_E36514_to_E2 | alps4141::alps_6971ac9553e4_to_Equation2,memory_limit+resource_exhausted,resource_exhausted,resource_exhausted,False,False,False
alpha_83b06312acca45c1,generality34::order5_unknown_finite_status24_E28626_to_E2,1,generality34,generality34::order5_unknown_finite_status24_E28626_to_E2,resource_exhausted,resource_exhausted,resource_exhausted,False,False,False
alpha_762fdabcb1eea5b8,alps4141::alps_9c5dadfcb7df_to_Equation2,1,alps4141,alps4141::alps_9c5dadfcb7df_to_Equation2,memory_limit,resource_exhausted,resource_exhausted,False,False,False
alpha_e6bc256bb0fc54e9,alps4141::alps_79e5732d2f7d_to_Equation2,1,alps4141,alps4141::alps_79e5732d2f7d_to_Equation2,memory_limit,resource_exhausted,resource_exhausted,False,False,False
alpha_0edcdac88b0d2544,alps4141::alps_29a38bb2683d_to_Equation2,1,alps4141,alps4141::alps_29a38bb2683d_to_Equation2,memory_limit,resource_exhausted,resource_exhausted,False,False,False
alpha_d1cbb6a207cffa8c,alps4141::alps_e4b10f99d585_to_Equation2,1,alps4141,alps4141::alps_e4b10f99d585_to_Equation2,memory_limit,resource_exhausted,resource_exhausted,False,False,False
alpha_a3f1bb5b96b2cf8c,alps4141::alps_5cc3b4c39ed0_to_Equation2,1,alps4141,alps4141::alps_5cc3b4c39ed0_to_Equation2,memory_limit,resource_exhausted,resource_exhausted,False,False,False
alpha_8795abf5ffee8492,alps4141::alps_e9b0afe091a4_to_Equation2,1,alps4141,alps4141::alps_e9b0afe091a4_to_Equation2,memory_limit,resource_exhausted,resource_exhausted,False,False,False
alpha_dac5c5c40be4255e,alps4141::alps_b98a9930d8f2_to_Equation2,1,alps4141,alps4141::alps_b98a9930d8f2_to_Equation2,resource_exhausted,resource_exhausted,resource_exhausted,False,False,False
alpha_c17d20fe36b1baaa,alps4141::alps_4d938c3357b7_to_Equation2,1,alps4141,alps4141::alps_4d938c3357b7_to_Equation2,memory_limit,resource_exhausted,resource_exhausted,False,False,False
alpha_daa6f4006830c454,alps4141::alps_86334693eb32_to_Equation2,1,alps4141,alps4141::alps_86334693eb32_to_Equation2,memory_limit,resource_exhausted,memory_limit,False,False,False
alpha_b8e8e26022a21908,alps4141::alps_77c3116e1969_to_Equation2,1,alps4141,alps4141::alps_77c3116e1969_to_Equation2,memory_limit,resource_exhausted,resource_exhausted,False,False,False
alpha_a629450cb6b1e11b,alps4141::alps_2350fcc3c1f0_to_Equation2,1,alps4141,alps4141::alps_2350fcc3c1f0_to_Equation2,memory_limit,resource_exhausted,resource_exhausted,False,False,False
alpha_0621c25352798f25,alps4141::alps_ad3e7888b66f_to_Equation2,1,alps4141,alps4141::alps_ad3e7888b66f_to_Equation2,memory_limit,resource_exhausted,memory_limit,False,False,False
alpha_7450b12755e3d6c2,alps4141::alps_fb2a9dfa6dca_to_Equation2,1,alps4141,alps4141::alps_fb2a9dfa6dca_to_Equation2,memory_limit,resource_exhausted,resource_exhausted,False,False,False
alpha_68ae251f1201a51d,alps4141::alps_5c51c636e873_to_Equation2,1,alps4141,alps4141::alps_5c51c636e873_to_Equation2,memory_limit,resource_exhausted,resource_exhausted,False,False,False
alpha_f9b84efe102c1594,alps4141::alps_7f612b544d87_to_Equation2,1,alps4141,alps4141::alps_7f612b544d87_to_Equation2,resource_exhausted,resource_exhausted,resource_exhausted,False,False,False
alpha_c9523ce7be22e8f6,alps4141::alps_e324e240b850_to_Equation2,1,alps4141,alps4141::alps_e324e240b850_to_Equation2,memory_limit,resource_exhausted,resource_exhausted,False,False,False
alpha_e75627bf84216041,alps4141::alps_c0e16ab180b1_to_Equation2,1,alps4141,alps4141::alps_c0e16ab180b1_to_Equation2,memory_limit,resource_exhausted,resource_exhausted,False,False,False
alpha_63593548caf7700b,alps4141::alps_02ca29b98f9c_to_Equation2,1,alps4141,alps4141::alps_02ca29b98f9c_to_Equation2,resource_exhausted,resource_exhausted,resource_exhausted,False,False,False
alpha_ba6de758e4754b61,alps4141::alps_3e9bde89cf9d_to_Equation2,1,alps4141,alps4141::alps_3e9bde89cf9d_to_Equation2,memory_limit,resource_exhausted,resource_exhausted,False,False,False
alpha_6475e0cdabfa3dab,alps4141::alps_b0a7a31eb851_to_Equation2,1,alps4141,alps4141::alps_b0a7a31eb851_to_Equation2,resource_exhausted,resource_exhausted,resource_exhausted,False,False,False
alpha_0a02a90b3ae1f465,alps4141::alps_17186a9af89b_to_Equation2,1,alps4141,alps4141::alps_17186a9af89b_to_Equation2,memory_limit,resource_exhausted,resource_exhausted,False,False,False
alpha_a50cb5c756e2c3d7,alps4141::alps_6b12b56b3ce0_to_Equation2,1,alps4141,alps4141::alps_6b12b56b3ce0_to_Equation2,memory_limit,resource_exhausted,resource_exhausted,False,False,False
alpha_ff6afe0e51ea579f,alps4141::alps_df5b398261fb_to_Equation2,1,alps4141,alps4141::alps_df5b398261fb_to_Equation2,memory_limit,resource_exhausted,resource_exhausted,False,False,False
alpha_9a06fab803c14424,alps4141::alps_5869379771e2_to_Equation2,1,alps4141,alps4141::alps_5869379771e2_to_Equation2,memory_limit,resource_exhausted,resource_exhausted,False,False,False
alpha_745cc111622f6f23,alps4141::alps_3e5a3ae4db28_to_Equation2,1,alps4141,alps4141::alps_3e5a3ae4db28_to_Equation2,memory_limit,resource_exhausted,resource_exhausted,False,False,False
alpha_33bc79867bf76630,alps4141::alps_3caafc2b9e10_to_Equation2,1,alps4141,alps4141::alps_3caafc2b9e10_to_Equation2,resource_exhausted,resource_exhausted,resource_exhausted,False,False,False
alpha_0f1e67a3e630298f,alps4141::alps_e53a8cc22779_to_Equation2,1,alps4141,alps4141::alps_e53a8cc22779_to_Equation2,resource_exhausted,resource_exhausted,resource_exhausted,False,False,False
alpha_2d2b1fe5dcd9a4f6,austin96::order5_austin_unknown_E36487_to_E2,2,alps4141+austin96,austin96::order5_austin_unknown_E36487_to_E2 | alps4141::alps_bb917a83c330_to_Equation2,resource_exhausted,resource_exhausted,resource_exhausted,False,False,False
alpha_abe99b3c94f42b68,alps4141::alps_5f59412dbeaf_to_Equation2,1,alps4141,alps4141::alps_5f59412dbeaf_to_Equation2,resource_exhausted,theorem,resource_exhausted,True,False,False
alpha_e3730145356a1b56,alps4141::alps_5669778a6eac_to_Equation2,1,alps4141,alps4141::alps_5669778a6eac_to_Equation2,memory_limit,resource_exhausted,resource_exhausted,False,False,False
alpha_b9e4b42170e76c1e,alps4141::alps_9d09deeb03ca_to_Equation2,1,alps4141,alps4141::alps_9d09deeb03ca_to_Equation2,resource_exhausted,resource_exhausted,resource_exhausted,False,False,False
alpha_53094e2ea0aa4636,alps4141::alps_9444d04ef084_to_Equation2,1,alps4141,alps4141::alps_9444d04ef084_to_Equation2,memory_limit,resource_exhausted,resource_exhausted,False,False,False
alpha_6c67e4b420cb98d6,alps4141::alps_de56925acf86_to_Equation2,1,alps4141,alps4141::alps_de56925acf86_to_Equation2,memory_limit,resource_exhausted,resource_exhausted,False,False,False
alpha_24131239bb6af0b2,alps4141::alps_9f14d4d62f0d_to_Equation2,1,alps4141,alps4141::alps_9f14d4d62f0d_to_Equation2,memory_limit,resource_exhausted,memory_limit,False,False,False
alpha_938ebce8f083adc1,alps4141::alps_5ac7489dcb39_to_Equation2,1,alps4141,alps4141::alps_5ac7489dcb39_to_Equation2,memory_limit,resource_exhausted,resource_exhausted,False,False,False
alpha_4b3e2af0462371cb,alps4141::alps_dbc36d5b996b_to_Equation2,1,alps4141,alps4141::alps_dbc36d5b996b_to_Equation2,memory_limit,resource_exhausted,resource_exhausted,False,False,False
alpha_72c4569b35eaab44,alps4141::alps_5b55506bc467_to_Equation2,1,alps4141,alps4141::alps_5b55506bc467_to_Equation2,theorem,theorem,theorem,True,False,False
alpha_97ad1b95abeefa88,alps4141::alps_bd01e2ea60b3_to_Equation2,1,alps4141,alps4141::alps_bd01e2ea60b3_to_Equation2,memory_limit,resource_exhausted,resource_exhausted,False,False,False
alpha_67e2d0d09fa2cfe6,alps4141::alps_984e35cd0eec_to_Equation2,1,alps4141,alps4141::alps_984e35cd0eec_to_Equation2,memory_limit,resource_exhausted,memory_limit,False,False,False
alpha_e8aa1559835d5bcf,alps4141::alps_394e4786ad26_to_Equation2,1,alps4141,alps4141::alps_394e4786ad26_to_Equation2,memory_limit,resource_exhausted,resource_exhausted,False,False,False
alpha_4c73d62e22ca0756,alps4141::alps_d8b9fce3006f_to_Equation2,1,alps4141,alps4141::alps_d8b9fce3006f_to_Equation2,memory_limit,resource_exhausted,memory_limit,False,False,False
alpha_034442bb57f66742,alps4141::alps_623d77321d7d_to_Equation2,1,alps4141,alps4141::alps_623d77321d7d_to_Equation2,memory_limit,resource_exhausted,memory_limit,False,False,False
alpha_e546ea67ccf8136b,alps4141::alps_55a6ab1d5de3_to_Equation2,1,alps4141,alps4141::alps_55a6ab1d5de3_to_Equation2,memory_limit,resource_exhausted,resource_exhausted,False,False,False
alpha_a3105d4768e57ca2,alps4141::alps_882f1a6615b0_to_Equation2,1,alps4141,alps4141::alps_882f1a6615b0_to_Equation2,resource_exhausted,resource_exhausted,resource_exhausted,False,False,False
alpha_631db9bdeef4a960,alps4141::alps_f863f939adc8_to_Equation2,1,alps4141,alps4141::alps_f863f939adc8_to_Equation2,memory_limit,resource_exhausted,memory_limit,False,False,False
alpha_ee159ff12a2d7fa2,alps4141::alps_2a89191ae145_to_Equation2,1,alps4141,alps4141::alps_2a89191ae145_to_Equation2,memory_limit,resource_exhausted,memory_limit,False,False,False
alpha_2055b63bbe52bb4c,alps4141::alps_d4315b489c4b_to_Equation2,1,alps4141,alps4141::alps_d4315b489c4b_to_Equation2,memory_limit,resource_exhausted,memory_limit,False,False,False
alpha_d18668e40be524fa,alps4141::alps_fdc9a34f4b0f_to_Equation2,1,alps4141,alps4141::alps_fdc9a34f4b0f_to_Equation2,memory_limit,resource_exhausted,resource_exhausted,False,False,False
alpha_702ee9f36e515940,alps4141::alps_541c011fea33_to_Equation2,1,alps4141,alps4141::alps_541c011fea33_to_Equation2,memory_limit,resource_exhausted,memory_limit,False,False,False
alpha_48770e2ed13e498b,alps4141::alps_7ac4ff536f4f_to_Equation2,1,alps4141,alps4141::alps_7ac4ff536f4f_to_Equation2,memory_limit,resource_exhausted,memory_limit,False,False,False
alpha_3156ad5521296381,alps4141::alps_ab400187c5b5_to_Equation2,1,alps4141,alps4141::alps_ab400187c5b5_to_Equation2,memory_limit,resource_exhausted,theorem,True,False,False
alpha_a35710d327d37b5a,alps4141::alps_78952cb57d1f_to_Equation2,1,alps4141,alps4141::alps_78952cb57d1f_to_Equation2,memory_limit,resource_exhausted,memory_limit,False,False,False
alpha_48755aa3b424d335,alps4141::alps_cc522aa16a7f_to_Equation2,1,alps4141,alps4141::alps_cc522aa16a7f_to_Equation2,memory_limit,resource_exhausted,resource_exhausted,False,False,False
alpha_9e0265be9013e379,alps4141::alps_97718a700bf7_to_Equation2,1,alps4141,alps4141::alps_97718a700bf7_to_Equation2,memory_limit,resource_exhausted,resource_exhausted,False,False,False
alpha_6f0457b260dad917,alps4141::alps_d27a918c7ed3_to_Equation2,1,alps4141,alps4141::alps_d27a918c7ed3_to_Equation2,memory_limit,resource_exhausted,resource_exhausted,False,False,False
alpha_6cb51baecf978925,alps4141::alps_afa693daf601_to_Equation2,1,alps4141,alps4141::alps_afa693daf601_to_Equation2,memory_limit,resource_exhausted,resource_exhausted,False,False,False
alpha_48534f550d611f25,alps4141::alps_a968f4b14ae7_to_Equation2,1,alps4141,alps4141::alps_a968f4b14ae7_to_Equation2,memory_limit,resource_exhausted,resource_exhausted,False,False,False
alpha_a770b8f58066466a,alps4141::alps_55c93d674b32_to_Equation2,1,alps4141,alps4141::alps_55c93d674b32_to_Equation2,memory_limit,resource_exhausted,resource_exhausted,False,False,False
alpha_65cb90181b5ac685,alps4141::alps_4381e3ad8ceb_to_Equation2,1,alps4141,alps4141::alps_4381e3ad8ceb_to_Equation2,memory_limit,resource_exhausted,resource_exhausted,False,False,False
alpha_653265b4f2f36847,alps4141::alps_edc804ef647e_to_Equation2,1,alps4141,alps4141::alps_edc804ef647e_to_Equation2,memory_limit,resource_exhausted,resource_exhausted,False,False,False
alpha_0489f72e8fcb0138,alps4141::alps_74202355d02b_to_Equation2,1,alps4141,alps4141::alps_74202355d02b_to_Equation2,completed_no_decisive_result,resource_exhausted,resource_exhausted,False,False,False
alpha_6622015bcda0b87f,alps4141::alps_8446bd624130_to_Equation2,1,alps4141,alps4141::alps_8446bd624130_to_Equation2,memory_limit,resource_exhausted,resource_exhausted,False,False,False
alpha_1066d1211e3d54ae,alps4141::alps_c93b47baf284_to_Equation2,1,alps4141,alps4141::alps_c93b47baf284_to_Equation2,memory_limit,resource_exhausted,memory_limit,False,False,False
alpha_538ea4574eaa389f,alps4141::alps_558e06c18165_to_Equation2,1,alps4141,alps4141::alps_558e06c18165_to_Equation2,memory_limit,resource_exhausted,memory_limit,False,False,False
alpha_6d45cd4349c3f562,alps4141::alps_24eb4247460d_to_Equation2,1,alps4141,alps4141::alps_24eb4247460d_to_Equation2,memory_limit,resource_exhausted,memory_limit,False,False,False
alpha_6f5ee55ed2c93c66,alps4141::alps_5341627dfe63_to_Equation2,1,alps4141,alps4141::alps_5341627dfe63_to_Equation2,memory_limit,resource_exhausted,resource_exhausted,False,False,False
alpha_215c3592601490b4,alps4141::alps_3135b021c405_to_Equation2,1,alps4141,alps4141::alps_3135b021c405_to_Equation2,memory_limit,resource_exhausted,memory_limit,False,False,False
alpha_7ce1fcc27163b1d1,alps4141::alps_123bcf868d7f_to_Equation2,1,alps4141,alps4141::alps_123bcf868d7f_to_Equation2,memory_limit,resource_exhausted,memory_limit,False,False,False
alpha_d47e214b75956d5f,alps4141::alps_9f85380b1695_to_Equation2,1,alps4141,alps4141::alps_9f85380b1695_to_Equation2,memory_limit,resource_exhausted,memory_limit,False,False,False
alpha_78760273af6857e8,alps4141::alps_e1f90145dc57_to_Equation2,1,alps4141,alps4141::alps_e1f90145dc57_to_Equation2,memory_limit,resource_exhausted,resource_exhausted,False,False,False
alpha_b49dd757dfa92468,alps4141::alps_f7a667b40e8a_to_Equation2,1,alps4141,alps4141::alps_f7a667b40e8a_to_Equation2,memory_limit,resource_exhausted,resource_exhausted,False,False,False
alpha_556d3ed2a8df41b1,alps4141::alps_2c3a70b2ffd3_to_Equation2,1,alps4141,alps4141::alps_2c3a70b2ffd3_to_Equation2,completed_no_decisive_result,resource_exhausted,resource_exhausted,False,False,False
alpha_a374ab3ad26d5165,alps4141::alps_dae743ec1702_to_Equation2,1,alps4141,alps4141::alps_dae743ec1702_to_Equation2,memory_limit,resource_exhausted,resource_exhausted,False,False,False
alpha_6fe914b79a12d1b8,alps4141::alps_1a88c1791b0b_to_Equation2,1,alps4141,alps4141::alps_1a88c1791b0b_to_Equation2,memory_limit,resource_exhausted,resource_exhausted,False,False,False
alpha_39597832ec6311e6,alps4141::alps_d4c76f9ccf5c_to_Equation2,1,alps4141,alps4141::alps_d4c76f9ccf5c_to_Equation2,memory_limit,resource_exhausted,resource_exhausted,False,False,False
alpha_936ab3a339d488cd,alps4141::alps_7d1ff4c5d2a8_to_Equation2,1,alps4141,alps4141::alps_7d1ff4c5d2a8_to_Equation2,memory_limit,resource_exhausted,resource_exhausted,False,False,False
alpha_7126c0df895c1b16,alps4141::alps_b02277ac4297_to_Equation2,1,alps4141,alps4141::alps_b02277ac4297_to_Equation2,memory_limit,resource_exhausted,memory_limit,False,False,False
alpha_f6729f411e128d16,alps4141::alps_6e2e1fa138fb_to_Equation2,1,alps4141,alps4141::alps_6e2e1fa138fb_to_Equation2,memory_limit,resource_exhausted,resource_exhausted,False,False,False
alpha_60eb64be025a763d,alps4141::alps_fcc0b5c39062_to_Equation2,1,alps4141,alps4141::alps_fcc0b5c39062_to_Equation2,memory_limit,resource_exhausted,resource_exhausted,False,False,False
alpha_48daf2778e06142e,alps4141::alps_a58dbc51fa78_to_Equation2,1,alps4141,alps4141::alps_a58dbc51fa78_to_Equation2,memory_limit,resource_exhausted,resource_exhausted,False,False,False
alpha_a59a5653f77f7746,alps4141::alps_d49deb1dae87_to_Equation2,1,alps4141,alps4141::alps_d49deb1dae87_to_Equation2,memory_limit,resource_exhausted,resource_exhausted,False,False,False
alpha_4908496f095de5b0,alps4141::alps_197e1a0aaebc_to_Equation2,1,alps4141,alps4141::alps_197e1a0aaebc_to_Equation2,resource_exhausted,resource_exhausted,resource_exhausted,False,False,False
alpha_fd23731f66d6c637,alps4141::alps_26f041348fa0_to_Equation2,1,alps4141,alps4141::alps_26f041348fa0_to_Equation2,memory_limit,resource_exhausted,resource_exhausted,False,False,False
alpha_679f09922fd87537,alps4141::alps_34374d08b74b_to_Equation2,1,alps4141,alps4141::alps_34374d08b74b_to_Equation2,memory_limit,resource_exhausted,resource_exhausted,False,False,False
alpha_f7d928eb36d988e1,alps4141::alps_a28479a95936_to_Equation2,1,alps4141,alps4141::alps_a28479a95936_to_Equation2,memory_limit,resource_exhausted,resource_exhausted,False,False,False
alpha_4f60c3cc269c2c21,alps4141::alps_e524cd4172c4_to_Equation2,1,alps4141,alps4141::alps_e524cd4172c4_to_Equation2,memory_limit,resource_exhausted,memory_limit,False,False,False
alpha_49b63af70d8ec27c,alps4141::alps_25e73bc8e5e9_to_Equation2,1,alps4141,alps4141::alps_25e73bc8e5e9_to_Equation2,memory_limit,resource_exhausted,memory_limit,False,False,False
alpha_0f5dd25db0f289b6,alps4141::alps_24b6093d8297_to_Equation2,1,alps4141,alps4141::alps_24b6093d8297_to_Equation2,resource_exhausted,resource_exhausted,memory_limit,False,False,False
alpha_7ff730fcf3a890f5,alps4141::alps_28ba26f10eec_to_Equation2,1,alps4141,alps4141::alps_28ba26f10eec_to_Equation2,resource_exhausted,resource_exhausted,memory_limit,False,False,False
alpha_db7a233d6ff2525b,alps4141::alps_990ceaa2034c_to_Equation2,1,alps4141,alps4141::alps_990ceaa2034c_to_Equation2,resource_exhausted,resource_exhausted,memory_limit,False,False,False
alpha_b8331c1bd4d82a7a,alps4141::alps_325035560fc7_to_Equation2,1,alps4141,alps4141::alps_325035560fc7_to_Equation2,memory_limit,resource_exhausted,memory_limit,False,False,False
alpha_fdfbe241716fef20,alps4141::alps_8934719bc3aa_to_Equation2,1,alps4141,alps4141::alps_8934719bc3aa_to_Equation2,memory_limit,resource_exhausted,memory_limit,False,False,False
alpha_003244b1b8f5a734,alps4141::alps_65d711950f74_to_Equation2,1,alps4141,alps4141::alps_65d711950f74_to_Equation2,resource_exhausted,resource_exhausted,memory_limit,False,False,False
alpha_d0ca7e96218fa468,alps4141::alps_0bfce7a33eb3_to_Equation2,1,alps4141,alps4141::alps_0bfce7a33eb3_to_Equation2,completed_no_decisive_result,resource_exhausted,resource_exhausted,False,False,False
alpha_00cab64ff8d391e7,alps4141::alps_412887ec62ba_to_Equation2,1,alps4141,alps4141::alps_412887ec62ba_to_Equation2,resource_exhausted,resource_exhausted,resource_exhausted,False,False,False
alpha_b824bdca516060fa,alps4141::alps_612e81d52359_to_Equation2,1,alps4141,alps4141::alps_612e81d52359_to_Equation2,resource_exhausted,resource_exhausted,resource_exhausted,False,False,False
alpha_cf812078fe4da723,alps4141::alps_34c94f2fdb65_to_Equation2,1,alps4141,alps4141::alps_34c94f2fdb65_to_Equation2,memory_limit,resource_exhausted,resource_exhausted,False,False,False
alpha_eee00d9ed33bd7aa,alps4141::alps_00db50e94845_to_Equation2,1,alps4141,alps4141::alps_00db50e94845_to_Equation2,memory_limit,resource_exhausted,memory_limit,False,False,False
alpha_b9068d836db8381f,alps4141::alps_d6f9338e3181_to_Equation2,1,alps4141,alps4141::alps_d6f9338e3181_to_Equation2,memory_limit,resource_exhausted,memory_limit,False,False,False
alpha_e6e765b5a70678ae,alps4141::alps_af55106531e8_to_Equation2,1,alps4141,alps4141::alps_af55106531e8_to_Equation2,memory_limit,resource_exhausted,memory_limit,False,False,False
alpha_2fa74d20030d4895,alps4141::alps_f05cc78665a8_to_Equation2,1,alps4141,alps4141::alps_f05cc78665a8_to_Equation2,memory_limit,resource_exhausted,memory_limit,False,False,False
alpha_20dc48f769f91dbe,alps4141::alps_cb522dcca908_to_Equation2,1,alps4141,alps4141::alps_cb522dcca908_to_Equation2,memory_limit,resource_exhausted,resource_exhausted,False,False,False
alpha_084adbd1b67deab8,alps4141::alps_724fd8b0ea46_to_Equation2,1,alps4141,alps4141::alps_724fd8b0ea46_to_Equation2,memory_limit,resource_exhausted,resource_exhausted,False,False,False
alpha_dc6a3391689d1f6e,alps4141::alps_309ca6ae4360_to_Equation2,1,alps4141,alps4141::alps_309ca6ae4360_to_Equation2,resource_exhausted,resource_exhausted,resource_exhausted,False,False,False
alpha_e572265d68b53ebd,alps4141::alps_734a65afc1a7_to_Equation2,1,alps4141,alps4141::alps_734a65afc1a7_to_Equation2,memory_limit,resource_exhausted,resource_exhausted,False,False,False
alpha_7c703d22570f4e40,alps4141::alps_00b4eb2a185c_to_Equation2,1,alps4141,alps4141::alps_00b4eb2a185c_to_Equation2,memory_limit,resource_exhausted,resource_exhausted,False,False,False
alpha_db885a0c567aff57,alps4141::alps_a965cb36f808_to_Equation2,1,alps4141,alps4141::alps_a965cb36f808_to_Equation2,memory_limit,resource_exhausted,resource_exhausted,False,False,False
alpha_044f4c4eab655177,alps4141::alps_21caecbcb0e2_to_Equation2,1,alps4141,alps4141::alps_21caecbcb0e2_to_Equation2,resource_exhausted,theorem,theorem,True,False,False
alpha_25edacc5d9b11a3c,alps4141::alps_e45870897d39_to_Equation2,1,alps4141,alps4141::alps_e45870897d39_to_Equation2,resource_exhausted,resource_exhausted,resource_exhausted,False,False,False
alpha_94f2935ad2573e80,alps4141::alps_4e5c2585620e_to_Equation2,1,alps4141,alps4141::alps_4e5c2585620e_to_Equation2,memory_limit,resource_exhausted,resource_exhausted,False,False,False
alpha_f89d51ed1ae13de0,alps4141::alps_7b717100e6dd_to_Equation2,1,alps4141,alps4141::alps_7b717100e6dd_to_Equation2,memory_limit,resource_exhausted,resource_exhausted,False,False,False
alpha_73d75dda376f1168,alps4141::alps_111395390ed0_to_Equation2,1,alps4141,alps4141::alps_111395390ed0_to_Equation2,memory_limit,resource_exhausted,memory_limit,False,False,False
alpha_70ee2ad77bcf89df,alps4141::alps_c3b7015d2078_to_Equation2,1,alps4141,alps4141::alps_c3b7015d2078_to_Equation2,memory_limit,resource_exhausted,memory_limit,False,False,False
alpha_f083d363c3b278aa,alps4141::alps_79430380b5d1_to_Equation2,1,alps4141,alps4141::alps_79430380b5d1_to_Equation2,memory_limit,resource_exhausted,memory_limit,False,False,False
alpha_428e1c42d105296a,alps4141::alps_78aceee7932b_to_Equation2,1,alps4141,alps4141::alps_78aceee7932b_to_Equation2,memory_limit,resource_exhausted,resource_exhausted,False,False,False
alpha_ecc779163c14e4ec,alps4141::alps_fd2168fb12bd_to_Equation2,1,alps4141,alps4141::alps_fd2168fb12bd_to_Equation2,memory_limit,resource_exhausted,resource_exhausted,False,False,False
alpha_6802d4cce27b3fea,alps4141::alps_75dc72797aaf_to_Equation2,1,alps4141,alps4141::alps_75dc72797aaf_to_Equation2,resource_exhausted,resource_exhausted,resource_exhausted,False,False,False
alpha_d46d358212cd4571,alps4141::alps_1d9c10b6cfba_to_Equation2,1,alps4141,alps4141::alps_1d9c10b6cfba_to_Equation2,resource_exhausted,resource_exhausted,resource_exhausted,False,False,False
alpha_cc44f1374924ff68,alps4141::alps_ca0ad794efaf_to_Equation2,1,alps4141,alps4141::alps_ca0ad794efaf_to_Equation2,theorem,theorem,theorem,True,False,False
alpha_e6dbe8cad7cf7f40,alps4141::alps_89ae96bd145c_to_Equation2,1,alps4141,alps4141::alps_89ae96bd145c_to_Equation2,memory_limit,resource_exhausted,resource_exhausted,False,False,False
alpha_e245ab1d3eca4246,alps4141::alps_e5b43c0abb3b_to_Equation2,1,alps4141,alps4141::alps_e5b43c0abb3b_to_Equation2,memory_limit,resource_exhausted,resource_exhausted,False,False,False
alpha_be1c01277de7ffbd,alps4141::alps_603d9debf1a9_to_Equation2,1,alps4141,alps4141::alps_603d9debf1a9_to_Equation2,resource_exhausted,resource_exhausted,resource_exhausted,False,False,False
alpha_24defe03c9de16d7,alps4141::alps_76fd7e6ef2b0_to_Equation2,1,alps4141,alps4141::alps_76fd7e6ef2b0_to_Equation2,memory_limit,resource_exhausted,resource_exhausted,False,False,False
alpha_52854ebb642f2457,alps4141::alps_4e04d1d04685_to_Equation2,1,alps4141,alps4141::alps_4e04d1d04685_to_Equation2,resource_exhausted,theorem,theorem,True,False,False
alpha_9dc56026ffe50f9a,alps4141::alps_9f94fb8c6f87_to_Equation2,1,alps4141,alps4141::alps_9f94fb8c6f87_to_Equation2,memory_limit,resource_exhausted,resource_exhausted,False,False,False
alpha_1a2f3c7aa681530b,alps4141::alps_24f32b0e9acb_to_Equation2,1,alps4141,alps4141::alps_24f32b0e9acb_to_Equation2,resource_exhausted,resource_exhausted,resource_exhausted,False,False,False
alpha_173e4c0f4637b1d2,alps4141::alps_a4b6022c88dc_to_Equation2,1,alps4141,alps4141::alps_a4b6022c88dc_to_Equation2,resource_exhausted,resource_exhausted,resource_exhausted,False,False,False
alpha_648de229c1af7b96,alps4141::alps_44056ac965e6_to_Equation2,1,alps4141,alps4141::alps_44056ac965e6_to_Equation2,resource_exhausted,resource_exhausted,resource_exhausted,False,False,False
alpha_da9dc996e9205042,alps4141::alps_7ca010d7bc2d_to_Equation2,1,alps4141,alps4141::alps_7ca010d7bc2d_to_Equation2,memory_limit,resource_exhausted,resource_exhausted,False,False,False
alpha_6d05dceda5ab6db3,alps4141::alps_f25434483c45_to_Equation2,1,alps4141,alps4141::alps_f25434483c45_to_Equation2,memory_limit,resource_exhausted,resource_exhausted,False,False,False
alpha_563f806fc41f4f1f,alps4141::alps_e5861ef60978_to_Equation2,1,alps4141,alps4141::alps_e5861ef60978_to_Equation2,memory_limit,resource_exhausted,resource_exhausted,False,False,False
alpha_7d9fdfa1113598af,alps4141::alps_922779d5bb59_to_Equation2,1,alps4141,alps4141::alps_922779d5bb59_to_Equation2,resource_exhausted,resource_exhausted,resource_exhausted,False,False,False
alpha_25403066e3d25922,alps4141::alps_e3f861ed61a6_to_Equation2,1,alps4141,alps4141::alps_e3f861ed61a6_to_Equation2,memory_limit,resource_exhausted,resource_exhausted,False,False,False
alpha_1971406db5a3eb75,alps4141::alps_cc58d75bc96c_to_Equation2,1,alps4141,alps4141::alps_cc58d75bc96c_to_Equation2,memory_limit,resource_exhausted,resource_exhausted,False,False,False
alpha_cc2d73ba541b9a48,alps4141::alps_f4414408d28a_to_Equation2,1,alps4141,alps4141::alps_f4414408d28a_to_Equation2,resource_exhausted,resource_exhausted,resource_exhausted,False,False,False
alpha_fcf1b260fc7f8617,alps4141::alps_dd9be0919e81_to_Equation2,1,alps4141,alps4141::alps_dd9be0919e81_to_Equation2,resource_exhausted,resource_exhausted,resource_exhausted,False,False,False
alpha_0c728f3666b95300,alps4141::alps_b86677ea00e2_to_Equation2,1,alps4141,alps4141::alps_b86677ea00e2_to_Equation2,memory_limit,resource_exhausted,resource_exhausted,False,False,False
alpha_b5f5b14f44e44337,alps4141::alps_12ee626a9a99_to_Equation2,1,alps4141,alps4141::alps_12ee626a9a99_to_Equation2,resource_exhausted,resource_exhausted,resource_exhausted,False,False,False
alpha_b29968837603ff29,alps4141::alps_213f28a62ba2_to_Equation2,1,alps4141,alps4141::alps_213f28a62ba2_to_Equation2,resource_exhausted,resource_exhausted,resource_exhausted,False,False,False
alpha_8c072ca002f43ad8,alps4141::alps_e75a67142611_to_Equation2,1,alps4141,alps4141::alps_e75a67142611_to_Equation2,resource_exhausted,resource_exhausted,resource_exhausted,False,False,False
alpha_3bdbdbb709838fd2,alps4141::alps_45158462aef4_to_Equation2,1,alps4141,alps4141::alps_45158462aef4_to_Equation2,resource_exhausted,resource_exhausted,resource_exhausted,False,False,False
alpha_d63c9ab6d76be9f9,alps4141::alps_577ada8cb8e2_to_Equation2,1,alps4141,alps4141::alps_577ada8cb8e2_to_Equation2,memory_limit,resource_exhausted,resource_exhausted,False,False,False
alpha_5c8735d1a9f92edb,alps4141::alps_cf9a07ee3cef_to_Equation2,1,alps4141,alps4141::alps_cf9a07ee3cef_to_Equation2,memory_limit,resource_exhausted,resource_exhausted,False,False,False
alpha_e2d6f8bfa276e8cc,alps4141::alps_6eb351064611_to_Equation2,1,alps4141,alps4141::alps_6eb351064611_to_Equation2,resource_exhausted,resource_exhausted,resource_exhausted,False,False,False
alpha_f06260301259ea77,alps4141::alps_1e4d5ae5dba9_to_Equation2,1,alps4141,alps4141::alps_1e4d5ae5dba9_to_Equation2,resource_exhausted,resource_exhausted,resource_exhausted,False,False,False
alpha_d1d729ed17c5e23b,alps4141::alps_8398806acbf8_to_Equation2,2,alps4141,alps4141::alps_8398806acbf8_to_Equation2 | alps4141::alps_553ffcdb02cf_to_Equation2,memory_limit+resource_exhausted,resource_exhausted,resource_exhausted,False,False,False
alpha_e59c35b3fdb11a22,alps4141::alps_3093c4527bd0_to_Equation2,1,alps4141,alps4141::alps_3093c4527bd0_to_Equation2,memory_limit,resource_exhausted,resource_exhausted,False,False,False
alpha_be4a840076ffb811,alps4141::alps_f4b5af06ecb1_to_Equation2,1,alps4141,alps4141::alps_f4b5af06ecb1_to_Equation2,memory_limit,resource_exhausted,resource_exhausted,False,False,False
alpha_7e0b404ff4a97cf9,alps4141::alps_75e1306a5df0_to_Equation2,1,alps4141,alps4141::alps_75e1306a5df0_to_Equation2,resource_exhausted,resource_exhausted,resource_exhausted,False,False,False
alpha_32bfdd3a59d8802a,alps4141::alps_b2285ca5a725_to_Equation2,1,alps4141,alps4141::alps_b2285ca5a725_to_Equation2,resource_exhausted,resource_exhausted,resource_exhausted,False,False,False
alpha_30702f58b02d5bdb,alps4141::alps_b92e31c77e06_to_Equation2,1,alps4141,alps4141::alps_b92e31c77e06_to_Equation2,resource_exhausted,resource_exhausted,resource_exhausted,False,False,False
alpha_7107b6694cff5398,alps4141::alps_4f3fbfadc1c3_to_Equation2,1,alps4141,alps4141::alps_4f3fbfadc1c3_to_Equation2,memory_limit,resource_exhausted,resource_exhausted,False,False,False
alpha_2a3a6323bdcc32cc,alps4141::alps_bd60db2fe289_to_Equation2,1,alps4141,alps4141::alps_bd60db2fe289_to_Equation2,memory_limit,resource_exhausted,resource_exhausted,False,False,False
alpha_bf34c957c793b44c,alps4141::alps_0f0087cbb789_to_Equation2,1,alps4141,alps4141::alps_0f0087cbb789_to_Equation2,memory_limit,resource_exhausted,resource_exhausted,False,False,False
alpha_093eccc62f3ea616,alps4141::alps_a7eda6ce392d_to_Equation2,1,alps4141,alps4141::alps_a7eda6ce392d_to_Equation2,memory_limit,resource_exhausted,resource_exhausted,False,False,False
alpha_eed363666a90d507,alps4141::alps_053681416e9f_to_Equation2,1,alps4141,alps4141::alps_053681416e9f_to_Equation2,memory_limit,resource_exhausted,resource_exhausted,False,False,False
alpha_96e388c7fdf00946,alps4141::alps_513c839ee190_to_Equation2,1,alps4141,alps4141::alps_513c839ee190_to_Equation2,memory_limit,resource_exhausted,resource_exhausted,False,False,False
alpha_caf2ed5ea1d6be2e,alps4141::alps_76e0c0d55e7b_to_Equation2,1,alps4141,alps4141::alps_76e0c0d55e7b_to_Equation2,resource_exhausted,resource_exhausted,resource_exhausted,False,False,False
alpha_ca77b5704cd38cc5,alps4141::alps_1c035970e35f_to_Equation2,1,alps4141,alps4141::alps_1c035970e35f_to_Equation2,resource_exhausted,resource_exhausted,resource_exhausted,False,False,False
alpha_552b2f45fc810163,alps4141::alps_d90afd14c10f_to_Equation2,1,alps4141,alps4141::alps_d90afd14c10f_to_Equation2,memory_limit,resource_exhausted,resource_exhausted,False,False,False
alpha_b62ed8092e03f58f,alps4141::alps_c19a9ac3ccad_to_Equation2,1,alps4141,alps4141::alps_c19a9ac3ccad_to_Equation2,resource_exhausted,resource_exhausted,memory_limit,False,False,False
alpha_28a84376e351b16a,alps4141::alps_a6c6efa951d8_to_Equation2,1,alps4141,alps4141::alps_a6c6efa951d8_to_Equation2,resource_exhausted,resource_exhausted,memory_limit,False,False,False
alpha_91cd8d6b790fc647,alps4141::alps_09e207fcd138_to_Equation2,1,alps4141,alps4141::alps_09e207fcd138_to_Equation2,resource_exhausted,resource_exhausted,memory_limit,False,False,False
alpha_92bb1584b9795d47,alps4141::alps_78ba7bc7e2e5_to_Equation2,1,alps4141,alps4141::alps_78ba7bc7e2e5_to_Equation2,memory_limit,resource_exhausted,resource_exhausted,False,False,False
alpha_93ef547ea0852d4b,alps4141::alps_699e0ff8d8d1_to_Equation2,1,alps4141,alps4141::alps_699e0ff8d8d1_to_Equation2,resource_exhausted,resource_exhausted,resource_exhausted,False,False,False
alpha_ddfb65913f00fa2d,alps4141::alps_c909970e9942_to_Equation2,1,alps4141,alps4141::alps_c909970e9942_to_Equation2,memory_limit,resource_exhausted,resource_exhausted,False,False,False
alpha_9f5e1421173dde4f,alps4141::alps_fcf478066d99_to_Equation2,1,alps4141,alps4141::alps_fcf478066d99_to_Equation2,resource_exhausted,resource_exhausted,resource_exhausted,False,False,False
alpha_f07d9d1c8df2eaa8,alps4141::alps_81bf77be1f80_to_Equation2,1,alps4141,alps4141::alps_81bf77be1f80_to_Equation2,memory_limit,resource_exhausted,memory_limit,False,False,False
alpha_3193c56142415165,alps4141::alps_64262e14e0c0_to_Equation2,1,alps4141,alps4141::alps_64262e14e0c0_to_Equation2,memory_limit,resource_exhausted,resource_exhausted,False,False,False
alpha_9edece784dca38cb,alps4141::alps_f67fec423034_to_Equation2,1,alps4141,alps4141::alps_f67fec423034_to_Equation2,resource_exhausted,resource_exhausted,resource_exhausted,False,False,False
alpha_28c546936bf38fa7,alps4141::alps_b728f8456bbb_to_Equation2,1,alps4141,alps4141::alps_b728f8456bbb_to_Equation2,resource_exhausted,resource_exhausted,resource_exhausted,False,False,False
alpha_ddc698b4342bfa99,alps4141::alps_3ab652812345_to_Equation2,1,alps4141,alps4141::alps_3ab652812345_to_Equation2,memory_limit,resource_exhausted,resource_exhausted,False,False,False
alpha_5474a001926b0333,alps4141::alps_b7651765861b_to_Equation2,1,alps4141,alps4141::alps_b7651765861b_to_Equation2,memory_limit,resource_exhausted,resource_exhausted,False,False,False
alpha_063d21f0c4277df1,alps4141::alps_ef680f450617_to_Equation2,1,alps4141,alps4141::alps_ef680f450617_to_Equation2,resource_exhausted,resource_exhausted,resource_exhausted,False,False,False
alpha_2257bde389429166,alps4141::alps_ad27be9cb3bd_to_Equation2,1,alps4141,alps4141::alps_ad27be9cb3bd_to_Equation2,resource_exhausted,resource_exhausted,resource_exhausted,False,False,False
alpha_f4aa350942d9d8bb,alps4141::alps_35e65fb365f8_to_Equation2,1,alps4141,alps4141::alps_35e65fb365f8_to_Equation2,memory_limit,resource_exhausted,resource_exhausted,False,False,False
alpha_3569ccb118556853,alps4141::alps_57d11fdf626c_to_Equation2,1,alps4141,alps4141::alps_57d11fdf626c_to_Equation2,memory_limit,resource_exhausted,resource_exhausted,False,False,False
alpha_70d26da9170ca340,alps4141::alps_3709b198a336_to_Equation2,1,alps4141,alps4141::alps_3709b198a336_to_Equation2,memory_limit,resource_exhausted,resource_exhausted,False,False,False
alpha_a40744f046916b0d,alps4141::alps_f027da05a2b9_to_Equation2,1,alps4141,alps4141::alps_f027da05a2b9_to_Equation2,resource_exhausted,resource_exhausted,resource_exhausted,False,False,False
alpha_b240c3c9bd705c60,alps4141::alps_f1cc0f0c1481_to_Equation2,1,alps4141,alps4141::alps_f1cc0f0c1481_to_Equation2,memory_limit,resource_exhausted,resource_exhausted,False,False,False
alpha_1a998b53bf76867d,alps4141::alps_e272a21e27f4_to_Equation2,1,alps4141,alps4141::alps_e272a21e27f4_to_Equation2,resource_exhausted,resource_exhausted,resource_exhausted,False,False,False
alpha_cd148c33f9b1b902,alps4141::alps_601ec6f1ba38_to_Equation2,1,alps4141,alps4141::alps_601ec6f1ba38_to_Equation2,memory_limit,resource_exhausted,resource_exhausted,False,False,False
alpha_3977ac999f8ed7b0,alps4141::alps_d42a43ae754e_to_Equation2,1,alps4141,alps4141::alps_d42a43ae754e_to_Equation2,memory_limit,resource_exhausted,resource_exhausted,False,False,False
alpha_5d5b3bf0a5f807a9,alps4141::alps_cb37ccfa1a8b_to_Equation2,1,alps4141,alps4141::alps_cb37ccfa1a8b_to_Equation2,resource_exhausted,resource_exhausted,resource_exhausted,False,False,False
alpha_2210d069effeef2c,alps4141::alps_54c6d565fe4d_to_Equation2,1,alps4141,alps4141::alps_54c6d565fe4d_to_Equation2,resource_exhausted,resource_exhausted,resource_exhausted,False,False,False
alpha_5b5b1ee2f8172c90,alps4141::alps_f4c89e59c5cc_to_Equation2,1,alps4141,alps4141::alps_f4c89e59c5cc_to_Equation2,memory_limit,resource_exhausted,resource_exhausted,False,False,False
alpha_8784f299d6f6d7bf,alps4141::alps_43722ab0beb3_to_Equation2,1,alps4141,alps4141::alps_43722ab0beb3_to_Equation2,resource_exhausted,resource_exhausted,resource_exhausted,False,False,False
alpha_f89707844a600770,alps4141::alps_1f68a002a009_to_Equation2,1,alps4141,alps4141::alps_1f68a002a009_to_Equation2,resource_exhausted,resource_exhausted,resource_exhausted,False,False,False
alpha_9cbcd73fba06020d,alps4141::alps_6f09c2101482_to_Equation2,1,alps4141,alps4141::alps_6f09c2101482_to_Equation2,resource_exhausted,resource_exhausted,resource_exhausted,False,False,False
alpha_52869eee95160e4d,alps4141::alps_031810f72957_to_Equation2,1,alps4141,alps4141::alps_031810f72957_to_Equation2,resource_exhausted,resource_exhausted,resource_exhausted,False,False,False
alpha_78e5b156899b7289,alps4141::alps_084ed9371cdc_to_Equation2,1,alps4141,alps4141::alps_084ed9371cdc_to_Equation2,memory_limit,resource_exhausted,resource_exhausted,False,False,False
alpha_0fa136ab2db3beb5,alps4141::alps_3463e7e83805_to_Equation2,1,alps4141,alps4141::alps_3463e7e83805_to_Equation2,memory_limit,resource_exhausted,resource_exhausted,False,False,False
alpha_02a3e48d58dcdc22,alps4141::alps_3728d5a97838_to_Equation2,1,alps4141,alps4141::alps_3728d5a97838_to_Equation2,resource_exhausted,resource_exhausted,resource_exhausted,False,False,False
alpha_5488f9d9d844baa8,alps4141::alps_baf47e5a267d_to_Equation2,1,alps4141,alps4141::alps_baf47e5a267d_to_Equation2,resource_exhausted,resource_exhausted,resource_exhausted,False,False,False
alpha_9914f4cb0bab31d4,alps4141::alps_706348c92dd1_to_Equation2,1,alps4141,alps4141::alps_706348c92dd1_to_Equation2,resource_exhausted,resource_exhausted,resource_exhausted,False,False,False
alpha_7ca1b713708f637a,alps4141::alps_995ff5421fa4_to_Equation2,1,alps4141,alps4141::alps_995ff5421fa4_to_Equation2,resource_exhausted,resource_exhausted,resource_exhausted,False,False,False
alpha_5559ebca35b806e4,alps4141::alps_ceab6b64d065_to_Equation2,1,alps4141,alps4141::alps_ceab6b64d065_to_Equation2,resource_exhausted,resource_exhausted,resource_exhausted,False,False,False
alpha_f64e4bbbeb9cf29f,alps4141::alps_9282b15754ee_to_Equation2,1,alps4141,alps4141::alps_9282b15754ee_to_Equation2,resource_exhausted,resource_exhausted,resource_exhausted,False,False,False
alpha_fbb54463b7033c27,alps4141::alps_bd6df4a587e3_to_Equation2,1,alps4141,alps4141::alps_bd6df4a587e3_to_Equation2,memory_limit,resource_exhausted,resource_exhausted,False,False,False
alpha_a15c1b432876931a,alps4141::alps_ccd87a647f72_to_Equation2,1,alps4141,alps4141::alps_ccd87a647f72_to_Equation2,memory_limit,resource_exhausted,resource_exhausted,False,False,False
alpha_ed26c30976dd3b63,alps4141::alps_9818fbfeb9a3_to_Equation2,1,alps4141,alps4141::alps_9818fbfeb9a3_to_Equation2,memory_limit,resource_exhausted,resource_exhausted,False,False,False
alpha_f63e2f2e21795023,alps4141::alps_71b2b06300c0_to_Equation2,1,alps4141,alps4141::alps_71b2b06300c0_to_Equation2,resource_exhausted,resource_exhausted,resource_exhausted,False,False,False
alpha_99bc3e48bce07b4e,alps4141::alps_f303159cf59f_to_Equation2,1,alps4141,alps4141::alps_f303159cf59f_to_Equation2,memory_limit,resource_exhausted,resource_exhausted,False,False,False
alpha_c483d68dfdd7a8ed,alps4141::alps_3997b4819563_to_Equation2,1,alps4141,alps4141::alps_3997b4819563_to_Equation2,memory_limit,resource_exhausted,resource_exhausted,False,False,False
alpha_ae699a8fce58b4b1,alps4141::alps_fa47a75e5678_to_Equation2,1,alps4141,alps4141::alps_fa47a75e5678_to_Equation2,resource_exhausted,resource_exhausted,resource_exhausted,False,False,False
alpha_b8161d935d8fb3bf,alps4141::alps_51d440a57304_to_Equation2,1,alps4141,alps4141::alps_51d440a57304_to_Equation2,memory_limit,resource_exhausted,resource_exhausted,False,False,False
alpha_3ff6d1a8ff600185,alps4141::alps_3f6750716efb_to_Equation2,1,alps4141,alps4141::alps_3f6750716efb_to_Equation2,resource_exhausted,resource_exhausted,resource_exhausted,False,False,False
alpha_29998e017767d4ee,alps4141::alps_33f7a168ae28_to_Equation2,1,alps4141,alps4141::alps_33f7a168ae28_to_Equation2,resource_exhausted,resource_exhausted,resource_exhausted,False,False,False
alpha_2275b0bdec0a495d,alps4141::alps_039c0d5d9dff_to_Equation2,1,alps4141,alps4141::alps_039c0d5d9dff_to_Equation2,memory_limit,resource_exhausted,resource_exhausted,False,False,False
alpha_332986a3c3f3d7b8,alps4141::alps_76d7db422975_to_Equation2,1,alps4141,alps4141::alps_76d7db422975_to_Equation2,memory_limit,resource_exhausted,resource_exhausted,False,False,False
alpha_ecb5ff4712250036,alps4141::alps_d694e2876fc0_to_Equation2,1,alps4141,alps4141::alps_d694e2876fc0_to_Equation2,resource_exhausted,resource_exhausted,resource_exhausted,False,False,False
alpha_377e441ae5002e39,alps4141::alps_604cc83514b7_to_Equation2,1,alps4141,alps4141::alps_604cc83514b7_to_Equation2,resource_exhausted,resource_exhausted,resource_exhausted,False,False,False
alpha_ea4624e79a863934,alps4141::alps_4f4739f67dbf_to_Equation2,1,alps4141,alps4141::alps_4f4739f67dbf_to_Equation2,memory_limit,resource_exhausted,resource_exhausted,False,False,False
alpha_7e7e2068d5e7a8f4,alps4141::alps_3122bfe3129e_to_Equation2,1,alps4141,alps4141::alps_3122bfe3129e_to_Equation2,completed_no_decisive_result,resource_exhausted,resource_exhausted,False,False,False
alpha_a0691cbc706543ca,alps4141::alps_fc45f2e12701_to_Equation2,1,alps4141,alps4141::alps_fc45f2e12701_to_Equation2,memory_limit,resource_exhausted,resource_exhausted,False,False,False
alpha_706d437019954ea3,alps4141::alps_00b9f6c0079c_to_Equation2,1,alps4141,alps4141::alps_00b9f6c0079c_to_Equation2,resource_exhausted,resource_exhausted,resource_exhausted,False,False,False
alpha_6124c804c36ccd3f,alps4141::alps_05a7013c694e_to_Equation2,1,alps4141,alps4141::alps_05a7013c694e_to_Equation2,memory_limit,resource_exhausted,resource_exhausted,False,False,False
alpha_43f0519cb2440220,alps4141::alps_77b497fa6135_to_Equation2,1,alps4141,alps4141::alps_77b497fa6135_to_Equation2,resource_exhausted,resource_exhausted,memory_limit,False,False,False
alpha_307cf9fc063b2447,alps4141::alps_dfd8bb99d39f_to_Equation2,1,alps4141,alps4141::alps_dfd8bb99d39f_to_Equation2,resource_exhausted,resource_exhausted,memory_limit,False,False,False
alpha_cf86c1f98a10d855,alps4141::alps_7792a9777946_to_Equation2,1,alps4141,alps4141::alps_7792a9777946_to_Equation2,memory_limit,resource_exhausted,memory_limit,False,False,False
alpha_81a66cf0102d4ff9,alps4141::alps_ac9ecf9f1cb6_to_Equation2,1,alps4141,alps4141::alps_ac9ecf9f1cb6_to_Equation2,resource_exhausted,resource_exhausted,theorem,True,False,False
alpha_73cb60fb13dba906,alps4141::alps_4392b0c81701_to_Equation2,1,alps4141,alps4141::alps_4392b0c81701_to_Equation2,resource_exhausted,resource_exhausted,memory_limit,False,False,False
alpha_0db2ae17257ba7ac,alps4141::alps_bbd3128f1496_to_Equation2,1,alps4141,alps4141::alps_bbd3128f1496_to_Equation2,memory_limit,resource_exhausted,resource_exhausted,False,False,False
alpha_e977532f89fce6b9,alps4141::alps_d95d8937f2bc_to_Equation2,1,alps4141,alps4141::alps_d95d8937f2bc_to_Equation2,memory_limit,resource_exhausted,resource_exhausted,False,False,False
alpha_ecf0c0f8bbf65d1e,alps4141::alps_08006ece6035_to_Equation2,1,alps4141,alps4141::alps_08006ece6035_to_Equation2,memory_limit,resource_exhausted,resource_exhausted,False,False,False
alpha_152fbcf4385cc093,alps4141::alps_9797be43e864_to_Equation2,1,alps4141,alps4141::alps_9797be43e864_to_Equation2,memory_limit,resource_exhausted,memory_limit,False,False,False
alpha_76e9bfdc69cd4894,alps4141::alps_f3b9134412df_to_Equation2,1,alps4141,alps4141::alps_f3b9134412df_to_Equation2,resource_exhausted,resource_exhausted,memory_limit,False,False,False
alpha_444e654253a411e6,alps4141::alps_aa6c247393a2_to_Equation2,1,alps4141,alps4141::alps_aa6c247393a2_to_Equation2,memory_limit,resource_exhausted,resource_exhausted,False,False,False
alpha_7e06044f7a04e908,alps4141::alps_fb736895a144_to_Equation2,1,alps4141,alps4141::alps_fb736895a144_to_Equation2,memory_limit,resource_exhausted,memory_limit,False,False,False
alpha_940c046efc0a4ab8,alps4141::alps_c983d4e02a4c_to_Equation2,1,alps4141,alps4141::alps_c983d4e02a4c_to_Equation2,memory_limit,resource_exhausted,resource_exhausted,False,False,False
alpha_9387ff5c7c4dcade,austin96::order5_austin_unknown_E38249_to_E2,2,alps4141+austin96,austin96::order5_austin_unknown_E38249_to_E2 | alps4141::alps_4157824084b3_to_Equation2,resource_exhausted,resource_exhausted,memory_limit,False,False,False
alpha_3964658772a2969a,alps4141::alps_488d45b357e9_to_Equation2,1,alps4141,alps4141::alps_488d45b357e9_to_Equation2,memory_limit,resource_exhausted,memory_limit,False,False,False
alpha_9612930105eb9096,alps4141::alps_82434cf08c3d_to_Equation2,1,alps4141,alps4141::alps_82434cf08c3d_to_Equation2,memory_limit,resource_exhausted,resource_exhausted,False,False,False
alpha_55f7ce200ab03e36,alps4141::alps_2cd024f6056d_to_Equation2,1,alps4141,alps4141::alps_2cd024f6056d_to_Equation2,memory_limit,resource_exhausted,resource_exhausted,False,False,False
alpha_d798631c1ebf9e7c,alps4141::alps_7cf1cbe07d96_to_Equation2,1,alps4141,alps4141::alps_7cf1cbe07d96_to_Equation2,memory_limit,resource_exhausted,resource_exhausted,False,False,False
alpha_e49bc84f7a80e090,alps4141::alps_743a06c002bd_to_Equation2,1,alps4141,alps4141::alps_743a06c002bd_to_Equation2,memory_limit,resource_exhausted,resource_exhausted,False,False,False
alpha_5a02f9e9c83734d1,alps4141::alps_ec161154788b_to_Equation2,1,alps4141,alps4141::alps_ec161154788b_to_Equation2,memory_limit,resource_exhausted,resource_exhausted,False,False,False
alpha_6386eea540c334e1,alps4141::alps_857ba3d7a58b_to_Equation2,1,alps4141,alps4141::alps_857ba3d7a58b_to_Equation2,memory_limit,resource_exhausted,resource_exhausted,False,False,False
alpha_c857ce3b920d5ee0,alps4141::alps_7407ed3d305d_to_Equation2,1,alps4141,alps4141::alps_7407ed3d305d_to_Equation2,memory_limit,resource_exhausted,resource_exhausted,False,False,False
alpha_e65881c61a437e8f,alps4141::alps_82a089a6bb18_to_Equation2,1,alps4141,alps4141::alps_82a089a6bb18_to_Equation2,memory_limit,resource_exhausted,resource_exhausted,False,False,False
alpha_7ea8be8a5c109dec,alps4141::alps_096d4b21bbd9_to_Equation2,1,alps4141,alps4141::alps_096d4b21bbd9_to_Equation2,resource_exhausted,resource_exhausted,resource_exhausted,False,False,False
alpha_14438a4edcfa9698,alps4141::alps_8174827a7e03_to_Equation2,1,alps4141,alps4141::alps_8174827a7e03_to_Equation2,resource_exhausted,resource_exhausted,resource_exhausted,False,False,False
alpha_2969a7297773e18e,alps4141::alps_6c0ee1713130_to_Equation2,1,alps4141,alps4141::alps_6c0ee1713130_to_Equation2,resource_exhausted,resource_exhausted,resource_exhausted,False,False,False
alpha_61a1b966c2320ccc,alps4141::alps_3b5eebf7f392_to_Equation2,1,alps4141,alps4141::alps_3b5eebf7f392_to_Equation2,memory_limit,resource_exhausted,resource_exhausted,False,False,False
alpha_8d37505d28939e83,alps4141::alps_5b6a61fc3a8b_to_Equation2,1,alps4141,alps4141::alps_5b6a61fc3a8b_to_Equation2,memory_limit,resource_exhausted,resource_exhausted,False,False,False
alpha_2100637347e434db,alps4141::alps_3a514e3d9f55_to_Equation2,1,alps4141,alps4141::alps_3a514e3d9f55_to_Equation2,memory_limit,resource_exhausted,resource_exhausted,False,False,False
alpha_24c85f397e097ba6,alps4141::alps_c8fad894d56f_to_Equation2,1,alps4141,alps4141::alps_c8fad894d56f_to_Equation2,memory_limit,resource_exhausted,resource_exhausted,False,False,False
alpha_c5ed8fdc81c51da0,alps4141::alps_0c9b93948646_to_Equation2,1,alps4141,alps4141::alps_0c9b93948646_to_Equation2,memory_limit,resource_exhausted,resource_exhausted,False,False,False
alpha_2bc96c5f287e6c05,alps4141::alps_4d9e0456728e_to_Equation2,1,alps4141,alps4141::alps_4d9e0456728e_to_Equation2,memory_limit,resource_exhausted,resource_exhausted,False,False,False
alpha_e704e3e0a960326b,alps4141::alps_b799446f80c9_to_Equation2,1,alps4141,alps4141::alps_b799446f80c9_to_Equation2,memory_limit,resource_exhausted,resource_exhausted,False,False,False
alpha_7294d4ecdeb9256b,alps4141::alps_30dfff2b4d8e_to_Equation2,1,alps4141,alps4141::alps_30dfff2b4d8e_to_Equation2,memory_limit,resource_exhausted,memory_limit,False,False,False
alpha_9343cf01c9977df4,alps4141::alps_580f0d144a6e_to_Equation2,1,alps4141,alps4141::alps_580f0d144a6e_to_Equation2,memory_limit,resource_exhausted,resource_exhausted,False,False,False
alpha_be656d7bad7235f5,alps4141::alps_0de8f3668bfa_to_Equation2,1,alps4141,alps4141::alps_0de8f3668bfa_to_Equation2,memory_limit,resource_exhausted,resource_exhausted,False,False,False
alpha_b951a35899e2cf45,alps4141::alps_81a88962193e_to_Equation2,1,alps4141,alps4141::alps_81a88962193e_to_Equation2,memory_limit,resource_exhausted,resource_exhausted,False,False,False
alpha_b3806b2eb7943364,alps4141::alps_a67096f066e9_to_Equation2,1,alps4141,alps4141::alps_a67096f066e9_to_Equation2,memory_limit,resource_exhausted,resource_exhausted,False,False,False
alpha_850b14ccfb347fab,alps4141::alps_b449a4846784_to_Equation2,1,alps4141,alps4141::alps_b449a4846784_to_Equation2,memory_limit,resource_exhausted,resource_exhausted,False,False,False
alpha_fec6f95ce74e376f,alps4141::alps_90db075c1d91_to_Equation2,1,alps4141,alps4141::alps_90db075c1d91_to_Equation2,memory_limit,resource_exhausted,resource_exhausted,False,False,False
alpha_1bf96d8fb25655bd,alps4141::alps_40d539b70223_to_Equation2,1,alps4141,alps4141::alps_40d539b70223_to_Equation2,resource_exhausted,resource_exhausted,resource_exhausted,False,False,False
alpha_e34998e4dc9a59eb,alps4141::alps_ba2335efd6d5_to_Equation2,1,alps4141,alps4141::alps_ba2335efd6d5_to_Equation2,memory_limit,resource_exhausted,resource_exhausted,False,False,False
alpha_a12e74c52e9eaf64,alps4141::alps_54137ca21fac_to_Equation2,1,alps4141,alps4141::alps_54137ca21fac_to_Equation2,memory_limit,resource_exhausted,resource_exhausted,False,False,False
alpha_cc65f79721332535,austin96::order5_austin_unknown_E38316_to_E2,2,alps4141+austin96,austin96::order5_austin_unknown_E38316_to_E2 | alps4141::alps_a2f0ae56f7b8_to_Equation2,resource_exhausted,resource_exhausted,resource_exhausted,False,False,False
alpha_ff556f4f272d8851,alps4141::alps_d1eb546d83eb_to_Equation2,1,alps4141,alps4141::alps_d1eb546d83eb_to_Equation2,memory_limit,resource_exhausted,resource_exhausted,False,False,False
alpha_f1bd38f796662281,austin96::order5_austin_unknown_E38303_to_E2,2,alps4141+austin96,austin96::order5_austin_unknown_E38303_to_E2 | alps4141::alps_a81ce0fe4b15_to_Equation2,memory_limit,resource_exhausted,resource_exhausted,False,False,False
alpha_bdd6783f23e76376,austin96::order5_austin_unknown_E38565_to_E2,2,alps4141+austin96,austin96::order5_austin_unknown_E38565_to_E2 | alps4141::alps_37a16d42de2f_to_Equation2,resource_exhausted,resource_exhausted,resource_exhausted,False,False,False
alpha_50a8461f2b9e1d98,alps4141::alps_b668f904ff2e_to_Equation2,1,alps4141,alps4141::alps_b668f904ff2e_to_Equation2,memory_limit,resource_exhausted,resource_exhausted,False,False,False
alpha_38944a8e9a298ffb,alps4141::alps_e7f1ee713cd5_to_Equation2,1,alps4141,alps4141::alps_e7f1ee713cd5_to_Equation2,memory_limit,resource_exhausted,resource_exhausted,False,False,False
alpha_76cdb55d9b663647,alps4141::alps_56d4a05a4620_to_Equation2,1,alps4141,alps4141::alps_56d4a05a4620_to_Equation2,theorem,memory_limit,theorem,True,False,False
alpha_b68920c4a5edea2c,alps4141::alps_d517a789940d_to_Equation2,1,alps4141,alps4141::alps_d517a789940d_to_Equation2,memory_limit,resource_exhausted,resource_exhausted,False,False,False
alpha_59be3a736ee386c0,alps4141::alps_fd0c59424c06_to_Equation2,1,alps4141,alps4141::alps_fd0c59424c06_to_Equation2,memory_limit,resource_exhausted,resource_exhausted,False,False,False
alpha_caa8524f74ec179a,alps4141::alps_82c526712dd8_to_Equation2,1,alps4141,alps4141::alps_82c526712dd8_to_Equation2,memory_limit,resource_exhausted,resource_exhausted,False,False,False
alpha_e087b27b60151234,alps4141::alps_d12c83dda105_to_Equation2,1,alps4141,alps4141::alps_d12c83dda105_to_Equation2,memory_limit,resource_exhausted,memory_limit,False,False,False
alpha_99ab55bfd1c024dd,alps4141::alps_4a826d96fd5b_to_Equation2,1,alps4141,alps4141::alps_4a826d96fd5b_to_Equation2,memory_limit,resource_exhausted,memory_limit,False,False,False
alpha_02ccdf92bf459c59,alps4141::alps_730b1c641ac6_to_Equation2,1,alps4141,alps4141::alps_730b1c641ac6_to_Equation2,memory_limit,resource_exhausted,resource_exhausted,False,False,False
alpha_5647b5884862b3c9,alps4141::alps_75e416e92be7_to_Equation2,1,alps4141,alps4141::alps_75e416e92be7_to_Equation2,memory_limit,resource_exhausted,resource_exhausted,False,False,False
alpha_73639133661246f2,alps4141::alps_b452db7c2acd_to_Equation2,1,alps4141,alps4141::alps_b452db7c2acd_to_Equation2,resource_exhausted,resource_exhausted,resource_exhausted,False,False,False
alpha_49d534e354bf48fc,alps4141::alps_df4de8e608b3_to_Equation2,1,alps4141,alps4141::alps_df4de8e608b3_to_Equation2,resource_exhausted,resource_exhausted,resource_exhausted,False,False,False
alpha_abbe581bba0236c0,alps4141::alps_46f226677cf0_to_Equation2,1,alps4141,alps4141::alps_46f226677cf0_to_Equation2,memory_limit,resource_exhausted,resource_exhausted,False,False,False
alpha_4cdbbbafcd5a3a18,alps4141::alps_d4975bec4113_to_Equation2,1,alps4141,alps4141::alps_d4975bec4113_to_Equation2,memory_limit,resource_exhausted,resource_exhausted,False,False,False
alpha_244baa5414c16f2e,alps4141::alps_a2fe5fb28c3b_to_Equation2,1,alps4141,alps4141::alps_a2fe5fb28c3b_to_Equation2,memory_limit,resource_exhausted,resource_exhausted,False,False,False
alpha_ab90d9a46c426a42,alps4141::alps_ac7c13fb671c_to_Equation2,1,alps4141,alps4141::alps_ac7c13fb671c_to_Equation2,memory_limit,resource_exhausted,resource_exhausted,False,False,False
alpha_e41e7fcfdadfb257,alps4141::alps_5ec4419d59b6_to_Equation2,1,alps4141,alps4141::alps_5ec4419d59b6_to_Equation2,memory_limit,resource_exhausted,resource_exhausted,False,False,False
alpha_e9561e7ff64a65fc,alps4141::alps_be634bc5d291_to_Equation2,1,alps4141,alps4141::alps_be634bc5d291_to_Equation2,memory_limit,resource_exhausted,resource_exhausted,False,False,False
alpha_091a37ebaf9c726d,alps4141::alps_354703d114ff_to_Equation2,1,alps4141,alps4141::alps_354703d114ff_to_Equation2,memory_limit,resource_exhausted,resource_exhausted,False,False,False
alpha_d196c030315ea5db,alps4141::alps_0bbcb1fb09a8_to_Equation2,1,alps4141,alps4141::alps_0bbcb1fb09a8_to_Equation2,resource_exhausted,resource_exhausted,resource_exhausted,False,False,False
alpha_7f180178cbb88e66,alps4141::alps_fb1d88585e48_to_Equation2,1,alps4141,alps4141::alps_fb1d88585e48_to_Equation2,memory_limit,resource_exhausted,resource_exhausted,False,False,False
alpha_091e48ad28fa2e47,alps4141::alps_23a974ca0108_to_Equation2,1,alps4141,alps4141::alps_23a974ca0108_to_Equation2,memory_limit,resource_exhausted,resource_exhausted,False,False,False
alpha_f78339eec8d9ae85,alps4141::alps_cd84542a48ae_to_Equation2,1,alps4141,alps4141::alps_cd84542a48ae_to_Equation2,resource_exhausted,resource_exhausted,resource_exhausted,False,False,False
alpha_cfe85ef26d6d0293,alps4141::alps_46648072f2c6_to_Equation2,1,alps4141,alps4141::alps_46648072f2c6_to_Equation2,memory_limit,resource_exhausted,resource_exhausted,False,False,False
alpha_26859264d34e0f0a,alps4141::alps_8d62b8fe874b_to_Equation2,1,alps4141,alps4141::alps_8d62b8fe874b_to_Equation2,resource_exhausted,resource_exhausted,theorem,True,False,False
alpha_6e2b5548d869665b,alps4141::alps_d4b5cb18129e_to_Equation2,1,alps4141,alps4141::alps_d4b5cb18129e_to_Equation2,resource_exhausted,resource_exhausted,resource_exhausted,False,False,False
alpha_826284d828407f05,alps4141::alps_ccbb8f189b15_to_Equation2,1,alps4141,alps4141::alps_ccbb8f189b15_to_Equation2,memory_limit,resource_exhausted,resource_exhausted,False,False,False
alpha_c8905174b7dda399,alps4141::alps_e2efc26a3fb8_to_Equation2,1,alps4141,alps4141::alps_e2efc26a3fb8_to_Equation2,memory_limit,resource_exhausted,resource_exhausted,False,False,False
alpha_966009db805927a2,alps4141::alps_bb8606ca8f65_to_Equation2,1,alps4141,alps4141::alps_bb8606ca8f65_to_Equation2,theorem,theorem,theorem,True,False,False
alpha_0b54efb2c31634e5,alps4141::alps_dca08f44e711_to_Equation2,1,alps4141,alps4141::alps_dca08f44e711_to_Equation2,theorem,theorem,theorem,True,False,False
alpha_582d530e175d550e,alps4141::alps_ad7f03b45539_to_Equation2,1,alps4141,alps4141::alps_ad7f03b45539_to_Equation2,memory_limit,resource_exhausted,resource_exhausted,False,False,False
alpha_e8e4546df0c87092,alps4141::alps_c293cd0d4eed_to_Equation2,1,alps4141,alps4141::alps_c293cd0d4eed_to_Equation2,memory_limit,resource_exhausted,resource_exhausted,False,False,False
alpha_2b26386252d6ebf2,alps4141::alps_537c9f751748_to_Equation2,1,alps4141,alps4141::alps_537c9f751748_to_Equation2,theorem,theorem,theorem,True,False,False
alpha_7bf5c1b6c06fd776,alps4141::alps_34b4aac2ccdf_to_Equation2,1,alps4141,alps4141::alps_34b4aac2ccdf_to_Equation2,resource_exhausted,resource_exhausted,resource_exhausted,False,False,False
alpha_36974be7a9cefe52,alps4141::alps_f5d5a5a573de_to_Equation2,1,alps4141,alps4141::alps_f5d5a5a573de_to_Equation2,theorem,theorem,theorem,True,False,False
alpha_8efdc6b74160579b,alps4141::alps_f00833e1f0dd_to_Equation2,1,alps4141,alps4141::alps_f00833e1f0dd_to_Equation2,memory_limit,resource_exhausted,resource_exhausted,False,False,False
alpha_7d3c93788c01815f,alps4141::alps_91238e0e5380_to_Equation2,1,alps4141,alps4141::alps_91238e0e5380_to_Equation2,theorem,theorem,theorem,True,False,False
alpha_29061ea5cdb34c32,alps4141::alps_b2924280a71a_to_Equation2,1,alps4141,alps4141::alps_b2924280a71a_to_Equation2,memory_limit,resource_exhausted,resource_exhausted,False,False,False
alpha_1d06833af9862c38,alps4141::alps_749bf234b29b_to_Equation2,1,alps4141,alps4141::alps_749bf234b29b_to_Equation2,theorem,theorem,theorem,True,False,False
alpha_0716a80421fe5796,alps4141::alps_d7df11d5ee1c_to_Equation2,1,alps4141,alps4141::alps_d7df11d5ee1c_to_Equation2,resource_exhausted,resource_exhausted,resource_exhausted,False,False,False
alpha_151389e4ffd6e33b,alps4141::alps_da47ae064970_to_Equation2,1,alps4141,alps4141::alps_da47ae064970_to_Equation2,memory_limit,resource_exhausted,resource_exhausted,False,False,False
alpha_913eb4afe8716a6e,alps4141::alps_75cedb6a9203_to_Equation2,1,alps4141,alps4141::alps_75cedb6a9203_to_Equation2,memory_limit,resource_exhausted,resource_exhausted,False,False,False
alpha_ac1654fa549d591d,alps4141::alps_14fef4e96ea2_to_Equation2,1,alps4141,alps4141::alps_14fef4e96ea2_to_Equation2,memory_limit,resource_exhausted,resource_exhausted,False,False,False
alpha_9d8eb9c423e4c674,alps4141::alps_f1b27ef0aabd_to_Equation2,1,alps4141,alps4141::alps_f1b27ef0aabd_to_Equation2,memory_limit,resource_exhausted,resource_exhausted,False,False,False
alpha_ee90e2e941be9d44,alps4141::alps_7ce40a7112bc_to_Equation2,1,alps4141,alps4141::alps_7ce40a7112bc_to_Equation2,resource_exhausted,resource_exhausted,resource_exhausted,False,False,False
alpha_ba9a35ccea265666,alps4141::alps_a7ed30e19e65_to_Equation2,1,alps4141,alps4141::alps_a7ed30e19e65_to_Equation2,resource_exhausted,resource_exhausted,resource_exhausted,False,False,False
alpha_62b6a19357af91c2,alps4141::alps_f7fac84cfb74_to_Equation2,1,alps4141,alps4141::alps_f7fac84cfb74_to_Equation2,memory_limit,resource_exhausted,resource_exhausted,False,False,False
alpha_2f0794962f24b727,alps4141::alps_d3b3d9690edc_to_Equation2,1,alps4141,alps4141::alps_d3b3d9690edc_to_Equation2,memory_limit,resource_exhausted,memory_limit,False,False,False
alpha_4302b7d1f1aeffb1,alps4141::alps_dc60f103632d_to_Equation2,1,alps4141,alps4141::alps_dc60f103632d_to_Equation2,memory_limit,resource_exhausted,resource_exhausted,False,False,False
alpha_73a4ad55d100ede2,alps4141::alps_a077f7ebe33e_to_Equation2,1,alps4141,alps4141::alps_a077f7ebe33e_to_Equation2,memory_limit,resource_exhausted,resource_exhausted,False,False,False
alpha_4269f8946afa606d,alps4141::alps_156fb6921745_to_Equation2,1,alps4141,alps4141::alps_156fb6921745_to_Equation2,memory_limit,resource_exhausted,resource_exhausted,False,False,False
alpha_2a9e528e0ed73861,alps4141::alps_8fd3ccbee2c7_to_Equation2,1,alps4141,alps4141::alps_8fd3ccbee2c7_to_Equation2,memory_limit,resource_exhausted,resource_exhausted,False,False,False
alpha_bf62cd03b7393dcb,alps4141::alps_894b7bf4264a_to_Equation2,1,alps4141,alps4141::alps_894b7bf4264a_to_Equation2,resource_exhausted,resource_exhausted,resource_exhausted,False,False,False
alpha_245cd6816d29d117,alps4141::alps_299720305c8b_to_Equation2,1,alps4141,alps4141::alps_299720305c8b_to_Equation2,memory_limit,resource_exhausted,resource_exhausted,False,False,False
alpha_f3dfba60f2aae1bd,alps4141::alps_93a39a9f40a0_to_Equation2,1,alps4141,alps4141::alps_93a39a9f40a0_to_Equation2,memory_limit,resource_exhausted,resource_exhausted,False,False,False
alpha_1252ac36c107d47e,alps4141::alps_63ced13ebf91_to_Equation2,1,alps4141,alps4141::alps_63ced13ebf91_to_Equation2,memory_limit,resource_exhausted,resource_exhausted,False,False,False
alpha_f038265f3834455c,alps4141::alps_4ecf28725e54_to_Equation2,1,alps4141,alps4141::alps_4ecf28725e54_to_Equation2,completed_no_decisive_result,resource_exhausted,resource_exhausted,False,False,False
alpha_64835c44721e071e,alps4141::alps_0a4e9303fcad_to_Equation2,1,alps4141,alps4141::alps_0a4e9303fcad_to_Equation2,memory_limit,resource_exhausted,resource_exhausted,False,False,False
alpha_9e7663ede8584203,alps4141::alps_5f9015a0ebd4_to_Equation2,1,alps4141,alps4141::alps_5f9015a0ebd4_to_Equation2,memory_limit,resource_exhausted,resource_exhausted,False,False,False
alpha_48c04b3386f68bb3,alps4141::alps_0b07d6ee423c_to_Equation2,1,alps4141,alps4141::alps_0b07d6ee423c_to_Equation2,resource_exhausted,resource_exhausted,resource_exhausted,False,False,False
alpha_0666ab00ce6a0e74,alps4141::alps_f9cf1462242c_to_Equation2,1,alps4141,alps4141::alps_f9cf1462242c_to_Equation2,memory_limit,resource_exhausted,resource_exhausted,False,False,False
alpha_cfec3c28dfee608c,alps4141::alps_5f9873e80ff0_to_Equation2,1,alps4141,alps4141::alps_5f9873e80ff0_to_Equation2,memory_limit,resource_exhausted,memory_limit,False,False,False
alpha_edc57755b0568451,alps4141::alps_52a1da97a6ed_to_Equation2,1,alps4141,alps4141::alps_52a1da97a6ed_to_Equation2,memory_limit,resource_exhausted,resource_exhausted,False,False,False
alpha_076723ec3c589811,alps4141::alps_ba6eec6df30a_to_Equation2,1,alps4141,alps4141::alps_ba6eec6df30a_to_Equation2,memory_limit,resource_exhausted,resource_exhausted,False,False,False
alpha_e44a064255bd9a8e,alps4141::alps_78303a23895a_to_Equation2,1,alps4141,alps4141::alps_78303a23895a_to_Equation2,memory_limit,resource_exhausted,resource_exhausted,False,False,False
alpha_9dfae368caacddff,alps4141::alps_cf7145ef5dae_to_Equation2,1,alps4141,alps4141::alps_cf7145ef5dae_to_Equation2,memory_limit,resource_exhausted,resource_exhausted,False,False,False
alpha_7d33aa9d0a5fdd67,alps4141::alps_47e1e314e663_to_Equation2,1,alps4141,alps4141::alps_47e1e314e663_to_Equation2,memory_limit,resource_exhausted,resource_exhausted,False,False,False
alpha_950a44c481184da9,alps4141::alps_af9c48c008d4_to_Equation2,1,alps4141,alps4141::alps_af9c48c008d4_to_Equation2,resource_exhausted,resource_exhausted,resource_exhausted,False,False,False
alpha_2bf55e96ee10d462,alps4141::alps_5c8f8b782078_to_Equation2,1,alps4141,alps4141::alps_5c8f8b782078_to_Equation2,memory_limit,resource_exhausted,resource_exhausted,False,False,False
alpha_93dd5364dfff4c7e,alps4141::alps_f6384e0be87a_to_Equation2,1,alps4141,alps4141::alps_f6384e0be87a_to_Equation2,memory_limit,resource_exhausted,memory_limit,False,False,False
alpha_c1e2bb6052e3a128,alps4141::alps_07248118b054_to_Equation2,1,alps4141,alps4141::alps_07248118b054_to_Equation2,memory_limit,resource_exhausted,memory_limit,False,False,False
alpha_a4adb55d2f4728cd,alps4141::alps_a7d2e0260381_to_Equation2,1,alps4141,alps4141::alps_a7d2e0260381_to_Equation2,memory_limit,resource_exhausted,resource_exhausted,False,False,False
alpha_4bb45fa12aed6c2d,alps4141::alps_bf7c4f8a393e_to_Equation2,1,alps4141,alps4141::alps_bf7c4f8a393e_to_Equation2,memory_limit,resource_exhausted,resource_exhausted,False,False,False
alpha_15ec875fc1a9df80,alps4141::alps_1f68dce995ce_to_Equation2,1,alps4141,alps4141::alps_1f68dce995ce_to_Equation2,memory_limit,resource_exhausted,resource_exhausted,False,False,False
alpha_e44a1e45ff8b56c0,alps4141::alps_b347b4204852_to_Equation2,1,alps4141,alps4141::alps_b347b4204852_to_Equation2,memory_limit,resource_exhausted,resource_exhausted,False,False,False
alpha_87cb2dc573955ba2,alps4141::alps_63b84c78e81f_to_Equation2,1,alps4141,alps4141::alps_63b84c78e81f_to_Equation2,memory_limit,resource_exhausted,resource_exhausted,False,False,False
alpha_2d0a19c9f38f3a98,alps4141::alps_e2b45feedc45_to_Equation2,1,alps4141,alps4141::alps_e2b45feedc45_to_Equation2,memory_limit,resource_exhausted,resource_exhausted,False,False,False
alpha_0fdbe6bff29d3895,alps4141::alps_437ae4313858_to_Equation2,1,alps4141,alps4141::alps_437ae4313858_to_Equation2,memory_limit,resource_exhausted,resource_exhausted,False,False,False
alpha_c3ce71e5f886325f,alps4141::alps_6a6a285e5835_to_Equation2,1,alps4141,alps4141::alps_6a6a285e5835_to_Equation2,memory_limit,resource_exhausted,resource_exhausted,False,False,False
alpha_29ade3a3540d6167,alps4141::alps_0a4142bf4922_to_Equation2,1,alps4141,alps4141::alps_0a4142bf4922_to_Equation2,memory_limit,resource_exhausted,resource_exhausted,False,False,False
alpha_51a974283f510abe,alps4141::alps_ec35ef7c1fae_to_Equation2,1,alps4141,alps4141::alps_ec35ef7c1fae_to_Equation2,memory_limit,resource_exhausted,resource_exhausted,False,False,False
alpha_8b123c07a4946041,alps4141::alps_9e6f6de9d090_to_Equation2,1,alps4141,alps4141::alps_9e6f6de9d090_to_Equation2,memory_limit,resource_exhausted,resource_exhausted,False,False,False
alpha_c00f68698cd2fa42,alps4141::alps_2156a9dafc5f_to_Equation2,1,alps4141,alps4141::alps_2156a9dafc5f_to_Equation2,memory_limit,resource_exhausted,resource_exhausted,False,False,False
alpha_bcce85ad63b2d4cf,alps4141::alps_cc5a4f25c017_to_Equation2,1,alps4141,alps4141::alps_cc5a4f25c017_to_Equation2,memory_limit,resource_exhausted,resource_exhausted,False,False,False
alpha_4cc118a4eaf3d0a4,alps4141::alps_ea89bae6e78d_to_Equation2,1,alps4141,alps4141::alps_ea89bae6e78d_to_Equation2,memory_limit,resource_exhausted,resource_exhausted,False,False,False
alpha_3c55216565ecdb4b,alps4141::alps_8adab8e5672c_to_Equation2,1,alps4141,alps4141::alps_8adab8e5672c_to_Equation2,memory_limit,resource_exhausted,resource_exhausted,False,False,False
alpha_e93bf0a8a7c560ff,alps4141::alps_bc8916882591_to_Equation2,1,alps4141,alps4141::alps_bc8916882591_to_Equation2,resource_exhausted,resource_exhausted,resource_exhausted,False,False,False
alpha_74c6e9963a324c0b,austin96::order5_austin_unknown_E37519_to_E2,2,alps4141+austin96,austin96::order5_austin_unknown_E37519_to_E2 | alps4141::alps_ac6f98b7c005_to_Equation2,resource_exhausted,resource_exhausted,resource_exhausted,False,False,False
alpha_10ca21b14428d8d5,alps4141::alps_8042f72b0a9c_to_Equation2,1,alps4141,alps4141::alps_8042f72b0a9c_to_Equation2,memory_limit,resource_exhausted,memory_limit,False,False,False
alpha_309dc4acc2b3b4c5,alps4141::alps_c0f2e7f78d2b_to_Equation2,1,alps4141,alps4141::alps_c0f2e7f78d2b_to_Equation2,memory_limit,resource_exhausted,memory_limit,False,False,False
alpha_845201c6d3161a9f,alps4141::alps_7457adfca26b_to_Equation2,1,alps4141,alps4141::alps_7457adfca26b_to_Equation2,memory_limit,resource_exhausted,resource_exhausted,False,False,False
alpha_2e5e2fdd1f662d12,alps4141::alps_6d36f9e03036_to_Equation2,1,alps4141,alps4141::alps_6d36f9e03036_to_Equation2,resource_exhausted,resource_exhausted,resource_exhausted,False,False,False
alpha_b60c3c1df6332267,alps4141::alps_ab1d9005204b_to_Equation2,1,alps4141,alps4141::alps_ab1d9005204b_to_Equation2,memory_limit,resource_exhausted,memory_limit,False,False,False
alpha_74b58d81d31039fb,alps4141::alps_4f5af4ac4c80_to_Equation2,1,alps4141,alps4141::alps_4f5af4ac4c80_to_Equation2,memory_limit,resource_exhausted,memory_limit,False,False,False
alpha_ec59c75c8aa02a68,alps4141::alps_250cf30fd35b_to_Equation2,1,alps4141,alps4141::alps_250cf30fd35b_to_Equation2,memory_limit,resource_exhausted,resource_exhausted,False,False,False
alpha_661f754a73894cca,alps4141::alps_5937f08348cb_to_Equation2,1,alps4141,alps4141::alps_5937f08348cb_to_Equation2,resource_exhausted,resource_exhausted,resource_exhausted,False,False,False
alpha_5921d1b802da55a9,alps4141::alps_99c850f9f71d_to_Equation2,1,alps4141,alps4141::alps_99c850f9f71d_to_Equation2,memory_limit,resource_exhausted,resource_exhausted,False,False,False
alpha_54665d0bcb4f77a3,alps4141::alps_304f4d0efd66_to_Equation2,1,alps4141,alps4141::alps_304f4d0efd66_to_Equation2,memory_limit,resource_exhausted,resource_exhausted,False,False,False
alpha_c49ba6b1893da3c3,alps4141::alps_89777d61417b_to_Equation2,1,alps4141,alps4141::alps_89777d61417b_to_Equation2,memory_limit,resource_exhausted,resource_exhausted,False,False,False
alpha_734ecd229a8ab8fe,alps4141::alps_5bc5487ead34_to_Equation2,1,alps4141,alps4141::alps_5bc5487ead34_to_Equation2,memory_limit,resource_exhausted,resource_exhausted,False,False,False
alpha_be2170ba0f383782,alps4141::alps_35c573a5ff4d_to_Equation2,1,alps4141,alps4141::alps_35c573a5ff4d_to_Equation2,memory_limit,resource_exhausted,resource_exhausted,False,False,False
alpha_2216ba5b3e0b72c1,alps4141::alps_7be82137b918_to_Equation2,1,alps4141,alps4141::alps_7be82137b918_to_Equation2,memory_limit,resource_exhausted,memory_limit,False,False,False
alpha_db6d1937ffdadac2,alps4141::alps_60c73bda0d25_to_Equation2,1,alps4141,alps4141::alps_60c73bda0d25_to_Equation2,memory_limit,resource_exhausted,resource_exhausted,False,False,False
alpha_89bfd846d21a879b,alps4141::alps_0a48af5dd242_to_Equation2,1,alps4141,alps4141::alps_0a48af5dd242_to_Equation2,memory_limit,resource_exhausted,resource_exhausted,False,False,False
alpha_f3539751afff5505,alps4141::alps_839d7bff21e3_to_Equation2,1,alps4141,alps4141::alps_839d7bff21e3_to_Equation2,memory_limit,resource_exhausted,memory_limit,False,False,False
alpha_b9705cdbea0b200b,alps4141::alps_72110f14a9bb_to_Equation2,1,alps4141,alps4141::alps_72110f14a9bb_to_Equation2,memory_limit,resource_exhausted,memory_limit,False,False,False
alpha_7f60e3e42987909e,alps4141::alps_c90a70bf09a2_to_Equation2,1,alps4141,alps4141::alps_c90a70bf09a2_to_Equation2,memory_limit,resource_exhausted,resource_exhausted,False,False,False
alpha_557f03d787b80236,alps4141::alps_2ae9361e8c8a_to_Equation2,1,alps4141,alps4141::alps_2ae9361e8c8a_to_Equation2,memory_limit,resource_exhausted,resource_exhausted,False,False,False
alpha_e5be26b0d3dc600a,alps4141::alps_66612dc6ae93_to_Equation2,1,alps4141,alps4141::alps_66612dc6ae93_to_Equation2,memory_limit,resource_exhausted,resource_exhausted,False,False,False
alpha_42ae6eebafeed151,alps4141::alps_628692b3f355_to_Equation2,1,alps4141,alps4141::alps_628692b3f355_to_Equation2,memory_limit,resource_exhausted,memory_limit,False,False,False
alpha_1ac77a444bfdf08f,alps4141::alps_a04a3c657e1e_to_Equation2,1,alps4141,alps4141::alps_a04a3c657e1e_to_Equation2,memory_limit,resource_exhausted,memory_limit,False,False,False
alpha_98cba0fc4152143e,alps4141::alps_6ac25a6754cb_to_Equation2,1,alps4141,alps4141::alps_6ac25a6754cb_to_Equation2,memory_limit,resource_exhausted,memory_limit,False,False,False
alpha_88735af9b4526376,alps4141::alps_46f4e3957b01_to_Equation2,1,alps4141,alps4141::alps_46f4e3957b01_to_Equation2,memory_limit,resource_exhausted,resource_exhausted,False,False,False
alpha_9c73c496c9f92614,alps4141::alps_f073ca0c62bd_to_Equation2,1,alps4141,alps4141::alps_f073ca0c62bd_to_Equation2,memory_limit,resource_exhausted,resource_exhausted,False,False,False
alpha_e32122f05aed62c1,alps4141::alps_b2c8e7997e85_to_Equation2,1,alps4141,alps4141::alps_b2c8e7997e85_to_Equation2,memory_limit,resource_exhausted,memory_limit,False,False,False
alpha_6dc54fa7a1cad848,alps4141::alps_62af35140355_to_Equation2,1,alps4141,alps4141::alps_62af35140355_to_Equation2,memory_limit,resource_exhausted,resource_exhausted,False,False,False
alpha_1052a531decbab83,alps4141::alps_3ff0e30c3763_to_Equation2,1,alps4141,alps4141::alps_3ff0e30c3763_to_Equation2,memory_limit,resource_exhausted,resource_exhausted,False,False,False
alpha_d291e81ae6b19fdd,alps4141::alps_cd0bc3687761_to_Equation2,1,alps4141,alps4141::alps_cd0bc3687761_to_Equation2,resource_exhausted,resource_exhausted,resource_exhausted,False,False,False
alpha_537e98c04c8c2d59,alps4141::alps_36c35e386e29_to_Equation2,1,alps4141,alps4141::alps_36c35e386e29_to_Equation2,completed_no_decisive_result,resource_exhausted,resource_exhausted,False,False,False
alpha_0031020f8653b358,alps4141::alps_c63916cadf7d_to_Equation2,1,alps4141,alps4141::alps_c63916cadf7d_to_Equation2,memory_limit,resource_exhausted,memory_limit,False,False,False
alpha_5d701641bd535bb2,alps4141::alps_59cef1d8f4ff_to_Equation2,1,alps4141,alps4141::alps_59cef1d8f4ff_to_Equation2,memory_limit,resource_exhausted,resource_exhausted,False,False,False
alpha_2a8f2152c60ba968,alps4141::alps_3179335ffcde_to_Equation2,1,alps4141,alps4141::alps_3179335ffcde_to_Equation2,memory_limit,resource_exhausted,resource_exhausted,False,False,False
alpha_f3d012cfaa690c67,alps4141::alps_b7649a45bace_to_Equation2,1,alps4141,alps4141::alps_b7649a45bace_to_Equation2,memory_limit,resource_exhausted,resource_exhausted,False,False,False
alpha_fa44decdb3a8b131,alps4141::alps_d196bc2b90a6_to_Equation2,1,alps4141,alps4141::alps_d196bc2b90a6_to_Equation2,memory_limit,resource_exhausted,resource_exhausted,False,False,False
alpha_24dd286dbad0e66a,alps4141::alps_fe01e0c8f57e_to_Equation2,1,alps4141,alps4141::alps_fe01e0c8f57e_to_Equation2,memory_limit,resource_exhausted,resource_exhausted,False,False,False
alpha_7762b839607292db,alps4141::alps_ec77fa65fb36_to_Equation2,1,alps4141,alps4141::alps_ec77fa65fb36_to_Equation2,memory_limit,resource_exhausted,resource_exhausted,False,False,False
alpha_290dcb7d2b226ead,austin96::order5_austin_unknown_E35836_to_E2,2,alps4141+austin96,austin96::order5_austin_unknown_E35836_to_E2 | alps4141::alps_7dd9f8dc6a01_to_Equation2,memory_limit,resource_exhausted,resource_exhausted,False,False,False
alpha_5c562918d639999a,alps4141::alps_d3db06b1b971_to_Equation2,1,alps4141,alps4141::alps_d3db06b1b971_to_Equation2,resource_exhausted,resource_exhausted,resource_exhausted,False,False,False
alpha_cfc56dca26997ed5,alps4141::alps_e586b0bbd43c_to_Equation2,1,alps4141,alps4141::alps_e586b0bbd43c_to_Equation2,resource_exhausted,resource_exhausted,resource_exhausted,False,False,False
alpha_938d6bd51ecceaaf,alps4141::alps_a54f6a8fe7ca_to_Equation2,1,alps4141,alps4141::alps_a54f6a8fe7ca_to_Equation2,completed_no_decisive_result,resource_exhausted,resource_exhausted,False,False,False
alpha_c13391cea506b005,alps4141::alps_620b3579b1b9_to_Equation2,1,alps4141,alps4141::alps_620b3579b1b9_to_Equation2,resource_exhausted,resource_exhausted,resource_exhausted,False,False,False
alpha_75eb5809a352565a,alps4141::alps_ea87be93068b_to_Equation2,1,alps4141,alps4141::alps_ea87be93068b_to_Equation2,resource_exhausted,resource_exhausted,resource_exhausted,False,False,False
alpha_e63727ea2505565a,alps4141::alps_43d421d91774_to_Equation2,1,alps4141,alps4141::alps_43d421d91774_to_Equation2,memory_limit,resource_exhausted,memory_limit,False,False,False
alpha_102b2fd698c53f56,austin96::order5_austin_unknown_E27863_to_E2,1,austin96,austin96::order5_austin_unknown_E27863_to_E2,memory_limit,resource_exhausted,resource_exhausted,False,False,False
alpha_65c570102cdbf385,alps4141::alps_9cf648f343ff_to_Equation2,1,alps4141,alps4141::alps_9cf648f343ff_to_Equation2,resource_exhausted,resource_exhausted,resource_exhausted,False,False,False
alpha_56064a13e50f2e86,austin96::order5_austin_unknown_E27859_to_E2,2,alps4141+austin96,austin96::order5_austin_unknown_E27859_to_E2 | alps4141::alps_ea36ed16fdb5_to_Equation2,resource_exhausted,resource_exhausted,resource_exhausted,False,False,False
alpha_bd2e2b0d21cbe525,alps4141::alps_0e62d7f68352_to_Equation2,1,alps4141,alps4141::alps_0e62d7f68352_to_Equation2,memory_limit,resource_exhausted,resource_exhausted,False,False,False
alpha_58afde13dc5ddf02,alps4141::alps_3ab33601c955_to_Equation2,1,alps4141,alps4141::alps_3ab33601c955_to_Equation2,memory_limit,resource_exhausted,resource_exhausted,False,False,False
alpha_f542455182118928,alps4141::alps_11c6cc036f1f_to_Equation2,1,alps4141,alps4141::alps_11c6cc036f1f_to_Equation2,memory_limit,resource_exhausted,resource_exhausted,False,False,False
alpha_516e39d844c6df07,alps4141::alps_e4e0d9521b52_to_Equation2,1,alps4141,alps4141::alps_e4e0d9521b52_to_Equation2,resource_exhausted,resource_exhausted,resource_exhausted,False,False,False
alpha_a2c5d2192d9d865f,alps4141::alps_d94c59ef1ca4_to_Equation2,1,alps4141,alps4141::alps_d94c59ef1ca4_to_Equation2,resource_exhausted,resource_exhausted,resource_exhausted,False,False,False
alpha_b7e9df805d75b114,alps4141::alps_9e5cc59ad2cd_to_Equation2,1,alps4141,alps4141::alps_9e5cc59ad2cd_to_Equation2,memory_limit,resource_exhausted,resource_exhausted,False,False,False
alpha_0113b973f2caa26a,alps4141::alps_1a865f9b3e6d_to_Equation2,1,alps4141,alps4141::alps_1a865f9b3e6d_to_Equation2,memory_limit,resource_exhausted,resource_exhausted,False,False,False
alpha_9aa446652ae156b4,alps4141::alps_6b188e81f52f_to_Equation2,1,alps4141,alps4141::alps_6b188e81f52f_to_Equation2,memory_limit,resource_exhausted,resource_exhausted,False,False,False
alpha_e73c1994950cb632,alps4141::alps_85d84d397ebc_to_Equation2,1,alps4141,alps4141::alps_85d84d397ebc_to_Equation2,memory_limit,resource_exhausted,resource_exhausted,False,False,False
alpha_5de8c802fc76b1cf,alps4141::alps_7bd29fdca606_to_Equation2,1,alps4141,alps4141::alps_7bd29fdca606_to_Equation2,memory_limit,resource_exhausted,resource_exhausted,False,False,False
alpha_7404708c51726b0e,alps4141::alps_f23c8477705d_to_Equation2,1,alps4141,alps4141::alps_f23c8477705d_to_Equation2,memory_limit,resource_exhausted,resource_exhausted,False,False,False
alpha_309163a5d0f0f207,alps4141::alps_12fcc045da5d_to_Equation2,1,alps4141,alps4141::alps_12fcc045da5d_to_Equation2,resource_exhausted,resource_exhausted,resource_exhausted,False,False,False
alpha_86ca1fd888509465,alps4141::alps_1a891b7b7e6b_to_Equation2,1,alps4141,alps4141::alps_1a891b7b7e6b_to_Equation2,memory_limit,resource_exhausted,resource_exhausted,False,False,False
alpha_e7e631ea5e960e79,alps4141::alps_a4969dbfc870_to_Equation2,1,alps4141,alps4141::alps_a4969dbfc870_to_Equation2,memory_limit,resource_exhausted,resource_exhausted,False,False,False
alpha_d3ff0d11e0f7ff47,alps4141::alps_56887a313940_to_Equation2,1,alps4141,alps4141::alps_56887a313940_to_Equation2,resource_exhausted,resource_exhausted,resource_exhausted,False,False,False
alpha_5e636c7155d74d71,alps4141::alps_504f340f5c4c_to_Equation2,1,alps4141,alps4141::alps_504f340f5c4c_to_Equation2,memory_limit,resource_exhausted,resource_exhausted,False,False,False
alpha_b277f40c831c38fc,alps4141::alps_70f7500dd9ab_to_Equation2,1,alps4141,alps4141::alps_70f7500dd9ab_to_Equation2,resource_exhausted,resource_exhausted,resource_exhausted,False,False,False
alpha_5377d9a097d54a4d,alps4141::alps_9edad6ffd626_to_Equation2,1,alps4141,alps4141::alps_9edad6ffd626_to_Equation2,resource_exhausted,resource_exhausted,resource_exhausted,False,False,False
alpha_d8fa8e38503b4f06,alps4141::alps_97d0e5818832_to_Equation2,1,alps4141,alps4141::alps_97d0e5818832_to_Equation2,memory_limit,resource_exhausted,resource_exhausted,False,False,False
alpha_b9a9662c4b7935b3,alps4141::alps_3d00acb6e462_to_Equation2,1,alps4141,alps4141::alps_3d00acb6e462_to_Equation2,memory_limit,resource_exhausted,resource_exhausted,False,False,False
alpha_f1ab75c0d679ca5a,alps4141::alps_db9b945c2824_to_Equation2,1,alps4141,alps4141::alps_db9b945c2824_to_Equation2,memory_limit,resource_exhausted,resource_exhausted,False,False,False
alpha_5b1b83181c711905,alps4141::alps_126e296fba78_to_Equation2,1,alps4141,alps4141::alps_126e296fba78_to_Equation2,resource_exhausted,resource_exhausted,resource_exhausted,False,False,False
alpha_3d7c63712c9baa2e,alps4141::alps_701c247bd5c0_to_Equation2,1,alps4141,alps4141::alps_701c247bd5c0_to_Equation2,resource_exhausted,resource_exhausted,resource_exhausted,False,False,False
alpha_7a3db414aa0a238b,alps4141::alps_f88e12c2d108_to_Equation2,1,alps4141,alps4141::alps_f88e12c2d108_to_Equation2,resource_exhausted,resource_exhausted,resource_exhausted,False,False,False
alpha_aedbb025f6528e7f,alps4141::alps_2026c1a50315_to_Equation2,1,alps4141,alps4141::alps_2026c1a50315_to_Equation2,resource_exhausted,resource_exhausted,resource_exhausted,False,False,False
alpha_a891048e71cd1ad1,alps4141::alps_dada00afe75f_to_Equation2,1,alps4141,alps4141::alps_dada00afe75f_to_Equation2,resource_exhausted,resource_exhausted,resource_exhausted,False,False,False
alpha_fc7fa04fc70d7c12,alps4141::alps_0ce23a11b6c6_to_Equation2,1,alps4141,alps4141::alps_0ce23a11b6c6_to_Equation2,resource_exhausted,resource_exhausted,resource_exhausted,False,False,False
alpha_5a066b8183ce9312,alps4141::alps_ec508c735518_to_Equation2,1,alps4141,alps4141::alps_ec508c735518_to_Equation2,resource_exhausted,resource_exhausted,resource_exhausted,False,False,False
alpha_a8b8ffe8e037b324,alps4141::alps_9fe43aca50d7_to_Equation2,1,alps4141,alps4141::alps_9fe43aca50d7_to_Equation2,resource_exhausted,resource_exhausted,resource_exhausted,False,False,False
alpha_a0b3693bf03bfee7,alps4141::alps_e26cc244e3da_to_Equation2,1,alps4141,alps4141::alps_e26cc244e3da_to_Equation2,resource_exhausted,resource_exhausted,resource_exhausted,False,False,False
alpha_b95e7fcf40ed01c6,alps4141::alps_83097f760b2d_to_Equation2,1,alps4141,alps4141::alps_83097f760b2d_to_Equation2,resource_exhausted,resource_exhausted,resource_exhausted,False,False,False
alpha_bee1c88d0c13ecfe,alps4141::alps_c5b5a9fd0c96_to_Equation2,1,alps4141,alps4141::alps_c5b5a9fd0c96_to_Equation2,resource_exhausted,resource_exhausted,resource_exhausted,False,False,False
alpha_2288a2ba90b63d84,alps4141::alps_38e2e1fef797_to_Equation2,1,alps4141,alps4141::alps_38e2e1fef797_to_Equation2,resource_exhausted,resource_exhausted,resource_exhausted,False,False,False
alpha_9bba82c7db889fe7,alps4141::alps_426beb4a150d_to_Equation2,1,alps4141,alps4141::alps_426beb4a150d_to_Equation2,resource_exhausted,resource_exhausted,resource_exhausted,False,False,False
alpha_be6d6e6d18ca09b6,alps4141::alps_e23747c5583b_to_Equation2,1,alps4141,alps4141::alps_e23747c5583b_to_Equation2,resource_exhausted,resource_exhausted,resource_exhausted,False,False,False
alpha_03062c11458635f7,alps4141::alps_d3b26e8f2331_to_Equation2,1,alps4141,alps4141::alps_d3b26e8f2331_to_Equation2,resource_exhausted,resource_exhausted,resource_exhausted,False,False,False
alpha_cb7ae6b5fb044ef2,alps4141::alps_2297e4fbee4d_to_Equation2,1,alps4141,alps4141::alps_2297e4fbee4d_to_Equation2,memory_limit,resource_exhausted,resource_exhausted,False,False,False
alpha_bb1130534b724e0d,alps4141::alps_4fe0dab213f7_to_Equation2,1,alps4141,alps4141::alps_4fe0dab213f7_to_Equation2,memory_limit,resource_exhausted,resource_exhausted,False,False,False
alpha_50b7806be77ac423,alps4141::alps_43fc8fe4783e_to_Equation2,1,alps4141,alps4141::alps_43fc8fe4783e_to_Equation2,resource_exhausted,resource_exhausted,resource_exhausted,False,False,False
alpha_4fdaa0d9c890e970,alps4141::alps_d5e110065f27_to_Equation2,1,alps4141,alps4141::alps_d5e110065f27_to_Equation2,memory_limit,resource_exhausted,resource_exhausted,False,False,False
alpha_51a9154cc48a2b12,alps4141::alps_aa3006dfdf7b_to_Equation2,1,alps4141,alps4141::alps_aa3006dfdf7b_to_Equation2,resource_exhausted,resource_exhausted,resource_exhausted,False,False,False
alpha_57f4656584d28796,alps4141::alps_c1a668a85d61_to_Equation2,1,alps4141,alps4141::alps_c1a668a85d61_to_Equation2,memory_limit,resource_exhausted,resource_exhausted,False,False,False
alpha_e75462d6e680bc8f,alps4141::alps_4e771d81594b_to_Equation2,1,alps4141,alps4141::alps_4e771d81594b_to_Equation2,resource_exhausted,resource_exhausted,resource_exhausted,False,False,False
alpha_167c3f134e07afae,alps4141::alps_88980239530f_to_Equation2,1,alps4141,alps4141::alps_88980239530f_to_Equation2,memory_limit,resource_exhausted,resource_exhausted,False,False,False
alpha_0d925aeacdba07da,alps4141::alps_eb6aa2f755e6_to_Equation2,1,alps4141,alps4141::alps_eb6aa2f755e6_to_Equation2,resource_exhausted,resource_exhausted,resource_exhausted,False,False,False
alpha_b069c092fd52993e,alps4141::alps_97fb10caa314_to_Equation2,1,alps4141,alps4141::alps_97fb10caa314_to_Equation2,resource_exhausted,resource_exhausted,resource_exhausted,False,False,False
alpha_548e6f0bc17bc6c9,alps4141::alps_607099b08c7e_to_Equation2,1,alps4141,alps4141::alps_607099b08c7e_to_Equation2,resource_exhausted,resource_exhausted,resource_exhausted,False,False,False
alpha_b817cf68258f7b04,alps4141::alps_654e62915df5_to_Equation2,1,alps4141,alps4141::alps_654e62915df5_to_Equation2,memory_limit,resource_exhausted,resource_exhausted,False,False,False
alpha_f8fb3519f35a2217,alps4141::alps_aa109e5222e1_to_Equation2,1,alps4141,alps4141::alps_aa109e5222e1_to_Equation2,resource_exhausted,resource_exhausted,resource_exhausted,False,False,False
alpha_087d473c76f99a83,alps4141::alps_b9ecaeaed0bf_to_Equation2,1,alps4141,alps4141::alps_b9ecaeaed0bf_to_Equation2,memory_limit,resource_exhausted,memory_limit,False,False,False
alpha_c36c6a9c61295f9c,alps4141::alps_9b6666b93d32_to_Equation2,1,alps4141,alps4141::alps_9b6666b93d32_to_Equation2,resource_exhausted,resource_exhausted,resource_exhausted,False,False,False
alpha_fd560e958e18c058,alps4141::alps_aae98e06b268_to_Equation2,1,alps4141,alps4141::alps_aae98e06b268_to_Equation2,theorem,theorem,theorem,True,False,False
alpha_1b0206b385a863cc,alps4141::alps_90686aa6bd09_to_Equation2,1,alps4141,alps4141::alps_90686aa6bd09_to_Equation2,memory_limit,resource_exhausted,memory_limit,False,False,False
alpha_831194829565ca31,alps4141::alps_e453b6256a69_to_Equation2,1,alps4141,alps4141::alps_e453b6256a69_to_Equation2,resource_exhausted,resource_exhausted,resource_exhausted,False,False,False
alpha_362fab1b6ee776bf,alps4141::alps_1f10f96004f0_to_Equation2,1,alps4141,alps4141::alps_1f10f96004f0_to_Equation2,memory_limit,resource_exhausted,resource_exhausted,False,False,False
alpha_7b25530d40821ddf,alps4141::alps_2081ef15fe26_to_Equation2,1,alps4141,alps4141::alps_2081ef15fe26_to_Equation2,memory_limit,resource_exhausted,resource_exhausted,False,False,False
alpha_03b1e12e54773223,alps4141::alps_d28b93a43c3a_to_Equation2,1,alps4141,alps4141::alps_d28b93a43c3a_to_Equation2,memory_limit,resource_exhausted,resource_exhausted,False,False,False
alpha_f10b484cd8446079,alps4141::alps_235282ad7316_to_Equation2,1,alps4141,alps4141::alps_235282ad7316_to_Equation2,memory_limit,resource_exhausted,resource_exhausted,False,False,False
alpha_2b9ebaaf3a1e7681,alps4141::alps_e3115622aed2_to_Equation2,1,alps4141,alps4141::alps_e3115622aed2_to_Equation2,memory_limit,resource_exhausted,resource_exhausted,False,False,False
alpha_5dde6bf05a0ef7ea,alps4141::alps_2914f9483841_to_Equation2,1,alps4141,alps4141::alps_2914f9483841_to_Equation2,memory_limit,resource_exhausted,resource_exhausted,False,False,False
alpha_abf21c76bc4b2a52,alps4141::alps_6c5004c298ad_to_Equation2,1,alps4141,alps4141::alps_6c5004c298ad_to_Equation2,memory_limit,resource_exhausted,resource_exhausted,False,False,False
alpha_0a3513f7749c3d5a,alps4141::alps_377bdb90eada_to_Equation2,1,alps4141,alps4141::alps_377bdb90eada_to_Equation2,resource_exhausted,resource_exhausted,resource_exhausted,False,False,False
alpha_aabf3e43733a4487,alps4141::alps_790ff416ddaf_to_Equation2,1,alps4141,alps4141::alps_790ff416ddaf_to_Equation2,memory_limit,resource_exhausted,resource_exhausted,False,False,False
alpha_14d99adfa597125f,alps4141::alps_f879c2e60614_to_Equation2,1,alps4141,alps4141::alps_f879c2e60614_to_Equation2,resource_exhausted,resource_exhausted,resource_exhausted,False,False,False
alpha_08c4e6e42dafdf2f,alps4141::alps_2eb34ed18017_to_Equation2,1,alps4141,alps4141::alps_2eb34ed18017_to_Equation2,resource_exhausted,resource_exhausted,resource_exhausted,False,False,False
alpha_fff665c8f2602849,alps4141::alps_b8fb5c811481_to_Equation2,1,alps4141,alps4141::alps_b8fb5c811481_to_Equation2,memory_limit,resource_exhausted,resource_exhausted,False,False,False
alpha_fe0ed967d68d8318,alps4141::alps_d646dcc0aa94_to_Equation2,1,alps4141,alps4141::alps_d646dcc0aa94_to_Equation2,resource_exhausted,resource_exhausted,resource_exhausted,False,False,False
alpha_5f02f626088618d3,alps4141::alps_a9a7cf54efc7_to_Equation2,1,alps4141,alps4141::alps_a9a7cf54efc7_to_Equation2,memory_limit,resource_exhausted,memory_limit,False,False,False
alpha_e8edbb5069c5bdc7,alps4141::alps_ded13b172765_to_Equation2,1,alps4141,alps4141::alps_ded13b172765_to_Equation2,memory_limit,resource_exhausted,resource_exhausted,False,False,False
alpha_31adaf85f2527f7f,alps4141::alps_2ced214ede97_to_Equation2,1,alps4141,alps4141::alps_2ced214ede97_to_Equation2,memory_limit,resource_exhausted,resource_exhausted,False,False,False
alpha_43288c7a1c66c20a,alps4141::alps_8e84ff11367b_to_Equation2,1,alps4141,alps4141::alps_8e84ff11367b_to_Equation2,resource_exhausted,resource_exhausted,resource_exhausted,False,False,False
alpha_374a02bcce18205b,alps4141::alps_0620c9ec0a6a_to_Equation2,1,alps4141,alps4141::alps_0620c9ec0a6a_to_Equation2,memory_limit,resource_exhausted,resource_exhausted,False,False,False
alpha_2e10110bfbc575f9,alps4141::alps_0ed7016a403b_to_Equation2,1,alps4141,alps4141::alps_0ed7016a403b_to_Equation2,resource_exhausted,resource_exhausted,resource_exhausted,False,False,False
alpha_f10819f3469de22e,alps4141::alps_c22500452553_to_Equation2,1,alps4141,alps4141::alps_c22500452553_to_Equation2,memory_limit,resource_exhausted,resource_exhausted,False,False,False
alpha_7638ae54181003c6,alps4141::alps_e63dcf0966c0_to_Equation2,1,alps4141,alps4141::alps_e63dcf0966c0_to_Equation2,memory_limit,resource_exhausted,resource_exhausted,False,False,False
alpha_cd41cc9ac68a7170,alps4141::alps_0bb0f8194119_to_Equation2,1,alps4141,alps4141::alps_0bb0f8194119_to_Equation2,theorem,theorem,theorem,True,False,False
alpha_f62fe0f9d1a67737,alps4141::alps_66b5d0461ac6_to_Equation2,1,alps4141,alps4141::alps_66b5d0461ac6_to_Equation2,memory_limit,resource_exhausted,resource_exhausted,False,False,False
alpha_945a73f0256bd87f,alps4141::alps_a0223804e58d_to_Equation2,1,alps4141,alps4141::alps_a0223804e58d_to_Equation2,memory_limit,resource_exhausted,resource_exhausted,False,False,False
alpha_26b87c74bcb242be,alps4141::alps_73505602fe63_to_Equation2,1,alps4141,alps4141::alps_73505602fe63_to_Equation2,memory_limit,resource_exhausted,resource_exhausted,False,False,False
alpha_a2e71045cadb219b,alps4141::alps_a609d20f66fc_to_Equation2,1,alps4141,alps4141::alps_a609d20f66fc_to_Equation2,memory_limit,resource_exhausted,resource_exhausted,False,False,False
alpha_5e1a60cfae1584e8,alps4141::alps_0293c08da2e3_to_Equation2,1,alps4141,alps4141::alps_0293c08da2e3_to_Equation2,memory_limit,resource_exhausted,resource_exhausted,False,False,False
alpha_ec2d6ed737715d7d,alps4141::alps_c1f6c09a3d2e_to_Equation2,1,alps4141,alps4141::alps_c1f6c09a3d2e_to_Equation2,resource_exhausted,resource_exhausted,resource_exhausted,False,False,False
alpha_82928bf72e970170,alps4141::alps_d1ccfd7190ea_to_Equation2,1,alps4141,alps4141::alps_d1ccfd7190ea_to_Equation2,resource_exhausted,resource_exhausted,resource_exhausted,False,False,False
alpha_7a88058e5f6a2962,austin96::order5_austin_unknown_E35685_to_E2,2,alps4141+austin96,austin96::order5_austin_unknown_E35685_to_E2 | alps4141::alps_753a494a6acf_to_Equation2,resource_exhausted,resource_exhausted,resource_exhausted,False,False,False
alpha_4f0a781467b2845e,alps4141::alps_40c2c2120f2a_to_Equation2,1,alps4141,alps4141::alps_40c2c2120f2a_to_Equation2,theorem,resource_exhausted,theorem,True,False,False
alpha_b35c26dc31592709,alps4141::alps_f7256eb8b48e_to_Equation2,1,alps4141,alps4141::alps_f7256eb8b48e_to_Equation2,resource_exhausted,resource_exhausted,resource_exhausted,False,False,False
alpha_40799a0b5fa1fe58,alps4141::alps_1714e7ceab4d_to_Equation2,1,alps4141,alps4141::alps_1714e7ceab4d_to_Equation2,resource_exhausted,resource_exhausted,resource_exhausted,False,False,False
alpha_d96400a3d31c5da5,alps4141::alps_245f0d35ee3a_to_Equation2,1,alps4141,alps4141::alps_245f0d35ee3a_to_Equation2,resource_exhausted,resource_exhausted,resource_exhausted,False,False,False
alpha_cd4b07d22afaa711,alps4141::alps_23f494be5851_to_Equation2,1,alps4141,alps4141::alps_23f494be5851_to_Equation2,memory_limit,resource_exhausted,resource_exhausted,False,False,False
alpha_8cbc7ad860d05bfc,alps4141::alps_7b4207451503_to_Equation2,1,alps4141,alps4141::alps_7b4207451503_to_Equation2,memory_limit,resource_exhausted,resource_exhausted,False,False,False
alpha_80939509bf98c9b1,alps4141::alps_573a96049227_to_Equation2,1,alps4141,alps4141::alps_573a96049227_to_Equation2,memory_limit,resource_exhausted,resource_exhausted,False,False,False
alpha_f1dbe88b841b253e,alps4141::alps_d565c96b06c0_to_Equation2,1,alps4141,alps4141::alps_d565c96b06c0_to_Equation2,memory_limit,resource_exhausted,resource_exhausted,False,False,False
alpha_8093b9da5bf71d97,alps4141::alps_ab4563b57d8b_to_Equation2,1,alps4141,alps4141::alps_ab4563b57d8b_to_Equation2,completed_no_decisive_result,resource_exhausted,resource_exhausted,False,False,False
alpha_6d9ddf7a88f495d7,alps4141::alps_eaa47442b4c3_to_Equation2,1,alps4141,alps4141::alps_eaa47442b4c3_to_Equation2,memory_limit,resource_exhausted,memory_limit,False,False,False
alpha_6abc4ebb582e03be,alps4141::alps_30b2cea89f3b_to_Equation2,1,alps4141,alps4141::alps_30b2cea89f3b_to_Equation2,memory_limit,resource_exhausted,resource_exhausted,False,False,False
alpha_26d1f9daef5a6dc5,alps4141::alps_12d85ffe7e72_to_Equation2,1,alps4141,alps4141::alps_12d85ffe7e72_to_Equation2,memory_limit,resource_exhausted,resource_exhausted,False,False,False
alpha_f7d414024f908b54,alps4141::alps_7388dd17dc3c_to_Equation2,1,alps4141,alps4141::alps_7388dd17dc3c_to_Equation2,memory_limit,resource_exhausted,resource_exhausted,False,False,False
alpha_3e6a9a0179820947,alps4141::alps_e2e2573ff68c_to_Equation2,1,alps4141,alps4141::alps_e2e2573ff68c_to_Equation2,memory_limit,resource_exhausted,resource_exhausted,False,False,False
alpha_323d1350f25a1335,alps4141::alps_fda5409ff900_to_Equation2,1,alps4141,alps4141::alps_fda5409ff900_to_Equation2,memory_limit,resource_exhausted,resource_exhausted,False,False,False
alpha_d8caefcb9d6213bd,alps4141::alps_a1e9f6f0d1c6_to_Equation2,1,alps4141,alps4141::alps_a1e9f6f0d1c6_to_Equation2,memory_limit,resource_exhausted,resource_exhausted,False,False,False
alpha_220c069b5ff4223c,alps4141::alps_013190e1894c_to_Equation2,1,alps4141,alps4141::alps_013190e1894c_to_Equation2,memory_limit,resource_exhausted,memory_limit,False,False,False
alpha_af103852634428eb,alps4141::alps_23018e66007a_to_Equation2,1,alps4141,alps4141::alps_23018e66007a_to_Equation2,memory_limit,resource_exhausted,resource_exhausted,False,False,False
alpha_4914a6af8f65ed6a,alps4141::alps_f80935d1a106_to_Equation2,1,alps4141,alps4141::alps_f80935d1a106_to_Equation2,memory_limit,resource_exhausted,memory_limit,False,False,False
alpha_d17515f27d914fc2,alps4141::alps_3e51150b1482_to_Equation2,1,alps4141,alps4141::alps_3e51150b1482_to_Equation2,memory_limit,resource_exhausted,resource_exhausted,False,False,False
alpha_8c776ae11b346371,alps4141::alps_708ae1410fa6_to_Equation2,1,alps4141,alps4141::alps_708ae1410fa6_to_Equation2,memory_limit,resource_exhausted,memory_limit,False,False,False
alpha_ccaa60ceb9846eca,alps4141::alps_82fa607d944e_to_Equation2,1,alps4141,alps4141::alps_82fa607d944e_to_Equation2,memory_limit,resource_exhausted,resource_exhausted,False,False,False
alpha_a01ad16e608962a7,alps4141::alps_7fcef8b829a9_to_Equation2,1,alps4141,alps4141::alps_7fcef8b829a9_to_Equation2,memory_limit,resource_exhausted,memory_limit,False,False,False
alpha_cab15c54f37e01c1,alps4141::alps_c2b7687a61f9_to_Equation2,1,alps4141,alps4141::alps_c2b7687a61f9_to_Equation2,memory_limit,resource_exhausted,resource_exhausted,False,False,False
alpha_6952ffeef116230d,alps4141::alps_0c9997a66c07_to_Equation2,1,alps4141,alps4141::alps_0c9997a66c07_to_Equation2,memory_limit,resource_exhausted,resource_exhausted,False,False,False
alpha_316e2e0dca8d8146,alps4141::alps_d02a67d8ea60_to_Equation2,1,alps4141,alps4141::alps_d02a67d8ea60_to_Equation2,memory_limit,resource_exhausted,memory_limit,False,False,False
alpha_bc7d9e467c0780e5,alps4141::alps_28402237cd27_to_Equation2,1,alps4141,alps4141::alps_28402237cd27_to_Equation2,memory_limit,resource_exhausted,resource_exhausted,False,False,False
alpha_41f29cec4e27aac3,alps4141::alps_5c98e5726516_to_Equation2,1,alps4141,alps4141::alps_5c98e5726516_to_Equation2,memory_limit,resource_exhausted,memory_limit,False,False,False
alpha_8e30024cfda297dd,alps4141::alps_8622f2600e4d_to_Equation2,1,alps4141,alps4141::alps_8622f2600e4d_to_Equation2,memory_limit,resource_exhausted,memory_limit,False,False,False
alpha_a93025e87af7c4e6,alps4141::alps_791bfc616af9_to_Equation2,1,alps4141,alps4141::alps_791bfc616af9_to_Equation2,memory_limit,resource_exhausted,memory_limit,False,False,False
alpha_608a27b08d8b7a5c,alps4141::alps_fb54d76f29eb_to_Equation2,1,alps4141,alps4141::alps_fb54d76f29eb_to_Equation2,memory_limit,resource_exhausted,resource_exhausted,False,False,False
alpha_c5a2e6c396b7518b,alps4141::alps_fbb78f4afa9f_to_Equation2,1,alps4141,alps4141::alps_fbb78f4afa9f_to_Equation2,memory_limit,resource_exhausted,memory_limit,False,False,False
alpha_c9b5e343f00b9759,alps4141::alps_4142cfced880_to_Equation2,1,alps4141,alps4141::alps_4142cfced880_to_Equation2,memory_limit,resource_exhausted,resource_exhausted,False,False,False
alpha_3977c92d5d2c8aaa,alps4141::alps_85dc7f26cf66_to_Equation2,1,alps4141,alps4141::alps_85dc7f26cf66_to_Equation2,memory_limit,resource_exhausted,resource_exhausted,False,False,False
alpha_1d9487892b1246f2,alps4141::alps_f288d94b5cd7_to_Equation2,1,alps4141,alps4141::alps_f288d94b5cd7_to_Equation2,memory_limit,resource_exhausted,memory_limit,False,False,False
alpha_2ce23a102200503a,alps4141::alps_8d1a15050d8c_to_Equation2,1,alps4141,alps4141::alps_8d1a15050d8c_to_Equation2,resource_exhausted,resource_exhausted,resource_exhausted,False,False,False
alpha_721bf5c05d519ac3,alps4141::alps_5c36ddb8a355_to_Equation2,1,alps4141,alps4141::alps_5c36ddb8a355_to_Equation2,memory_limit,resource_exhausted,resource_exhausted,False,False,False
alpha_a5db40e0b527b7f9,alps4141::alps_95700b08d04c_to_Equation2,1,alps4141,alps4141::alps_95700b08d04c_to_Equation2,memory_limit,resource_exhausted,resource_exhausted,False,False,False
alpha_3137535e07bfa00d,alps4141::alps_7641877446d9_to_Equation2,1,alps4141,alps4141::alps_7641877446d9_to_Equation2,memory_limit,resource_exhausted,memory_limit,False,False,False
alpha_df0f98a90bb43442,alps4141::alps_3e29847da32b_to_Equation2,1,alps4141,alps4141::alps_3e29847da32b_to_Equation2,memory_limit,resource_exhausted,memory_limit,False,False,False
alpha_a81151f1500adb8d,alps4141::alps_6ad198e48746_to_Equation2,1,alps4141,alps4141::alps_6ad198e48746_to_Equation2,memory_limit,resource_exhausted,memory_limit,False,False,False
alpha_36ba2d32e3114d25,alps4141::alps_635b1c44ed30_to_Equation2,1,alps4141,alps4141::alps_635b1c44ed30_to_Equation2,memory_limit,resource_exhausted,memory_limit,False,False,False
alpha_068f831eeeff70aa,alps4141::alps_2fa48d5e4d56_to_Equation2,1,alps4141,alps4141::alps_2fa48d5e4d56_to_Equation2,memory_limit,resource_exhausted,memory_limit,False,False,False
alpha_d87aea820822fc68,alps4141::alps_6f387d184713_to_Equation2,1,alps4141,alps4141::alps_6f387d184713_to_Equation2,memory_limit,resource_exhausted,memory_limit,False,False,False
alpha_cd756e97e9a28013,alps4141::alps_e92e357e7a14_to_Equation2,1,alps4141,alps4141::alps_e92e357e7a14_to_Equation2,memory_limit,resource_exhausted,memory_limit,False,False,False
alpha_09e6a2b50ba7ba79,alps4141::alps_3970ee3bc481_to_Equation2,1,alps4141,alps4141::alps_3970ee3bc481_to_Equation2,memory_limit,resource_exhausted,memory_limit,False,False,False
alpha_7c9b7dd42f213d0c,alps4141::alps_226d15c04b2b_to_Equation2,1,alps4141,alps4141::alps_226d15c04b2b_to_Equation2,memory_limit,resource_exhausted,memory_limit,False,False,False
alpha_736327980c4a6af0,alps4141::alps_c95a9eb48912_to_Equation2,1,alps4141,alps4141::alps_c95a9eb48912_to_Equation2,memory_limit,resource_exhausted,memory_limit,False,False,False
alpha_41ba0fad74bf44a8,alps4141::alps_620a3ac5e07f_to_Equation2,1,alps4141,alps4141::alps_620a3ac5e07f_to_Equation2,memory_limit,resource_exhausted,memory_limit,False,False,False
alpha_488b043cf0072de2,alps4141::alps_5ac4506c713e_to_Equation2,1,alps4141,alps4141::alps_5ac4506c713e_to_Equation2,resource_exhausted,resource_exhausted,resource_exhausted,False,False,False
alpha_5d47485252634ea0,alps4141::alps_4c7ab3217b3b_to_Equation2,1,alps4141,alps4141::alps_4c7ab3217b3b_to_Equation2,memory_limit,resource_exhausted,memory_limit,False,False,False
alpha_07392175cf3982ed,alps4141::alps_1bcb74e0d182_to_Equation2,1,alps4141,alps4141::alps_1bcb74e0d182_to_Equation2,memory_limit,resource_exhausted,memory_limit,False,False,False
alpha_a956059c96ca20e1,alps4141::alps_08ad2dd96694_to_Equation2,1,alps4141,alps4141::alps_08ad2dd96694_to_Equation2,memory_limit,resource_exhausted,resource_exhausted,False,False,False
alpha_58462a3bc49d3248,alps4141::alps_37b6c61edabd_to_Equation2,1,alps4141,alps4141::alps_37b6c61edabd_to_Equation2,resource_exhausted,resource_exhausted,resource_exhausted,False,False,False
alpha_c3e8023a030436ac,alps4141::alps_e0633477c46a_to_Equation2,1,alps4141,alps4141::alps_e0633477c46a_to_Equation2,memory_limit,resource_exhausted,memory_limit,False,False,False
alpha_0ae641fe53537e9d,alps4141::alps_28e1b7e90d90_to_Equation2,1,alps4141,alps4141::alps_28e1b7e90d90_to_Equation2,memory_limit,resource_exhausted,memory_limit,False,False,False
alpha_67aaf2b20854ce5b,alps4141::alps_8a5fec2cd457_to_Equation2,1,alps4141,alps4141::alps_8a5fec2cd457_to_Equation2,memory_limit,resource_exhausted,memory_limit,False,False,False
alpha_47275a9a1415baa4,alps4141::alps_274c687bf9e1_to_Equation2,1,alps4141,alps4141::alps_274c687bf9e1_to_Equation2,memory_limit,resource_exhausted,memory_limit,False,False,False
alpha_7c48966cb8294e91,alps4141::alps_45d59e679129_to_Equation2,1,alps4141,alps4141::alps_45d59e679129_to_Equation2,memory_limit,resource_exhausted,memory_limit,False,False,False
alpha_03deb55f442444b9,alps4141::alps_b738c88218a7_to_Equation2,1,alps4141,alps4141::alps_b738c88218a7_to_Equation2,completed_no_decisive_result,resource_exhausted,memory_limit,False,False,False
alpha_e8c0d3a4190fb70f,alps4141::alps_910d41970626_to_Equation2,1,alps4141,alps4141::alps_910d41970626_to_Equation2,resource_exhausted,resource_exhausted,resource_exhausted,False,False,False
alpha_811b40acc08e2b32,alps4141::alps_37cb60c11a33_to_Equation2,1,alps4141,alps4141::alps_37cb60c11a33_to_Equation2,memory_limit,resource_exhausted,memory_limit,False,False,False
alpha_7520a80d4f4aa29b,alps4141::alps_4b54b14aa9be_to_Equation2,1,alps4141,alps4141::alps_4b54b14aa9be_to_Equation2,resource_exhausted,resource_exhausted,resource_exhausted,False,False,False
alpha_2fa1338fe44bde88,alps4141::alps_f3f1b66348c2_to_Equation2,1,alps4141,alps4141::alps_f3f1b66348c2_to_Equation2,resource_exhausted,resource_exhausted,memory_limit,False,False,False
alpha_1608710455744497,alps4141::alps_5d0791b9f71f_to_Equation2,1,alps4141,alps4141::alps_5d0791b9f71f_to_Equation2,resource_exhausted,resource_exhausted,resource_exhausted,False,False,False
alpha_474316b337a3005c,austin96::order5_austin_unknown_E34888_to_E2,2,alps4141+austin96,austin96::order5_austin_unknown_E34888_to_E2 | alps4141::alps_37ef095c0b7a_to_Equation2,memory_limit,resource_exhausted,memory_limit,False,False,False
alpha_2c582d6b890d1739,austin96::order5_austin_unknown_E34889_to_E2,2,alps4141+austin96,austin96::order5_austin_unknown_E34889_to_E2 | alps4141::alps_d94cc63c4e10_to_Equation2,memory_limit,resource_exhausted,resource_exhausted,False,False,False
alpha_8ecb39891284cfc2,alps4141::alps_a88b5a7a7c32_to_Equation2,1,alps4141,alps4141::alps_a88b5a7a7c32_to_Equation2,memory_limit,resource_exhausted,memory_limit,False,False,False
alpha_4521de970eb78ac2,alps4141::alps_3c4c3b4484a6_to_Equation2,1,alps4141,alps4141::alps_3c4c3b4484a6_to_Equation2,resource_exhausted,resource_exhausted,memory_limit,False,False,False
alpha_5a461db47da77348,alps4141::alps_8ce5bec59539_to_Equation2,1,alps4141,alps4141::alps_8ce5bec59539_to_Equation2,resource_exhausted,resource_exhausted,resource_exhausted,False,False,False
alpha_ff1bf8c14c8e1860,alps4141::alps_62c5dc50dac5_to_Equation2,1,alps4141,alps4141::alps_62c5dc50dac5_to_Equation2,memory_limit,resource_exhausted,resource_exhausted,False,False,False
alpha_f6d331e26235fe53,alps4141::alps_551cfa69fb7b_to_Equation2,1,alps4141,alps4141::alps_551cfa69fb7b_to_Equation2,resource_exhausted,resource_exhausted,resource_exhausted,False,False,False
alpha_145c01ae171c6005,austin96::order5_austin_unknown_E33998_to_E2,2,alps4141+austin96,austin96::order5_austin_unknown_E33998_to_E2 | alps4141::alps_8a4684939608_to_Equation2,memory_limit,resource_exhausted,resource_exhausted,False,False,False
alpha_337efc3f3ebc11e9,alps4141::alps_e051b4c8d7c5_to_Equation2,1,alps4141,alps4141::alps_e051b4c8d7c5_to_Equation2,memory_limit,resource_exhausted,memory_limit,False,False,False
alpha_087c3c51b96fd0dd,alps4141::alps_a93d1de0e8f7_to_Equation2,1,alps4141,alps4141::alps_a93d1de0e8f7_to_Equation2,memory_limit,resource_exhausted,resource_exhausted,False,False,False
alpha_7a1d5e914e1b3bf8,alps4141::alps_89364e26e42d_to_Equation2,1,alps4141,alps4141::alps_89364e26e42d_to_Equation2,memory_limit,resource_exhausted,resource_exhausted,False,False,False
alpha_96d66e92e9574d42,alps4141::alps_764fd57028ac_to_Equation2,1,alps4141,alps4141::alps_764fd57028ac_to_Equation2,memory_limit,resource_exhausted,resource_exhausted,False,False,False
alpha_4504760308cc5cde,alps4141::alps_83af7973aeb3_to_Equation2,1,alps4141,alps4141::alps_83af7973aeb3_to_Equation2,memory_limit,resource_exhausted,resource_exhausted,False,False,False
alpha_b38ca6d994bee52f,alps4141::alps_4ec14b1b6de8_to_Equation2,1,alps4141,alps4141::alps_4ec14b1b6de8_to_Equation2,memory_limit,resource_exhausted,resource_exhausted,False,False,False
alpha_798e661f8c8c7275,alps4141::alps_9c173fe194ee_to_Equation2,1,alps4141,alps4141::alps_9c173fe194ee_to_Equation2,memory_limit,resource_exhausted,resource_exhausted,False,False,False
alpha_9a38d855048337f6,alps4141::alps_7ba9e8d97bac_to_Equation2,1,alps4141,alps4141::alps_7ba9e8d97bac_to_Equation2,memory_limit,resource_exhausted,resource_exhausted,False,False,False
alpha_34f919a80342b138,alps4141::alps_90ab34f19ad4_to_Equation2,1,alps4141,alps4141::alps_90ab34f19ad4_to_Equation2,memory_limit,resource_exhausted,resource_exhausted,False,False,False
alpha_5793b1617e42c1e5,alps4141::alps_dea7f23e1767_to_Equation2,1,alps4141,alps4141::alps_dea7f23e1767_to_Equation2,resource_exhausted,resource_exhausted,resource_exhausted,False,False,False
alpha_3e64bd17e1561d19,alps4141::alps_2cdf53a55c6c_to_Equation2,1,alps4141,alps4141::alps_2cdf53a55c6c_to_Equation2,memory_limit,resource_exhausted,memory_limit,False,False,False
alpha_37479f95576bd033,alps4141::alps_64dbdf3c8d59_to_Equation2,1,alps4141,alps4141::alps_64dbdf3c8d59_to_Equation2,memory_limit,resource_exhausted,resource_exhausted,False,False,False
alpha_0ce83c08fc498580,alps4141::alps_291b2bad87de_to_Equation2,1,alps4141,alps4141::alps_291b2bad87de_to_Equation2,memory_limit,resource_exhausted,resource_exhausted,False,False,False
alpha_0cfbd7afe5b97554,alps4141::alps_d3df0bcbca7c_to_Equation2,1,alps4141,alps4141::alps_d3df0bcbca7c_to_Equation2,memory_limit,resource_exhausted,resource_exhausted,False,False,False
alpha_2dde601dcea1cfcf,alps4141::alps_bdfdda87cb1a_to_Equation2,1,alps4141,alps4141::alps_bdfdda87cb1a_to_Equation2,memory_limit,resource_exhausted,resource_exhausted,False,False,False
alpha_4b3345b03ad180f8,alps4141::alps_651604be6cad_to_Equation2,1,alps4141,alps4141::alps_651604be6cad_to_Equation2,resource_exhausted,resource_exhausted,resource_exhausted,False,False,False
alpha_73c1d1279ef6bdd9,alps4141::alps_21d4dcef75b9_to_Equation2,1,alps4141,alps4141::alps_21d4dcef75b9_to_Equation2,resource_exhausted,resource_exhausted,resource_exhausted,False,False,False
alpha_3ecadf034acda796,alps4141::alps_a1f990d01ca4_to_Equation2,1,alps4141,alps4141::alps_a1f990d01ca4_to_Equation2,resource_exhausted,resource_exhausted,resource_exhausted,False,False,False
alpha_08a56dc4d8f9072e,alps4141::alps_73f0cedec778_to_Equation2,1,alps4141,alps4141::alps_73f0cedec778_to_Equation2,resource_exhausted,resource_exhausted,resource_exhausted,False,False,False
alpha_464a3f92a7a40f6b,alps4141::alps_0632b89c4d43_to_Equation2,1,alps4141,alps4141::alps_0632b89c4d43_to_Equation2,memory_limit,resource_exhausted,resource_exhausted,False,False,False
alpha_f732c230b0df3f6f,alps4141::alps_af914d9a0631_to_Equation2,1,alps4141,alps4141::alps_af914d9a0631_to_Equation2,memory_limit,resource_exhausted,resource_exhausted,False,False,False
alpha_af9f3d95fc70960c,alps4141::alps_a10c3dab1675_to_Equation2,1,alps4141,alps4141::alps_a10c3dab1675_to_Equation2,resource_exhausted,resource_exhausted,resource_exhausted,False,False,False
alpha_6733b05f43a1fb78,alps4141::alps_ee0d98cd0ba5_to_Equation2,1,alps4141,alps4141::alps_ee0d98cd0ba5_to_Equation2,memory_limit,resource_exhausted,memory_limit,False,False,False
alpha_9692092c5987b7c7,alps4141::alps_4182112a49f8_to_Equation2,1,alps4141,alps4141::alps_4182112a49f8_to_Equation2,resource_exhausted,resource_exhausted,resource_exhausted,False,False,False
alpha_8f89726dd9014560,alps4141::alps_8e35b0ff9988_to_Equation2,1,alps4141,alps4141::alps_8e35b0ff9988_to_Equation2,memory_limit,resource_exhausted,resource_exhausted,False,False,False
alpha_fe62e6cdae1c1a32,alps4141::alps_2f1c8501fb6f_to_Equation2,1,alps4141,alps4141::alps_2f1c8501fb6f_to_Equation2,memory_limit,resource_exhausted,resource_exhausted,False,False,False
alpha_6ebd15bdf670cf65,alps4141::alps_54223dbe10db_to_Equation2,1,alps4141,alps4141::alps_54223dbe10db_to_Equation2,memory_limit,resource_exhausted,resource_exhausted,False,False,False
alpha_e99ea9921906487e,alps4141::alps_d92ece62410b_to_Equation2,1,alps4141,alps4141::alps_d92ece62410b_to_Equation2,resource_exhausted,resource_exhausted,resource_exhausted,False,False,False
alpha_2cadbf1b0bf1083d,alps4141::alps_35153dcee969_to_Equation2,1,alps4141,alps4141::alps_35153dcee969_to_Equation2,memory_limit,resource_exhausted,resource_exhausted,False,False,False
alpha_0d023270bc6e0efd,alps4141::alps_8ce7b14baa9e_to_Equation2,1,alps4141,alps4141::alps_8ce7b14baa9e_to_Equation2,memory_limit,resource_exhausted,resource_exhausted,False,False,False
alpha_93797e82b0b9caed,alps4141::alps_3e986a55e3c6_to_Equation2,1,alps4141,alps4141::alps_3e986a55e3c6_to_Equation2,memory_limit,resource_exhausted,resource_exhausted,False,False,False
alpha_12375ad1b27ced5d,alps4141::alps_b265a77a7fb5_to_Equation2,1,alps4141,alps4141::alps_b265a77a7fb5_to_Equation2,memory_limit,resource_exhausted,resource_exhausted,False,False,False
alpha_aac6e3d1c57eccf8,alps4141::alps_d64b2cbc5f6a_to_Equation2,1,alps4141,alps4141::alps_d64b2cbc5f6a_to_Equation2,memory_limit,resource_exhausted,resource_exhausted,False,False,False
alpha_a6e5e3af133eba17,alps4141::alps_b0d74a113333_to_Equation2,1,alps4141,alps4141::alps_b0d74a113333_to_Equation2,memory_limit,resource_exhausted,resource_exhausted,False,False,False
alpha_65511351f5eb5a11,alps4141::alps_3d5d702a4169_to_Equation2,1,alps4141,alps4141::alps_3d5d702a4169_to_Equation2,memory_limit,resource_exhausted,resource_exhausted,False,False,False
alpha_fe18f55b7c333937,alps4141::alps_f3be5c19ee98_to_Equation2,1,alps4141,alps4141::alps_f3be5c19ee98_to_Equation2,memory_limit,resource_exhausted,resource_exhausted,False,False,False
alpha_66578848bedf732d,alps4141::alps_ceb093254fe0_to_Equation2,1,alps4141,alps4141::alps_ceb093254fe0_to_Equation2,memory_limit,resource_exhausted,resource_exhausted,False,False,False
alpha_f92882e7cd7805b2,alps4141::alps_82311f236eab_to_Equation2,1,alps4141,alps4141::alps_82311f236eab_to_Equation2,memory_limit,resource_exhausted,resource_exhausted,False,False,False
alpha_3c37a81c682de97e,alps4141::alps_c05a637a623b_to_Equation2,1,alps4141,alps4141::alps_c05a637a623b_to_Equation2,memory_limit,resource_exhausted,resource_exhausted,False,False,False
alpha_d851e0923969dd2e,alps4141::alps_c78d9f35fb3c_to_Equation2,1,alps4141,alps4141::alps_c78d9f35fb3c_to_Equation2,memory_limit,resource_exhausted,resource_exhausted,False,False,False
alpha_0551b35c043a1c05,alps4141::alps_933afaac1d15_to_Equation2,1,alps4141,alps4141::alps_933afaac1d15_to_Equation2,memory_limit,resource_exhausted,memory_limit,False,False,False
alpha_74163606791f1438,alps4141::alps_18f201e150c7_to_Equation2,1,alps4141,alps4141::alps_18f201e150c7_to_Equation2,memory_limit,resource_exhausted,memory_limit,False,False,False
alpha_cec87ba988b624ba,alps4141::alps_a8c185157e8a_to_Equation2,1,alps4141,alps4141::alps_a8c185157e8a_to_Equation2,memory_limit,resource_exhausted,resource_exhausted,False,False,False
alpha_003edc2034f3d668,alps4141::alps_588878738a5a_to_Equation2,1,alps4141,alps4141::alps_588878738a5a_to_Equation2,memory_limit,resource_exhausted,resource_exhausted,False,False,False
alpha_d8fd89086f9f1723,alps4141::alps_17083b0ecdfb_to_Equation2,1,alps4141,alps4141::alps_17083b0ecdfb_to_Equation2,memory_limit,resource_exhausted,resource_exhausted,False,False,False
alpha_b4ea1eb5b57bd0fe,alps4141::alps_ba3f46608e3c_to_Equation2,1,alps4141,alps4141::alps_ba3f46608e3c_to_Equation2,memory_limit,resource_exhausted,memory_limit,False,False,False
alpha_a44f5dc681160171,alps4141::alps_fe8ccaad4c07_to_Equation2,1,alps4141,alps4141::alps_fe8ccaad4c07_to_Equation2,memory_limit,resource_exhausted,resource_exhausted,False,False,False
alpha_7f3114152b334323,alps4141::alps_e7ce185d6965_to_Equation2,1,alps4141,alps4141::alps_e7ce185d6965_to_Equation2,memory_limit,resource_exhausted,resource_exhausted,False,False,False
alpha_0480c21130749843,alps4141::alps_5d12d41cbea5_to_Equation2,1,alps4141,alps4141::alps_5d12d41cbea5_to_Equation2,memory_limit,resource_exhausted,resource_exhausted,False,False,False
alpha_631d118f7e65bcab,alps4141::alps_933bf0ae3b8d_to_Equation2,1,alps4141,alps4141::alps_933bf0ae3b8d_to_Equation2,memory_limit,resource_exhausted,memory_limit,False,False,False
alpha_0c1cce09f8616936,alps4141::alps_285b44b4bfc4_to_Equation2,1,alps4141,alps4141::alps_285b44b4bfc4_to_Equation2,memory_limit,resource_exhausted,resource_exhausted,False,False,False
alpha_364403e2acedcfda,alps4141::alps_342937c7d4b6_to_Equation2,1,alps4141,alps4141::alps_342937c7d4b6_to_Equation2,memory_limit,resource_exhausted,memory_limit,False,False,False
alpha_ee6b9be48a2f4913,alps4141::alps_0e0c84f0cc69_to_Equation2,1,alps4141,alps4141::alps_0e0c84f0cc69_to_Equation2,memory_limit,resource_exhausted,memory_limit,False,False,False
alpha_a9e01ad1e2fce391,alps4141::alps_a53663b06109_to_Equation2,1,alps4141,alps4141::alps_a53663b06109_to_Equation2,memory_limit,resource_exhausted,resource_exhausted,False,False,False
alpha_56cda6fc9484bd3c,alps4141::alps_1de532c002bb_to_Equation2,1,alps4141,alps4141::alps_1de532c002bb_to_Equation2,memory_limit,resource_exhausted,resource_exhausted,False,False,False
alpha_389bb2a13b858d0c,alps4141::alps_187f9758167f_to_Equation2,1,alps4141,alps4141::alps_187f9758167f_to_Equation2,memory_limit,resource_exhausted,resource_exhausted,False,False,False
alpha_8b28a56b95f2a762,alps4141::alps_ca589d3e12a4_to_Equation2,1,alps4141,alps4141::alps_ca589d3e12a4_to_Equation2,memory_limit,resource_exhausted,memory_limit,False,False,False
alpha_2fc08ee5d36df3bd,alps4141::alps_58a77ba8df10_to_Equation2,1,alps4141,alps4141::alps_58a77ba8df10_to_Equation2,memory_limit,resource_exhausted,resource_exhausted,False,False,False
alpha_568cf3adb8ea8462,alps4141::alps_78a33b07b5d4_to_Equation2,1,alps4141,alps4141::alps_78a33b07b5d4_to_Equation2,memory_limit,resource_exhausted,resource_exhausted,False,False,False
alpha_64903b2b20e83978,alps4141::alps_72e127cd1ae6_to_Equation2,1,alps4141,alps4141::alps_72e127cd1ae6_to_Equation2,memory_limit,resource_exhausted,resource_exhausted,False,False,False
alpha_e35b1bcd0c8090df,alps4141::alps_296cb8661d34_to_Equation2,1,alps4141,alps4141::alps_296cb8661d34_to_Equation2,theorem,resource_exhausted,theorem,True,False,False
alpha_0f59dc7797b8c0ca,alps4141::alps_3f72f6338adf_to_Equation2,1,alps4141,alps4141::alps_3f72f6338adf_to_Equation2,memory_limit,resource_exhausted,memory_limit,False,False,False
alpha_ab26dfa8d695cb69,alps4141::alps_35df33f30420_to_Equation2,1,alps4141,alps4141::alps_35df33f30420_to_Equation2,memory_limit,resource_exhausted,resource_exhausted,False,False,False
alpha_3b36f46e5ac3aadf,alps4141::alps_fc2a28aaa635_to_Equation2,1,alps4141,alps4141::alps_fc2a28aaa635_to_Equation2,memory_limit,resource_exhausted,resource_exhausted,False,False,False
alpha_d59c5800403967bc,alps4141::alps_e1129d245b44_to_Equation2,1,alps4141,alps4141::alps_e1129d245b44_to_Equation2,resource_exhausted,resource_exhausted,resource_exhausted,False,False,False
alpha_eb713ae921b4d1ae,alps4141::alps_32b1383d2492_to_Equation2,1,alps4141,alps4141::alps_32b1383d2492_to_Equation2,memory_limit,resource_exhausted,resource_exhausted,False,False,False
alpha_2e6fd0bf6fb51736,alps4141::alps_5e5ec9464e53_to_Equation2,1,alps4141,alps4141::alps_5e5ec9464e53_to_Equation2,memory_limit,resource_exhausted,resource_exhausted,False,False,False
alpha_2e1e2a44fe600edf,alps4141::alps_3d8ac6ebe4c4_to_Equation2,1,alps4141,alps4141::alps_3d8ac6ebe4c4_to_Equation2,memory_limit,resource_exhausted,resource_exhausted,False,False,False
alpha_513cb8c81ad775ec,alps4141::alps_1bb6bf3c73f7_to_Equation2,1,alps4141,alps4141::alps_1bb6bf3c73f7_to_Equation2,memory_limit,resource_exhausted,resource_exhausted,False,False,False
alpha_e16876642b942994,alps4141::alps_6ccb5c724c79_to_Equation2,1,alps4141,alps4141::alps_6ccb5c724c79_to_Equation2,memory_limit,resource_exhausted,resource_exhausted,False,False,False
alpha_91c64b09ddb30eab,alps4141::alps_ba32b9798e3f_to_Equation2,1,alps4141,alps4141::alps_ba32b9798e3f_to_Equation2,memory_limit,resource_exhausted,resource_exhausted,False,False,False
alpha_0b0eb9a0a4be3d61,alps4141::alps_6a81e595cb16_to_Equation2,1,alps4141,alps4141::alps_6a81e595cb16_to_Equation2,memory_limit,resource_exhausted,resource_exhausted,False,False,False
alpha_ef9745ef87de359f,alps4141::alps_d7b5f6fd5cd8_to_Equation2,1,alps4141,alps4141::alps_d7b5f6fd5cd8_to_Equation2,resource_exhausted,resource_exhausted,resource_exhausted,False,False,False
alpha_2036ed387112eded,alps4141::alps_6880231fef03_to_Equation2,1,alps4141,alps4141::alps_6880231fef03_to_Equation2,memory_limit,resource_exhausted,resource_exhausted,False,False,False
alpha_447ef726e0917e37,austin96::order5_austin_unknown_E34778_to_E2,2,alps4141+austin96,austin96::order5_austin_unknown_E34778_to_E2 | alps4141::alps_a5931cfa5e0f_to_Equation2,memory_limit,resource_exhausted,resource_exhausted,False,False,False
alpha_0f92041e374395f4,austin96::order5_austin_unknown_E35100_to_E2,2,alps4141+austin96,austin96::order5_austin_unknown_E35100_to_E2 | alps4141::alps_98f1e81f7af4_to_Equation2,memory_limit,resource_exhausted,resource_exhausted,False,False,False
alpha_e0a43c6892abd192,alps4141::alps_8c6fb8cb5785_to_Equation2,1,alps4141,alps4141::alps_8c6fb8cb5785_to_Equation2,resource_exhausted,resource_exhausted,resource_exhausted,False,False,False
alpha_ebf91c1343ccdd93,alps4141::alps_39c0df80c734_to_Equation2,1,alps4141,alps4141::alps_39c0df80c734_to_Equation2,resource_exhausted,resource_exhausted,resource_exhausted,False,False,False
alpha_aab3b0a0189600bd,alps4141::alps_4d4fc85011a9_to_Equation2,1,alps4141,alps4141::alps_4d4fc85011a9_to_Equation2,memory_limit,resource_exhausted,memory_limit,False,False,False
alpha_d8c7f946d4ed0005,alps4141::alps_12192312175c_to_Equation2,1,alps4141,alps4141::alps_12192312175c_to_Equation2,memory_limit,resource_exhausted,resource_exhausted,False,False,False
alpha_cbac12e9a7aa8238,alps4141::alps_2dbd7b528c0e_to_Equation2,1,alps4141,alps4141::alps_2dbd7b528c0e_to_Equation2,memory_limit,resource_exhausted,resource_exhausted,False,False,False
alpha_6e64b5d9dba63744,alps4141::alps_d93634f28b81_to_Equation2,1,alps4141,alps4141::alps_d93634f28b81_to_Equation2,memory_limit,resource_exhausted,resource_exhausted,False,False,False
alpha_885978d902ef1276,alps4141::alps_4854200e0124_to_Equation2,1,alps4141,alps4141::alps_4854200e0124_to_Equation2,memory_limit,resource_exhausted,resource_exhausted,False,False,False
alpha_ff69c673967af26e,alps4141::alps_e0f34c36dcc6_to_Equation2,1,alps4141,alps4141::alps_e0f34c36dcc6_to_Equation2,memory_limit,resource_exhausted,resource_exhausted,False,False,False
alpha_acaffcbc55ee6dc4,alps4141::alps_c28d39fcda30_to_Equation2,1,alps4141,alps4141::alps_c28d39fcda30_to_Equation2,memory_limit,resource_exhausted,resource_exhausted,False,False,False
alpha_eb4e7130b258b699,alps4141::alps_fbee81a59c28_to_Equation2,1,alps4141,alps4141::alps_fbee81a59c28_to_Equation2,memory_limit,resource_exhausted,resource_exhausted,False,False,False
alpha_7c1da4e023b19e81,alps4141::alps_774b48bf5bc0_to_Equation2,1,alps4141,alps4141::alps_774b48bf5bc0_to_Equation2,memory_limit,resource_exhausted,resource_exhausted,False,False,False
alpha_e447786f89cf5c6d,alps4141::alps_337beb97e2bf_to_Equation2,1,alps4141,alps4141::alps_337beb97e2bf_to_Equation2,memory_limit,resource_exhausted,memory_limit,False,False,False
alpha_d2466137c5df12e6,alps4141::alps_743fc10d41d3_to_Equation2,1,alps4141,alps4141::alps_743fc10d41d3_to_Equation2,resource_exhausted,resource_exhausted,theorem,True,False,False
alpha_e61005a3203fbf77,alps4141::alps_102aaabc78f0_to_Equation2,1,alps4141,alps4141::alps_102aaabc78f0_to_Equation2,memory_limit,resource_exhausted,resource_exhausted,False,False,False
alpha_3e58026667115093,alps4141::alps_62470e5ae4e6_to_Equation2,1,alps4141,alps4141::alps_62470e5ae4e6_to_Equation2,resource_exhausted,resource_exhausted,resource_exhausted,False,False,False
alpha_be370eef44ca34d3,alps4141::alps_bcdfbb5d0734_to_Equation2,1,alps4141,alps4141::alps_bcdfbb5d0734_to_Equation2,memory_limit,resource_exhausted,resource_exhausted,False,False,False
alpha_54510c59108d62cf,austin96::order5_austin_unknown_E35036_to_E2,2,alps4141+austin96,austin96::order5_austin_unknown_E35036_to_E2 | alps4141::alps_d131c2197cba_to_Equation2,memory_limit,resource_exhausted,resource_exhausted,False,False,False
alpha_99a4ddf19d907d0b,alps4141::alps_1a838898392f_to_Equation2,1,alps4141,alps4141::alps_1a838898392f_to_Equation2,resource_exhausted,resource_exhausted,resource_exhausted,False,False,False
alpha_b0fe3a167ca7de97,alps4141::alps_92aa125c864e_to_Equation2,1,alps4141,alps4141::alps_92aa125c864e_to_Equation2,theorem,theorem,theorem,True,False,False
alpha_96995052cf219011,alps4141::alps_4a3e52854e2c_to_Equation2,1,alps4141,alps4141::alps_4a3e52854e2c_to_Equation2,resource_exhausted,resource_exhausted,resource_exhausted,False,False,False
alpha_63aadcefc829812b,alps4141::alps_6563707d6bd6_to_Equation2,1,alps4141,alps4141::alps_6563707d6bd6_to_Equation2,resource_exhausted,resource_exhausted,resource_exhausted,False,False,False
alpha_690c1d51243a540e,alps4141::alps_2966ead125a5_to_Equation2,1,alps4141,alps4141::alps_2966ead125a5_to_Equation2,resource_exhausted,resource_exhausted,resource_exhausted,False,False,False
alpha_738bcd95ae72b446,alps4141::alps_af8e03710f9a_to_Equation2,1,alps4141,alps4141::alps_af8e03710f9a_to_Equation2,resource_exhausted,resource_exhausted,resource_exhausted,False,False,False
alpha_a085d5fa82784b18,alps4141::alps_c70848cb3c9b_to_Equation2,1,alps4141,alps4141::alps_c70848cb3c9b_to_Equation2,resource_exhausted,theorem,theorem,True,False,False
alpha_4b0b5f0cf300d733,alps4141::alps_42f1c21637dd_to_Equation2,1,alps4141,alps4141::alps_42f1c21637dd_to_Equation2,resource_exhausted,theorem,theorem,True,False,False
alpha_13c971e37ca3e00e,alps4141::alps_35077016bce9_to_Equation2,1,alps4141,alps4141::alps_35077016bce9_to_Equation2,resource_exhausted,theorem,theorem,True,False,False
alpha_a70adc89ac3b060a,alps4141::alps_0897e5f92731_to_Equation2,1,alps4141,alps4141::alps_0897e5f92731_to_Equation2,resource_exhausted,resource_exhausted,resource_exhausted,False,False,False
alpha_cea75d708676572d,alps4141::alps_80ad3e5ef048_to_Equation2,1,alps4141,alps4141::alps_80ad3e5ef048_to_Equation2,resource_exhausted,resource_exhausted,resource_exhausted,False,False,False
alpha_5492bb2e2054c998,alps4141::alps_633555e6f791_to_Equation2,1,alps4141,alps4141::alps_633555e6f791_to_Equation2,memory_limit,resource_exhausted,memory_limit,False,False,False
alpha_e895ae00e995d955,alps4141::alps_5ff987cb63cb_to_Equation2,1,alps4141,alps4141::alps_5ff987cb63cb_to_Equation2,memory_limit,resource_exhausted,resource_exhausted,False,False,False
alpha_102bf0e760f30fc8,alps4141::alps_bf2fb44fb865_to_Equation2,1,alps4141,alps4141::alps_bf2fb44fb865_to_Equation2,resource_exhausted,resource_exhausted,resource_exhausted,False,False,False
alpha_63d1df422d234bee,alps4141::alps_1a130cb63ca0_to_Equation2,1,alps4141,alps4141::alps_1a130cb63ca0_to_Equation2,resource_exhausted,resource_exhausted,resource_exhausted,False,False,False
alpha_db05c18c9412b964,alps4141::alps_d2ff7dd335e4_to_Equation2,1,alps4141,alps4141::alps_d2ff7dd335e4_to_Equation2,resource_exhausted,resource_exhausted,resource_exhausted,False,False,False
alpha_946a381539a7a490,alps4141::alps_a5e1fbce4f01_to_Equation2,1,alps4141,alps4141::alps_a5e1fbce4f01_to_Equation2,resource_exhausted,resource_exhausted,resource_exhausted,False,False,False
alpha_f81086824763fb64,alps4141::alps_bc6cdd04a017_to_Equation2,1,alps4141,alps4141::alps_bc6cdd04a017_to_Equation2,resource_exhausted,resource_exhausted,resource_exhausted,False,False,False
alpha_21b6caeb892f1c2c,alps4141::alps_e3068ccdba18_to_Equation2,1,alps4141,alps4141::alps_e3068ccdba18_to_Equation2,resource_exhausted,resource_exhausted,resource_exhausted,False,False,False
alpha_49ab4d85c37e3a7e,alps4141::alps_73978bc53239_to_Equation2,1,alps4141,alps4141::alps_73978bc53239_to_Equation2,resource_exhausted,resource_exhausted,resource_exhausted,False,False,False
alpha_06d5bd4311564341,austin96::order5_austin_unknown_E33883_to_E2,2,alps4141+austin96,austin96::order5_austin_unknown_E33883_to_E2 | alps4141::alps_f295fd4f07be_to_Equation2,resource_exhausted,resource_exhausted,resource_exhausted,False,False,False
alpha_ff71450155ede15e,austin96::order5_austin_unknown_E33884_to_E2,2,alps4141+austin96,austin96::order5_austin_unknown_E33884_to_E2 | alps4141::alps_eab11fb7cbbc_to_Equation2,resource_exhausted,resource_exhausted,resource_exhausted,False,False,False
alpha_ff0755a873be901a,alps4141::alps_69940ab449c2_to_Equation2,1,alps4141,alps4141::alps_69940ab449c2_to_Equation2,resource_exhausted,resource_exhausted,memory_limit,False,False,False
alpha_894f6a5987a3b851,generality34::order5_unknown_finite_status24_E33856_to_E2,1,generality34,generality34::order5_unknown_finite_status24_E33856_to_E2,resource_exhausted,resource_exhausted,resource_exhausted,False,False,False
alpha_0945073a2a28417c,alps4141::alps_7c70425a9763_to_Equation2,1,alps4141,alps4141::alps_7c70425a9763_to_Equation2,resource_exhausted,resource_exhausted,theorem,True,False,False
alpha_dae793c5c899e481,alps4141::alps_e52d210f08e4_to_Equation2,1,alps4141,alps4141::alps_e52d210f08e4_to_Equation2,resource_exhausted,resource_exhausted,theorem,True,False,False
alpha_884eb71401266e66,alps4141::alps_ea979349f818_to_Equation2,1,alps4141,alps4141::alps_ea979349f818_to_Equation2,resource_exhausted,resource_exhausted,resource_exhausted,False,False,False
alpha_12edad1f24a0728e,alps4141::alps_21069c6a5955_to_Equation2,1,alps4141,alps4141::alps_21069c6a5955_to_Equation2,resource_exhausted,resource_exhausted,resource_exhausted,False,False,False
alpha_e1e9d477df1064c5,alps4141::alps_58ea6b14e45a_to_Equation2,1,alps4141,alps4141::alps_58ea6b14e45a_to_Equation2,memory_limit,resource_exhausted,memory_limit,False,False,False
alpha_3b4e914e9dbf6361,alps4141::alps_4f987726f278_to_Equation2,1,alps4141,alps4141::alps_4f987726f278_to_Equation2,resource_exhausted,resource_exhausted,resource_exhausted,False,False,False
alpha_087d6ffebd4e0e36,alps4141::alps_5eee73b36d8d_to_Equation2,1,alps4141,alps4141::alps_5eee73b36d8d_to_Equation2,memory_limit,resource_exhausted,resource_exhausted,False,False,False
alpha_00c25fa734315c05,alps4141::alps_e12da4d0abc7_to_Equation2,1,alps4141,alps4141::alps_e12da4d0abc7_to_Equation2,resource_exhausted,resource_exhausted,memory_limit,False,False,False
alpha_6680f1cf3a2a2a4f,generality34::order5_unknown_finite_status24_E23357_to_E2,1,generality34,generality34::order5_unknown_finite_status24_E23357_to_E2,resource_exhausted,resource_exhausted,resource_exhausted,False,False,False
alpha_37ffb03bed0d6f3b,generality34::order5_unknown_finite_status24_E23354_to_E2,1,generality34,generality34::order5_unknown_finite_status24_E23354_to_E2,memory_limit,resource_exhausted,resource_exhausted,False,False,False
alpha_33c9e2ca8061a554,alps4141::alps_069d3cce0a12_to_Equation2,1,alps4141,alps4141::alps_069d3cce0a12_to_Equation2,memory_limit,resource_exhausted,resource_exhausted,False,False,False
alpha_82f7ece011c77677,alps4141::alps_c1d314b9cb24_to_Equation2,1,alps4141,alps4141::alps_c1d314b9cb24_to_Equation2,memory_limit,resource_exhausted,resource_exhausted,False,False,False
alpha_a32150ac8f92e29b,alps4141::alps_58c6a0646074_to_Equation2,1,alps4141,alps4141::alps_58c6a0646074_to_Equation2,memory_limit,resource_exhausted,resource_exhausted,False,False,False
alpha_c032182399b0b826,alps4141::alps_6ab3a981122b_to_Equation2,1,alps4141,alps4141::alps_6ab3a981122b_to_Equation2,resource_exhausted,resource_exhausted,resource_exhausted,False,False,False
alpha_c0d62a4351ebb66f,generality34::order5_unknown_finite_status24_E24197_to_E2,1,generality34,generality34::order5_unknown_finite_status24_E24197_to_E2,resource_exhausted,resource_exhausted,resource_exhausted,False,False,False
alpha_afc6bc3483b8ddb3,generality34::order5_unknown_finite_status24_E24199_to_E2,1,generality34,generality34::order5_unknown_finite_status24_E24199_to_E2,resource_exhausted,resource_exhausted,resource_exhausted,False,False,False
alpha_a5673551a8d33159,generality34::order5_unknown_finite_status24_E24200_to_E2,1,generality34,generality34::order5_unknown_finite_status24_E24200_to_E2,resource_exhausted,resource_exhausted,resource_exhausted,False,False,False
alpha_818a63dc8807c1ef,generality34::order5_unknown_finite_status24_E24201_to_E2,1,generality34,generality34::order5_unknown_finite_status24_E24201_to_E2,resource_exhausted,resource_exhausted,resource_exhausted,False,False,False
alpha_7a4648762297cc58,alps4141::alps_1d68375a1c3e_to_Equation2,1,alps4141,alps4141::alps_1d68375a1c3e_to_Equation2,memory_limit,resource_exhausted,resource_exhausted,False,False,False
alpha_16afff9225a70a53,alps4141::alps_417b88167639_to_Equation2,1,alps4141,alps4141::alps_417b88167639_to_Equation2,resource_exhausted,resource_exhausted,resource_exhausted,False,False,False
alpha_67341c35ee570730,alps4141::alps_d4f2d3829635_to_Equation2,1,alps4141,alps4141::alps_d4f2d3829635_to_Equation2,memory_limit,resource_exhausted,memory_limit,False,False,False
alpha_4c317388a3020b2a,generality34::order5_unknown_finite_status24_E23337_to_E2,1,generality34,generality34::order5_unknown_finite_status24_E23337_to_E2,memory_limit,resource_exhausted,resource_exhausted,False,False,False
alpha_578b43fa475f571e,generality34::order5_unknown_finite_status24_E23653_to_E2,1,generality34,generality34::order5_unknown_finite_status24_E23653_to_E2,resource_exhausted,resource_exhausted,resource_exhausted,False,False,False
alpha_344f65a01295d9c3,alps4141::alps_b1bca8d582ae_to_Equation2,1,alps4141,alps4141::alps_b1bca8d582ae_to_Equation2,memory_limit,resource_exhausted,resource_exhausted,False,False,False
alpha_f8a2c9b4d69d88c6,alps4141::alps_21e4f6580766_to_Equation2,1,alps4141,alps4141::alps_21e4f6580766_to_Equation2,memory_limit,resource_exhausted,memory_limit,False,False,False
alpha_26f1018a1286dbb3,alps4141::alps_da1110fe574b_to_Equation2,1,alps4141,alps4141::alps_da1110fe574b_to_Equation2,memory_limit,resource_exhausted,resource_exhausted,False,False,False
alpha_5e6e90b29ce4291b,alps4141::alps_e0bc02876456_to_Equation2,1,alps4141,alps4141::alps_e0bc02876456_to_Equation2,memory_limit,resource_exhausted,resource_exhausted,False,False,False
alpha_241b2b41506ab7af,alps4141::alps_fc81e05b8a3c_to_Equation2,1,alps4141,alps4141::alps_fc81e05b8a3c_to_Equation2,memory_limit,resource_exhausted,resource_exhausted,False,False,False
alpha_49b2e4f7c444fcc1,alps4141::alps_9e70df6f323c_to_Equation2,1,alps4141,alps4141::alps_9e70df6f323c_to_Equation2,memory_limit,resource_exhausted,resource_exhausted,False,False,False
alpha_96f2bff3b0556dff,alps4141::alps_19707276a2d7_to_Equation2,1,alps4141,alps4141::alps_19707276a2d7_to_Equation2,memory_limit,resource_exhausted,resource_exhausted,False,False,False
alpha_fab99be869d7affa,alps4141::alps_289d3f7b112f_to_Equation2,1,alps4141,alps4141::alps_289d3f7b112f_to_Equation2,memory_limit,resource_exhausted,resource_exhausted,False,False,False
alpha_6008549e85873d55,alps4141::alps_4fad9c3942d2_to_Equation2,1,alps4141,alps4141::alps_4fad9c3942d2_to_Equation2,memory_limit,resource_exhausted,resource_exhausted,False,False,False
alpha_c25e83b8560ff80f,alps4141::alps_825fd8ed5278_to_Equation2,1,alps4141,alps4141::alps_825fd8ed5278_to_Equation2,memory_limit,resource_exhausted,resource_exhausted,False,False,False
alpha_c6b38f13e672d45d,alps4141::alps_a71a7703f23f_to_Equation2,1,alps4141,alps4141::alps_a71a7703f23f_to_Equation2,memory_limit,resource_exhausted,resource_exhausted,False,False,False
alpha_d96ebcbe7b4a02d5,alps4141::alps_30a6755f6183_to_Equation2,1,alps4141,alps4141::alps_30a6755f6183_to_Equation2,memory_limit,resource_exhausted,resource_exhausted,False,False,False
alpha_776ff9a45e9c0837,alps4141::alps_c2097554fcea_to_Equation2,1,alps4141,alps4141::alps_c2097554fcea_to_Equation2,memory_limit,resource_exhausted,resource_exhausted,False,False,False
alpha_bf12389ea797b627,alps4141::alps_acde34ebc39b_to_Equation2,1,alps4141,alps4141::alps_acde34ebc39b_to_Equation2,memory_limit,resource_exhausted,resource_exhausted,False,False,False
alpha_a5306897cdf88d68,alps4141::alps_e473f66a99f4_to_Equation2,1,alps4141,alps4141::alps_e473f66a99f4_to_Equation2,memory_limit,resource_exhausted,resource_exhausted,False,False,False
alpha_8588b5856235d890,alps4141::alps_19602050e75a_to_Equation2,1,alps4141,alps4141::alps_19602050e75a_to_Equation2,memory_limit,resource_exhausted,resource_exhausted,False,False,False
alpha_7b91d266aa2d56e0,alps4141::alps_3c2dc7ff3118_to_Equation2,1,alps4141,alps4141::alps_3c2dc7ff3118_to_Equation2,memory_limit,resource_exhausted,resource_exhausted,False,False,False
alpha_ada5824dbf887d63,alps4141::alps_82816e07e104_to_Equation2,1,alps4141,alps4141::alps_82816e07e104_to_Equation2,memory_limit,resource_exhausted,resource_exhausted,False,False,False
alpha_1800154b8ffcef0a,alps4141::alps_bca69db41715_to_Equation2,1,alps4141,alps4141::alps_bca69db41715_to_Equation2,memory_limit,resource_exhausted,resource_exhausted,False,False,False
alpha_abae2e4319ea1d3d,alps4141::alps_89dbd75d0ed9_to_Equation2,1,alps4141,alps4141::alps_89dbd75d0ed9_to_Equation2,memory_limit,resource_exhausted,memory_limit,False,False,False
alpha_0d22a77a7ba9c99b,alps4141::alps_91d86095f8ba_to_Equation2,1,alps4141,alps4141::alps_91d86095f8ba_to_Equation2,memory_limit,resource_exhausted,memory_limit,False,False,False
alpha_ee6a033f391e41f8,alps4141::alps_91023af04e9d_to_Equation2,1,alps4141,alps4141::alps_91023af04e9d_to_Equation2,memory_limit,resource_exhausted,memory_limit,False,False,False
alpha_910fcab430cc882e,alps4141::alps_cc317c8393cd_to_Equation2,1,alps4141,alps4141::alps_cc317c8393cd_to_Equation2,resource_exhausted,resource_exhausted,resource_exhausted,False,False,False
alpha_a61fa7b823eee62f,alps4141::alps_7bd28b46148f_to_Equation2,1,alps4141,alps4141::alps_7bd28b46148f_to_Equation2,memory_limit,resource_exhausted,resource_exhausted,False,False,False
alpha_0aa1a98f863d4459,alps4141::alps_bd5d9ead9ee6_to_Equation2,1,alps4141,alps4141::alps_bd5d9ead9ee6_to_Equation2,memory_limit,resource_exhausted,resource_exhausted,False,False,False
alpha_91b752dff9f7bafd,alps4141::alps_bcc838b97ebc_to_Equation2,1,alps4141,alps4141::alps_bcc838b97ebc_to_Equation2,memory_limit,resource_exhausted,resource_exhausted,False,False,False
alpha_6654d6c314d71b5d,alps4141::alps_57cb7f617d83_to_Equation2,1,alps4141,alps4141::alps_57cb7f617d83_to_Equation2,memory_limit,resource_exhausted,memory_limit,False,False,False
alpha_15a34f6d4391232f,alps4141::alps_f29341a08f03_to_Equation2,1,alps4141,alps4141::alps_f29341a08f03_to_Equation2,memory_limit,resource_exhausted,resource_exhausted,False,False,False
alpha_61ab5507ae9ffb17,alps4141::alps_b73472704baf_to_Equation2,1,alps4141,alps4141::alps_b73472704baf_to_Equation2,memory_limit,resource_exhausted,resource_exhausted,False,False,False
alpha_6cdd6787dc852a4b,alps4141::alps_d10891b07459_to_Equation2,1,alps4141,alps4141::alps_d10891b07459_to_Equation2,memory_limit,resource_exhausted,resource_exhausted,False,False,False
alpha_b501829697e47cfa,alps4141::alps_4f0486d9487c_to_Equation2,1,alps4141,alps4141::alps_4f0486d9487c_to_Equation2,resource_exhausted,resource_exhausted,resource_exhausted,False,False,False
alpha_99cc466e6c30220e,alps4141::alps_23662985db57_to_Equation2,1,alps4141,alps4141::alps_23662985db57_to_Equation2,memory_limit,resource_exhausted,resource_exhausted,False,False,False
alpha_725cf0c936c3eaad,alps4141::alps_cdfbdda0473b_to_Equation2,1,alps4141,alps4141::alps_cdfbdda0473b_to_Equation2,memory_limit,resource_exhausted,resource_exhausted,False,False,False
alpha_b063a9c48e7085cc,alps4141::alps_df294000d118_to_Equation2,1,alps4141,alps4141::alps_df294000d118_to_Equation2,memory_limit,resource_exhausted,resource_exhausted,False,False,False
alpha_cfdacb55cd584c6f,alps4141::alps_aa846cdc64b7_to_Equation2,1,alps4141,alps4141::alps_aa846cdc64b7_to_Equation2,memory_limit,resource_exhausted,memory_limit,False,False,False
alpha_dd29053a82115bb3,alps4141::alps_64c368806709_to_Equation2,1,alps4141,alps4141::alps_64c368806709_to_Equation2,memory_limit,resource_exhausted,memory_limit,False,False,False
alpha_f2863e275e10be54,alps4141::alps_fb21df9f62b8_to_Equation2,1,alps4141,alps4141::alps_fb21df9f62b8_to_Equation2,memory_limit,resource_exhausted,memory_limit,False,False,False
alpha_a24ae036ef5dd4af,alps4141::alps_cfbd4b3ca9f5_to_Equation2,1,alps4141,alps4141::alps_cfbd4b3ca9f5_to_Equation2,memory_limit,resource_exhausted,memory_limit,False,False,False
alpha_b650865a8cf85691,alps4141::alps_e19b5a4702f6_to_Equation2,1,alps4141,alps4141::alps_e19b5a4702f6_to_Equation2,memory_limit,resource_exhausted,memory_limit,False,False,False
alpha_9740e17746aff980,alps4141::alps_76acd1791fae_to_Equation2,1,alps4141,alps4141::alps_76acd1791fae_to_Equation2,completed_no_decisive_result,resource_exhausted,memory_limit,False,False,False
alpha_ede1eee7f0905459,alps4141::alps_4064be23615b_to_Equation2,1,alps4141,alps4141::alps_4064be23615b_to_Equation2,memory_limit,resource_exhausted,resource_exhausted,False,False,False
alpha_630f71e9ee72e635,alps4141::alps_374bc3887f3b_to_Equation2,1,alps4141,alps4141::alps_374bc3887f3b_to_Equation2,memory_limit,resource_exhausted,memory_limit,False,False,False
alpha_9621007acdc7a375,alps4141::alps_e2faf7084363_to_Equation2,1,alps4141,alps4141::alps_e2faf7084363_to_Equation2,memory_limit,resource_exhausted,memory_limit,False,False,False
alpha_578e67dc17e7a1fb,alps4141::alps_8741c3253716_to_Equation2,1,alps4141,alps4141::alps_8741c3253716_to_Equation2,memory_limit,resource_exhausted,memory_limit,False,False,False
alpha_be7af7333610a546,alps4141::alps_a19de39bd587_to_Equation2,1,alps4141,alps4141::alps_a19de39bd587_to_Equation2,resource_exhausted,resource_exhausted,resource_exhausted,False,False,False
alpha_71f5fb0a4067e84d,alps4141::alps_b67ff7de4cb2_to_Equation2,1,alps4141,alps4141::alps_b67ff7de4cb2_to_Equation2,memory_limit,resource_exhausted,memory_limit,False,False,False
alpha_29353ba54839eb5b,alps4141::alps_68ac5de6fff0_to_Equation2,1,alps4141,alps4141::alps_68ac5de6fff0_to_Equation2,memory_limit,resource_exhausted,resource_exhausted,False,False,False
alpha_e251d3fe380b7725,alps4141::alps_c20c10778cc2_to_Equation2,1,alps4141,alps4141::alps_c20c10778cc2_to_Equation2,memory_limit,resource_exhausted,resource_exhausted,False,False,False
alpha_822d701da09f52df,alps4141::alps_c3d61fc86d97_to_Equation2,1,alps4141,alps4141::alps_c3d61fc86d97_to_Equation2,memory_limit,resource_exhausted,memory_limit,False,False,False
alpha_ee07bfd66b99db68,alps4141::alps_30b65d59ce02_to_Equation2,1,alps4141,alps4141::alps_30b65d59ce02_to_Equation2,memory_limit,resource_exhausted,resource_exhausted,False,False,False
alpha_fc770404b2adf181,alps4141::alps_ffd463fac7e4_to_Equation2,1,alps4141,alps4141::alps_ffd463fac7e4_to_Equation2,memory_limit,resource_exhausted,resource_exhausted,False,False,False
alpha_1ce02610f4bf1920,alps4141::alps_4b0041b6b3c0_to_Equation2,1,alps4141,alps4141::alps_4b0041b6b3c0_to_Equation2,memory_limit,resource_exhausted,resource_exhausted,False,False,False
alpha_788bfd614dca720d,alps4141::alps_57e3b784697c_to_Equation2,1,alps4141,alps4141::alps_57e3b784697c_to_Equation2,memory_limit,resource_exhausted,resource_exhausted,False,False,False
alpha_84ffc11bb2fe8bc1,alps4141::alps_367cbc42bba4_to_Equation2,1,alps4141,alps4141::alps_367cbc42bba4_to_Equation2,memory_limit,resource_exhausted,resource_exhausted,False,False,False
alpha_acecde7ceb71f4c1,alps4141::alps_1e870fd02bda_to_Equation2,1,alps4141,alps4141::alps_1e870fd02bda_to_Equation2,memory_limit,resource_exhausted,resource_exhausted,False,False,False
alpha_d288a25e2def25e8,alps4141::alps_de775b684469_to_Equation2,1,alps4141,alps4141::alps_de775b684469_to_Equation2,memory_limit,resource_exhausted,resource_exhausted,False,False,False
alpha_c7dd727c38582003,alps4141::alps_b5f9450fca04_to_Equation2,1,alps4141,alps4141::alps_b5f9450fca04_to_Equation2,memory_limit,resource_exhausted,resource_exhausted,False,False,False
alpha_37f87b802077037c,alps4141::alps_56c9c27d07a8_to_Equation2,1,alps4141,alps4141::alps_56c9c27d07a8_to_Equation2,memory_limit,resource_exhausted,resource_exhausted,False,False,False
alpha_7303958a2f76a23c,alps4141::alps_3b5138b8643a_to_Equation2,1,alps4141,alps4141::alps_3b5138b8643a_to_Equation2,memory_limit,resource_exhausted,resource_exhausted,False,False,False
alpha_01747e702fb69c29,alps4141::alps_2417f932b228_to_Equation2,1,alps4141,alps4141::alps_2417f932b228_to_Equation2,memory_limit,resource_exhausted,resource_exhausted,False,False,False
alpha_69318e8a63d7829c,alps4141::alps_4a955a73ceaf_to_Equation2,1,alps4141,alps4141::alps_4a955a73ceaf_to_Equation2,memory_limit,resource_exhausted,resource_exhausted,False,False,False
alpha_7f087ab27fcbea25,alps4141::alps_1c80a8a29624_to_Equation2,1,alps4141,alps4141::alps_1c80a8a29624_to_Equation2,resource_exhausted,resource_exhausted,resource_exhausted,False,False,False
alpha_4bbd2e2784f230f2,alps4141::alps_cc7045170131_to_Equation2,1,alps4141,alps4141::alps_cc7045170131_to_Equation2,resource_exhausted,resource_exhausted,resource_exhausted,False,False,False
alpha_67cb22a3ab5f1cb9,alps4141::alps_3061605d3408_to_Equation2,1,alps4141,alps4141::alps_3061605d3408_to_Equation2,memory_limit,resource_exhausted,resource_exhausted,False,False,False
alpha_de0987557e84b5dc,alps4141::alps_c49df3cf0e69_to_Equation2,1,alps4141,alps4141::alps_c49df3cf0e69_to_Equation2,memory_limit,resource_exhausted,resource_exhausted,False,False,False
alpha_0434095f4995f772,alps4141::alps_d3718022e26c_to_Equation2,1,alps4141,alps4141::alps_d3718022e26c_to_Equation2,memory_limit,resource_exhausted,resource_exhausted,False,False,False
alpha_f1c5cf6d273b1b39,alps4141::alps_12ce87141be3_to_Equation2,1,alps4141,alps4141::alps_12ce87141be3_to_Equation2,memory_limit,resource_exhausted,resource_exhausted,False,False,False
alpha_ae5273063aac8bfe,alps4141::alps_c8ec26b1fef4_to_Equation2,1,alps4141,alps4141::alps_c8ec26b1fef4_to_Equation2,memory_limit,resource_exhausted,resource_exhausted,False,False,False
alpha_f321057a3e58d1dd,alps4141::alps_21b2b15b8221_to_Equation2,1,alps4141,alps4141::alps_21b2b15b8221_to_Equation2,memory_limit,resource_exhausted,resource_exhausted,False,False,False
alpha_c73491bbc406b8cb,alps4141::alps_66aae346d126_to_Equation2,1,alps4141,alps4141::alps_66aae346d126_to_Equation2,memory_limit,resource_exhausted,resource_exhausted,False,False,False
alpha_1ae845c17fa7e505,alps4141::alps_269cc6e6d95d_to_Equation2,1,alps4141,alps4141::alps_269cc6e6d95d_to_Equation2,memory_limit,resource_exhausted,resource_exhausted,False,False,False
alpha_c1356cdb883d912b,alps4141::alps_49cf4c3ffa83_to_Equation2,1,alps4141,alps4141::alps_49cf4c3ffa83_to_Equation2,memory_limit,resource_exhausted,resource_exhausted,False,False,False
alpha_1918c18311c81e36,alps4141::alps_bbb02f0b4be0_to_Equation2,1,alps4141,alps4141::alps_bbb02f0b4be0_to_Equation2,memory_limit,resource_exhausted,resource_exhausted,False,False,False
alpha_942d0118cf8a4c7e,alps4141::alps_94ddbc2b25ea_to_Equation2,1,alps4141,alps4141::alps_94ddbc2b25ea_to_Equation2,memory_limit,resource_exhausted,resource_exhausted,False,False,False
alpha_c85386f1cf371c29,alps4141::alps_49daabd41118_to_Equation2,1,alps4141,alps4141::alps_49daabd41118_to_Equation2,memory_limit,resource_exhausted,resource_exhausted,False,False,False
alpha_9d61c1f683cae636,alps4141::alps_ce2991a5e4ce_to_Equation2,1,alps4141,alps4141::alps_ce2991a5e4ce_to_Equation2,resource_exhausted,resource_exhausted,resource_exhausted,False,False,False
alpha_8cc04d6426b7d924,alps4141::alps_a5d1ad11021b_to_Equation2,1,alps4141,alps4141::alps_a5d1ad11021b_to_Equation2,memory_limit,resource_exhausted,memory_limit,False,False,False
alpha_f8aeeade89f5c979,alps4141::alps_d4ac430397ea_to_Equation2,1,alps4141,alps4141::alps_d4ac430397ea_to_Equation2,memory_limit,resource_exhausted,memory_limit,False,False,False
alpha_a4274c6fd6938d54,alps4141::alps_8f0b0750b745_to_Equation2,1,alps4141,alps4141::alps_8f0b0750b745_to_Equation2,memory_limit,resource_exhausted,resource_exhausted,False,False,False
alpha_f5678fa6b8d7c2e7,alps4141::alps_3a106155c40a_to_Equation2,1,alps4141,alps4141::alps_3a106155c40a_to_Equation2,resource_exhausted,resource_exhausted,resource_exhausted,False,False,False
alpha_833d6a25b9cfb2bc,alps4141::alps_7fff82ff2435_to_Equation2,1,alps4141,alps4141::alps_7fff82ff2435_to_Equation2,resource_exhausted,resource_exhausted,resource_exhausted,False,False,False
alpha_db104cc607e3d3a1,alps4141::alps_00af65d3647d_to_Equation2,1,alps4141,alps4141::alps_00af65d3647d_to_Equation2,memory_limit,resource_exhausted,resource_exhausted,False,False,False
alpha_df21e72a75372fab,alps4141::alps_8cd2050716e8_to_Equation2,1,alps4141,alps4141::alps_8cd2050716e8_to_Equation2,memory_limit,resource_exhausted,resource_exhausted,False,False,False
alpha_e59019830b861164,alps4141::alps_aecd8de526f4_to_Equation2,1,alps4141,alps4141::alps_aecd8de526f4_to_Equation2,resource_exhausted,resource_exhausted,resource_exhausted,False,False,False
alpha_a0b6768fb58b2616,alps4141::alps_50beddc38369_to_Equation2,1,alps4141,alps4141::alps_50beddc38369_to_Equation2,memory_limit,resource_exhausted,resource_exhausted,False,False,False
alpha_df68fd602ba225ab,alps4141::alps_2da64ebf3e04_to_Equation2,1,alps4141,alps4141::alps_2da64ebf3e04_to_Equation2,memory_limit,resource_exhausted,resource_exhausted,False,False,False
alpha_25354cca5208eeb9,alps4141::alps_220a41cf4a9c_to_Equation2,1,alps4141,alps4141::alps_220a41cf4a9c_to_Equation2,memory_limit,resource_exhausted,resource_exhausted,False,False,False
alpha_07d847442efc1331,alps4141::alps_17af6390f7fa_to_Equation2,1,alps4141,alps4141::alps_17af6390f7fa_to_Equation2,memory_limit,resource_exhausted,resource_exhausted,False,False,False
alpha_06a243eebb0dc4c3,alps4141::alps_220687709b37_to_Equation2,1,alps4141,alps4141::alps_220687709b37_to_Equation2,memory_limit,resource_exhausted,resource_exhausted,False,False,False
alpha_5a6463c0de825468,alps4141::alps_2fa62c6d2603_to_Equation2,1,alps4141,alps4141::alps_2fa62c6d2603_to_Equation2,memory_limit,resource_exhausted,resource_exhausted,False,False,False
alpha_5e57ccad9c7ea8bc,alps4141::alps_b24e2bff000e_to_Equation2,1,alps4141,alps4141::alps_b24e2bff000e_to_Equation2,memory_limit,resource_exhausted,resource_exhausted,False,False,False
alpha_83cb8d5883721700,alps4141::alps_857e18efa1cd_to_Equation2,1,alps4141,alps4141::alps_857e18efa1cd_to_Equation2,resource_exhausted,theorem,theorem,True,False,False
alpha_654433ebdc2bfd3e,alps4141::alps_303c53f1c7db_to_Equation2,1,alps4141,alps4141::alps_303c53f1c7db_to_Equation2,memory_limit,resource_exhausted,resource_exhausted,False,False,False
alpha_d8227011613d338c,alps4141::alps_8e462d43b76f_to_Equation2,1,alps4141,alps4141::alps_8e462d43b76f_to_Equation2,memory_limit,resource_exhausted,resource_exhausted,False,False,False
alpha_0d3351191ec37103,alps4141::alps_d90ee542cc87_to_Equation2,1,alps4141,alps4141::alps_d90ee542cc87_to_Equation2,memory_limit,resource_exhausted,resource_exhausted,False,False,False
alpha_4e415c70658502b8,alps4141::alps_0185df6a8dc6_to_Equation2,1,alps4141,alps4141::alps_0185df6a8dc6_to_Equation2,memory_limit,resource_exhausted,resource_exhausted,False,False,False
alpha_6e129ad6c310de0c,alps4141::alps_d8fb7ad2d5fc_to_Equation2,1,alps4141,alps4141::alps_d8fb7ad2d5fc_to_Equation2,memory_limit,resource_exhausted,resource_exhausted,False,False,False
alpha_2002a4c3af4c3281,alps4141::alps_7b851715e3bb_to_Equation2,1,alps4141,alps4141::alps_7b851715e3bb_to_Equation2,memory_limit,resource_exhausted,resource_exhausted,False,False,False
alpha_69beb1d325368b4c,alps4141::alps_9774675f47b0_to_Equation2,1,alps4141,alps4141::alps_9774675f47b0_to_Equation2,memory_limit,resource_exhausted,resource_exhausted,False,False,False
alpha_c0b2c84afcc305c6,alps4141::alps_3cac836c988b_to_Equation2,1,alps4141,alps4141::alps_3cac836c988b_to_Equation2,memory_limit,resource_exhausted,resource_exhausted,False,False,False
alpha_b85667d4351033d1,alps4141::alps_d39f4c0ddf75_to_Equation2,1,alps4141,alps4141::alps_d39f4c0ddf75_to_Equation2,resource_exhausted,resource_exhausted,resource_exhausted,False,False,False
alpha_54e3bbae29c33008,alps4141::alps_9ff7f0cd197b_to_Equation2,1,alps4141,alps4141::alps_9ff7f0cd197b_to_Equation2,memory_limit,resource_exhausted,resource_exhausted,False,False,False
alpha_1850eeded2db51d5,alps4141::alps_e829c560c804_to_Equation2,1,alps4141,alps4141::alps_e829c560c804_to_Equation2,memory_limit,resource_exhausted,resource_exhausted,False,False,False
alpha_25b11629000074b6,alps4141::alps_1f17febd148d_to_Equation2,1,alps4141,alps4141::alps_1f17febd148d_to_Equation2,resource_exhausted,resource_exhausted,resource_exhausted,False,False,False
alpha_5878091d0a167289,alps4141::alps_21ce4a1c4fed_to_Equation2,1,alps4141,alps4141::alps_21ce4a1c4fed_to_Equation2,resource_exhausted,resource_exhausted,resource_exhausted,False,False,False
alpha_15eb0ecaecbdd6b0,austin96::order5_austin_unknown_E33020_to_E2,2,alps4141+austin96,austin96::order5_austin_unknown_E33020_to_E2 | alps4141::alps_6b67c0715468_to_Equation2,memory_limit+resource_exhausted,resource_exhausted,resource_exhausted,False,False,False
alpha_76012711f46012da,alps4141::alps_e03265b3e15e_to_Equation2,1,alps4141,alps4141::alps_e03265b3e15e_to_Equation2,resource_exhausted,resource_exhausted,theorem,True,False,False
alpha_d5adf0c4590ce6e6,austin96::order5_austin_unknown_E33436_to_E2,1,austin96,austin96::order5_austin_unknown_E33436_to_E2,completed_no_decisive_result,completed_no_proof,counter_satisfiable,False,True,False
alpha_15f0c04e6f68c65a,alps4141::alps_529480b4330e_to_Equation2,1,alps4141,alps4141::alps_529480b4330e_to_Equation2,resource_exhausted,resource_exhausted,resource_exhausted,False,False,False
alpha_889ae4df1be6a803,alps4141::alps_18ae895079e0_to_Equation2,1,alps4141,alps4141::alps_18ae895079e0_to_Equation2,theorem,theorem,theorem,True,False,False
alpha_a00afd6634b904f9,alps4141::alps_98bd48bf460f_to_Equation2,1,alps4141,alps4141::alps_98bd48bf460f_to_Equation2,resource_exhausted,resource_exhausted,resource_exhausted,False,False,False
alpha_a0e679dd6bd91b4b,alps4141::alps_4fce8af6d8e5_to_Equation2,1,alps4141,alps4141::alps_4fce8af6d8e5_to_Equation2,resource_exhausted,resource_exhausted,resource_exhausted,False,False,False
alpha_4ee9238023a5de18,alps4141::alps_9e75eb694da5_to_Equation2,1,alps4141,alps4141::alps_9e75eb694da5_to_Equation2,resource_exhausted,resource_exhausted,resource_exhausted,False,False,False
alpha_b7f3ffeb912c0522,alps4141::alps_ec6045f3cf48_to_Equation2,1,alps4141,alps4141::alps_ec6045f3cf48_to_Equation2,resource_exhausted,resource_exhausted,resource_exhausted,False,False,False
alpha_db80da1fcdedafd0,generality34::order5_unknown_finite_status24_E33273_to_E2,1,generality34,generality34::order5_unknown_finite_status24_E33273_to_E2,resource_exhausted,resource_exhausted,resource_exhausted,False,False,False
alpha_bbc3be112c17f126,alps4141::alps_14a41ae24ffe_to_Equation2,1,alps4141,alps4141::alps_14a41ae24ffe_to_Equation2,memory_limit,resource_exhausted,memory_limit,False,False,False
alpha_7fcde0a0ed538b69,alps4141::alps_2c4b6680179d_to_Equation2,1,alps4141,alps4141::alps_2c4b6680179d_to_Equation2,memory_limit,resource_exhausted,memory_limit,False,False,False
alpha_b98f30c1eb42279e,alps4141::alps_61aeee19135c_to_Equation2,1,alps4141,alps4141::alps_61aeee19135c_to_Equation2,memory_limit,resource_exhausted,resource_exhausted,False,False,False
alpha_aaa45df0c39d54be,alps4141::alps_c37b2be2cf52_to_Equation2,1,alps4141,alps4141::alps_c37b2be2cf52_to_Equation2,memory_limit,resource_exhausted,resource_exhausted,False,False,False
alpha_26bdf8a38725dd37,alps4141::alps_3cff6e54904b_to_Equation2,1,alps4141,alps4141::alps_3cff6e54904b_to_Equation2,memory_limit,resource_exhausted,resource_exhausted,False,False,False
alpha_bf25f5ae516b2528,alps4141::alps_c77bee8aeda2_to_Equation2,1,alps4141,alps4141::alps_c77bee8aeda2_to_Equation2,memory_limit,resource_exhausted,resource_exhausted,False,False,False
alpha_32fbad03e32965ac,alps4141::alps_2fb3ca0da843_to_Equation2,1,alps4141,alps4141::alps_2fb3ca0da843_to_Equation2,memory_limit,resource_exhausted,resource_exhausted,False,False,False
alpha_3f4c7b157133a52a,alps4141::alps_d08a696a6c4f_to_Equation2,1,alps4141,alps4141::alps_d08a696a6c4f_to_Equation2,memory_limit,resource_exhausted,memory_limit,False,False,False
alpha_7aed6e57683c3567,alps4141::alps_7250cbab06ce_to_Equation2,1,alps4141,alps4141::alps_7250cbab06ce_to_Equation2,memory_limit,resource_exhausted,memory_limit,False,False,False
alpha_d1ff48e28562af6e,alps4141::alps_a5cda10109f7_to_Equation2,1,alps4141,alps4141::alps_a5cda10109f7_to_Equation2,memory_limit,resource_exhausted,resource_exhausted,False,False,False
alpha_b8c167db30f38121,alps4141::alps_d62e5b61b0b7_to_Equation2,1,alps4141,alps4141::alps_d62e5b61b0b7_to_Equation2,memory_limit,resource_exhausted,theorem,True,False,False
alpha_cca25269d9d16c91,alps4141::alps_d37c705cd76e_to_Equation2,1,alps4141,alps4141::alps_d37c705cd76e_to_Equation2,memory_limit,resource_exhausted,resource_exhausted,False,False,False
alpha_6e1e41d9aaafce0a,alps4141::alps_e5901acc5665_to_Equation2,1,alps4141,alps4141::alps_e5901acc5665_to_Equation2,memory_limit,resource_exhausted,resource_exhausted,False,False,False
alpha_e8eec8529ad6b3c2,alps4141::alps_466069accd08_to_Equation2,1,alps4141,alps4141::alps_466069accd08_to_Equation2,memory_limit,resource_exhausted,resource_exhausted,False,False,False
alpha_c4af9a8910847a74,alps4141::alps_35630e398415_to_Equation2,1,alps4141,alps4141::alps_35630e398415_to_Equation2,memory_limit,resource_exhausted,resource_exhausted,False,False,False
alpha_d6514a1b0e95001b,alps4141::alps_746fbcf7bebf_to_Equation2,1,alps4141,alps4141::alps_746fbcf7bebf_to_Equation2,memory_limit,resource_exhausted,resource_exhausted,False,False,False
alpha_d089e0c3cc9ed52f,alps4141::alps_dd159bdbd21a_to_Equation2,1,alps4141,alps4141::alps_dd159bdbd21a_to_Equation2,memory_limit,resource_exhausted,resource_exhausted,False,False,False
alpha_78aeee7d2b60a2c4,alps4141::alps_d4c2d8d53524_to_Equation2,1,alps4141,alps4141::alps_d4c2d8d53524_to_Equation2,memory_limit,resource_exhausted,resource_exhausted,False,False,False
alpha_49f92d8254777789,alps4141::alps_712d1ded46f4_to_Equation2,1,alps4141,alps4141::alps_712d1ded46f4_to_Equation2,memory_limit,resource_exhausted,resource_exhausted,False,False,False
alpha_b39dd3914b81727e,alps4141::alps_76dd22568458_to_Equation2,1,alps4141,alps4141::alps_76dd22568458_to_Equation2,memory_limit,resource_exhausted,resource_exhausted,False,False,False
alpha_4d58e99a2d33672d,alps4141::alps_8bbeb14ec0ab_to_Equation2,1,alps4141,alps4141::alps_8bbeb14ec0ab_to_Equation2,memory_limit,resource_exhausted,resource_exhausted,False,False,False
alpha_eae714486327e8ee,alps4141::alps_92ce0149355a_to_Equation2,1,alps4141,alps4141::alps_92ce0149355a_to_Equation2,memory_limit,resource_exhausted,resource_exhausted,False,False,False
alpha_b6b986f1527115ca,alps4141::alps_c8727ba6defe_to_Equation2,1,alps4141,alps4141::alps_c8727ba6defe_to_Equation2,memory_limit,resource_exhausted,resource_exhausted,False,False,False
alpha_1d25dee6e4321dab,alps4141::alps_b12e077123c5_to_Equation2,1,alps4141,alps4141::alps_b12e077123c5_to_Equation2,memory_limit,resource_exhausted,resource_exhausted,False,False,False
alpha_cabff27dcff20110,alps4141::alps_3cb9c6a6fe73_to_Equation2,1,alps4141,alps4141::alps_3cb9c6a6fe73_to_Equation2,memory_limit,resource_exhausted,resource_exhausted,False,False,False
alpha_1d2b98eeb857c2e7,alps4141::alps_0799bffbe154_to_Equation2,1,alps4141,alps4141::alps_0799bffbe154_to_Equation2,memory_limit,resource_exhausted,resource_exhausted,False,False,False
alpha_4ebaa3488220df80,alps4141::alps_19991eca30ca_to_Equation2,1,alps4141,alps4141::alps_19991eca30ca_to_Equation2,memory_limit,resource_exhausted,resource_exhausted,False,False,False
alpha_e091dde067b34657,alps4141::alps_8893b4060e3a_to_Equation2,1,alps4141,alps4141::alps_8893b4060e3a_to_Equation2,memory_limit,resource_exhausted,resource_exhausted,False,False,False
alpha_bf980dd1ffe4dd7f,alps4141::alps_5d5a94209606_to_Equation2,1,alps4141,alps4141::alps_5d5a94209606_to_Equation2,memory_limit,resource_exhausted,resource_exhausted,False,False,False
alpha_9158fd4bfaf2c100,alps4141::alps_82823111c73c_to_Equation2,1,alps4141,alps4141::alps_82823111c73c_to_Equation2,resource_exhausted,resource_exhausted,resource_exhausted,False,False,False
alpha_bdcc814c157abc15,alps4141::alps_c8319a7b7d5d_to_Equation2,1,alps4141,alps4141::alps_c8319a7b7d5d_to_Equation2,memory_limit,resource_exhausted,resource_exhausted,False,False,False
alpha_65716774330040d9,alps4141::alps_1e24d7ca7433_to_Equation2,1,alps4141,alps4141::alps_1e24d7ca7433_to_Equation2,memory_limit,resource_exhausted,resource_exhausted,False,False,False
alpha_6cce5757b1d82edc,alps4141::alps_4e80a1888de0_to_Equation2,1,alps4141,alps4141::alps_4e80a1888de0_to_Equation2,memory_limit,resource_exhausted,resource_exhausted,False,False,False
alpha_350269d4a3cfcb69,alps4141::alps_d28eeb08eae4_to_Equation2,1,alps4141,alps4141::alps_d28eeb08eae4_to_Equation2,memory_limit,resource_exhausted,resource_exhausted,False,False,False
alpha_3d93fa82b1439d80,alps4141::alps_df07f54edae1_to_Equation2,1,alps4141,alps4141::alps_df07f54edae1_to_Equation2,memory_limit,resource_exhausted,resource_exhausted,False,False,False
alpha_385aadcc216623f0,alps4141::alps_d195a66c49e3_to_Equation2,1,alps4141,alps4141::alps_d195a66c49e3_to_Equation2,memory_limit,resource_exhausted,resource_exhausted,False,False,False
alpha_d899aaaa3969c7af,alps4141::alps_44b6cacadbb7_to_Equation2,1,alps4141,alps4141::alps_44b6cacadbb7_to_Equation2,memory_limit,resource_exhausted,resource_exhausted,False,False,False
alpha_e0f5aea0f77cb048,alps4141::alps_284184dfbe2e_to_Equation2,1,alps4141,alps4141::alps_284184dfbe2e_to_Equation2,memory_limit,resource_exhausted,resource_exhausted,False,False,False
alpha_91b6b2809f487867,alps4141::alps_78dd6ed361bd_to_Equation2,1,alps4141,alps4141::alps_78dd6ed361bd_to_Equation2,memory_limit,resource_exhausted,memory_limit,False,False,False
alpha_f9f6b94f3b0e1c4c,alps4141::alps_01dec2bb2e1e_to_Equation2,1,alps4141,alps4141::alps_01dec2bb2e1e_to_Equation2,memory_limit,resource_exhausted,memory_limit,False,False,False
alpha_6a4b825d44bc54b9,alps4141::alps_446aa9401272_to_Equation2,1,alps4141,alps4141::alps_446aa9401272_to_Equation2,memory_limit,resource_exhausted,resource_exhausted,False,False,False
alpha_360f9c899445c22a,alps4141::alps_67f821723757_to_Equation2,1,alps4141,alps4141::alps_67f821723757_to_Equation2,memory_limit,resource_exhausted,resource_exhausted,False,False,False
alpha_78a999b24f4928a9,alps4141::alps_c1c160db2ff0_to_Equation2,1,alps4141,alps4141::alps_c1c160db2ff0_to_Equation2,memory_limit,resource_exhausted,resource_exhausted,False,False,False
alpha_622eac65ecc2fcb6,alps4141::alps_3cbfdec5ea50_to_Equation2,1,alps4141,alps4141::alps_3cbfdec5ea50_to_Equation2,memory_limit,resource_exhausted,resource_exhausted,False,False,False
alpha_3e5b9bea02c9d722,alps4141::alps_6ed588a69203_to_Equation2,1,alps4141,alps4141::alps_6ed588a69203_to_Equation2,memory_limit,resource_exhausted,resource_exhausted,False,False,False
alpha_2cfa5cefd026da72,alps4141::alps_f908a1b8a412_to_Equation2,1,alps4141,alps4141::alps_f908a1b8a412_to_Equation2,memory_limit,resource_exhausted,resource_exhausted,False,False,False
alpha_cdf19f1a534a9ffb,alps4141::alps_e70d2e5aa972_to_Equation2,1,alps4141,alps4141::alps_e70d2e5aa972_to_Equation2,memory_limit,resource_exhausted,resource_exhausted,False,False,False
alpha_f84115e454272022,alps4141::alps_84f52add9020_to_Equation2,1,alps4141,alps4141::alps_84f52add9020_to_Equation2,memory_limit,resource_exhausted,resource_exhausted,False,False,False
alpha_b41599b59e12897b,alps4141::alps_0bc63cd301cf_to_Equation2,1,alps4141,alps4141::alps_0bc63cd301cf_to_Equation2,memory_limit,resource_exhausted,resource_exhausted,False,False,False
alpha_fd4a9704106f00e7,alps4141::alps_c408cddd3c42_to_Equation2,1,alps4141,alps4141::alps_c408cddd3c42_to_Equation2,memory_limit,resource_exhausted,resource_exhausted,False,False,False
alpha_d330d09b4ed8994a,alps4141::alps_58481d4b07d6_to_Equation2,1,alps4141,alps4141::alps_58481d4b07d6_to_Equation2,memory_limit,resource_exhausted,resource_exhausted,False,False,False
alpha_14f37a5ad8406378,alps4141::alps_7663e1c71033_to_Equation2,1,alps4141,alps4141::alps_7663e1c71033_to_Equation2,memory_limit,resource_exhausted,resource_exhausted,False,False,False
alpha_4f3ef86ee2120bde,alps4141::alps_cf740199bda5_to_Equation2,1,alps4141,alps4141::alps_cf740199bda5_to_Equation2,memory_limit,resource_exhausted,resource_exhausted,False,False,False
alpha_73045201fb873771,alps4141::alps_a8df27100353_to_Equation2,1,alps4141,alps4141::alps_a8df27100353_to_Equation2,memory_limit,resource_exhausted,resource_exhausted,False,False,False
alpha_b42255e8105a6f5d,alps4141::alps_421797c2c787_to_Equation2,1,alps4141,alps4141::alps_421797c2c787_to_Equation2,memory_limit,resource_exhausted,resource_exhausted,False,False,False
alpha_58051540b5255357,alps4141::alps_832353709e6c_to_Equation2,1,alps4141,alps4141::alps_832353709e6c_to_Equation2,memory_limit,resource_exhausted,resource_exhausted,False,False,False
alpha_680f33aa44f0e6fb,alps4141::alps_78f9157e49da_to_Equation2,1,alps4141,alps4141::alps_78f9157e49da_to_Equation2,memory_limit,resource_exhausted,resource_exhausted,False,False,False
alpha_607efc040cda6f54,alps4141::alps_17b876462d71_to_Equation2,1,alps4141,alps4141::alps_17b876462d71_to_Equation2,memory_limit,resource_exhausted,resource_exhausted,False,False,False
alpha_24de24598564a9fe,alps4141::alps_963e72c34e0c_to_Equation2,1,alps4141,alps4141::alps_963e72c34e0c_to_Equation2,memory_limit,resource_exhausted,resource_exhausted,False,False,False
alpha_03dfe1a03c4cc96d,alps4141::alps_ffc411806bce_to_Equation2,1,alps4141,alps4141::alps_ffc411806bce_to_Equation2,memory_limit,resource_exhausted,resource_exhausted,False,False,False
alpha_a2b7f39fea73b0a1,alps4141::alps_e7426bf6cb03_to_Equation2,1,alps4141,alps4141::alps_e7426bf6cb03_to_Equation2,completed_no_decisive_result,resource_exhausted,memory_limit,False,False,False
alpha_6ccad66973f08ebf,alps4141::alps_e032933b6972_to_Equation2,1,alps4141,alps4141::alps_e032933b6972_to_Equation2,memory_limit,resource_exhausted,resource_exhausted,False,False,False
alpha_58046c6390eef7f6,alps4141::alps_44a20dd549a3_to_Equation2,1,alps4141,alps4141::alps_44a20dd549a3_to_Equation2,completed_no_decisive_result,resource_exhausted,resource_exhausted,False,False,False
alpha_016deb36cc250596,alps4141::alps_c53ffa4c5e96_to_Equation2,1,alps4141,alps4141::alps_c53ffa4c5e96_to_Equation2,memory_limit,resource_exhausted,memory_limit,False,False,False
alpha_c837236f3b9ececf,alps4141::alps_e90931dc8115_to_Equation2,1,alps4141,alps4141::alps_e90931dc8115_to_Equation2,memory_limit,resource_exhausted,resource_exhausted,False,False,False
alpha_e7aa3255e9d1be62,alps4141::alps_b5651c02784f_to_Equation2,1,alps4141,alps4141::alps_b5651c02784f_to_Equation2,memory_limit,resource_exhausted,resource_exhausted,False,False,False
alpha_fd3fd99658ea3dee,alps4141::alps_6bc5af290ff2_to_Equation2,1,alps4141,alps4141::alps_6bc5af290ff2_to_Equation2,completed_no_decisive_result,resource_exhausted,resource_exhausted,False,False,False
alpha_b61f1b16647b13d0,alps4141::alps_8546b67f3f4b_to_Equation2,1,alps4141,alps4141::alps_8546b67f3f4b_to_Equation2,memory_limit,resource_exhausted,memory_limit,False,False,False
alpha_90194b5de01d039e,alps4141::alps_fbe54283d3be_to_Equation2,1,alps4141,alps4141::alps_fbe54283d3be_to_Equation2,memory_limit,resource_exhausted,memory_limit,False,False,False
alpha_ccc34e80b9108b8c,alps4141::alps_8fca2033861f_to_Equation2,1,alps4141,alps4141::alps_8fca2033861f_to_Equation2,memory_limit,resource_exhausted,resource_exhausted,False,False,False
alpha_095276c41efb370f,alps4141::alps_eb7ba9934442_to_Equation2,1,alps4141,alps4141::alps_eb7ba9934442_to_Equation2,memory_limit,resource_exhausted,resource_exhausted,False,False,False
alpha_de3e16bd97ca2d4a,alps4141::alps_a93c9552beda_to_Equation2,1,alps4141,alps4141::alps_a93c9552beda_to_Equation2,completed_no_decisive_result,resource_exhausted,resource_exhausted,False,False,False
alpha_7f7052112586e98c,alps4141::alps_45e699b757b2_to_Equation2,1,alps4141,alps4141::alps_45e699b757b2_to_Equation2,memory_limit,resource_exhausted,resource_exhausted,False,False,False
alpha_d3ccb2e8a959f6fe,alps4141::alps_066b6f6f7f34_to_Equation2,1,alps4141,alps4141::alps_066b6f6f7f34_to_Equation2,memory_limit,resource_exhausted,memory_limit,False,False,False
alpha_c9432392db8186b7,alps4141::alps_2115dfa7d0ce_to_Equation2,1,alps4141,alps4141::alps_2115dfa7d0ce_to_Equation2,memory_limit,resource_exhausted,resource_exhausted,False,False,False
alpha_b8c3dad0bc2dc82a,alps4141::alps_e3a80a050aec_to_Equation2,1,alps4141,alps4141::alps_e3a80a050aec_to_Equation2,memory_limit,resource_exhausted,resource_exhausted,False,False,False
alpha_867a3420b9c01aa9,alps4141::alps_75aa90cf6a7b_to_Equation2,1,alps4141,alps4141::alps_75aa90cf6a7b_to_Equation2,memory_limit,resource_exhausted,resource_exhausted,False,False,False
alpha_0e0067120f018c6a,austin96::order5_austin_unknown_E32280_to_E2,2,alps4141+austin96,austin96::order5_austin_unknown_E32280_to_E2 | alps4141::alps_a18c024f830c_to_Equation2,memory_limit,resource_exhausted,resource_exhausted,False,False,False
alpha_65565cd0d7459124,austin96::order5_austin_unknown_E32294_to_E2,2,alps4141+austin96,austin96::order5_austin_unknown_E32294_to_E2 | alps4141::alps_e3712dc07af0_to_Equation2,memory_limit,resource_exhausted,resource_exhausted,False,False,False
alpha_ce9b934b7a6ba670,austin96::order5_austin_unknown_E32281_to_E2,2,alps4141+austin96,austin96::order5_austin_unknown_E32281_to_E2 | alps4141::alps_8959f7265a45_to_Equation2,memory_limit,resource_exhausted,resource_exhausted,False,False,False
alpha_94a6cc3f04666c36,alps4141::alps_77f36cc0e4aa_to_Equation2,1,alps4141,alps4141::alps_77f36cc0e4aa_to_Equation2,resource_exhausted,resource_exhausted,resource_exhausted,False,False,False
alpha_91aac425d72bd3e0,alps4141::alps_76c5513c1d76_to_Equation2,1,alps4141,alps4141::alps_76c5513c1d76_to_Equation2,resource_exhausted,resource_exhausted,resource_exhausted,False,False,False
alpha_8e24fb1acc355ba6,alps4141::alps_83b27e99a47f_to_Equation2,1,alps4141,alps4141::alps_83b27e99a47f_to_Equation2,memory_limit,resource_exhausted,memory_limit,False,False,False
alpha_e442ea5aeb1620fe,alps4141::alps_1ac5146133a5_to_Equation2,1,alps4141,alps4141::alps_1ac5146133a5_to_Equation2,resource_exhausted,resource_exhausted,resource_exhausted,False,False,False
alpha_903969b89484a797,alps4141::alps_d1192388ab99_to_Equation2,1,alps4141,alps4141::alps_d1192388ab99_to_Equation2,memory_limit,resource_exhausted,resource_exhausted,False,False,False
alpha_7975b3a698203e28,alps4141::alps_583d68c83197_to_Equation2,1,alps4141,alps4141::alps_583d68c83197_to_Equation2,resource_exhausted,resource_exhausted,resource_exhausted,False,False,False
alpha_c2d19d2a702ca9a0,alps4141::alps_0cb0456f8c3d_to_Equation2,1,alps4141,alps4141::alps_0cb0456f8c3d_to_Equation2,resource_exhausted,resource_exhausted,resource_exhausted,False,False,False
alpha_278001cfda941b56,austin96::order5_austin_unknown_E26105_to_E2,2,alps4141+austin96,austin96::order5_austin_unknown_E26105_to_E2 | alps4141::alps_2871d801403c_to_Equation2,resource_exhausted,resource_exhausted,counter_satisfiable,False,True,False
alpha_8060bd3ccbf7b458,alps4141::alps_01bd320a3c05_to_Equation2,1,alps4141,alps4141::alps_01bd320a3c05_to_Equation2,resource_exhausted,resource_exhausted,resource_exhausted,False,False,False
alpha_e7a6e10057f087fb,alps4141::alps_cc130bcbdd1c_to_Equation2,1,alps4141,alps4141::alps_cc130bcbdd1c_to_Equation2,resource_exhausted,resource_exhausted,resource_exhausted,False,False,False
alpha_39a2d193d7b46c10,alps4141::alps_68c4b010d4ca_to_Equation2,1,alps4141,alps4141::alps_68c4b010d4ca_to_Equation2,memory_limit,resource_exhausted,memory_limit,False,False,False
alpha_39b483803c13c2e3,alps4141::alps_95d1967519c9_to_Equation2,1,alps4141,alps4141::alps_95d1967519c9_to_Equation2,resource_exhausted,resource_exhausted,resource_exhausted,False,False,False
alpha_f79f3c3277a7a40e,generality34::order5_known_austin10_E25964_to_E2,1,generality34,generality34::order5_known_austin10_E25964_to_E2,completed_no_decisive_result,completed_no_proof,counter_satisfiable,False,True,False
alpha_50ffa5b15ca53bfe,alps4141::alps_9904635f0203_to_Equation2,1,alps4141,alps4141::alps_9904635f0203_to_Equation2,resource_exhausted,resource_exhausted,resource_exhausted,False,False,False
alpha_15752834ea25e1a5,alps4141::alps_dfc5819e2db2_to_Equation2,1,alps4141,alps4141::alps_dfc5819e2db2_to_Equation2,resource_exhausted,resource_exhausted,memory_limit,False,False,False
alpha_6ba99952773ca680,alps4141::alps_6b26a36344ea_to_Equation2,1,alps4141,alps4141::alps_6b26a36344ea_to_Equation2,resource_exhausted,resource_exhausted,resource_exhausted,False,False,False
alpha_073f26b8edffcaff,alps4141::alps_139ac9790bb2_to_Equation2,1,alps4141,alps4141::alps_139ac9790bb2_to_Equation2,resource_exhausted,resource_exhausted,resource_exhausted,False,False,False
alpha_53f7c1bf2fd86268,generality34::order5_known_austin10_E30591_to_E2,1,generality34,generality34::order5_known_austin10_E30591_to_E2,completed_no_decisive_result,completed_no_proof,counter_satisfiable,False,True,False
alpha_4b9e3d1f6cae3bfe,alps4141::alps_98b94f53ec81_to_Equation2,1,alps4141,alps4141::alps_98b94f53ec81_to_Equation2,memory_limit,resource_exhausted,memory_limit,False,False,False
alpha_3658153787a101e2,alps4141::alps_9ba8db016868_to_Equation2,1,alps4141,alps4141::alps_9ba8db016868_to_Equation2,memory_limit,resource_exhausted,memory_limit,False,False,False
alpha_06e12cc96a867f2b,alps4141::alps_0f9e1e523075_to_Equation2,1,alps4141,alps4141::alps_0f9e1e523075_to_Equation2,memory_limit,resource_exhausted,resource_exhausted,False,False,False
alpha_1cd0dd4a27ebc4db,austin96::order5_austin_unknown_E22634_to_E2,2,alps4141+austin96,austin96::order5_austin_unknown_E22634_to_E2 | alps4141::alps_7389dfd73915_to_Equation2,resource_exhausted,resource_exhausted,counter_satisfiable,False,True,False
alpha_503520d787de4619,alps4141::alps_fbc33cf9e886_to_Equation2,1,alps4141,alps4141::alps_fbc33cf9e886_to_Equation2,memory_limit,resource_exhausted,resource_exhausted,False,False,False
alpha_9cf868582c2397b6,generality34::order5_unknown_finite_status24_E22591_to_E2,1,generality34,generality34::order5_unknown_finite_status24_E22591_to_E2,resource_exhausted,resource_exhausted,resource_exhausted,False,False,False
alpha_38ef383ae134c7d6,alps4141::alps_5d659d781926_to_Equation2,1,alps4141,alps4141::alps_5d659d781926_to_Equation2,resource_exhausted,resource_exhausted,resource_exhausted,False,False,False
alpha_5e1dfb9bac6e9245,austin96::order5_austin_unknown_E22619_to_E2,2,alps4141+austin96,austin96::order5_austin_unknown_E22619_to_E2 | alps4141::alps_5f6e2e021a7a_to_Equation2,resource_exhausted,resource_exhausted,counter_satisfiable,False,True,False
alpha_f080d5478b083e9b,generality34::order5_unknown_finite_status24_E21714_to_E2,1,generality34,generality34::order5_unknown_finite_status24_E21714_to_E2,resource_exhausted,resource_exhausted,resource_exhausted,False,False,False
alpha_18ee6c9795817e1b,alps4141::alps_5e8d3b1b5e5d_to_Equation2,1,alps4141,alps4141::alps_5e8d3b1b5e5d_to_Equation2,memory_limit,resource_exhausted,resource_exhausted,False,False,False
alpha_f6b513f14e966c4d,alps4141::alps_fcd9c6a5bfcd_to_Equation2,1,alps4141,alps4141::alps_fcd9c6a5bfcd_to_Equation2,memory_limit,resource_exhausted,memory_limit,False,False,False
alpha_f524f584b06db144,alps4141::alps_d5c9d97ae6c8_to_Equation2,1,alps4141,alps4141::alps_d5c9d97ae6c8_to_Equation2,memory_limit,resource_exhausted,memory_limit,False,False,False
alpha_987e79143ef11fde,alps4141::alps_ccce9547075a_to_Equation2,1,alps4141,alps4141::alps_ccce9547075a_to_Equation2,memory_limit,resource_exhausted,memory_limit,False,False,False
alpha_8fd2cc55b3851c3e,alps4141::alps_76720af7e2a7_to_Equation2,1,alps4141,alps4141::alps_76720af7e2a7_to_Equation2,resource_exhausted,resource_exhausted,resource_exhausted,False,False,False
alpha_063f08f810b7f84c,alps4141::alps_dacb17038f62_to_Equation2,1,alps4141,alps4141::alps_dacb17038f62_to_Equation2,resource_exhausted,resource_exhausted,resource_exhausted,False,False,False
alpha_a516af8f96c2963d,alps4141::alps_84da04942597_to_Equation2,1,alps4141,alps4141::alps_84da04942597_to_Equation2,memory_limit,resource_exhausted,resource_exhausted,False,False,False
alpha_581cbc7e2cabc43c,alps4141::alps_8a4f35b60073_to_Equation2,1,alps4141,alps4141::alps_8a4f35b60073_to_Equation2,memory_limit,resource_exhausted,resource_exhausted,False,False,False
alpha_103f1345e677db4a,alps4141::alps_64023e442789_to_Equation2,1,alps4141,alps4141::alps_64023e442789_to_Equation2,memory_limit,resource_exhausted,resource_exhausted,False,False,False
alpha_a64d079cf1c7f605,alps4141::alps_b55fb61ea474_to_Equation2,1,alps4141,alps4141::alps_b55fb61ea474_to_Equation2,memory_limit,resource_exhausted,resource_exhausted,False,False,False
alpha_8870bf08e3373985,alps4141::alps_3f5a7752d58f_to_Equation2,1,alps4141,alps4141::alps_3f5a7752d58f_to_Equation2,resource_exhausted,resource_exhausted,resource_exhausted,False,False,False
alpha_169f9e0b7d5889d4,generality34::order5_unknown_finite_status24_E25087_to_E2,1,generality34,generality34::order5_unknown_finite_status24_E25087_to_E2,memory_limit,resource_exhausted,resource_exhausted,False,False,False
alpha_0d82a7dd850372f5,alps4141::alps_3886ed5506fa_to_Equation2,1,alps4141,alps4141::alps_3886ed5506fa_to_Equation2,memory_limit,resource_exhausted,resource_exhausted,False,False,False
alpha_cd3f57087ae500a9,alps4141::alps_7287d5009c51_to_Equation2,1,alps4141,alps4141::alps_7287d5009c51_to_Equation2,memory_limit,resource_exhausted,memory_limit,False,False,False
alpha_1726fa7a55d794f3,alps4141::alps_f0c10c397507_to_Equation2,1,alps4141,alps4141::alps_f0c10c397507_to_Equation2,memory_limit,resource_exhausted,resource_exhausted,False,False,False
alpha_6136570f8db0f6ec,alps4141::alps_321f094095c4_to_Equation2,1,alps4141,alps4141::alps_321f094095c4_to_Equation2,memory_limit,resource_exhausted,resource_exhausted,False,False,False
alpha_7ac83c62b726b306,alps4141::alps_934cd564c3e1_to_Equation2,1,alps4141,alps4141::alps_934cd564c3e1_to_Equation2,memory_limit,resource_exhausted,memory_limit,False,False,False
alpha_128d9c6e05bf21f7,alps4141::alps_fcd7800440db_to_Equation2,1,alps4141,alps4141::alps_fcd7800440db_to_Equation2,memory_limit,resource_exhausted,resource_exhausted,False,False,False
alpha_aca10f512bc3e887,alps4141::alps_541c297f4e8b_to_Equation2,1,alps4141,alps4141::alps_541c297f4e8b_to_Equation2,memory_limit,resource_exhausted,resource_exhausted,False,False,False
alpha_3f9337d1ca28b08a,alps4141::alps_1bbfc86eeeed_to_Equation2,1,alps4141,alps4141::alps_1bbfc86eeeed_to_Equation2,memory_limit,resource_exhausted,resource_exhausted,False,False,False
alpha_f3d82bc82568d1e1,alps4141::alps_6e650e490adc_to_Equation2,1,alps4141,alps4141::alps_6e650e490adc_to_Equation2,memory_limit,resource_exhausted,resource_exhausted,False,False,False
alpha_684232e2bcba3c80,alps4141::alps_808b7a8e1e2e_to_Equation2,1,alps4141,alps4141::alps_808b7a8e1e2e_to_Equation2,memory_limit,resource_exhausted,resource_exhausted,False,False,False
alpha_16d491712c0d0fbe,generality34::order5_known_austin10_E22818_to_E2,1,generality34,generality34::order5_known_austin10_E22818_to_E2,completed_no_decisive_result,completed_no_proof,counter_satisfiable,False,True,False
alpha_5098edc865da5e27,alps4141::alps_d2ff823cff71_to_Equation2,1,alps4141,alps4141::alps_d2ff823cff71_to_Equation2,memory_limit,resource_exhausted,resource_exhausted,False,False,False
alpha_c23d9b9208ec0ccc,alps4141::alps_cdb58d5a2fd8_to_Equation2,1,alps4141,alps4141::alps_cdb58d5a2fd8_to_Equation2,memory_limit,resource_exhausted,resource_exhausted,False,False,False
alpha_6e45c446fe35b32f,alps4141::alps_d3cb31886abc_to_Equation2,1,alps4141,alps4141::alps_d3cb31886abc_to_Equation2,memory_limit,resource_exhausted,resource_exhausted,False,False,False
alpha_88c55d63812b8747,alps4141::alps_08a5579647ce_to_Equation2,1,alps4141,alps4141::alps_08a5579647ce_to_Equation2,memory_limit,resource_exhausted,resource_exhausted,False,False,False
alpha_6ec237057ded6076,alps4141::alps_478a8476cf83_to_Equation2,1,alps4141,alps4141::alps_478a8476cf83_to_Equation2,memory_limit,resource_exhausted,memory_limit,False,False,False
alpha_35db2a4f8a48408b,alps4141::alps_2577f667adbc_to_Equation2,1,alps4141,alps4141::alps_2577f667adbc_to_Equation2,resource_exhausted,resource_exhausted,resource_exhausted,False,False,False
alpha_2b2774f6079b7165,alps4141::alps_8abc8264fe4a_to_Equation2,1,alps4141,alps4141::alps_8abc8264fe4a_to_Equation2,resource_exhausted,resource_exhausted,resource_exhausted,False,False,False
alpha_0628ffe8325d77f2,alps4141::alps_1b85b34c677b_to_Equation2,1,alps4141,alps4141::alps_1b85b34c677b_to_Equation2,memory_limit,resource_exhausted,resource_exhausted,False,False,False
alpha_552d180f1e20a524,alps4141::alps_e60162df1941_to_Equation2,1,alps4141,alps4141::alps_e60162df1941_to_Equation2,memory_limit,resource_exhausted,memory_limit,False,False,False
alpha_59f542bb6722d184,alps4141::alps_f875a6259d37_to_Equation2,1,alps4141,alps4141::alps_f875a6259d37_to_Equation2,resource_exhausted,resource_exhausted,resource_exhausted,False,False,False
alpha_c03760962aa3b0b9,alps4141::alps_7473724d6a03_to_Equation2,1,alps4141,alps4141::alps_7473724d6a03_to_Equation2,memory_limit,resource_exhausted,memory_limit,False,False,False
alpha_0c80f0e39efe321c,alps4141::alps_b0f9e66a3544_to_Equation2,1,alps4141,alps4141::alps_b0f9e66a3544_to_Equation2,resource_exhausted,resource_exhausted,resource_exhausted,False,False,False
alpha_9d8df33b87ba9a4c,alps4141::alps_68f81fa2eede_to_Equation2,1,alps4141,alps4141::alps_68f81fa2eede_to_Equation2,memory_limit,resource_exhausted,memory_limit,False,False,False
alpha_4f058bdaab227d17,alps4141::alps_dac96598ce3a_to_Equation2,1,alps4141,alps4141::alps_dac96598ce3a_to_Equation2,resource_exhausted,resource_exhausted,resource_exhausted,False,False,False
alpha_3ee9156cf2a5b324,alps4141::alps_87cb2587b979_to_Equation2,1,alps4141,alps4141::alps_87cb2587b979_to_Equation2,resource_exhausted,resource_exhausted,resource_exhausted,False,False,False
alpha_793d6c9aa28e3bc3,alps4141::alps_881501fb8332_to_Equation2,1,alps4141,alps4141::alps_881501fb8332_to_Equation2,resource_exhausted,resource_exhausted,resource_exhausted,False,False,False
alpha_79655f2d11aee366,alps4141::alps_51bdb5102b32_to_Equation2,1,alps4141,alps4141::alps_51bdb5102b32_to_Equation2,memory_limit,resource_exhausted,resource_exhausted,False,False,False
alpha_514e8c18b122dafa,alps4141::alps_9f9bfabbef03_to_Equation2,1,alps4141,alps4141::alps_9f9bfabbef03_to_Equation2,resource_exhausted,resource_exhausted,resource_exhausted,False,False,False
alpha_9ab84b3f5c1b479c,alps4141::alps_33daa57264e2_to_Equation2,1,alps4141,alps4141::alps_33daa57264e2_to_Equation2,theorem,theorem,theorem,True,False,False
alpha_f7e125a27e362e8d,alps4141::alps_5128f8de2878_to_Equation2,1,alps4141,alps4141::alps_5128f8de2878_to_Equation2,memory_limit,resource_exhausted,memory_limit,False,False,False
alpha_8fac945d20dcf274,alps4141::alps_1dcd1ca2be59_to_Equation2,1,alps4141,alps4141::alps_1dcd1ca2be59_to_Equation2,resource_exhausted,resource_exhausted,resource_exhausted,False,False,False
alpha_553f5d220817eae3,alps4141::alps_fa86fc785d47_to_Equation2,1,alps4141,alps4141::alps_fa86fc785d47_to_Equation2,memory_limit,resource_exhausted,resource_exhausted,False,False,False
alpha_529a0e9e4ab66976,alps4141::alps_84e6d0578f9d_to_Equation2,1,alps4141,alps4141::alps_84e6d0578f9d_to_Equation2,resource_exhausted,resource_exhausted,resource_exhausted,False,False,False
alpha_cfcd43dc45ab8029,alps4141::alps_d07f707ade6f_to_Equation2,1,alps4141,alps4141::alps_d07f707ade6f_to_Equation2,memory_limit,resource_exhausted,memory_limit,False,False,False
alpha_ea429fc41af2e61a,alps4141::alps_524dbc8480be_to_Equation2,1,alps4141,alps4141::alps_524dbc8480be_to_Equation2,memory_limit,resource_exhausted,memory_limit,False,False,False
alpha_420562398b3fe1d9,alps4141::alps_7c03221e0d9b_to_Equation2,1,alps4141,alps4141::alps_7c03221e0d9b_to_Equation2,resource_exhausted,resource_exhausted,resource_exhausted,False,False,False
alpha_3fd50d63c5e960ee,alps4141::alps_d1aa74d5ee94_to_Equation2,1,alps4141,alps4141::alps_d1aa74d5ee94_to_Equation2,resource_exhausted,resource_exhausted,resource_exhausted,False,False,False
alpha_0c4f9cf72d1c05ae,alps4141::alps_9fbae2dd001a_to_Equation2,1,alps4141,alps4141::alps_9fbae2dd001a_to_Equation2,completed_no_decisive_result,completed_no_proof,resource_exhausted,False,False,False
alpha_6101f45170abac6a,alps4141::alps_1d10adb676b8_to_Equation2,1,alps4141,alps4141::alps_1d10adb676b8_to_Equation2,memory_limit,resource_exhausted,memory_limit,False,False,False
alpha_5b0485881cf5ddb1,alps4141::alps_1b023c6904f6_to_Equation2,1,alps4141,alps4141::alps_1b023c6904f6_to_Equation2,memory_limit,resource_exhausted,memory_limit,False,False,False
alpha_70a747b14862758b,alps4141::alps_971114eea96d_to_Equation2,1,alps4141,alps4141::alps_971114eea96d_to_Equation2,resource_exhausted,resource_exhausted,resource_exhausted,False,False,False
alpha_e3974388a13ae610,alps4141::alps_b6794ded0538_to_Equation2,1,alps4141,alps4141::alps_b6794ded0538_to_Equation2,resource_exhausted,resource_exhausted,resource_exhausted,False,False,False
alpha_e05c2e9f04814d2a,generality34::order5_known_austin10_E22455_to_E2,1,generality34,generality34::order5_known_austin10_E22455_to_E2,completed_no_decisive_result,completed_no_proof,counter_satisfiable,False,True,False
alpha_6a91bbbfba7415db,generality34::order5_unknown_finite_status24_E22446_to_E2,1,generality34,generality34::order5_unknown_finite_status24_E22446_to_E2,resource_exhausted,resource_exhausted,resource_exhausted,False,False,False
alpha_7df6e9f3302d8f49,alps4141::alps_b6e8aedd063f_to_Equation2,1,alps4141,alps4141::alps_b6e8aedd063f_to_Equation2,memory_limit,resource_exhausted,memory_limit,False,False,False
alpha_a6e7602a2a69a129,generality34::order5_unknown_finite_status24_E21864_to_E2,1,generality34,generality34::order5_unknown_finite_status24_E21864_to_E2,resource_exhausted,resource_exhausted,resource_exhausted,False,False,False
alpha_2465b012c9989905,generality34::order5_unknown_finite_status24_E21865_to_E2,1,generality34,generality34::order5_unknown_finite_status24_E21865_to_E2,resource_exhausted,resource_exhausted,resource_exhausted,False,False,False
alpha_17684a3bf977ffce,generality34::order5_unknown_finite_status24_E21866_to_E2,1,generality34,generality34::order5_unknown_finite_status24_E21866_to_E2,resource_exhausted,resource_exhausted,resource_exhausted,False,False,False
alpha_3cf320f3456c11d2,alps4141::alps_19539a0df4b4_to_Equation2,1,alps4141,alps4141::alps_19539a0df4b4_to_Equation2,resource_exhausted,resource_exhausted,resource_exhausted,False,False,False
alpha_bebc5284b51d4b54,alps4141::alps_00abbb9f1148_to_Equation2,1,alps4141,alps4141::alps_00abbb9f1148_to_Equation2,memory_limit,resource_exhausted,resource_exhausted,False,False,False
alpha_f401389c6dac693b,alps4141::alps_9555581f9a3d_to_Equation2,1,alps4141,alps4141::alps_9555581f9a3d_to_Equation2,resource_exhausted,resource_exhausted,resource_exhausted,False,False,False
alpha_3893a0fb7778ec0b,alps4141::alps_fc3161f05281_to_Equation2,1,alps4141,alps4141::alps_fc3161f05281_to_Equation2,memory_limit,resource_exhausted,memory_limit,False,False,False
alpha_814c4a09862d9cc8,alps4141::alps_056714d04e21_to_Equation2,1,alps4141,alps4141::alps_056714d04e21_to_Equation2,memory_limit,resource_exhausted,resource_exhausted,False,False,False
alpha_62fe54ab2306e3aa,alps4141::alps_0e5b2a1c7ae6_to_Equation2,1,alps4141,alps4141::alps_0e5b2a1c7ae6_to_Equation2,memory_limit,resource_exhausted,resource_exhausted,False,False,False
alpha_5d14f0fdb0fed460,alps4141::alps_edf4384b5bd5_to_Equation2,1,alps4141,alps4141::alps_edf4384b5bd5_to_Equation2,resource_exhausted,resource_exhausted,resource_exhausted,False,False,False
alpha_0e568a6f5d260191,alps4141::alps_8631df8cc38f_to_Equation2,1,alps4141,alps4141::alps_8631df8cc38f_to_Equation2,memory_limit,resource_exhausted,resource_exhausted,False,False,False
alpha_5c6c09e654925121,alps4141::alps_c4ec4066eed3_to_Equation2,1,alps4141,alps4141::alps_c4ec4066eed3_to_Equation2,memory_limit,resource_exhausted,resource_exhausted,False,False,False
alpha_1b24a309c66a4e87,alps4141::alps_ea21f76374a5_to_Equation2,1,alps4141,alps4141::alps_ea21f76374a5_to_Equation2,memory_limit,resource_exhausted,resource_exhausted,False,False,False
alpha_3e41e051c8cbd140,alps4141::alps_c13adc3493b9_to_Equation2,1,alps4141,alps4141::alps_c13adc3493b9_to_Equation2,memory_limit,resource_exhausted,resource_exhausted,False,False,False
alpha_e62ba87b85ebff9e,alps4141::alps_1782ff70e38b_to_Equation2,1,alps4141,alps4141::alps_1782ff70e38b_to_Equation2,memory_limit,resource_exhausted,resource_exhausted,False,False,False
alpha_a808d48cc35f51ea,alps4141::alps_552dde111ac7_to_Equation2,1,alps4141,alps4141::alps_552dde111ac7_to_Equation2,memory_limit,resource_exhausted,resource_exhausted,False,False,False
alpha_d6605e487b0bdf72,alps4141::alps_71b80c400aaf_to_Equation2,1,alps4141,alps4141::alps_71b80c400aaf_to_Equation2,memory_limit,resource_exhausted,resource_exhausted,False,False,False
alpha_41b09ab1f3ea6909,alps4141::alps_5b6a1dd24079_to_Equation2,1,alps4141,alps4141::alps_5b6a1dd24079_to_Equation2,memory_limit,resource_exhausted,memory_limit,False,False,False
alpha_198fad50423b2af9,alps4141::alps_109aae07b469_to_Equation2,1,alps4141,alps4141::alps_109aae07b469_to_Equation2,memory_limit,resource_exhausted,resource_exhausted,False,False,False
alpha_062a6428d997f7e8,alps4141::alps_fe24c66a6309_to_Equation2,1,alps4141,alps4141::alps_fe24c66a6309_to_Equation2,memory_limit,resource_exhausted,memory_limit,False,False,False
alpha_d4bdb3bca2d15e3a,alps4141::alps_52ab8d8c15a6_to_Equation2,1,alps4141,alps4141::alps_52ab8d8c15a6_to_Equation2,memory_limit,resource_exhausted,resource_exhausted,False,False,False
alpha_d883563cd2c4c190,alps4141::alps_26b5d51a103d_to_Equation2,1,alps4141,alps4141::alps_26b5d51a103d_to_Equation2,memory_limit,resource_exhausted,memory_limit,False,False,False
alpha_5056493d74ab3616,alps4141::alps_1c5879f074d6_to_Equation2,1,alps4141,alps4141::alps_1c5879f074d6_to_Equation2,memory_limit,resource_exhausted,resource_exhausted,False,False,False
alpha_353805c5a60e2976,alps4141::alps_63d9f9b3f7f0_to_Equation2,1,alps4141,alps4141::alps_63d9f9b3f7f0_to_Equation2,memory_limit,resource_exhausted,memory_limit,False,False,False
alpha_1ddba77e3b85858d,alps4141::alps_49c5a131ea45_to_Equation2,1,alps4141,alps4141::alps_49c5a131ea45_to_Equation2,completed_no_decisive_result,resource_exhausted,resource_exhausted,False,False,False
alpha_03b079816f37faba,alps4141::alps_6128d02ba07c_to_Equation2,1,alps4141,alps4141::alps_6128d02ba07c_to_Equation2,resource_exhausted,resource_exhausted,resource_exhausted,False,False,False
alpha_ce2576dd855ffec7,alps4141::alps_665cff1b6ee5_to_Equation2,1,alps4141,alps4141::alps_665cff1b6ee5_to_Equation2,memory_limit,resource_exhausted,resource_exhausted,False,False,False
alpha_994c7f53000d9644,alps4141::alps_b0b66f9855e5_to_Equation2,1,alps4141,alps4141::alps_b0b66f9855e5_to_Equation2,memory_limit,resource_exhausted,resource_exhausted,False,False,False
alpha_286ad4cf0c4da303,generality34::order5_unknown_finite_status24_E20911_to_E2,1,generality34,generality34::order5_unknown_finite_status24_E20911_to_E2,memory_limit,resource_exhausted,resource_exhausted,False,False,False
alpha_632767c282989500,alps4141::alps_0595ad042ef1_to_Equation2,1,alps4141,alps4141::alps_0595ad042ef1_to_Equation2,memory_limit,resource_exhausted,resource_exhausted,False,False,False
alpha_9127536d89ac37e0,alps4141::alps_d884ba0c4766_to_Equation2,1,alps4141,alps4141::alps_d884ba0c4766_to_Equation2,memory_limit,resource_exhausted,resource_exhausted,False,False,False
alpha_705560a147f9099e,alps4141::alps_f864275e2566_to_Equation2,1,alps4141,alps4141::alps_f864275e2566_to_Equation2,memory_limit,resource_exhausted,resource_exhausted,False,False,False
alpha_e3cb763450878446,alps4141::alps_d29d846cfe62_to_Equation2,1,alps4141,alps4141::alps_d29d846cfe62_to_Equation2,memory_limit,resource_exhausted,resource_exhausted,False,False,False
alpha_1a36784441450195,alps4141::alps_fc511b37653e_to_Equation2,1,alps4141,alps4141::alps_fc511b37653e_to_Equation2,memory_limit,resource_exhausted,memory_limit,False,False,False
alpha_015f9eaba94ef460,alps4141::alps_b758553d334e_to_Equation2,1,alps4141,alps4141::alps_b758553d334e_to_Equation2,memory_limit,resource_exhausted,resource_exhausted,False,False,False
alpha_6100a533019a263e,alps4141::alps_a01137627974_to_Equation2,1,alps4141,alps4141::alps_a01137627974_to_Equation2,resource_exhausted,resource_exhausted,resource_exhausted,False,False,False
alpha_a30c66bd1ef28b16,alps4141::alps_0162c5571dc0_to_Equation2,1,alps4141,alps4141::alps_0162c5571dc0_to_Equation2,resource_exhausted,resource_exhausted,resource_exhausted,False,False,False
alpha_4bbfc28623e40ad1,alps4141::alps_a1741cd6ccc8_to_Equation2,1,alps4141,alps4141::alps_a1741cd6ccc8_to_Equation2,memory_limit,resource_exhausted,resource_exhausted,False,False,False
alpha_e38611a3c629ba58,alps4141::alps_c9ce0918ce43_to_Equation2,1,alps4141,alps4141::alps_c9ce0918ce43_to_Equation2,completed_no_decisive_result,resource_exhausted,memory_limit,False,False,False
alpha_4d11938abc0b8ef1,alps4141::alps_58ff843e9cdf_to_Equation2,1,alps4141,alps4141::alps_58ff843e9cdf_to_Equation2,memory_limit,resource_exhausted,resource_exhausted,False,False,False
alpha_96a281a914a7cc6f,alps4141::alps_3817296ebfc4_to_Equation2,1,alps4141,alps4141::alps_3817296ebfc4_to_Equation2,memory_limit,resource_exhausted,resource_exhausted,False,False,False
alpha_d9286ad9c822659e,alps4141::alps_cd250ca5a01d_to_Equation2,1,alps4141,alps4141::alps_cd250ca5a01d_to_Equation2,memory_limit,resource_exhausted,memory_limit,False,False,False
alpha_c47b5dc4d56d3140,alps4141::alps_2dcbbe308b6b_to_Equation2,1,alps4141,alps4141::alps_2dcbbe308b6b_to_Equation2,memory_limit,resource_exhausted,memory_limit,False,False,False
alpha_f034cd9ed7c280ad,alps4141::alps_2bc3ee02f935_to_Equation2,1,alps4141,alps4141::alps_2bc3ee02f935_to_Equation2,memory_limit,resource_exhausted,memory_limit,False,False,False
alpha_15bf5bf8ef3d0aad,alps4141::alps_a9c39f5d4bc3_to_Equation2,1,alps4141,alps4141::alps_a9c39f5d4bc3_to_Equation2,memory_limit,resource_exhausted,memory_limit,False,False,False
alpha_1cc685cda42730fd,alps4141::alps_3d4046022990_to_Equation2,1,alps4141,alps4141::alps_3d4046022990_to_Equation2,memory_limit,resource_exhausted,resource_exhausted,False,False,False
alpha_ec0a6dceb4838d2a,alps4141::alps_59396f64e72b_to_Equation2,1,alps4141,alps4141::alps_59396f64e72b_to_Equation2,memory_limit,resource_exhausted,resource_exhausted,False,False,False
alpha_65dc6cb0906442ab,alps4141::alps_a2be55123133_to_Equation2,1,alps4141,alps4141::alps_a2be55123133_to_Equation2,memory_limit,resource_exhausted,memory_limit,False,False,False
alpha_d9570c4f945ffc86,alps4141::alps_3f4b1de85347_to_Equation2,1,alps4141,alps4141::alps_3f4b1de85347_to_Equation2,memory_limit,resource_exhausted,memory_limit,False,False,False
alpha_eb1ec1495f2e3d73,alps4141::alps_07895c28a987_to_Equation2,1,alps4141,alps4141::alps_07895c28a987_to_Equation2,memory_limit,resource_exhausted,resource_exhausted,False,False,False
alpha_90022f5cba422823,alps4141::alps_2d6f8f5b3c27_to_Equation2,1,alps4141,alps4141::alps_2d6f8f5b3c27_to_Equation2,memory_limit,resource_exhausted,memory_limit,False,False,False
alpha_71fd62dc45ab4c4d,alps4141::alps_5a9b683ccaa7_to_Equation2,1,alps4141,alps4141::alps_5a9b683ccaa7_to_Equation2,memory_limit,resource_exhausted,resource_exhausted,False,False,False
alpha_a7f431e5caf485b3,alps4141::alps_05fbd8db6c2b_to_Equation2,1,alps4141,alps4141::alps_05fbd8db6c2b_to_Equation2,memory_limit,resource_exhausted,memory_limit,False,False,False
alpha_b9a7e9bcb08d95fa,alps4141::alps_2d6a25d76de5_to_Equation2,1,alps4141,alps4141::alps_2d6a25d76de5_to_Equation2,memory_limit,resource_exhausted,resource_exhausted,False,False,False
alpha_f16a1900136a218c,alps4141::alps_1e9fe8cd2e74_to_Equation2,1,alps4141,alps4141::alps_1e9fe8cd2e74_to_Equation2,memory_limit,resource_exhausted,memory_limit,False,False,False
alpha_c761ddb8522027e7,alps4141::alps_442b1052a2e1_to_Equation2,1,alps4141,alps4141::alps_442b1052a2e1_to_Equation2,memory_limit,resource_exhausted,resource_exhausted,False,False,False
alpha_c6b4a54668fa30b5,alps4141::alps_2f3306be4feb_to_Equation2,1,alps4141,alps4141::alps_2f3306be4feb_to_Equation2,memory_limit,resource_exhausted,memory_limit,False,False,False
alpha_7237d1e7d953e654,alps4141::alps_ea161ac53cc6_to_Equation2,1,alps4141,alps4141::alps_ea161ac53cc6_to_Equation2,memory_limit,resource_exhausted,memory_limit,False,False,False
alpha_bef730a0a9d9b483,alps4141::alps_37effcd0181f_to_Equation2,1,alps4141,alps4141::alps_37effcd0181f_to_Equation2,resource_exhausted,resource_exhausted,resource_exhausted,False,False,False
alpha_75dad09c08e01aa1,austin96::order5_austin_unknown_E19966_to_E2,2,alps4141+austin96,austin96::order5_austin_unknown_E19966_to_E2 | alps4141::alps_08a40e6305c5_to_Equation2,resource_exhausted,resource_exhausted,counter_satisfiable,False,True,False
alpha_0e0117c8cb537695,alps4141::alps_228922960a3e_to_Equation2,1,alps4141,alps4141::alps_228922960a3e_to_Equation2,memory_limit,resource_exhausted,resource_exhausted,False,False,False
alpha_e6a8d591f7f87029,alps4141::alps_b0e7d80908b7_to_Equation2,1,alps4141,alps4141::alps_b0e7d80908b7_to_Equation2,memory_limit,resource_exhausted,resource_exhausted,False,False,False
alpha_28ffc2e6cfad951b,alps4141::alps_08ee8bbb3257_to_Equation2,1,alps4141,alps4141::alps_08ee8bbb3257_to_Equation2,memory_limit,resource_exhausted,resource_exhausted,False,False,False
alpha_b1bfdd89e4d4f373,alps4141::alps_617c847abd0c_to_Equation2,1,alps4141,alps4141::alps_617c847abd0c_to_Equation2,memory_limit,resource_exhausted,resource_exhausted,False,False,False
alpha_f3532c3ce49808b9,alps4141::alps_d3de9581e882_to_Equation2,1,alps4141,alps4141::alps_d3de9581e882_to_Equation2,memory_limit,resource_exhausted,resource_exhausted,False,False,False
alpha_d0a3ab1918f41162,alps4141::alps_a220c787084c_to_Equation2,1,alps4141,alps4141::alps_a220c787084c_to_Equation2,memory_limit,resource_exhausted,memory_limit,False,False,False
alpha_c22e0d40c0cbc8e5,generality34::order5_known_austin10_E20034_to_E2,1,generality34,generality34::order5_known_austin10_E20034_to_E2,completed_no_decisive_result,completed_no_proof,counter_satisfiable,False,True,False
alpha_440a632ea2f04e7c,alps4141::alps_4c2641b960c1_to_Equation2,1,alps4141,alps4141::alps_4c2641b960c1_to_Equation2,memory_limit,resource_exhausted,resource_exhausted,False,False,False
alpha_49a69aa531b3e32e,alps4141::alps_8ba0744d8ff1_to_Equation2,1,alps4141,alps4141::alps_8ba0744d8ff1_to_Equation2,memory_limit,resource_exhausted,memory_limit,False,False,False
alpha_103b021b2625234d,alps4141::alps_9f37490d3527_to_Equation2,1,alps4141,alps4141::alps_9f37490d3527_to_Equation2,memory_limit,resource_exhausted,memory_limit,False,False,False
alpha_d42ff83d1eec3326,alps4141::alps_e1a139258274_to_Equation2,1,alps4141,alps4141::alps_e1a139258274_to_Equation2,memory_limit,resource_exhausted,resource_exhausted,False,False,False
alpha_a0ec88db91605332,alps4141::alps_6f19f70965a4_to_Equation2,1,alps4141,alps4141::alps_6f19f70965a4_to_Equation2,memory_limit,resource_exhausted,memory_limit,False,False,False
alpha_facbacff8fd007f7,alps4141::alps_23c0d358db69_to_Equation2,1,alps4141,alps4141::alps_23c0d358db69_to_Equation2,memory_limit,resource_exhausted,memory_limit,False,False,False
alpha_6e8499e07bab8d18,alps4141::alps_12b41776b7b7_to_Equation2,1,alps4141,alps4141::alps_12b41776b7b7_to_Equation2,memory_limit,resource_exhausted,resource_exhausted,False,False,False
alpha_a6e1846e5153d397,alps4141::alps_418cb5ca36d4_to_Equation2,1,alps4141,alps4141::alps_418cb5ca36d4_to_Equation2,memory_limit,resource_exhausted,resource_exhausted,False,False,False
alpha_429d1ab6b17c0eb0,alps4141::alps_5d967d6556e0_to_Equation2,1,alps4141,alps4141::alps_5d967d6556e0_to_Equation2,memory_limit,resource_exhausted,resource_exhausted,False,False,False
alpha_6f12eef0ce3a2401,alps4141::alps_4719e46dd322_to_Equation2,1,alps4141,alps4141::alps_4719e46dd322_to_Equation2,memory_limit,resource_exhausted,resource_exhausted,False,False,False
alpha_47e4db4c68d9087f,alps4141::alps_84d3549199b1_to_Equation2,1,alps4141,alps4141::alps_84d3549199b1_to_Equation2,resource_exhausted,resource_exhausted,resource_exhausted,False,False,False
alpha_fb397e875c61c696,alps4141::alps_1a658d178b60_to_Equation2,1,alps4141,alps4141::alps_1a658d178b60_to_Equation2,memory_limit,resource_exhausted,resource_exhausted,False,False,False
alpha_4cd8564a967eba8b,alps4141::alps_651de39d6054_to_Equation2,1,alps4141,alps4141::alps_651de39d6054_to_Equation2,memory_limit,resource_exhausted,memory_limit,False,False,False
alpha_38aa314c9ee1beb1,alps4141::alps_b938533e3360_to_Equation2,1,alps4141,alps4141::alps_b938533e3360_to_Equation2,memory_limit,resource_exhausted,memory_limit,False,False,False
alpha_82bbcf49ead47c05,alps4141::alps_b66e3cd39a54_to_Equation2,1,alps4141,alps4141::alps_b66e3cd39a54_to_Equation2,memory_limit,resource_exhausted,resource_exhausted,False,False,False
alpha_8835f1c6f546d001,alps4141::alps_4e2669e3959a_to_Equation2,1,alps4141,alps4141::alps_4e2669e3959a_to_Equation2,memory_limit,resource_exhausted,resource_exhausted,False,False,False
alpha_fca6e021d1ac1ed8,alps4141::alps_338503f9bcdc_to_Equation2,1,alps4141,alps4141::alps_338503f9bcdc_to_Equation2,memory_limit,resource_exhausted,resource_exhausted,False,False,False
alpha_84a4313af001cc27,alps4141::alps_6de2dc052934_to_Equation2,1,alps4141,alps4141::alps_6de2dc052934_to_Equation2,resource_exhausted,resource_exhausted,resource_exhausted,False,False,False
alpha_084fab24337edcbf,alps4141::alps_2a67cf47723e_to_Equation2,1,alps4141,alps4141::alps_2a67cf47723e_to_Equation2,memory_limit,resource_exhausted,resource_exhausted,False,False,False
alpha_c60cdec616e69d30,alps4141::alps_d5e3ea4d878f_to_Equation2,1,alps4141,alps4141::alps_d5e3ea4d878f_to_Equation2,memory_limit,resource_exhausted,resource_exhausted,False,False,False
alpha_de52d7847b69bf1c,alps4141::alps_3004ec784ca8_to_Equation2,1,alps4141,alps4141::alps_3004ec784ca8_to_Equation2,memory_limit,resource_exhausted,memory_limit,False,False,False
alpha_b5db9fd7778e49fc,alps4141::alps_f9f64a14e536_to_Equation2,1,alps4141,alps4141::alps_f9f64a14e536_to_Equation2,memory_limit,resource_exhausted,memory_limit,False,False,False
alpha_b27ec0e96161b369,alps4141::alps_14a340923d30_to_Equation2,1,alps4141,alps4141::alps_14a340923d30_to_Equation2,memory_limit,resource_exhausted,resource_exhausted,False,False,False
alpha_7a75bde9fb1d64fd,alps4141::alps_c34186d31769_to_Equation2,1,alps4141,alps4141::alps_c34186d31769_to_Equation2,memory_limit,resource_exhausted,resource_exhausted,False,False,False
alpha_62463bdc4722132d,alps4141::alps_c28dee48d133_to_Equation2,1,alps4141,alps4141::alps_c28dee48d133_to_Equation2,memory_limit,resource_exhausted,resource_exhausted,False,False,False
alpha_7c09a76127b4a66b,alps4141::alps_0084aad5d02c_to_Equation2,1,alps4141,alps4141::alps_0084aad5d02c_to_Equation2,memory_limit,resource_exhausted,resource_exhausted,False,False,False
alpha_dcdbdfe66a71765a,alps4141::alps_8597f6b26d82_to_Equation2,1,alps4141,alps4141::alps_8597f6b26d82_to_Equation2,memory_limit,resource_exhausted,memory_limit,False,False,False
alpha_91e1cac9e29d26e5,alps4141::alps_3260b4efffc4_to_Equation2,1,alps4141,alps4141::alps_3260b4efffc4_to_Equation2,memory_limit,resource_exhausted,resource_exhausted,False,False,False
alpha_adcd708a155a76a1,alps4141::alps_ec23942a1421_to_Equation2,1,alps4141,alps4141::alps_ec23942a1421_to_Equation2,memory_limit,resource_exhausted,memory_limit,False,False,False
alpha_cac9855453f3d84e,alps4141::alps_a2a6ac959a2f_to_Equation2,1,alps4141,alps4141::alps_a2a6ac959a2f_to_Equation2,memory_limit,resource_exhausted,resource_exhausted,False,False,False
alpha_3182f941451293d5,alps4141::alps_abe91ed4cde0_to_Equation2,1,alps4141,alps4141::alps_abe91ed4cde0_to_Equation2,memory_limit,resource_exhausted,resource_exhausted,False,False,False
alpha_4219ee1cd342d34c,alps4141::alps_74e2fb725f7d_to_Equation2,1,alps4141,alps4141::alps_74e2fb725f7d_to_Equation2,memory_limit,resource_exhausted,resource_exhausted,False,False,False
alpha_e5225bfa7d7fd226,alps4141::alps_395a38abff97_to_Equation2,1,alps4141,alps4141::alps_395a38abff97_to_Equation2,memory_limit,resource_exhausted,memory_limit,False,False,False
alpha_5ba38ddbe6537620,alps4141::alps_cf08dbd1c926_to_Equation2,1,alps4141,alps4141::alps_cf08dbd1c926_to_Equation2,memory_limit,resource_exhausted,memory_limit,False,False,False
alpha_555f408bd0aa862e,alps4141::alps_d2d19f8cf8f4_to_Equation2,1,alps4141,alps4141::alps_d2d19f8cf8f4_to_Equation2,memory_limit,resource_exhausted,memory_limit,False,False,False
alpha_1c47b6a1afd8f267,alps4141::alps_62dec06c2e28_to_Equation2,1,alps4141,alps4141::alps_62dec06c2e28_to_Equation2,memory_limit,resource_exhausted,resource_exhausted,False,False,False
alpha_09d6353cb82c5d9b,alps4141::alps_f3e0264f9d18_to_Equation2,1,alps4141,alps4141::alps_f3e0264f9d18_to_Equation2,resource_exhausted,resource_exhausted,resource_exhausted,False,False,False
alpha_68c6ac5f0e287e84,alps4141::alps_c4780780c028_to_Equation2,1,alps4141,alps4141::alps_c4780780c028_to_Equation2,memory_limit,resource_exhausted,memory_limit,False,False,False
alpha_c1872ff95392f1f9,alps4141::alps_fe2c73197697_to_Equation2,1,alps4141,alps4141::alps_fe2c73197697_to_Equation2,memory_limit,resource_exhausted,memory_limit,False,False,False
alpha_bc5092896b2a2b95,alps4141::alps_f090768c95a4_to_Equation2,1,alps4141,alps4141::alps_f090768c95a4_to_Equation2,memory_limit,resource_exhausted,memory_limit,False,False,False
alpha_7c7770c04cfb3460,alps4141::alps_e028342e352f_to_Equation2,1,alps4141,alps4141::alps_e028342e352f_to_Equation2,memory_limit,resource_exhausted,resource_exhausted,False,False,False
alpha_1662555fe5d3ed82,alps4141::alps_73e58252c821_to_Equation2,1,alps4141,alps4141::alps_73e58252c821_to_Equation2,memory_limit,resource_exhausted,resource_exhausted,False,False,False
alpha_8803c0c4b1e93b71,alps4141::alps_b6cb1d158ff3_to_Equation2,1,alps4141,alps4141::alps_b6cb1d158ff3_to_Equation2,memory_limit,resource_exhausted,resource_exhausted,False,False,False
alpha_02226ccf56056aca,alps4141::alps_2454c5232256_to_Equation2,1,alps4141,alps4141::alps_2454c5232256_to_Equation2,memory_limit,resource_exhausted,resource_exhausted,False,False,False
alpha_394e7aa993b4bba5,alps4141::alps_fbb319f8965a_to_Equation2,1,alps4141,alps4141::alps_fbb319f8965a_to_Equation2,memory_limit,resource_exhausted,resource_exhausted,False,False,False
alpha_b1ab0739eb15351e,alps4141::alps_ffcea4def5bd_to_Equation2,1,alps4141,alps4141::alps_ffcea4def5bd_to_Equation2,memory_limit,resource_exhausted,resource_exhausted,False,False,False
alpha_3d9554fb9b5e8cb9,alps4141::alps_0bfbb72a910d_to_Equation2,1,alps4141,alps4141::alps_0bfbb72a910d_to_Equation2,memory_limit,resource_exhausted,resource_exhausted,False,False,False
alpha_1c67817d0c08cef9,alps4141::alps_39b821d39c07_to_Equation2,1,alps4141,alps4141::alps_39b821d39c07_to_Equation2,memory_limit,resource_exhausted,resource_exhausted,False,False,False
alpha_2660f721ce9f3394,alps4141::alps_1437e10e5e22_to_Equation2,1,alps4141,alps4141::alps_1437e10e5e22_to_Equation2,memory_limit,resource_exhausted,resource_exhausted,False,False,False
alpha_8253203de38edcf7,alps4141::alps_8434554b9153_to_Equation2,1,alps4141,alps4141::alps_8434554b9153_to_Equation2,memory_limit,resource_exhausted,resource_exhausted,False,False,False
alpha_6febe29615dc5bc3,alps4141::alps_d77c9284b663_to_Equation2,1,alps4141,alps4141::alps_d77c9284b663_to_Equation2,memory_limit,resource_exhausted,resource_exhausted,False,False,False
alpha_0298eee421c5a5a2,alps4141::alps_81db279843c3_to_Equation2,1,alps4141,alps4141::alps_81db279843c3_to_Equation2,memory_limit,resource_exhausted,resource_exhausted,False,False,False
alpha_da37ed75a460a900,alps4141::alps_e00b1d7bf24d_to_Equation2,1,alps4141,alps4141::alps_e00b1d7bf24d_to_Equation2,memory_limit,resource_exhausted,memory_limit,False,False,False
alpha_bbce717f9fa5314d,alps4141::alps_bd821ddb92e2_to_Equation2,1,alps4141,alps4141::alps_bd821ddb92e2_to_Equation2,memory_limit,resource_exhausted,memory_limit,False,False,False
alpha_879a89856e0d7c63,alps4141::alps_01f67ff2472c_to_Equation2,1,alps4141,alps4141::alps_01f67ff2472c_to_Equation2,memory_limit,resource_exhausted,resource_exhausted,False,False,False
alpha_cf714938c4caf3f0,alps4141::alps_547b56e660d3_to_Equation2,1,alps4141,alps4141::alps_547b56e660d3_to_Equation2,memory_limit,resource_exhausted,resource_exhausted,False,False,False
alpha_2dc5c2fd2ca64670,alps4141::alps_36dd9dda93ea_to_Equation2,1,alps4141,alps4141::alps_36dd9dda93ea_to_Equation2,memory_limit,resource_exhausted,resource_exhausted,False,False,False
alpha_d8163ddeadcf11f1,alps4141::alps_58d83e6ed2c7_to_Equation2,1,alps4141,alps4141::alps_58d83e6ed2c7_to_Equation2,memory_limit,resource_exhausted,resource_exhausted,False,False,False
alpha_ea20cd4b27c64cab,alps4141::alps_373acc7a12ee_to_Equation2,1,alps4141,alps4141::alps_373acc7a12ee_to_Equation2,memory_limit,resource_exhausted,resource_exhausted,False,False,False
alpha_b97d9bd7603d4508,alps4141::alps_07c0e6bcb596_to_Equation2,1,alps4141,alps4141::alps_07c0e6bcb596_to_Equation2,memory_limit,resource_exhausted,memory_limit,False,False,False
alpha_54fe540ca370cf82,alps4141::alps_c2244adc424f_to_Equation2,1,alps4141,alps4141::alps_c2244adc424f_to_Equation2,memory_limit,resource_exhausted,resource_exhausted,False,False,False
alpha_a6debb583d870314,alps4141::alps_ff06378e820d_to_Equation2,1,alps4141,alps4141::alps_ff06378e820d_to_Equation2,memory_limit,resource_exhausted,resource_exhausted,False,False,False
alpha_7c916e962df12e5a,alps4141::alps_e6e870271aed_to_Equation2,1,alps4141,alps4141::alps_e6e870271aed_to_Equation2,memory_limit,resource_exhausted,memory_limit,False,False,False
alpha_b9e02ee5f387ccfc,alps4141::alps_8877ffa341cc_to_Equation2,1,alps4141,alps4141::alps_8877ffa341cc_to_Equation2,resource_exhausted,resource_exhausted,resource_exhausted,False,False,False
alpha_977ac0ef8494c9f4,alps4141::alps_a74923624726_to_Equation2,1,alps4141,alps4141::alps_a74923624726_to_Equation2,resource_exhausted,resource_exhausted,resource_exhausted,False,False,False
alpha_5a29aa354b82cda9,alps4141::alps_fcf0936319db_to_Equation2,1,alps4141,alps4141::alps_fcf0936319db_to_Equation2,completed_no_decisive_result,resource_exhausted,memory_limit,False,False,False
alpha_52fd4eaf685c57ad,austin96::order5_austin_unknown_E18212_to_E2,2,alps4141+austin96,austin96::order5_austin_unknown_E18212_to_E2 | alps4141::alps_f8cd4f7cdc1b_to_Equation2,resource_exhausted,resource_exhausted,resource_exhausted,False,False,False
alpha_c6a75285b815172c,alps4141::alps_20f83d9c6d1f_to_Equation2,1,alps4141,alps4141::alps_20f83d9c6d1f_to_Equation2,resource_exhausted,resource_exhausted,resource_exhausted,False,False,False
alpha_93ce3056b6da1e45,alps4141::alps_327af5889a72_to_Equation2,1,alps4141,alps4141::alps_327af5889a72_to_Equation2,memory_limit,resource_exhausted,resource_exhausted,False,False,False
alpha_bff28f2a3decb616,alps4141::alps_c001114d0e38_to_Equation2,1,alps4141,alps4141::alps_c001114d0e38_to_Equation2,memory_limit,resource_exhausted,resource_exhausted,False,False,False
alpha_3a015a6879a3cfca,alps4141::alps_a535ccf0bd7b_to_Equation2,1,alps4141,alps4141::alps_a535ccf0bd7b_to_Equation2,memory_limit,resource_exhausted,memory_limit,False,False,False
alpha_6d0e7db3c4ae8307,alps4141::alps_78454bc6c6c2_to_Equation2,1,alps4141,alps4141::alps_78454bc6c6c2_to_Equation2,memory_limit,resource_exhausted,memory_limit,False,False,False
alpha_74498927a451601b,alps4141::alps_359d7cc86a9d_to_Equation2,1,alps4141,alps4141::alps_359d7cc86a9d_to_Equation2,memory_limit,resource_exhausted,resource_exhausted,False,False,False
alpha_4a6f1d31234e6bbe,alps4141::alps_4cafe9c29106_to_Equation2,1,alps4141,alps4141::alps_4cafe9c29106_to_Equation2,resource_exhausted,resource_exhausted,resource_exhausted,False,False,False
alpha_cd3d65c2279a7aca,alps4141::alps_10c381927b4d_to_Equation2,1,alps4141,alps4141::alps_10c381927b4d_to_Equation2,resource_exhausted,resource_exhausted,resource_exhausted,False,False,False
alpha_e23c2aeff5c3c75f,alps4141::alps_cd90541074b9_to_Equation2,1,alps4141,alps4141::alps_cd90541074b9_to_Equation2,memory_limit,resource_exhausted,memory_limit,False,False,False
alpha_82ba5c9c0f917556,alps4141::alps_b6ad83f85a39_to_Equation2,1,alps4141,alps4141::alps_b6ad83f85a39_to_Equation2,memory_limit,resource_exhausted,memory_limit,False,False,False
alpha_32cb88489ca2194a,alps4141::alps_da445057ceca_to_Equation2,1,alps4141,alps4141::alps_da445057ceca_to_Equation2,resource_exhausted,theorem,theorem,True,False,False
alpha_c0d00b200f45bf80,alps4141::alps_a6bf996b5ad9_to_Equation2,1,alps4141,alps4141::alps_a6bf996b5ad9_to_Equation2,resource_exhausted,resource_exhausted,resource_exhausted,False,False,False
alpha_07301b2fac3f2d69,alps4141::alps_7e050f17f2de_to_Equation2,1,alps4141,alps4141::alps_7e050f17f2de_to_Equation2,resource_exhausted,resource_exhausted,resource_exhausted,False,False,False
alpha_26af9c05c4bd8104,alps4141::alps_eeeb634db908_to_Equation2,1,alps4141,alps4141::alps_eeeb634db908_to_Equation2,theorem,theorem,theorem,True,False,False
alpha_4039f297630add6e,alps4141::alps_e727c10475c8_to_Equation2,1,alps4141,alps4141::alps_e727c10475c8_to_Equation2,resource_exhausted,resource_exhausted,resource_exhausted,False,False,False
alpha_cbb1535e198cfa64,alps4141::alps_e61804cecd9d_to_Equation2,1,alps4141,alps4141::alps_e61804cecd9d_to_Equation2,resource_exhausted,resource_exhausted,resource_exhausted,False,False,False
alpha_9f1365136dbb91c1,alps4141::alps_1256e0f2eb3f_to_Equation2,1,alps4141,alps4141::alps_1256e0f2eb3f_to_Equation2,resource_exhausted,resource_exhausted,resource_exhausted,False,False,False
alpha_954da573efc095b1,alps4141::alps_6fd945d11451_to_Equation2,1,alps4141,alps4141::alps_6fd945d11451_to_Equation2,resource_exhausted,resource_exhausted,resource_exhausted,False,False,False
alpha_9348fc808e79dd82,alps4141::alps_4657b244797e_to_Equation2,1,alps4141,alps4141::alps_4657b244797e_to_Equation2,resource_exhausted,resource_exhausted,resource_exhausted,False,False,False
alpha_7ea59f1459854869,alps4141::alps_89719e49c278_to_Equation2,1,alps4141,alps4141::alps_89719e49c278_to_Equation2,memory_limit,resource_exhausted,resource_exhausted,False,False,False
alpha_ab8c5c738b35192e,alps4141::alps_75144ddca6a2_to_Equation2,1,alps4141,alps4141::alps_75144ddca6a2_to_Equation2,memory_limit,resource_exhausted,resource_exhausted,False,False,False
alpha_d5da8bda8da85f13,alps4141::alps_06349f105f06_to_Equation2,1,alps4141,alps4141::alps_06349f105f06_to_Equation2,resource_exhausted,resource_exhausted,resource_exhausted,False,False,False
alpha_9744262a784caaa3,alps4141::alps_8339bf95602f_to_Equation2,1,alps4141,alps4141::alps_8339bf95602f_to_Equation2,resource_exhausted,resource_exhausted,resource_exhausted,False,False,False
alpha_6970480853c53241,alps4141::alps_b125ad6cd5e9_to_Equation2,1,alps4141,alps4141::alps_b125ad6cd5e9_to_Equation2,theorem,theorem,theorem,True,False,False
alpha_b2e5ea22f9c6696c,alps4141::alps_59de3a7d55cb_to_Equation2,1,alps4141,alps4141::alps_59de3a7d55cb_to_Equation2,resource_exhausted,resource_exhausted,resource_exhausted,False,False,False
alpha_faa53419d43e8d8a,alps4141::alps_c41e8a9e680c_to_Equation2,1,alps4141,alps4141::alps_c41e8a9e680c_to_Equation2,resource_exhausted,resource_exhausted,resource_exhausted,False,False,False
alpha_1acdfba24f204774,alps4141::alps_f73e679d827c_to_Equation2,1,alps4141,alps4141::alps_f73e679d827c_to_Equation2,memory_limit,resource_exhausted,resource_exhausted,False,False,False
alpha_204bc86b7465a4ba,alps4141::alps_8a7be17e4f08_to_Equation2,1,alps4141,alps4141::alps_8a7be17e4f08_to_Equation2,resource_exhausted,resource_exhausted,resource_exhausted,False,False,False
alpha_cd5919d8e3d1e653,alps4141::alps_6c15e4222c81_to_Equation2,1,alps4141,alps4141::alps_6c15e4222c81_to_Equation2,resource_exhausted,resource_exhausted,resource_exhausted,False,False,False
alpha_4085b9c90dff21af,alps4141::alps_fa5a60ffde6a_to_Equation2,1,alps4141,alps4141::alps_fa5a60ffde6a_to_Equation2,resource_exhausted,resource_exhausted,theorem,True,False,False
alpha_b29197974c610918,alps4141::alps_0bdc2677306c_to_Equation2,1,alps4141,alps4141::alps_0bdc2677306c_to_Equation2,memory_limit,resource_exhausted,resource_exhausted,False,False,False
alpha_ad900f65c849fb52,alps4141::alps_8ab919dca635_to_Equation2,1,alps4141,alps4141::alps_8ab919dca635_to_Equation2,resource_exhausted,resource_exhausted,resource_exhausted,False,False,False
alpha_22b00c5ad81badf3,alps4141::alps_ade4ee88b95a_to_Equation2,1,alps4141,alps4141::alps_ade4ee88b95a_to_Equation2,memory_limit,resource_exhausted,resource_exhausted,False,False,False
alpha_8a62ff6b66901e85,alps4141::alps_01cb66dcd907_to_Equation2,1,alps4141,alps4141::alps_01cb66dcd907_to_Equation2,memory_limit,resource_exhausted,resource_exhausted,False,False,False
alpha_1ad32da515540b3c,alps4141::alps_9cd3e63e827a_to_Equation2,1,alps4141,alps4141::alps_9cd3e63e827a_to_Equation2,theorem,theorem,theorem,True,False,False
alpha_a69642236ef8b565,alps4141::alps_003f4aa344cb_to_Equation2,1,alps4141,alps4141::alps_003f4aa344cb_to_Equation2,resource_exhausted,resource_exhausted,resource_exhausted,False,False,False
alpha_f137278a7cc18db2,alps4141::alps_dd56f4288723_to_Equation2,1,alps4141,alps4141::alps_dd56f4288723_to_Equation2,resource_exhausted,resource_exhausted,resource_exhausted,False,False,False
alpha_2cf5cec4c13ba4b6,alps4141::alps_a25fd4423c71_to_Equation2,1,alps4141,alps4141::alps_a25fd4423c71_to_Equation2,resource_exhausted,resource_exhausted,resource_exhausted,False,False,False
alpha_21e00c89e64b0749,alps4141::alps_c55e862e0e74_to_Equation2,1,alps4141,alps4141::alps_c55e862e0e74_to_Equation2,resource_exhausted,resource_exhausted,resource_exhausted,False,False,False
alpha_ee210cf758a32230,alps4141::alps_951390bc197b_to_Equation2,1,alps4141,alps4141::alps_951390bc197b_to_Equation2,memory_limit,resource_exhausted,resource_exhausted,False,False,False
alpha_82881f9c79527683,alps4141::alps_1a55c3364928_to_Equation2,1,alps4141,alps4141::alps_1a55c3364928_to_Equation2,memory_limit,resource_exhausted,resource_exhausted,False,False,False
alpha_a2160a98d268614b,alps4141::alps_fd50115bb3be_to_Equation2,1,alps4141,alps4141::alps_fd50115bb3be_to_Equation2,memory_limit,resource_exhausted,resource_exhausted,False,False,False
alpha_c84edc21310b60c9,alps4141::alps_606c483324cb_to_Equation2,1,alps4141,alps4141::alps_606c483324cb_to_Equation2,memory_limit,resource_exhausted,resource_exhausted,False,False,False
alpha_b9ebad0eb8f7ac54,alps4141::alps_0d065559722e_to_Equation2,1,alps4141,alps4141::alps_0d065559722e_to_Equation2,resource_exhausted,resource_exhausted,resource_exhausted,False,False,False
alpha_28815db07ebab47e,alps4141::alps_4dd23c11095c_to_Equation2,1,alps4141,alps4141::alps_4dd23c11095c_to_Equation2,resource_exhausted,resource_exhausted,resource_exhausted,False,False,False
alpha_298195803db6abe4,alps4141::alps_78cb7673523d_to_Equation2,1,alps4141,alps4141::alps_78cb7673523d_to_Equation2,resource_exhausted,resource_exhausted,resource_exhausted,False,False,False
alpha_b61c11d8e38431eb,alps4141::alps_b70f6cc6da87_to_Equation2,1,alps4141,alps4141::alps_b70f6cc6da87_to_Equation2,resource_exhausted,resource_exhausted,resource_exhausted,False,False,False
alpha_f76f6bdcae1b7282,alps4141::alps_9d93c305cce1_to_Equation2,1,alps4141,alps4141::alps_9d93c305cce1_to_Equation2,resource_exhausted,resource_exhausted,memory_limit,False,False,False
alpha_5f0821aac55eafe4,alps4141::alps_66f1a15a5fc1_to_Equation2,1,alps4141,alps4141::alps_66f1a15a5fc1_to_Equation2,memory_limit,resource_exhausted,resource_exhausted,False,False,False
alpha_c4c76fff17e572ae,alps4141::alps_334c0673cf75_to_Equation2,1,alps4141,alps4141::alps_334c0673cf75_to_Equation2,memory_limit,resource_exhausted,resource_exhausted,False,False,False
alpha_834678a4987cebe7,alps4141::alps_39f08d373892_to_Equation2,1,alps4141,alps4141::alps_39f08d373892_to_Equation2,memory_limit,resource_exhausted,resource_exhausted,False,False,False
alpha_5a0a62b66207178f,alps4141::alps_99d49d45ce1a_to_Equation2,1,alps4141,alps4141::alps_99d49d45ce1a_to_Equation2,memory_limit,resource_exhausted,resource_exhausted,False,False,False
alpha_d1130d2752257ce0,austin96::order5_austin_unknown_E18137_to_E2,1,austin96,austin96::order5_austin_unknown_E18137_to_E2,memory_limit,resource_exhausted,resource_exhausted,False,False,False
alpha_ff32f0cbf70d7d92,alps4141::alps_34f74dfc43f4_to_Equation2,1,alps4141,alps4141::alps_34f74dfc43f4_to_Equation2,memory_limit,resource_exhausted,resource_exhausted,False,False,False
alpha_0b37f4c2a60baf2f,alps4141::alps_82c24c2b9484_to_Equation2,1,alps4141,alps4141::alps_82c24c2b9484_to_Equation2,memory_limit,resource_exhausted,resource_exhausted,False,False,False
alpha_e6fb782902dce79c,alps4141::alps_b1025f58f95f_to_Equation2,1,alps4141,alps4141::alps_b1025f58f95f_to_Equation2,memory_limit,resource_exhausted,memory_limit,False,False,False
alpha_20fc2ecc0c9f0e8a,alps4141::alps_0adb6caf7fcf_to_Equation2,1,alps4141,alps4141::alps_0adb6caf7fcf_to_Equation2,memory_limit,resource_exhausted,resource_exhausted,False,False,False
alpha_867c47bf168c2646,alps4141::alps_18af67cd2858_to_Equation2,1,alps4141,alps4141::alps_18af67cd2858_to_Equation2,memory_limit,resource_exhausted,resource_exhausted,False,False,False
alpha_05fc4c6364584934,alps4141::alps_b27109e9baaf_to_Equation2,1,alps4141,alps4141::alps_b27109e9baaf_to_Equation2,resource_exhausted,resource_exhausted,resource_exhausted,False,False,False
alpha_0b9311d27d403079,alps4141::alps_cf7a31f9725c_to_Equation2,1,alps4141,alps4141::alps_cf7a31f9725c_to_Equation2,resource_exhausted,resource_exhausted,resource_exhausted,False,False,False
alpha_c969338733c36c1f,alps4141::alps_da2a349aa7f5_to_Equation2,1,alps4141,alps4141::alps_da2a349aa7f5_to_Equation2,memory_limit,resource_exhausted,resource_exhausted,False,False,False
alpha_90930d8db9b6dd2a,alps4141::alps_f023110cace3_to_Equation2,1,alps4141,alps4141::alps_f023110cace3_to_Equation2,resource_exhausted,resource_exhausted,resource_exhausted,False,False,False
alpha_aee6075bb6c6046b,alps4141::alps_bf959fbe05f7_to_Equation2,1,alps4141,alps4141::alps_bf959fbe05f7_to_Equation2,memory_limit,resource_exhausted,resource_exhausted,False,False,False
alpha_f19cf6e0aa880078,alps4141::alps_3eda31a5c8e7_to_Equation2,1,alps4141,alps4141::alps_3eda31a5c8e7_to_Equation2,resource_exhausted,resource_exhausted,resource_exhausted,False,False,False
alpha_6d74fbc67f2e2be0,alps4141::alps_b376024a7836_to_Equation2,1,alps4141,alps4141::alps_b376024a7836_to_Equation2,memory_limit,resource_exhausted,resource_exhausted,False,False,False
alpha_1508030cf9671802,alps4141::alps_1f6cbb14e869_to_Equation2,1,alps4141,alps4141::alps_1f6cbb14e869_to_Equation2,memory_limit,resource_exhausted,resource_exhausted,False,False,False
alpha_d45257a2f138e2e3,alps4141::alps_530c2f6a4abf_to_Equation2,1,alps4141,alps4141::alps_530c2f6a4abf_to_Equation2,memory_limit,resource_exhausted,resource_exhausted,False,False,False
alpha_738323bc86da07fc,alps4141::alps_9efe06909591_to_Equation2,1,alps4141,alps4141::alps_9efe06909591_to_Equation2,memory_limit,resource_exhausted,resource_exhausted,False,False,False
alpha_cf71231b688e0f7b,alps4141::alps_3cf8daa7d383_to_Equation2,1,alps4141,alps4141::alps_3cf8daa7d383_to_Equation2,resource_exhausted,resource_exhausted,resource_exhausted,False,False,False
alpha_e20fe2740a36de6e,alps4141::alps_bd9dfe30c0b4_to_Equation2,1,alps4141,alps4141::alps_bd9dfe30c0b4_to_Equation2,memory_limit,resource_exhausted,resource_exhausted,False,False,False
alpha_8042576678b46c13,generality34::order5_known_austin10_E17522_to_E2,1,generality34,generality34::order5_known_austin10_E17522_to_E2,completed_no_decisive_result,completed_no_proof,counter_satisfiable,False,True,False
alpha_d9df514b09b42b9c,generality34::order5_unknown_finite_status24_E17260_to_E2,1,generality34,generality34::order5_unknown_finite_status24_E17260_to_E2,completed_no_decisive_result,completed_no_proof,counter_satisfiable,False,True,False
alpha_8b95b382464a49e8,generality34::order5_unknown_finite_status24_E17286_to_E2,1,generality34,generality34::order5_unknown_finite_status24_E17286_to_E2,resource_exhausted,resource_exhausted,resource_exhausted,False,False,False
alpha_5bb98178a8aaff1d,alps4141::alps_6612ac933200_to_Equation2,1,alps4141,alps4141::alps_6612ac933200_to_Equation2,memory_limit,resource_exhausted,resource_exhausted,False,False,False
alpha_dc49b0f49f49b15a,alps4141::alps_40cfa6b491d3_to_Equation2,1,alps4141,alps4141::alps_40cfa6b491d3_to_Equation2,memory_limit,resource_exhausted,resource_exhausted,False,False,False
alpha_eb522fcd98985f4a,alps4141::alps_7a4a48bfd437_to_Equation2,1,alps4141,alps4141::alps_7a4a48bfd437_to_Equation2,resource_exhausted,resource_exhausted,resource_exhausted,False,False,False
alpha_8db192a98918dc5c,alps4141::alps_ca29613b37ae_to_Equation2,1,alps4141,alps4141::alps_ca29613b37ae_to_Equation2,completed_no_decisive_result,resource_exhausted,resource_exhausted,False,False,False
alpha_5dacbc9b7302990b,alps4141::alps_504f0fe727bf_to_Equation2,1,alps4141,alps4141::alps_504f0fe727bf_to_Equation2,memory_limit,resource_exhausted,memory_limit,False,False,False
alpha_a99a500d03953e99,alps4141::alps_0dcd8867a45d_to_Equation2,1,alps4141,alps4141::alps_0dcd8867a45d_to_Equation2,resource_exhausted,resource_exhausted,resource_exhausted,False,False,False
alpha_4b7bf3f26f0a23c1,alps4141::alps_a2c6d1bc0fae_to_Equation2,1,alps4141,alps4141::alps_a2c6d1bc0fae_to_Equation2,resource_exhausted,resource_exhausted,resource_exhausted,False,False,False
alpha_330dc996ebdca59d,alps4141::alps_50e7399d7e3d_to_Equation2,1,alps4141,alps4141::alps_50e7399d7e3d_to_Equation2,memory_limit,resource_exhausted,memory_limit,False,False,False
alpha_749f09a94d4c9b06,alps4141::alps_2c487839f058_to_Equation2,1,alps4141,alps4141::alps_2c487839f058_to_Equation2,memory_limit,resource_exhausted,resource_exhausted,False,False,False
alpha_5a9b4de3fbc77979,alps4141::alps_542e335ffa66_to_Equation2,1,alps4141,alps4141::alps_542e335ffa66_to_Equation2,resource_exhausted,resource_exhausted,resource_exhausted,False,False,False
alpha_8e93d4c283ba76a1,alps4141::alps_ad19db2e954e_to_Equation2,1,alps4141,alps4141::alps_ad19db2e954e_to_Equation2,memory_limit,resource_exhausted,theorem,True,False,False
alpha_3390a61f5f95dc4a,alps4141::alps_5ac573c2dd68_to_Equation2,1,alps4141,alps4141::alps_5ac573c2dd68_to_Equation2,memory_limit,resource_exhausted,resource_exhausted,False,False,False
alpha_47bc8687cd030583,alps4141::alps_3c5f77058306_to_Equation2,1,alps4141,alps4141::alps_3c5f77058306_to_Equation2,resource_exhausted,resource_exhausted,resource_exhausted,False,False,False
alpha_3cb7e1d66236498b,alps4141::alps_db63fd875194_to_Equation2,1,alps4141,alps4141::alps_db63fd875194_to_Equation2,memory_limit,resource_exhausted,resource_exhausted,False,False,False
alpha_5815e1559b868e79,alps4141::alps_8c43ad89dd06_to_Equation2,1,alps4141,alps4141::alps_8c43ad89dd06_to_Equation2,memory_limit,resource_exhausted,resource_exhausted,False,False,False
alpha_b30e98dcbe87c842,alps4141::alps_99528f87ed58_to_Equation2,1,alps4141,alps4141::alps_99528f87ed58_to_Equation2,memory_limit,resource_exhausted,resource_exhausted,False,False,False
alpha_b6f923fb282bf48a,alps4141::alps_ae2d8340e81c_to_Equation2,1,alps4141,alps4141::alps_ae2d8340e81c_to_Equation2,resource_exhausted,resource_exhausted,resource_exhausted,False,False,False
alpha_328074b71b3ffd96,alps4141::alps_bbaaa4200ce0_to_Equation2,1,alps4141,alps4141::alps_bbaaa4200ce0_to_Equation2,memory_limit,resource_exhausted,resource_exhausted,False,False,False
alpha_5fc0173b559cd540,alps4141::alps_c32d5a1592bb_to_Equation2,1,alps4141,alps4141::alps_c32d5a1592bb_to_Equation2,resource_exhausted,theorem,resource_exhausted,True,False,False
alpha_742dea15b5c6503b,alps4141::alps_c54f77f0c4e0_to_Equation2,1,alps4141,alps4141::alps_c54f77f0c4e0_to_Equation2,memory_limit,resource_exhausted,resource_exhausted,False,False,False
alpha_d046589f67589273,alps4141::alps_095341c5fab2_to_Equation2,1,alps4141,alps4141::alps_095341c5fab2_to_Equation2,memory_limit,resource_exhausted,resource_exhausted,False,False,False
alpha_ba879446ccc688b8,alps4141::alps_ea909b967bae_to_Equation2,1,alps4141,alps4141::alps_ea909b967bae_to_Equation2,memory_limit,resource_exhausted,resource_exhausted,False,False,False
alpha_3854f1d5ea6cef3d,alps4141::alps_aa01ccc01574_to_Equation2,1,alps4141,alps4141::alps_aa01ccc01574_to_Equation2,memory_limit,resource_exhausted,resource_exhausted,False,False,False
alpha_2007f0ebc1ac6601,alps4141::alps_75f960ba63a8_to_Equation2,1,alps4141,alps4141::alps_75f960ba63a8_to_Equation2,memory_limit,resource_exhausted,resource_exhausted,False,False,False
alpha_f228287609dd0b08,alps4141::alps_05f9ba224efd_to_Equation2,1,alps4141,alps4141::alps_05f9ba224efd_to_Equation2,memory_limit,resource_exhausted,resource_exhausted,False,False,False
alpha_cb0c836c9ca8c42d,alps4141::alps_e55c7f339e04_to_Equation2,1,alps4141,alps4141::alps_e55c7f339e04_to_Equation2,memory_limit,resource_exhausted,resource_exhausted,False,False,False
alpha_d41cc04ebc28c14c,alps4141::alps_0a32a5a34644_to_Equation2,1,alps4141,alps4141::alps_0a32a5a34644_to_Equation2,memory_limit,resource_exhausted,resource_exhausted,False,False,False
alpha_3454e21b8559d9fb,alps4141::alps_b87dc501570f_to_Equation2,1,alps4141,alps4141::alps_b87dc501570f_to_Equation2,memory_limit,resource_exhausted,resource_exhausted,False,False,False
alpha_cc93e84a1051310c,alps4141::alps_e3184fa522cb_to_Equation2,1,alps4141,alps4141::alps_e3184fa522cb_to_Equation2,memory_limit,resource_exhausted,resource_exhausted,False,False,False
alpha_33b3901fad0b6000,alps4141::alps_3c50f5126ba3_to_Equation2,1,alps4141,alps4141::alps_3c50f5126ba3_to_Equation2,memory_limit,resource_exhausted,memory_limit,False,False,False
alpha_f97f41411d89d8a5,alps4141::alps_412d9bd5da72_to_Equation2,1,alps4141,alps4141::alps_412d9bd5da72_to_Equation2,memory_limit,resource_exhausted,resource_exhausted,False,False,False
alpha_b85971f848b7fc1d,alps4141::alps_178059b9242b_to_Equation2,1,alps4141,alps4141::alps_178059b9242b_to_Equation2,memory_limit,resource_exhausted,resource_exhausted,False,False,False
alpha_46d33801837242fe,alps4141::alps_38299752e4f5_to_Equation2,1,alps4141,alps4141::alps_38299752e4f5_to_Equation2,memory_limit,resource_exhausted,resource_exhausted,False,False,False
alpha_3c8a7a2bc6a1f944,alps4141::alps_f56e719650d0_to_Equation2,1,alps4141,alps4141::alps_f56e719650d0_to_Equation2,resource_exhausted,resource_exhausted,resource_exhausted,False,False,False
alpha_5091c896efb33b10,alps4141::alps_25b5872422f1_to_Equation2,1,alps4141,alps4141::alps_25b5872422f1_to_Equation2,resource_exhausted,resource_exhausted,resource_exhausted,False,False,False
alpha_6defed3f84cadafb,alps4141::alps_e236042117dc_to_Equation2,1,alps4141,alps4141::alps_e236042117dc_to_Equation2,resource_exhausted,resource_exhausted,resource_exhausted,False,False,False
alpha_64cebd6416687bcb,alps4141::alps_5feb7f377dc9_to_Equation2,1,alps4141,alps4141::alps_5feb7f377dc9_to_Equation2,resource_exhausted,theorem,resource_exhausted,True,False,False
alpha_745b9f56ddf82098,alps4141::alps_9789bcfb36bf_to_Equation2,1,alps4141,alps4141::alps_9789bcfb36bf_to_Equation2,memory_limit,resource_exhausted,resource_exhausted,False,False,False
alpha_9e97ac813c76b018,alps4141::alps_dec7cf4fa709_to_Equation2,1,alps4141,alps4141::alps_dec7cf4fa709_to_Equation2,resource_exhausted,resource_exhausted,resource_exhausted,False,False,False
alpha_1e2086cdefd11c63,alps4141::alps_a77bfc77ea95_to_Equation2,1,alps4141,alps4141::alps_a77bfc77ea95_to_Equation2,memory_limit,resource_exhausted,resource_exhausted,False,False,False
alpha_9b3a49074291d289,alps4141::alps_fa592f83ba8b_to_Equation2,1,alps4141,alps4141::alps_fa592f83ba8b_to_Equation2,memory_limit,resource_exhausted,resource_exhausted,False,False,False
alpha_9dc22ce1994745d4,alps4141::alps_a02177f4a5b0_to_Equation2,1,alps4141,alps4141::alps_a02177f4a5b0_to_Equation2,resource_exhausted,resource_exhausted,resource_exhausted,False,False,False
alpha_262c83653f31bb97,alps4141::alps_a30f83283946_to_Equation2,1,alps4141,alps4141::alps_a30f83283946_to_Equation2,resource_exhausted,resource_exhausted,resource_exhausted,False,False,False
alpha_fc1749f6d38fe508,alps4141::alps_1c1915cd3f7c_to_Equation2,1,alps4141,alps4141::alps_1c1915cd3f7c_to_Equation2,resource_exhausted,resource_exhausted,resource_exhausted,False,False,False
alpha_3e7fdb06ef3c8336,alps4141::alps_501d5ac08e9d_to_Equation2,1,alps4141,alps4141::alps_501d5ac08e9d_to_Equation2,resource_exhausted,resource_exhausted,resource_exhausted,False,False,False
alpha_c629b2de528e926e,alps4141::alps_bfeac7155e0e_to_Equation2,1,alps4141,alps4141::alps_bfeac7155e0e_to_Equation2,resource_exhausted,resource_exhausted,resource_exhausted,False,False,False
alpha_97cfdcda46ea06ec,alps4141::alps_f926f366a7ad_to_Equation2,1,alps4141,alps4141::alps_f926f366a7ad_to_Equation2,resource_exhausted,resource_exhausted,theorem,True,False,False
alpha_7ebacb483d9e9dbc,alps4141::alps_2808bfed134b_to_Equation2,1,alps4141,alps4141::alps_2808bfed134b_to_Equation2,resource_exhausted,resource_exhausted,theorem,True,False,False
alpha_a8df1ba0ec6e0ba8,alps4141::alps_19cd917102ce_to_Equation2,1,alps4141,alps4141::alps_19cd917102ce_to_Equation2,resource_exhausted,resource_exhausted,resource_exhausted,False,False,False
alpha_76434b1d28bb490f,alps4141::alps_dafad2165003_to_Equation2,1,alps4141,alps4141::alps_dafad2165003_to_Equation2,resource_exhausted,resource_exhausted,resource_exhausted,False,False,False
alpha_7e3b6765fb6c1d9c,alps4141::alps_2636fec7bb22_to_Equation2,1,alps4141,alps4141::alps_2636fec7bb22_to_Equation2,resource_exhausted,resource_exhausted,resource_exhausted,False,False,False
alpha_05bcf003d2a6baa7,alps4141::alps_fd77e02432f9_to_Equation2,1,alps4141,alps4141::alps_fd77e02432f9_to_Equation2,memory_limit,resource_exhausted,memory_limit,False,False,False
alpha_e4296e257b0c6fcd,alps4141::alps_cfbdf121ee8c_to_Equation2,1,alps4141,alps4141::alps_cfbdf121ee8c_to_Equation2,completed_no_decisive_result,resource_exhausted,memory_limit,False,False,False
alpha_7f74bf396fd0a0a5,alps4141::alps_108c14e90a5a_to_Equation2,1,alps4141,alps4141::alps_108c14e90a5a_to_Equation2,memory_limit,resource_exhausted,resource_exhausted,False,False,False
alpha_3d82ca7156abd77f,alps4141::alps_2448972ea694_to_Equation2,1,alps4141,alps4141::alps_2448972ea694_to_Equation2,memory_limit,resource_exhausted,resource_exhausted,False,False,False
alpha_9b98b66ce8e41e2b,alps4141::alps_7b7d1e78c02f_to_Equation2,1,alps4141,alps4141::alps_7b7d1e78c02f_to_Equation2,memory_limit,resource_exhausted,resource_exhausted,False,False,False
alpha_331231868ada4cce,alps4141::alps_bd024ec34567_to_Equation2,1,alps4141,alps4141::alps_bd024ec34567_to_Equation2,memory_limit,resource_exhausted,resource_exhausted,False,False,False
alpha_33ff6e392f33414f,alps4141::alps_af968406b09f_to_Equation2,1,alps4141,alps4141::alps_af968406b09f_to_Equation2,resource_exhausted,resource_exhausted,resource_exhausted,False,False,False
alpha_397ef6729e9f7c03,alps4141::alps_1c3c782f58b4_to_Equation2,1,alps4141,alps4141::alps_1c3c782f58b4_to_Equation2,resource_exhausted,theorem,resource_exhausted,True,False,False
alpha_9d0f48dd7a264ad2,alps4141::alps_d483f8f579a8_to_Equation2,1,alps4141,alps4141::alps_d483f8f579a8_to_Equation2,memory_limit,resource_exhausted,resource_exhausted,False,False,False
alpha_6363a13a7514c39e,alps4141::alps_8ae5fd1974ec_to_Equation2,1,alps4141,alps4141::alps_8ae5fd1974ec_to_Equation2,resource_exhausted,resource_exhausted,resource_exhausted,False,False,False
alpha_3fea547234873e93,alps4141::alps_07247006e90f_to_Equation2,1,alps4141,alps4141::alps_07247006e90f_to_Equation2,memory_limit,resource_exhausted,memory_limit,False,False,False
alpha_a764a30a599053f6,alps4141::alps_8508598874ca_to_Equation2,1,alps4141,alps4141::alps_8508598874ca_to_Equation2,memory_limit,resource_exhausted,resource_exhausted,False,False,False
alpha_5b4b2d7f35a184f0,alps4141::alps_538a07a83844_to_Equation2,1,alps4141,alps4141::alps_538a07a83844_to_Equation2,completed_no_decisive_result,resource_exhausted,resource_exhausted,False,False,False
alpha_8656050a57a881d0,alps4141::alps_82389560e03d_to_Equation2,1,alps4141,alps4141::alps_82389560e03d_to_Equation2,memory_limit,resource_exhausted,resource_exhausted,False,False,False
alpha_99648fe40b192f4a,alps4141::alps_422299cce85e_to_Equation2,1,alps4141,alps4141::alps_422299cce85e_to_Equation2,memory_limit,resource_exhausted,resource_exhausted,False,False,False
alpha_6e3aedc1cbb0f5f1,alps4141::alps_6e64065f67a5_to_Equation2,1,alps4141,alps4141::alps_6e64065f67a5_to_Equation2,memory_limit,resource_exhausted,resource_exhausted,False,False,False
alpha_4d0d661081db4e05,alps4141::alps_ea0d2919b6c8_to_Equation2,1,alps4141,alps4141::alps_ea0d2919b6c8_to_Equation2,memory_limit,resource_exhausted,resource_exhausted,False,False,False
alpha_4dbf80815ef1246a,alps4141::alps_222e0b8ae160_to_Equation2,1,alps4141,alps4141::alps_222e0b8ae160_to_Equation2,memory_limit,resource_exhausted,resource_exhausted,False,False,False
alpha_a2d75e767d0fcde8,alps4141::alps_08aa847fd1d5_to_Equation2,1,alps4141,alps4141::alps_08aa847fd1d5_to_Equation2,memory_limit,resource_exhausted,resource_exhausted,False,False,False
alpha_bcfda42b0c8a46ea,alps4141::alps_fb065500d72b_to_Equation2,1,alps4141,alps4141::alps_fb065500d72b_to_Equation2,memory_limit,resource_exhausted,resource_exhausted,False,False,False
alpha_f1b698a4a502ea00,alps4141::alps_755ccf956b6e_to_Equation2,1,alps4141,alps4141::alps_755ccf956b6e_to_Equation2,memory_limit,resource_exhausted,resource_exhausted,False,False,False
alpha_46363e1d37adc54a,alps4141::alps_6c4ebcdabd5e_to_Equation2,1,alps4141,alps4141::alps_6c4ebcdabd5e_to_Equation2,resource_exhausted,resource_exhausted,resource_exhausted,False,False,False
alpha_2981cf68d32d87de,alps4141::alps_c1ac32ef7017_to_Equation2,1,alps4141,alps4141::alps_c1ac32ef7017_to_Equation2,resource_exhausted,theorem,resource_exhausted,True,False,False
alpha_3375f90bfa5039ce,alps4141::alps_36deb8743278_to_Equation2,1,alps4141,alps4141::alps_36deb8743278_to_Equation2,resource_exhausted,resource_exhausted,resource_exhausted,False,False,False
alpha_3169272ab090be22,alps4141::alps_fcfaa797665f_to_Equation2,1,alps4141,alps4141::alps_fcfaa797665f_to_Equation2,memory_limit,resource_exhausted,resource_exhausted,False,False,False
alpha_57fbd22cbf63c8e2,alps4141::alps_d89dc658b524_to_Equation2,1,alps4141,alps4141::alps_d89dc658b524_to_Equation2,memory_limit,resource_exhausted,memory_limit,False,False,False
alpha_8163b6da61044cd2,alps4141::alps_e293e6a4af1c_to_Equation2,1,alps4141,alps4141::alps_e293e6a4af1c_to_Equation2,memory_limit,resource_exhausted,resource_exhausted,False,False,False
alpha_dc30b153b69cee79,alps4141::alps_71505f542a00_to_Equation2,1,alps4141,alps4141::alps_71505f542a00_to_Equation2,memory_limit,resource_exhausted,resource_exhausted,False,False,False
alpha_bf9c14a0755f658f,alps4141::alps_def4cb91ecb1_to_Equation2,1,alps4141,alps4141::alps_def4cb91ecb1_to_Equation2,memory_limit,resource_exhausted,memory_limit,False,False,False
alpha_ec3b61e3db8545f5,alps4141::alps_32889f56ef40_to_Equation2,1,alps4141,alps4141::alps_32889f56ef40_to_Equation2,memory_limit,resource_exhausted,resource_exhausted,False,False,False
alpha_af42f75c7a9cc1f7,alps4141::alps_e5bb076018ce_to_Equation2,1,alps4141,alps4141::alps_e5bb076018ce_to_Equation2,memory_limit,resource_exhausted,resource_exhausted,False,False,False
alpha_dc61d0b151d7c40d,alps4141::alps_a31e8c931b84_to_Equation2,1,alps4141,alps4141::alps_a31e8c931b84_to_Equation2,memory_limit,resource_exhausted,resource_exhausted,False,False,False
alpha_c115171d72418b49,alps4141::alps_28612f736291_to_Equation2,1,alps4141,alps4141::alps_28612f736291_to_Equation2,memory_limit,resource_exhausted,resource_exhausted,False,False,False
alpha_cf50c262c1d66b9a,alps4141::alps_9d68c8c8f4ec_to_Equation2,1,alps4141,alps4141::alps_9d68c8c8f4ec_to_Equation2,memory_limit,resource_exhausted,resource_exhausted,False,False,False
alpha_435cac163c62b615,alps4141::alps_eec4a3b94d0f_to_Equation2,1,alps4141,alps4141::alps_eec4a3b94d0f_to_Equation2,memory_limit,resource_exhausted,memory_limit,False,False,False
alpha_fccf12b4ecb34e89,alps4141::alps_a0ce4b45ac8e_to_Equation2,1,alps4141,alps4141::alps_a0ce4b45ac8e_to_Equation2,resource_exhausted,resource_exhausted,resource_exhausted,False,False,False
alpha_e7b61a12b6eac0c7,alps4141::alps_101607b65227_to_Equation2,1,alps4141,alps4141::alps_101607b65227_to_Equation2,completed_no_decisive_result,resource_exhausted,resource_exhausted,False,False,False
alpha_00a6a95ed38783f7,alps4141::alps_b4057794711f_to_Equation2,1,alps4141,alps4141::alps_b4057794711f_to_Equation2,memory_limit,resource_exhausted,memory_limit,False,False,False
alpha_78bc1831455b9eac,alps4141::alps_4cef6c746813_to_Equation2,1,alps4141,alps4141::alps_4cef6c746813_to_Equation2,memory_limit,resource_exhausted,resource_exhausted,False,False,False
alpha_29ee9e430708c49f,alps4141::alps_32bfbd37e172_to_Equation2,1,alps4141,alps4141::alps_32bfbd37e172_to_Equation2,memory_limit,resource_exhausted,resource_exhausted,False,False,False
alpha_6c2b04f91a0a9149,alps4141::alps_141f3109649c_to_Equation2,1,alps4141,alps4141::alps_141f3109649c_to_Equation2,memory_limit,resource_exhausted,resource_exhausted,False,False,False
alpha_0d71cb727ee14c01,alps4141::alps_3446f6c4d2c0_to_Equation2,1,alps4141,alps4141::alps_3446f6c4d2c0_to_Equation2,memory_limit,resource_exhausted,resource_exhausted,False,False,False
alpha_2fd8398899afe267,alps4141::alps_1b62eaff98c0_to_Equation2,1,alps4141,alps4141::alps_1b62eaff98c0_to_Equation2,memory_limit,resource_exhausted,resource_exhausted,False,False,False
alpha_81f0fb620f82ea75,alps4141::alps_2ef8de269b55_to_Equation2,1,alps4141,alps4141::alps_2ef8de269b55_to_Equation2,memory_limit,resource_exhausted,resource_exhausted,False,False,False
alpha_96d1ca6b14d82bfe,alps4141::alps_df9e8fc8d633_to_Equation2,1,alps4141,alps4141::alps_df9e8fc8d633_to_Equation2,memory_limit,resource_exhausted,memory_limit,False,False,False
alpha_822569988d759cc9,alps4141::alps_bf6797cf1f6f_to_Equation2,1,alps4141,alps4141::alps_bf6797cf1f6f_to_Equation2,resource_exhausted,resource_exhausted,resource_exhausted,False,False,False
alpha_6f6f567c7e540792,alps4141::alps_d82a7d49cb36_to_Equation2,1,alps4141,alps4141::alps_d82a7d49cb36_to_Equation2,memory_limit,resource_exhausted,resource_exhausted,False,False,False
alpha_507e3aec811ae906,alps4141::alps_48c0c18cc11e_to_Equation2,1,alps4141,alps4141::alps_48c0c18cc11e_to_Equation2,memory_limit,resource_exhausted,resource_exhausted,False,False,False
alpha_89148ae7167bad32,alps4141::alps_6ebc2d6807e7_to_Equation2,1,alps4141,alps4141::alps_6ebc2d6807e7_to_Equation2,memory_limit,resource_exhausted,resource_exhausted,False,False,False
alpha_7bdcea75bfb557e3,alps4141::alps_6d8a9dcab336_to_Equation2,1,alps4141,alps4141::alps_6d8a9dcab336_to_Equation2,memory_limit,resource_exhausted,resource_exhausted,False,False,False
alpha_6c0312d0b4563271,alps4141::alps_f9ad5a6711fc_to_Equation2,1,alps4141,alps4141::alps_f9ad5a6711fc_to_Equation2,memory_limit,resource_exhausted,resource_exhausted,False,False,False
alpha_0845830fedec6771,alps4141::alps_e415ce0b5331_to_Equation2,1,alps4141,alps4141::alps_e415ce0b5331_to_Equation2,memory_limit,resource_exhausted,resource_exhausted,False,False,False
alpha_8015ebd9f462e401,alps4141::alps_c3135e24814e_to_Equation2,1,alps4141,alps4141::alps_c3135e24814e_to_Equation2,memory_limit,resource_exhausted,resource_exhausted,False,False,False
alpha_83cb65a7f1f560ff,alps4141::alps_d9ee9be81598_to_Equation2,1,alps4141,alps4141::alps_d9ee9be81598_to_Equation2,memory_limit,resource_exhausted,resource_exhausted,False,False,False
alpha_feac4ea9e8358f23,alps4141::alps_ed02c11e6949_to_Equation2,1,alps4141,alps4141::alps_ed02c11e6949_to_Equation2,memory_limit,resource_exhausted,resource_exhausted,False,False,False
alpha_87340973186ebf3e,alps4141::alps_14545efea86c_to_Equation2,1,alps4141,alps4141::alps_14545efea86c_to_Equation2,memory_limit,resource_exhausted,resource_exhausted,False,False,False
alpha_8c5152d7777a3ccc,alps4141::alps_490c1ea42dfa_to_Equation2,1,alps4141,alps4141::alps_490c1ea42dfa_to_Equation2,memory_limit,resource_exhausted,resource_exhausted,False,False,False
alpha_349d7297d59d3dc7,austin96::order5_austin_unknown_E12073_to_E2,2,alps4141+austin96,austin96::order5_austin_unknown_E12073_to_E2 | alps4141::alps_165c0e44eaea_to_Equation2,memory_limit,resource_exhausted,resource_exhausted,False,False,False
alpha_3696bec6d909e423,alps4141::alps_db9c3b1e1e70_to_Equation2,1,alps4141,alps4141::alps_db9c3b1e1e70_to_Equation2,memory_limit,resource_exhausted,resource_exhausted,False,False,False
alpha_942d2dccdbf92e89,alps4141::alps_2b0619337974_to_Equation2,1,alps4141,alps4141::alps_2b0619337974_to_Equation2,resource_exhausted,resource_exhausted,resource_exhausted,False,False,False
alpha_305fb45b80e379ff,alps4141::alps_d8e8c84ce788_to_Equation2,1,alps4141,alps4141::alps_d8e8c84ce788_to_Equation2,resource_exhausted,resource_exhausted,resource_exhausted,False,False,False
alpha_c849033bd90e89f5,alps4141::alps_fd683d94dc3e_to_Equation2,1,alps4141,alps4141::alps_fd683d94dc3e_to_Equation2,memory_limit,resource_exhausted,resource_exhausted,False,False,False
alpha_2e6a19e390a4cfdf,alps4141::alps_e0701a0f0334_to_Equation2,1,alps4141,alps4141::alps_e0701a0f0334_to_Equation2,memory_limit,resource_exhausted,resource_exhausted,False,False,False
alpha_8191a5b68e558c83,alps4141::alps_df188cde13cb_to_Equation2,1,alps4141,alps4141::alps_df188cde13cb_to_Equation2,resource_exhausted,theorem,resource_exhausted,True,False,False
alpha_d35130c908614182,alps4141::alps_748fa616d717_to_Equation2,1,alps4141,alps4141::alps_748fa616d717_to_Equation2,resource_exhausted,resource_exhausted,resource_exhausted,False,False,False
alpha_b5c5410f4d79e6b7,alps4141::alps_49f97c755d81_to_Equation2,1,alps4141,alps4141::alps_49f97c755d81_to_Equation2,resource_exhausted,resource_exhausted,resource_exhausted,False,False,False
alpha_bc984ca89a56416d,alps4141::alps_21dba2f8afe7_to_Equation2,1,alps4141,alps4141::alps_21dba2f8afe7_to_Equation2,memory_limit,resource_exhausted,memory_limit,False,False,False
alpha_767d411ecc5bf2e2,alps4141::alps_52a9b3f84689_to_Equation2,1,alps4141,alps4141::alps_52a9b3f84689_to_Equation2,resource_exhausted,theorem,resource_exhausted,True,False,False
alpha_5e3061ae61c3e1ba,alps4141::alps_5e718f0d9a6e_to_Equation2,1,alps4141,alps4141::alps_5e718f0d9a6e_to_Equation2,resource_exhausted,resource_exhausted,resource_exhausted,False,False,False
alpha_0dec61bc34c9017b,austin96::order5_austin_unknown_E12087_to_E2,2,alps4141+austin96,austin96::order5_austin_unknown_E12087_to_E2 | alps4141::alps_be2c81df5a7e_to_Equation2,resource_exhausted,resource_exhausted,resource_exhausted,False,False,False
alpha_dbbb9343f1070775,alps4141::alps_9d9a02c8a41a_to_Equation2,1,alps4141,alps4141::alps_9d9a02c8a41a_to_Equation2,theorem,theorem,theorem,True,False,False
alpha_23f523b0ae471a7d,alps4141::alps_2670cd1ac3e9_to_Equation2,1,alps4141,alps4141::alps_2670cd1ac3e9_to_Equation2,resource_exhausted,resource_exhausted,resource_exhausted,False,False,False
alpha_09992af1a0c71c3b,alps4141::alps_9570219ea5b5_to_Equation2,1,alps4141,alps4141::alps_9570219ea5b5_to_Equation2,resource_exhausted,resource_exhausted,resource_exhausted,False,False,False
alpha_da0c265b465715b4,alps4141::alps_5955cbbd0745_to_Equation2,1,alps4141,alps4141::alps_5955cbbd0745_to_Equation2,memory_limit,resource_exhausted,resource_exhausted,False,False,False
alpha_b028a24fed4adea0,alps4141::alps_35f22c602733_to_Equation2,1,alps4141,alps4141::alps_35f22c602733_to_Equation2,memory_limit,resource_exhausted,memory_limit,False,False,False
alpha_384d171021f1167a,alps4141::alps_410407a64acc_to_Equation2,1,alps4141,alps4141::alps_410407a64acc_to_Equation2,memory_limit,resource_exhausted,memory_limit,False,False,False
alpha_9c22d535244eca31,alps4141::alps_8b30a856fbf6_to_Equation2,1,alps4141,alps4141::alps_8b30a856fbf6_to_Equation2,memory_limit,resource_exhausted,resource_exhausted,False,False,False
alpha_4b2e65fe29e11369,alps4141::alps_4d1e26dbead9_to_Equation2,1,alps4141,alps4141::alps_4d1e26dbead9_to_Equation2,memory_limit,resource_exhausted,resource_exhausted,False,False,False
alpha_2d5c5f5fc5bf2d52,alps4141::alps_df52b746cd01_to_Equation2,1,alps4141,alps4141::alps_df52b746cd01_to_Equation2,resource_exhausted,resource_exhausted,resource_exhausted,False,False,False
alpha_152ca0840f3709f5,alps4141::alps_a0e2cdf8321b_to_Equation2,1,alps4141,alps4141::alps_a0e2cdf8321b_to_Equation2,memory_limit,resource_exhausted,resource_exhausted,False,False,False
alpha_5d367cbd7317ae3d,alps4141::alps_4a9530cad630_to_Equation2,1,alps4141,alps4141::alps_4a9530cad630_to_Equation2,memory_limit,resource_exhausted,resource_exhausted,False,False,False
alpha_d42767cd319304e3,alps4141::alps_1b54007565c4_to_Equation2,1,alps4141,alps4141::alps_1b54007565c4_to_Equation2,memory_limit,resource_exhausted,resource_exhausted,False,False,False
alpha_87fc9a7f15a29a0d,alps4141::alps_4895d217d8bd_to_Equation2,1,alps4141,alps4141::alps_4895d217d8bd_to_Equation2,memory_limit,resource_exhausted,resource_exhausted,False,False,False
alpha_7ec49a3d30caec72,alps4141::alps_ee70411b9d1c_to_Equation2,1,alps4141,alps4141::alps_ee70411b9d1c_to_Equation2,memory_limit,resource_exhausted,resource_exhausted,False,False,False
alpha_28a3e8e70cfd9df9,alps4141::alps_895d507b0aac_to_Equation2,1,alps4141,alps4141::alps_895d507b0aac_to_Equation2,memory_limit,resource_exhausted,resource_exhausted,False,False,False
alpha_579f1a4de873c10a,alps4141::alps_6ea20019adf5_to_Equation2,1,alps4141,alps4141::alps_6ea20019adf5_to_Equation2,memory_limit,resource_exhausted,resource_exhausted,False,False,False
alpha_3e360ace971e14c4,alps4141::alps_e847afef8ddb_to_Equation2,1,alps4141,alps4141::alps_e847afef8ddb_to_Equation2,memory_limit,resource_exhausted,memory_limit,False,False,False
alpha_1250c649f5022625,alps4141::alps_ce9bbb7a5d33_to_Equation2,1,alps4141,alps4141::alps_ce9bbb7a5d33_to_Equation2,resource_exhausted,resource_exhausted,resource_exhausted,False,False,False
alpha_6ac37c5d06cca21f,alps4141::alps_4dc40259e6c8_to_Equation2,1,alps4141,alps4141::alps_4dc40259e6c8_to_Equation2,resource_exhausted,resource_exhausted,resource_exhausted,False,False,False
alpha_cdbf96efef372d0e,alps4141::alps_af2408638800_to_Equation2,1,alps4141,alps4141::alps_af2408638800_to_Equation2,resource_exhausted,resource_exhausted,resource_exhausted,False,False,False
alpha_33fb9325fbc4698e,alps4141::alps_70d472e1704c_to_Equation2,1,alps4141,alps4141::alps_70d472e1704c_to_Equation2,memory_limit,resource_exhausted,memory_limit,False,False,False
alpha_9d1d87c40753f48f,generality34::order5_known_austin10_E15535_to_E2,1,generality34,generality34::order5_known_austin10_E15535_to_E2,completed_no_decisive_result,completed_no_proof,counter_satisfiable,False,True,False
alpha_242843e46d0aba8f,alps4141::alps_079cdf90439d_to_Equation2,1,alps4141,alps4141::alps_079cdf90439d_to_Equation2,memory_limit,resource_exhausted,resource_exhausted,False,False,False
alpha_b077c3da22543b56,alps4141::alps_3af5c58cc189_to_Equation2,1,alps4141,alps4141::alps_3af5c58cc189_to_Equation2,resource_exhausted,resource_exhausted,resource_exhausted,False,False,False
alpha_f08cbacb50813633,alps4141::alps_2d96b5309965_to_Equation2,1,alps4141,alps4141::alps_2d96b5309965_to_Equation2,resource_exhausted,resource_exhausted,resource_exhausted,False,False,False
alpha_80665a2dde6a952a,alps4141::alps_019fe1be7356_to_Equation2,1,alps4141,alps4141::alps_019fe1be7356_to_Equation2,memory_limit,resource_exhausted,resource_exhausted,False,False,False
alpha_a2e5efbac85ac42b,alps4141::alps_1dc524c46606_to_Equation2,1,alps4141,alps4141::alps_1dc524c46606_to_Equation2,completed_no_decisive_result,resource_exhausted,memory_limit,False,False,False
alpha_768863320125a2fb,alps4141::alps_c3e2bd6cb09c_to_Equation2,1,alps4141,alps4141::alps_c3e2bd6cb09c_to_Equation2,memory_limit,resource_exhausted,resource_exhausted,False,False,False
alpha_efd6c91611ffbd1a,alps4141::alps_9cd8ba4b015b_to_Equation2,1,alps4141,alps4141::alps_9cd8ba4b015b_to_Equation2,memory_limit,resource_exhausted,resource_exhausted,False,False,False
alpha_8a3e6ad048a59c86,alps4141::alps_48ae08de219c_to_Equation2,1,alps4141,alps4141::alps_48ae08de219c_to_Equation2,memory_limit,resource_exhausted,resource_exhausted,False,False,False
alpha_21af65d85bde0400,alps4141::alps_83b74db8ed12_to_Equation2,1,alps4141,alps4141::alps_83b74db8ed12_to_Equation2,memory_limit,resource_exhausted,memory_limit,False,False,False
alpha_43f929af2231cbcd,alps4141::alps_32115e3a5348_to_Equation2,1,alps4141,alps4141::alps_32115e3a5348_to_Equation2,memory_limit,resource_exhausted,memory_limit,False,False,False
alpha_2d059354f7ed5d16,alps4141::alps_fa71ae0a3c0a_to_Equation2,1,alps4141,alps4141::alps_fa71ae0a3c0a_to_Equation2,memory_limit,resource_exhausted,resource_exhausted,False,False,False
alpha_ca54ebd6c5e403ed,alps4141::alps_a0b869f4e93d_to_Equation2,1,alps4141,alps4141::alps_a0b869f4e93d_to_Equation2,memory_limit,resource_exhausted,resource_exhausted,False,False,False
alpha_920adeb1e5d939a6,alps4141::alps_f66dc5953824_to_Equation2,1,alps4141,alps4141::alps_f66dc5953824_to_Equation2,memory_limit,resource_exhausted,resource_exhausted,False,False,False
alpha_3fad037f0e672e60,alps4141::alps_53a508ab3ae8_to_Equation2,1,alps4141,alps4141::alps_53a508ab3ae8_to_Equation2,memory_limit,resource_exhausted,resource_exhausted,False,False,False
alpha_5f3cdcc593ac8798,alps4141::alps_10c7317f6525_to_Equation2,1,alps4141,alps4141::alps_10c7317f6525_to_Equation2,memory_limit,resource_exhausted,resource_exhausted,False,False,False
alpha_fc61d62a59a6489f,alps4141::alps_8451ac518d49_to_Equation2,1,alps4141,alps4141::alps_8451ac518d49_to_Equation2,memory_limit,resource_exhausted,resource_exhausted,False,False,False
alpha_4c9e348f9b9a6726,alps4141::alps_c846502c3ab7_to_Equation2,1,alps4141,alps4141::alps_c846502c3ab7_to_Equation2,memory_limit,resource_exhausted,resource_exhausted,False,False,False
alpha_54dd9cfcfc57ec2c,alps4141::alps_ba28bf535e29_to_Equation2,1,alps4141,alps4141::alps_ba28bf535e29_to_Equation2,memory_limit,resource_exhausted,resource_exhausted,False,False,False
alpha_a3b3681aa8b8db6e,alps4141::alps_09c0b729c7e0_to_Equation2,1,alps4141,alps4141::alps_09c0b729c7e0_to_Equation2,memory_limit,resource_exhausted,resource_exhausted,False,False,False
alpha_013b2bd47d0811ac,alps4141::alps_ae8179d7e5e5_to_Equation2,1,alps4141,alps4141::alps_ae8179d7e5e5_to_Equation2,memory_limit,theorem,theorem,True,False,False
alpha_4f2979f092ececcc,alps4141::alps_bcda2005e835_to_Equation2,1,alps4141,alps4141::alps_bcda2005e835_to_Equation2,memory_limit,resource_exhausted,resource_exhausted,False,False,False
alpha_bde0a4ce9dafb2ac,alps4141::alps_e05b198b9f37_to_Equation2,1,alps4141,alps4141::alps_e05b198b9f37_to_Equation2,resource_exhausted,resource_exhausted,resource_exhausted,False,False,False
alpha_1592665849d088a4,alps4141::alps_fe0495b2341b_to_Equation2,1,alps4141,alps4141::alps_fe0495b2341b_to_Equation2,memory_limit,resource_exhausted,resource_exhausted,False,False,False
alpha_c7bc5605e4d553cd,alps4141::alps_2277e894b6d1_to_Equation2,1,alps4141,alps4141::alps_2277e894b6d1_to_Equation2,memory_limit,resource_exhausted,resource_exhausted,False,False,False
alpha_760aa30818e64e98,alps4141::alps_d17179abd8f7_to_Equation2,1,alps4141,alps4141::alps_d17179abd8f7_to_Equation2,memory_limit,resource_exhausted,resource_exhausted,False,False,False
alpha_9733525f1d4d713e,alps4141::alps_e53d47c855a6_to_Equation2,1,alps4141,alps4141::alps_e53d47c855a6_to_Equation2,memory_limit,theorem,theorem,True,False,False
alpha_e48860a17eea4b43,alps4141::alps_1b42f7057bb9_to_Equation2,1,alps4141,alps4141::alps_1b42f7057bb9_to_Equation2,memory_limit,resource_exhausted,resource_exhausted,False,False,False
alpha_2ee2cac1aee418f8,alps4141::alps_82f07f54045a_to_Equation2,1,alps4141,alps4141::alps_82f07f54045a_to_Equation2,memory_limit,resource_exhausted,resource_exhausted,False,False,False
alpha_ff79abc7019a5135,alps4141::alps_c3c53b2a3811_to_Equation2,1,alps4141,alps4141::alps_c3c53b2a3811_to_Equation2,memory_limit,resource_exhausted,resource_exhausted,False,False,False
alpha_e1d7cf659a8323ff,alps4141::alps_789f1a9fa10a_to_Equation2,1,alps4141,alps4141::alps_789f1a9fa10a_to_Equation2,memory_limit,resource_exhausted,resource_exhausted,False,False,False
alpha_05cc586ba4aca8f8,alps4141::alps_70000a87f5a2_to_Equation2,1,alps4141,alps4141::alps_70000a87f5a2_to_Equation2,memory_limit,resource_exhausted,memory_limit,False,False,False
alpha_83ea86585bd40994,alps4141::alps_c5c269c1f9a8_to_Equation2,1,alps4141,alps4141::alps_c5c269c1f9a8_to_Equation2,memory_limit,resource_exhausted,resource_exhausted,False,False,False
alpha_5582c6c0bc3ef051,alps4141::alps_123dc5250f31_to_Equation2,1,alps4141,alps4141::alps_123dc5250f31_to_Equation2,memory_limit,resource_exhausted,resource_exhausted,False,False,False
alpha_4791781de33a5860,alps4141::alps_0e6f0392e38b_to_Equation2,1,alps4141,alps4141::alps_0e6f0392e38b_to_Equation2,resource_exhausted,resource_exhausted,resource_exhausted,False,False,False
alpha_6f4410f27987aa56,alps4141::alps_ea3441847b9a_to_Equation2,1,alps4141,alps4141::alps_ea3441847b9a_to_Equation2,memory_limit,resource_exhausted,resource_exhausted,False,False,False
alpha_5d69fe520f7bafde,alps4141::alps_a9d878205113_to_Equation2,1,alps4141,alps4141::alps_a9d878205113_to_Equation2,memory_limit,resource_exhausted,resource_exhausted,False,False,False
alpha_cfa46a981e83df5f,alps4141::alps_d419ade8c8b1_to_Equation2,1,alps4141,alps4141::alps_d419ade8c8b1_to_Equation2,memory_limit,resource_exhausted,resource_exhausted,False,False,False
alpha_40eb382a31f39403,alps4141::alps_15e575192d17_to_Equation2,1,alps4141,alps4141::alps_15e575192d17_to_Equation2,memory_limit,resource_exhausted,resource_exhausted,False,False,False
alpha_4fc8a7300a529f27,alps4141::alps_05cf2409b5ef_to_Equation2,1,alps4141,alps4141::alps_05cf2409b5ef_to_Equation2,memory_limit,resource_exhausted,resource_exhausted,False,False,False
alpha_7561218f5d82abbf,alps4141::alps_1a1a7cc786ea_to_Equation2,1,alps4141,alps4141::alps_1a1a7cc786ea_to_Equation2,memory_limit,resource_exhausted,resource_exhausted,False,False,False
alpha_ae33d1cd2f644760,alps4141::alps_c2112d06cc3c_to_Equation2,1,alps4141,alps4141::alps_c2112d06cc3c_to_Equation2,memory_limit,resource_exhausted,resource_exhausted,False,False,False
alpha_e753265d125cdf19,alps4141::alps_51ca1d218211_to_Equation2,1,alps4141,alps4141::alps_51ca1d218211_to_Equation2,memory_limit,resource_exhausted,resource_exhausted,False,False,False
alpha_c59a724a2467ac05,alps4141::alps_daa6add27a20_to_Equation2,1,alps4141,alps4141::alps_daa6add27a20_to_Equation2,memory_limit,resource_exhausted,resource_exhausted,False,False,False
alpha_8a755e10659182e8,alps4141::alps_d6e01f44870b_to_Equation2,1,alps4141,alps4141::alps_d6e01f44870b_to_Equation2,memory_limit,resource_exhausted,resource_exhausted,False,False,False
alpha_a72543ae8bc2292c,alps4141::alps_f18bb95861fc_to_Equation2,1,alps4141,alps4141::alps_f18bb95861fc_to_Equation2,memory_limit,resource_exhausted,memory_limit,False,False,False
alpha_d38c396461f19883,alps4141::alps_a416c1792858_to_Equation2,1,alps4141,alps4141::alps_a416c1792858_to_Equation2,memory_limit,resource_exhausted,resource_exhausted,False,False,False
alpha_e1f8c094446e24be,alps4141::alps_cb652d720fc1_to_Equation2,1,alps4141,alps4141::alps_cb652d720fc1_to_Equation2,memory_limit,resource_exhausted,resource_exhausted,False,False,False
alpha_08671e17595144b3,alps4141::alps_8dce239ebad9_to_Equation2,1,alps4141,alps4141::alps_8dce239ebad9_to_Equation2,memory_limit,resource_exhausted,memory_limit,False,False,False
alpha_d3bbdee0595a171a,alps4141::alps_bee504834f90_to_Equation2,1,alps4141,alps4141::alps_bee504834f90_to_Equation2,memory_limit,resource_exhausted,resource_exhausted,False,False,False
alpha_543d6e3593a06c72,alps4141::alps_2f30379cd143_to_Equation2,1,alps4141,alps4141::alps_2f30379cd143_to_Equation2,memory_limit,resource_exhausted,resource_exhausted,False,False,False
alpha_361e9bd8fdd7ba70,alps4141::alps_3c940af54a3e_to_Equation2,1,alps4141,alps4141::alps_3c940af54a3e_to_Equation2,memory_limit,resource_exhausted,resource_exhausted,False,False,False
alpha_9187755be48cf178,alps4141::alps_ddfc95862d9f_to_Equation2,1,alps4141,alps4141::alps_ddfc95862d9f_to_Equation2,memory_limit,resource_exhausted,resource_exhausted,False,False,False
alpha_4d291b20d4c0f5f4,alps4141::alps_8e43d365f555_to_Equation2,1,alps4141,alps4141::alps_8e43d365f555_to_Equation2,memory_limit,resource_exhausted,resource_exhausted,False,False,False
alpha_c44c70131c89e1d6,alps4141::alps_42e5cd0b289f_to_Equation2,1,alps4141,alps4141::alps_42e5cd0b289f_to_Equation2,completed_no_decisive_result,resource_exhausted,resource_exhausted,False,False,False
alpha_52fa9ca23fcc2dba,alps4141::alps_df7a9e03251b_to_Equation2,1,alps4141,alps4141::alps_df7a9e03251b_to_Equation2,memory_limit,resource_exhausted,resource_exhausted,False,False,False
alpha_66253c9bddb73a55,alps4141::alps_ebab42f5044d_to_Equation2,1,alps4141,alps4141::alps_ebab42f5044d_to_Equation2,memory_limit,resource_exhausted,resource_exhausted,False,False,False
alpha_1a088a46e0809c38,alps4141::alps_2c308946f28d_to_Equation2,1,alps4141,alps4141::alps_2c308946f28d_to_Equation2,memory_limit,resource_exhausted,resource_exhausted,False,False,False
alpha_6656c2bffb707f6f,alps4141::alps_0f9bfc7504e1_to_Equation2,1,alps4141,alps4141::alps_0f9bfc7504e1_to_Equation2,memory_limit,resource_exhausted,resource_exhausted,False,False,False
alpha_420a5777318a7f6b,alps4141::alps_709191db3f8a_to_Equation2,1,alps4141,alps4141::alps_709191db3f8a_to_Equation2,memory_limit,resource_exhausted,resource_exhausted,False,False,False
alpha_3c36223d28e8b16a,alps4141::alps_68ad307a7dbb_to_Equation2,1,alps4141,alps4141::alps_68ad307a7dbb_to_Equation2,memory_limit,resource_exhausted,resource_exhausted,False,False,False
alpha_94c43bc98f2e28ea,alps4141::alps_a17dc89774c0_to_Equation2,1,alps4141,alps4141::alps_a17dc89774c0_to_Equation2,memory_limit,resource_exhausted,resource_exhausted,False,False,False
alpha_09ba64144b9b68a8,alps4141::alps_81158f18e8b5_to_Equation2,1,alps4141,alps4141::alps_81158f18e8b5_to_Equation2,memory_limit,resource_exhausted,resource_exhausted,False,False,False
alpha_40df8bc32622fddd,alps4141::alps_c6d38addfa85_to_Equation2,1,alps4141,alps4141::alps_c6d38addfa85_to_Equation2,memory_limit,resource_exhausted,resource_exhausted,False,False,False
alpha_d25c0a722e15d11b,alps4141::alps_07def7232107_to_Equation2,1,alps4141,alps4141::alps_07def7232107_to_Equation2,memory_limit,resource_exhausted,resource_exhausted,False,False,False
alpha_432b0138d6699ab3,alps4141::alps_d9c5740758b6_to_Equation2,1,alps4141,alps4141::alps_d9c5740758b6_to_Equation2,memory_limit,resource_exhausted,resource_exhausted,False,False,False
alpha_1b4c34d2801f2053,alps4141::alps_c868a25c562e_to_Equation2,1,alps4141,alps4141::alps_c868a25c562e_to_Equation2,resource_exhausted,theorem,theorem,True,False,False
alpha_655ea2fd3b15f22b,alps4141::alps_2314a3dbfed1_to_Equation2,1,alps4141,alps4141::alps_2314a3dbfed1_to_Equation2,resource_exhausted,resource_exhausted,theorem,True,False,False
alpha_55cea201e3c65213,alps4141::alps_af89d3536c75_to_Equation2,1,alps4141,alps4141::alps_af89d3536c75_to_Equation2,resource_exhausted,theorem,theorem,True,False,False
alpha_87a0ae1e0743ca10,alps4141::alps_4f025acea9a7_to_Equation2,1,alps4141,alps4141::alps_4f025acea9a7_to_Equation2,resource_exhausted,resource_exhausted,resource_exhausted,False,False,False
alpha_e9dda8c7f27752a8,alps4141::alps_b6ff84b0159e_to_Equation2,1,alps4141,alps4141::alps_b6ff84b0159e_to_Equation2,memory_limit,resource_exhausted,resource_exhausted,False,False,False
alpha_b4dcdc701d69bb39,alps4141::alps_bd357f81c5aa_to_Equation2,1,alps4141,alps4141::alps_bd357f81c5aa_to_Equation2,resource_exhausted,resource_exhausted,resource_exhausted,False,False,False
alpha_f39bf9a82187484e,alps4141::alps_2ba031584de6_to_Equation2,1,alps4141,alps4141::alps_2ba031584de6_to_Equation2,memory_limit,resource_exhausted,resource_exhausted,False,False,False
alpha_cacc13f167b16438,generality34::order5_unknown_finite_status24_E12294_to_E2,1,generality34,generality34::order5_unknown_finite_status24_E12294_to_E2,resource_exhausted,resource_exhausted,resource_exhausted,False,False,False
alpha_3ef84fe317f570d8,alps4141::alps_ddfa6d344fe5_to_Equation2,1,alps4141,alps4141::alps_ddfa6d344fe5_to_Equation2,memory_limit,resource_exhausted,resource_exhausted,False,False,False
alpha_74b997b0b9563051,alps4141::alps_0b7e8ef04c16_to_Equation2,1,alps4141,alps4141::alps_0b7e8ef04c16_to_Equation2,memory_limit,resource_exhausted,resource_exhausted,False,False,False
alpha_46868b4a1582d311,alps4141::alps_c8ab5fd21f53_to_Equation2,1,alps4141,alps4141::alps_c8ab5fd21f53_to_Equation2,memory_limit,resource_exhausted,resource_exhausted,False,False,False
alpha_085329156451f2ba,alps4141::alps_fa9210e95998_to_Equation2,1,alps4141,alps4141::alps_fa9210e95998_to_Equation2,memory_limit,resource_exhausted,memory_limit,False,False,False
alpha_6b668de47caa6f48,alps4141::alps_f5a82471a58e_to_Equation2,1,alps4141,alps4141::alps_f5a82471a58e_to_Equation2,memory_limit,resource_exhausted,resource_exhausted,False,False,False
alpha_832d6565432f6b43,alps4141::alps_3fda1e2c9fda_to_Equation2,1,alps4141,alps4141::alps_3fda1e2c9fda_to_Equation2,memory_limit,resource_exhausted,resource_exhausted,False,False,False
alpha_dc77a3130f927c4e,alps4141::alps_5cb0f5436387_to_Equation2,1,alps4141,alps4141::alps_5cb0f5436387_to_Equation2,memory_limit,resource_exhausted,memory_limit,False,False,False
alpha_39cf9fecfbbfdbe7,alps4141::alps_82565e2f47aa_to_Equation2,1,alps4141,alps4141::alps_82565e2f47aa_to_Equation2,memory_limit,resource_exhausted,resource_exhausted,False,False,False
alpha_47fb5fae9616fe08,alps4141::alps_b14bc2cf917a_to_Equation2,1,alps4141,alps4141::alps_b14bc2cf917a_to_Equation2,memory_limit,resource_exhausted,resource_exhausted,False,False,False
alpha_30b290e76cb306a8,alps4141::alps_d9deb47624c3_to_Equation2,1,alps4141,alps4141::alps_d9deb47624c3_to_Equation2,memory_limit,resource_exhausted,resource_exhausted,False,False,False
alpha_05233665d75984f7,alps4141::alps_5f2fee128d17_to_Equation2,1,alps4141,alps4141::alps_5f2fee128d17_to_Equation2,memory_limit,resource_exhausted,memory_limit,False,False,False
alpha_f5538bb645af52ce,alps4141::alps_a3444e77f091_to_Equation2,1,alps4141,alps4141::alps_a3444e77f091_to_Equation2,resource_exhausted,resource_exhausted,memory_limit,False,False,False
alpha_1c22e37993653e8a,alps4141::alps_29e6b88ec6c3_to_Equation2,1,alps4141,alps4141::alps_29e6b88ec6c3_to_Equation2,memory_limit,resource_exhausted,resource_exhausted,False,False,False
alpha_dda1051c9b132aa6,alps4141::alps_082a91a6a899_to_Equation2,1,alps4141,alps4141::alps_082a91a6a899_to_Equation2,memory_limit,resource_exhausted,resource_exhausted,False,False,False
alpha_4e7e8b516c92f681,alps4141::alps_89994f3d27c2_to_Equation2,1,alps4141,alps4141::alps_89994f3d27c2_to_Equation2,memory_limit,resource_exhausted,resource_exhausted,False,False,False
alpha_40e4f20335d4f8a7,alps4141::alps_4816a685f39f_to_Equation2,1,alps4141,alps4141::alps_4816a685f39f_to_Equation2,memory_limit,resource_exhausted,memory_limit,False,False,False
alpha_aa3d7d853dbe359c,alps4141::alps_c3cc27330641_to_Equation2,1,alps4141,alps4141::alps_c3cc27330641_to_Equation2,memory_limit,resource_exhausted,resource_exhausted,False,False,False
alpha_140555a6c7537535,alps4141::alps_b3ef183d40fe_to_Equation2,1,alps4141,alps4141::alps_b3ef183d40fe_to_Equation2,memory_limit,resource_exhausted,resource_exhausted,False,False,False
alpha_a742efd87dbe4c6f,alps4141::alps_fe46cfe46e6f_to_Equation2,1,alps4141,alps4141::alps_fe46cfe46e6f_to_Equation2,memory_limit,resource_exhausted,resource_exhausted,False,False,False
alpha_acd14b3eedb81626,alps4141::alps_b232091db423_to_Equation2,1,alps4141,alps4141::alps_b232091db423_to_Equation2,memory_limit,resource_exhausted,memory_limit,False,False,False
alpha_ab300050f43ce230,alps4141::alps_e2a6c3000215_to_Equation2,1,alps4141,alps4141::alps_e2a6c3000215_to_Equation2,memory_limit,resource_exhausted,resource_exhausted,False,False,False
alpha_cd27231b83d2096b,alps4141::alps_30e9ae0434ca_to_Equation2,1,alps4141,alps4141::alps_30e9ae0434ca_to_Equation2,memory_limit,resource_exhausted,resource_exhausted,False,False,False
alpha_0faff8a487cf9b69,alps4141::alps_a828f07d8308_to_Equation2,1,alps4141,alps4141::alps_a828f07d8308_to_Equation2,memory_limit,resource_exhausted,resource_exhausted,False,False,False
alpha_656a1c59ed652e1f,alps4141::alps_0ba433385d6c_to_Equation2,1,alps4141,alps4141::alps_0ba433385d6c_to_Equation2,memory_limit,resource_exhausted,resource_exhausted,False,False,False
alpha_f976a1d172def6c3,alps4141::alps_5473405dba6a_to_Equation2,1,alps4141,alps4141::alps_5473405dba6a_to_Equation2,memory_limit,resource_exhausted,resource_exhausted,False,False,False
alpha_0bcec4e181996ac9,alps4141::alps_21154cce01a9_to_Equation2,1,alps4141,alps4141::alps_21154cce01a9_to_Equation2,memory_limit,resource_exhausted,resource_exhausted,False,False,False
alpha_50972774c4c89e95,alps4141::alps_00ffddf3b62a_to_Equation2,1,alps4141,alps4141::alps_00ffddf3b62a_to_Equation2,memory_limit,resource_exhausted,memory_limit,False,False,False
alpha_6b7351bc61b60bb9,alps4141::alps_5efbe4c9e2a7_to_Equation2,1,alps4141,alps4141::alps_5efbe4c9e2a7_to_Equation2,memory_limit,resource_exhausted,resource_exhausted,False,False,False
alpha_1c1ea3b4d4d80c65,alps4141::alps_20d5c9c7c3f0_to_Equation2,1,alps4141,alps4141::alps_20d5c9c7c3f0_to_Equation2,memory_limit,resource_exhausted,resource_exhausted,False,False,False
alpha_0ebabe89aac90257,alps4141::alps_483ce6a0caa6_to_Equation2,1,alps4141,alps4141::alps_483ce6a0caa6_to_Equation2,memory_limit,resource_exhausted,resource_exhausted,False,False,False
alpha_c912cf08ff86405e,alps4141::alps_804a894429ee_to_Equation2,1,alps4141,alps4141::alps_804a894429ee_to_Equation2,memory_limit,resource_exhausted,resource_exhausted,False,False,False
alpha_2250634d2be90ea4,alps4141::alps_0e19c9438d8f_to_Equation2,1,alps4141,alps4141::alps_0e19c9438d8f_to_Equation2,resource_exhausted,resource_exhausted,resource_exhausted,False,False,False
alpha_6909479661b179c5,alps4141::alps_bc4a03d33661_to_Equation2,1,alps4141,alps4141::alps_bc4a03d33661_to_Equation2,resource_exhausted,theorem,theorem,True,False,False
alpha_3d4d0d0420bafaa6,alps4141::alps_b00ac970c7bd_to_Equation2,1,alps4141,alps4141::alps_b00ac970c7bd_to_Equation2,resource_exhausted,resource_exhausted,resource_exhausted,False,False,False
alpha_37ab715db924a8cd,alps4141::alps_2d9aaa5b8efe_to_Equation2,1,alps4141,alps4141::alps_2d9aaa5b8efe_to_Equation2,resource_exhausted,resource_exhausted,resource_exhausted,False,False,False
alpha_6fef7a240e10d31b,alps4141::alps_a601e28e7939_to_Equation2,1,alps4141,alps4141::alps_a601e28e7939_to_Equation2,memory_limit,resource_exhausted,resource_exhausted,False,False,False
alpha_2e8bf885ae6009a7,alps4141::alps_ea427fec01f7_to_Equation2,1,alps4141,alps4141::alps_ea427fec01f7_to_Equation2,resource_exhausted,resource_exhausted,resource_exhausted,False,False,False
alpha_85875f73818053a0,alps4141::alps_4abeb1a3c83a_to_Equation2,1,alps4141,alps4141::alps_4abeb1a3c83a_to_Equation2,memory_limit,resource_exhausted,memory_limit,False,False,False
alpha_cf05bd5c061612fe,alps4141::alps_14cfa178ba96_to_Equation2,1,alps4141,alps4141::alps_14cfa178ba96_to_Equation2,resource_exhausted,resource_exhausted,resource_exhausted,False,False,False
alpha_afab3ebcac9aea04,alps4141::alps_74e59846232e_to_Equation2,1,alps4141,alps4141::alps_74e59846232e_to_Equation2,memory_limit,resource_exhausted,resource_exhausted,False,False,False
alpha_658d531832d01ffa,alps4141::alps_0b25646fce82_to_Equation2,1,alps4141,alps4141::alps_0b25646fce82_to_Equation2,memory_limit,resource_exhausted,memory_limit,False,False,False
alpha_9bdbeffefd2e21c8,alps4141::alps_93a2160a2418_to_Equation2,1,alps4141,alps4141::alps_93a2160a2418_to_Equation2,memory_limit,resource_exhausted,resource_exhausted,False,False,False
alpha_6b22f430d13fd2b7,alps4141::alps_b52f3b5831ad_to_Equation2,1,alps4141,alps4141::alps_b52f3b5831ad_to_Equation2,resource_exhausted,resource_exhausted,resource_exhausted,False,False,False
alpha_99c7febba5d473c8,alps4141::alps_5b04886aada6_to_Equation2,1,alps4141,alps4141::alps_5b04886aada6_to_Equation2,resource_exhausted,resource_exhausted,resource_exhausted,False,False,False
alpha_05ee906f1d69ecf7,alps4141::alps_d45d203a635d_to_Equation2,1,alps4141,alps4141::alps_d45d203a635d_to_Equation2,memory_limit,resource_exhausted,resource_exhausted,False,False,False
alpha_e602ff4cfdd0d787,alps4141::alps_a5efb05dbe3c_to_Equation2,1,alps4141,alps4141::alps_a5efb05dbe3c_to_Equation2,resource_exhausted,resource_exhausted,resource_exhausted,False,False,False
alpha_1ee5e0ebada1c61a,alps4141::alps_ae60234b6f7c_to_Equation2,1,alps4141,alps4141::alps_ae60234b6f7c_to_Equation2,memory_limit,resource_exhausted,resource_exhausted,False,False,False
alpha_8322e3c303eeb30e,alps4141::alps_a3b0b8ca166c_to_Equation2,1,alps4141,alps4141::alps_a3b0b8ca166c_to_Equation2,memory_limit,resource_exhausted,memory_limit,False,False,False
alpha_cdf2d0955e5c0e79,alps4141::alps_4bd3a3928cd5_to_Equation2,1,alps4141,alps4141::alps_4bd3a3928cd5_to_Equation2,memory_limit,resource_exhausted,resource_exhausted,False,False,False
alpha_586a247ebbce4d57,alps4141::alps_49451be79c13_to_Equation2,1,alps4141,alps4141::alps_49451be79c13_to_Equation2,resource_exhausted,resource_exhausted,resource_exhausted,False,False,False
alpha_b9d8dc1accd48805,alps4141::alps_ef58f05e6c38_to_Equation2,1,alps4141,alps4141::alps_ef58f05e6c38_to_Equation2,resource_exhausted,resource_exhausted,resource_exhausted,False,False,False
alpha_3ec15bb5838f1c76,austin96::order5_austin_unknown_E12234_to_E2,2,alps4141+austin96,austin96::order5_austin_unknown_E12234_to_E2 | alps4141::alps_3d0bb1b8b323_to_Equation2,resource_exhausted,resource_exhausted,resource_exhausted,False,False,False
alpha_627008e04d1ec2ba,alps4141::alps_66c4a1939e95_to_Equation2,1,alps4141,alps4141::alps_66c4a1939e95_to_Equation2,resource_exhausted,resource_exhausted,resource_exhausted,False,False,False
alpha_5f697945505b3829,alps4141::alps_77057d2208e9_to_Equation2,1,alps4141,alps4141::alps_77057d2208e9_to_Equation2,resource_exhausted,resource_exhausted,resource_exhausted,False,False,False
alpha_56bc6ea01a43505f,alps4141::alps_35811c067357_to_Equation2,1,alps4141,alps4141::alps_35811c067357_to_Equation2,resource_exhausted,resource_exhausted,theorem,True,False,False
alpha_aeef567f0fe22d53,alps4141::alps_4c3e95fa67d3_to_Equation2,1,alps4141,alps4141::alps_4c3e95fa67d3_to_Equation2,resource_exhausted,resource_exhausted,resource_exhausted,False,False,False
alpha_e750702082a6b74f,alps4141::alps_74c4d2e04e86_to_Equation2,1,alps4141,alps4141::alps_74c4d2e04e86_to_Equation2,resource_exhausted,resource_exhausted,resource_exhausted,False,False,False
alpha_50b57fbd2300c918,alps4141::alps_ec626d766ce0_to_Equation2,1,alps4141,alps4141::alps_ec626d766ce0_to_Equation2,resource_exhausted,theorem,resource_exhausted,True,False,False
alpha_3f412fc08f8cdaf4,alps4141::alps_2ba3baa87767_to_Equation2,1,alps4141,alps4141::alps_2ba3baa87767_to_Equation2,resource_exhausted,resource_exhausted,resource_exhausted,False,False,False
alpha_98fb7fa91c8c0bf6,alps4141::alps_be4959ff7e4f_to_Equation2,1,alps4141,alps4141::alps_be4959ff7e4f_to_Equation2,resource_exhausted,resource_exhausted,resource_exhausted,False,False,False
alpha_9ffb70e52b5d4576,alps4141::alps_e9506c600f2a_to_Equation2,1,alps4141,alps4141::alps_e9506c600f2a_to_Equation2,resource_exhausted,resource_exhausted,resource_exhausted,False,False,False
alpha_73396d8ddbb1d5be,alps4141::alps_2969b329ec35_to_Equation2,1,alps4141,alps4141::alps_2969b329ec35_to_Equation2,memory_limit,resource_exhausted,resource_exhausted,False,False,False
alpha_2c42352cd5c47f92,alps4141::alps_868ae51f2ca5_to_Equation2,1,alps4141,alps4141::alps_868ae51f2ca5_to_Equation2,memory_limit,resource_exhausted,resource_exhausted,False,False,False
alpha_ffab29fd18d778ea,alps4141::alps_64e6d6e8fc81_to_Equation2,1,alps4141,alps4141::alps_64e6d6e8fc81_to_Equation2,memory_limit,resource_exhausted,resource_exhausted,False,False,False
alpha_438878d2fd5e0fe5,alps4141::alps_e583b7f5d8b6_to_Equation2,1,alps4141,alps4141::alps_e583b7f5d8b6_to_Equation2,memory_limit,resource_exhausted,resource_exhausted,False,False,False
alpha_3ac7541f0a6d335e,alps4141::alps_877374af916b_to_Equation2,1,alps4141,alps4141::alps_877374af916b_to_Equation2,memory_limit,resource_exhausted,memory_limit,False,False,False
alpha_acb8959118149162,alps4141::alps_c414b625d879_to_Equation2,1,alps4141,alps4141::alps_c414b625d879_to_Equation2,memory_limit,resource_exhausted,resource_exhausted,False,False,False
alpha_e2074522b9fa0666,alps4141::alps_5148634ff20c_to_Equation2,1,alps4141,alps4141::alps_5148634ff20c_to_Equation2,memory_limit,resource_exhausted,resource_exhausted,False,False,False
alpha_246eeb86f3a30e0b,alps4141::alps_176b5d63fb53_to_Equation2,1,alps4141,alps4141::alps_176b5d63fb53_to_Equation2,memory_limit,resource_exhausted,theorem,True,False,False
alpha_ba5ed94b1ddcbedc,alps4141::alps_20d4edb2f223_to_Equation2,1,alps4141,alps4141::alps_20d4edb2f223_to_Equation2,memory_limit,resource_exhausted,resource_exhausted,False,False,False
alpha_cfdebe6ffeba353d,alps4141::alps_b2380652a45e_to_Equation2,1,alps4141,alps4141::alps_b2380652a45e_to_Equation2,memory_limit,resource_exhausted,resource_exhausted,False,False,False
alpha_10f8372fc0583422,alps4141::alps_1daecb35c84b_to_Equation2,1,alps4141,alps4141::alps_1daecb35c84b_to_Equation2,memory_limit,resource_exhausted,resource_exhausted,False,False,False
alpha_c5cbd9f2947b8e4e,alps4141::alps_bc5493a0142f_to_Equation2,1,alps4141,alps4141::alps_bc5493a0142f_to_Equation2,memory_limit,resource_exhausted,resource_exhausted,False,False,False
alpha_044b95f66d82e475,alps4141::alps_66399154280c_to_Equation2,1,alps4141,alps4141::alps_66399154280c_to_Equation2,resource_exhausted,resource_exhausted,resource_exhausted,False,False,False
alpha_89f5a159c6798b15,alps4141::alps_2fabed183075_to_Equation2,1,alps4141,alps4141::alps_2fabed183075_to_Equation2,memory_limit,resource_exhausted,memory_limit,False,False,False
alpha_f3840440f70991fe,alps4141::alps_406ecf626a9f_to_Equation2,1,alps4141,alps4141::alps_406ecf626a9f_to_Equation2,memory_limit,resource_exhausted,resource_exhausted,False,False,False
alpha_762c73dfd9491fcf,alps4141::alps_63d37b184578_to_Equation2,1,alps4141,alps4141::alps_63d37b184578_to_Equation2,memory_limit,resource_exhausted,resource_exhausted,False,False,False
alpha_6829d942504652f0,alps4141::alps_d755f76f14ef_to_Equation2,1,alps4141,alps4141::alps_d755f76f14ef_to_Equation2,memory_limit,resource_exhausted,resource_exhausted,False,False,False
alpha_71241fd50a8562d9,austin96::order5_austin_unknown_E13849_to_E2,2,alps4141+austin96,austin96::order5_austin_unknown_E13849_to_E2 | alps4141::alps_176e54a4ad19_to_Equation2,memory_limit,resource_exhausted,resource_exhausted,False,False,False
alpha_b4fcc606f5a4ad80,alps4141::alps_9b82cf874022_to_Equation2,1,alps4141,alps4141::alps_9b82cf874022_to_Equation2,memory_limit,resource_exhausted,resource_exhausted,False,False,False
alpha_2e0825e7e007fb69,alps4141::alps_b38c239cd919_to_Equation2,1,alps4141,alps4141::alps_b38c239cd919_to_Equation2,memory_limit,resource_exhausted,resource_exhausted,False,False,False
alpha_b2e85472acc5f751,alps4141::alps_27e7d456f413_to_Equation2,1,alps4141,alps4141::alps_27e7d456f413_to_Equation2,memory_limit,resource_exhausted,resource_exhausted,False,False,False
alpha_f820af04e159da5b,alps4141::alps_d0a763c2409a_to_Equation2,1,alps4141,alps4141::alps_d0a763c2409a_to_Equation2,memory_limit,resource_exhausted,resource_exhausted,False,False,False
alpha_836fe44c17392444,alps4141::alps_c4c8e5d92cb3_to_Equation2,1,alps4141,alps4141::alps_c4c8e5d92cb3_to_Equation2,resource_exhausted,resource_exhausted,memory_limit,False,False,False
alpha_9a47d47fa2432988,alps4141::alps_e2bfdb2f0e0a_to_Equation2,1,alps4141,alps4141::alps_e2bfdb2f0e0a_to_Equation2,memory_limit,resource_exhausted,resource_exhausted,False,False,False
alpha_97787e35a29f5775,alps4141::alps_d6ab1a7b63b5_to_Equation2,1,alps4141,alps4141::alps_d6ab1a7b63b5_to_Equation2,memory_limit,resource_exhausted,resource_exhausted,False,False,False
alpha_d17f24502c3c5219,alps4141::alps_e04ce2fa7198_to_Equation2,1,alps4141,alps4141::alps_e04ce2fa7198_to_Equation2,memory_limit,resource_exhausted,resource_exhausted,False,False,False
alpha_5a1f3e10db1ea495,alps4141::alps_475cdd6d26f7_to_Equation2,1,alps4141,alps4141::alps_475cdd6d26f7_to_Equation2,completed_no_decisive_result,resource_exhausted,memory_limit,False,False,False
alpha_32d54aa66883f754,alps4141::alps_4e3dcc7ed237_to_Equation2,1,alps4141,alps4141::alps_4e3dcc7ed237_to_Equation2,memory_limit,resource_exhausted,resource_exhausted,False,False,False
alpha_655e8240c776ad5c,alps4141::alps_b32c740516e3_to_Equation2,1,alps4141,alps4141::alps_b32c740516e3_to_Equation2,memory_limit,resource_exhausted,resource_exhausted,False,False,False
alpha_c01a5756df05bcca,alps4141::alps_0f11dd325021_to_Equation2,1,alps4141,alps4141::alps_0f11dd325021_to_Equation2,memory_limit,resource_exhausted,resource_exhausted,False,False,False
alpha_ee2989fb0bae0309,alps4141::alps_9f78a3c09d32_to_Equation2,1,alps4141,alps4141::alps_9f78a3c09d32_to_Equation2,resource_exhausted,resource_exhausted,resource_exhausted,False,False,False
alpha_73e3c996c64ed76a,alps4141::alps_9e7ca3e64b4f_to_Equation2,1,alps4141,alps4141::alps_9e7ca3e64b4f_to_Equation2,resource_exhausted,resource_exhausted,resource_exhausted,False,False,False
alpha_f5c3d1d2f3cde836,alps4141::alps_526f361371ca_to_Equation2,1,alps4141,alps4141::alps_526f361371ca_to_Equation2,memory_limit,resource_exhausted,resource_exhausted,False,False,False
alpha_b8e9fb24ced64124,alps4141::alps_09eaa9b6ca5e_to_Equation2,1,alps4141,alps4141::alps_09eaa9b6ca5e_to_Equation2,memory_limit,resource_exhausted,resource_exhausted,False,False,False
alpha_1f9f24cd236b3537,alps4141::alps_65be846b2e38_to_Equation2,1,alps4141,alps4141::alps_65be846b2e38_to_Equation2,resource_exhausted,resource_exhausted,resource_exhausted,False,False,False
alpha_f4e24492157d0b7c,alps4141::alps_4848a305b84d_to_Equation2,1,alps4141,alps4141::alps_4848a305b84d_to_Equation2,resource_exhausted,resource_exhausted,resource_exhausted,False,False,False
alpha_65902e47381eb724,alps4141::alps_0fe835e8fdec_to_Equation2,1,alps4141,alps4141::alps_0fe835e8fdec_to_Equation2,memory_limit,resource_exhausted,resource_exhausted,False,False,False
alpha_9a38dbada72ac963,alps4141::alps_777a551d9d52_to_Equation2,1,alps4141,alps4141::alps_777a551d9d52_to_Equation2,memory_limit,resource_exhausted,resource_exhausted,False,False,False
alpha_7f3d0ed4439ef492,alps4141::alps_e8b41533f719_to_Equation2,1,alps4141,alps4141::alps_e8b41533f719_to_Equation2,memory_limit,resource_exhausted,resource_exhausted,False,False,False
alpha_93ed04d9e5e801e9,alps4141::alps_0a661fe67745_to_Equation2,1,alps4141,alps4141::alps_0a661fe67745_to_Equation2,memory_limit,resource_exhausted,resource_exhausted,False,False,False
alpha_495b666d4cfec9cd,alps4141::alps_4c34258668b2_to_Equation2,1,alps4141,alps4141::alps_4c34258668b2_to_Equation2,memory_limit,resource_exhausted,resource_exhausted,False,False,False
alpha_6b4c04f84b5010e4,alps4141::alps_f79d9aa0e9af_to_Equation2,1,alps4141,alps4141::alps_f79d9aa0e9af_to_Equation2,resource_exhausted,resource_exhausted,resource_exhausted,False,False,False
alpha_03c6df46ac065b58,alps4141::alps_2e8c640fab90_to_Equation2,1,alps4141,alps4141::alps_2e8c640fab90_to_Equation2,memory_limit,resource_exhausted,resource_exhausted,False,False,False
alpha_7d0a686bc61df015,alps4141::alps_838fbf2405f8_to_Equation2,1,alps4141,alps4141::alps_838fbf2405f8_to_Equation2,memory_limit,resource_exhausted,resource_exhausted,False,False,False
alpha_e35806220b789de4,alps4141::alps_e119343cf487_to_Equation2,1,alps4141,alps4141::alps_e119343cf487_to_Equation2,memory_limit,resource_exhausted,resource_exhausted,False,False,False
alpha_8bd89b764cd2f608,alps4141::alps_0ed0bd1c7bd9_to_Equation2,1,alps4141,alps4141::alps_0ed0bd1c7bd9_to_Equation2,resource_exhausted,resource_exhausted,resource_exhausted,False,False,False
alpha_3b0de229d6e7fecf,alps4141::alps_67227f8f3a41_to_Equation2,1,alps4141,alps4141::alps_67227f8f3a41_to_Equation2,memory_limit,resource_exhausted,memory_limit,False,False,False
alpha_4e642fd74bc35faf,alps4141::alps_f4c62170d1a7_to_Equation2,1,alps4141,alps4141::alps_f4c62170d1a7_to_Equation2,memory_limit,resource_exhausted,resource_exhausted,False,False,False
alpha_2747e39729d9007a,alps4141::alps_e8599c3ca733_to_Equation2,1,alps4141,alps4141::alps_e8599c3ca733_to_Equation2,memory_limit,resource_exhausted,resource_exhausted,False,False,False
alpha_ba547ba370dfc009,alps4141::alps_34d62b9ca6b1_to_Equation2,1,alps4141,alps4141::alps_34d62b9ca6b1_to_Equation2,memory_limit,resource_exhausted,resource_exhausted,False,False,False
alpha_800b5380d1571921,alps4141::alps_443888a934e9_to_Equation2,1,alps4141,alps4141::alps_443888a934e9_to_Equation2,memory_limit,resource_exhausted,resource_exhausted,False,False,False
alpha_b245058e5fd6440c,alps4141::alps_a7f7050e87b9_to_Equation2,1,alps4141,alps4141::alps_a7f7050e87b9_to_Equation2,memory_limit,resource_exhausted,resource_exhausted,False,False,False
alpha_a5bf1e13802488af,alps4141::alps_3ac3a3ec5005_to_Equation2,1,alps4141,alps4141::alps_3ac3a3ec5005_to_Equation2,memory_limit,resource_exhausted,resource_exhausted,False,False,False
alpha_a7160102c4aa76aa,alps4141::alps_fc97e8e71545_to_Equation2,1,alps4141,alps4141::alps_fc97e8e71545_to_Equation2,memory_limit,resource_exhausted,resource_exhausted,False,False,False
alpha_cece3d0724627d57,alps4141::alps_acfcba9aee6d_to_Equation2,1,alps4141,alps4141::alps_acfcba9aee6d_to_Equation2,memory_limit,resource_exhausted,memory_limit,False,False,False
alpha_94d7634b7f0537e6,alps4141::alps_40ce3bb6f201_to_Equation2,1,alps4141,alps4141::alps_40ce3bb6f201_to_Equation2,memory_limit,resource_exhausted,resource_exhausted,False,False,False
alpha_856cedca8bbf47a4,austin96::order5_austin_unknown_E11205_to_E2,2,alps4141+austin96,austin96::order5_austin_unknown_E11205_to_E2 | alps4141::alps_bc80deb2f19b_to_Equation2,memory_limit,resource_exhausted,resource_exhausted,False,False,False
alpha_a4d366920c688ffb,austin96::order5_austin_unknown_E11280_to_E2,2,alps4141+austin96,austin96::order5_austin_unknown_E11280_to_E2 | alps4141::alps_667536b29282_to_Equation2,memory_limit,resource_exhausted,resource_exhausted,False,False,False
alpha_0f46b7a0b4ef02f5,alps4141::alps_ef879d7a2cff_to_Equation2,1,alps4141,alps4141::alps_ef879d7a2cff_to_Equation2,memory_limit,resource_exhausted,resource_exhausted,False,False,False
alpha_e3f27ef3acc89c6e,alps4141::alps_b3c6dba4fc62_to_Equation2,1,alps4141,alps4141::alps_b3c6dba4fc62_to_Equation2,memory_limit,resource_exhausted,resource_exhausted,False,False,False
alpha_5a03c4d980a755c7,alps4141::alps_aa292e7be15b_to_Equation2,1,alps4141,alps4141::alps_aa292e7be15b_to_Equation2,memory_limit,resource_exhausted,resource_exhausted,False,False,False
alpha_6f52108723a85504,alps4141::alps_6e0a9d567eb1_to_Equation2,1,alps4141,alps4141::alps_6e0a9d567eb1_to_Equation2,resource_exhausted,resource_exhausted,resource_exhausted,False,False,False
alpha_a7998f1a83a1f80c,alps4141::alps_89c56eb9bd47_to_Equation2,1,alps4141,alps4141::alps_89c56eb9bd47_to_Equation2,memory_limit,resource_exhausted,resource_exhausted,False,False,False
alpha_01d8f0870f46b09f,alps4141::alps_1fcee9466d8a_to_Equation2,1,alps4141,alps4141::alps_1fcee9466d8a_to_Equation2,memory_limit,resource_exhausted,resource_exhausted,False,False,False
alpha_fa10a1355ef972bd,alps4141::alps_1a03fc55cf75_to_Equation2,1,alps4141,alps4141::alps_1a03fc55cf75_to_Equation2,memory_limit,resource_exhausted,resource_exhausted,False,False,False
alpha_fdd247f17135d633,alps4141::alps_f5903b2e7a95_to_Equation2,1,alps4141,alps4141::alps_f5903b2e7a95_to_Equation2,completed_no_decisive_result,resource_exhausted,resource_exhausted,False,False,False
alpha_d8635b52726125ce,alps4141::alps_074211694168_to_Equation2,1,alps4141,alps4141::alps_074211694168_to_Equation2,memory_limit,resource_exhausted,resource_exhausted,False,False,False
alpha_ddcd4ecb11346c3a,alps4141::alps_eb47bdb27a2e_to_Equation2,1,alps4141,alps4141::alps_eb47bdb27a2e_to_Equation2,resource_exhausted,resource_exhausted,resource_exhausted,False,False,False
alpha_ae666b6b85d5bff1,alps4141::alps_e976e18f2995_to_Equation2,1,alps4141,alps4141::alps_e976e18f2995_to_Equation2,memory_limit,resource_exhausted,resource_exhausted,False,False,False
alpha_2d53c41449c6565c,alps4141::alps_f241b950feba_to_Equation2,1,alps4141,alps4141::alps_f241b950feba_to_Equation2,memory_limit,resource_exhausted,memory_limit,False,False,False
alpha_9267c476ad4eae04,alps4141::alps_3b16e5d71325_to_Equation2,1,alps4141,alps4141::alps_3b16e5d71325_to_Equation2,memory_limit,resource_exhausted,resource_exhausted,False,False,False
alpha_a163e7e8e14af7f7,alps4141::alps_1736f9695026_to_Equation2,1,alps4141,alps4141::alps_1736f9695026_to_Equation2,memory_limit,resource_exhausted,resource_exhausted,False,False,False
alpha_316f4ee779b26d05,alps4141::alps_e3fb6a678b89_to_Equation2,1,alps4141,alps4141::alps_e3fb6a678b89_to_Equation2,memory_limit,resource_exhausted,resource_exhausted,False,False,False
alpha_31370f4daa52a9e1,alps4141::alps_d89e63abdd21_to_Equation2,1,alps4141,alps4141::alps_d89e63abdd21_to_Equation2,memory_limit,resource_exhausted,resource_exhausted,False,False,False
alpha_81e20a043f27a26b,alps4141::alps_1dff66b8811b_to_Equation2,1,alps4141,alps4141::alps_1dff66b8811b_to_Equation2,memory_limit,resource_exhausted,resource_exhausted,False,False,False
alpha_f5c6e9764d6eedf7,alps4141::alps_eae96dec5f67_to_Equation2,1,alps4141,alps4141::alps_eae96dec5f67_to_Equation2,memory_limit,resource_exhausted,resource_exhausted,False,False,False
alpha_7de250e7934b5887,alps4141::alps_8b8fc84d775f_to_Equation2,1,alps4141,alps4141::alps_8b8fc84d775f_to_Equation2,memory_limit,resource_exhausted,resource_exhausted,False,False,False
alpha_5b132c9da8290469,alps4141::alps_a24a68d74e3e_to_Equation2,1,alps4141,alps4141::alps_a24a68d74e3e_to_Equation2,memory_limit,resource_exhausted,resource_exhausted,False,False,False
alpha_3a2584c1d033ced0,alps4141::alps_31fa7979264d_to_Equation2,1,alps4141,alps4141::alps_31fa7979264d_to_Equation2,memory_limit,resource_exhausted,resource_exhausted,False,False,False
alpha_5896508337cc746f,alps4141::alps_2f2334a8a4b0_to_Equation2,1,alps4141,alps4141::alps_2f2334a8a4b0_to_Equation2,memory_limit,resource_exhausted,memory_limit,False,False,False
alpha_1dacb6e2017125c0,alps4141::alps_a3ff2b98e00a_to_Equation2,1,alps4141,alps4141::alps_a3ff2b98e00a_to_Equation2,memory_limit,resource_exhausted,memory_limit,False,False,False
alpha_4386c2a36f9e2bdd,alps4141::alps_4d4a677fc56a_to_Equation2,1,alps4141,alps4141::alps_4d4a677fc56a_to_Equation2,memory_limit,resource_exhausted,resource_exhausted,False,False,False
alpha_002b5b17df99050a,alps4141::alps_072c1c15f68c_to_Equation2,1,alps4141,alps4141::alps_072c1c15f68c_to_Equation2,memory_limit,resource_exhausted,resource_exhausted,False,False,False
alpha_cd435047f25ab1c1,alps4141::alps_2c2d796636ac_to_Equation2,1,alps4141,alps4141::alps_2c2d796636ac_to_Equation2,memory_limit,resource_exhausted,resource_exhausted,False,False,False
alpha_89855aaf4523acf4,alps4141::alps_27ddc9acc9ee_to_Equation2,1,alps4141,alps4141::alps_27ddc9acc9ee_to_Equation2,resource_exhausted,resource_exhausted,resource_exhausted,False,False,False
alpha_c6a5d50460c0e01e,alps4141::alps_68266238815a_to_Equation2,1,alps4141,alps4141::alps_68266238815a_to_Equation2,memory_limit,resource_exhausted,resource_exhausted,False,False,False
alpha_601093d8362ccccb,alps4141::alps_548f97f3c654_to_Equation2,1,alps4141,alps4141::alps_548f97f3c654_to_Equation2,memory_limit,resource_exhausted,resource_exhausted,False,False,False
alpha_c0889deb7478830b,alps4141::alps_be35197a0b14_to_Equation2,1,alps4141,alps4141::alps_be35197a0b14_to_Equation2,memory_limit,resource_exhausted,memory_limit,False,False,False
alpha_31276d1d74cc5c24,alps4141::alps_8126594d4d0a_to_Equation2,1,alps4141,alps4141::alps_8126594d4d0a_to_Equation2,memory_limit,resource_exhausted,resource_exhausted,False,False,False
alpha_6d502804786f470b,alps4141::alps_2f52f530cbdb_to_Equation2,1,alps4141,alps4141::alps_2f52f530cbdb_to_Equation2,resource_exhausted,resource_exhausted,resource_exhausted,False,False,False
alpha_22e0a8f31d3a3c41,alps4141::alps_a9de207564e4_to_Equation2,1,alps4141,alps4141::alps_a9de207564e4_to_Equation2,memory_limit,resource_exhausted,resource_exhausted,False,False,False
alpha_25d84b7e26afda30,alps4141::alps_f972381708a5_to_Equation2,1,alps4141,alps4141::alps_f972381708a5_to_Equation2,memory_limit,resource_exhausted,resource_exhausted,False,False,False
alpha_e92f58b3781ce39d,alps4141::alps_9538616707b4_to_Equation2,1,alps4141,alps4141::alps_9538616707b4_to_Equation2,memory_limit,resource_exhausted,resource_exhausted,False,False,False
alpha_1bd1dcdd5da1e00e,alps4141::alps_89c98fc39d54_to_Equation2,1,alps4141,alps4141::alps_89c98fc39d54_to_Equation2,memory_limit,resource_exhausted,memory_limit,False,False,False
alpha_489361cfd985e624,alps4141::alps_ab0cda39da31_to_Equation2,1,alps4141,alps4141::alps_ab0cda39da31_to_Equation2,memory_limit,resource_exhausted,resource_exhausted,False,False,False
alpha_11858eea14309af2,alps4141::alps_468d0bd73876_to_Equation2,1,alps4141,alps4141::alps_468d0bd73876_to_Equation2,memory_limit,resource_exhausted,resource_exhausted,False,False,False
alpha_ba5f8190b45a2317,alps4141::alps_ea7789e63f4b_to_Equation2,1,alps4141,alps4141::alps_ea7789e63f4b_to_Equation2,memory_limit,resource_exhausted,resource_exhausted,False,False,False
alpha_e0fa4f2c62839cd3,alps4141::alps_a9dbe120838c_to_Equation2,1,alps4141,alps4141::alps_a9dbe120838c_to_Equation2,memory_limit,resource_exhausted,resource_exhausted,False,False,False
alpha_2465a970daecf1dc,alps4141::alps_759c295ab15a_to_Equation2,1,alps4141,alps4141::alps_759c295ab15a_to_Equation2,memory_limit,resource_exhausted,resource_exhausted,False,False,False
alpha_c10b433497d4e0e6,alps4141::alps_a77a8a93579e_to_Equation2,1,alps4141,alps4141::alps_a77a8a93579e_to_Equation2,memory_limit,resource_exhausted,memory_limit,False,False,False
alpha_9ee941d81182b462,alps4141::alps_49098501215b_to_Equation2,1,alps4141,alps4141::alps_49098501215b_to_Equation2,memory_limit,resource_exhausted,memory_limit,False,False,False
alpha_d9e5aadcdfe48759,alps4141::alps_f9cd3ba06770_to_Equation2,1,alps4141,alps4141::alps_f9cd3ba06770_to_Equation2,resource_exhausted,resource_exhausted,resource_exhausted,False,False,False
alpha_1fdd17f820b3328e,alps4141::alps_ae62ca9655ce_to_Equation2,1,alps4141,alps4141::alps_ae62ca9655ce_to_Equation2,resource_exhausted,resource_exhausted,resource_exhausted,False,False,False
alpha_a165b7058f32d2b8,alps4141::alps_f60cd0ab128f_to_Equation2,1,alps4141,alps4141::alps_f60cd0ab128f_to_Equation2,memory_limit,resource_exhausted,memory_limit,False,False,False
alpha_0481d80991bf7814,alps4141::alps_ea36c947a598_to_Equation2,1,alps4141,alps4141::alps_ea36c947a598_to_Equation2,memory_limit,resource_exhausted,resource_exhausted,False,False,False
alpha_68cfda5803be9ba8,alps4141::alps_687a66e580a0_to_Equation2,1,alps4141,alps4141::alps_687a66e580a0_to_Equation2,memory_limit,resource_exhausted,resource_exhausted,False,False,False
alpha_7e44bf9806a0e3e1,alps4141::alps_1c6c61db9fa4_to_Equation2,1,alps4141,alps4141::alps_1c6c61db9fa4_to_Equation2,memory_limit,resource_exhausted,resource_exhausted,False,False,False
alpha_20a39a78ec609d40,alps4141::alps_f0917866f1e0_to_Equation2,1,alps4141,alps4141::alps_f0917866f1e0_to_Equation2,memory_limit,resource_exhausted,resource_exhausted,False,False,False
alpha_c312171313ab0031,alps4141::alps_5726b7cffb7e_to_Equation2,1,alps4141,alps4141::alps_5726b7cffb7e_to_Equation2,memory_limit,resource_exhausted,resource_exhausted,False,False,False
alpha_2ceada811344371b,alps4141::alps_5fdde486a024_to_Equation2,1,alps4141,alps4141::alps_5fdde486a024_to_Equation2,memory_limit,resource_exhausted,resource_exhausted,False,False,False
alpha_b94a38837c4902b6,alps4141::alps_b89f6253601b_to_Equation2,1,alps4141,alps4141::alps_b89f6253601b_to_Equation2,memory_limit,resource_exhausted,resource_exhausted,False,False,False
alpha_9c14cb175dd20533,alps4141::alps_70432cf88ceb_to_Equation2,1,alps4141,alps4141::alps_70432cf88ceb_to_Equation2,memory_limit,resource_exhausted,resource_exhausted,False,False,False
alpha_99474bffe1c8c0fb,alps4141::alps_5a867cefa407_to_Equation2,1,alps4141,alps4141::alps_5a867cefa407_to_Equation2,memory_limit,resource_exhausted,resource_exhausted,False,False,False
alpha_cb34a7284a6844fd,alps4141::alps_f595c78bc169_to_Equation2,1,alps4141,alps4141::alps_f595c78bc169_to_Equation2,memory_limit,resource_exhausted,resource_exhausted,False,False,False
alpha_b0b4ffd4daa10a52,alps4141::alps_4ef923a2acf2_to_Equation2,1,alps4141,alps4141::alps_4ef923a2acf2_to_Equation2,memory_limit,resource_exhausted,resource_exhausted,False,False,False
alpha_6e638a2860d231bf,alps4141::alps_3a5974dd4428_to_Equation2,1,alps4141,alps4141::alps_3a5974dd4428_to_Equation2,memory_limit,resource_exhausted,resource_exhausted,False,False,False
alpha_39791431e4dd7c9d,alps4141::alps_e164a8c4e01b_to_Equation2,1,alps4141,alps4141::alps_e164a8c4e01b_to_Equation2,memory_limit,resource_exhausted,resource_exhausted,False,False,False
alpha_f66ccf55a71c273f,alps4141::alps_8a40bef4d286_to_Equation2,1,alps4141,alps4141::alps_8a40bef4d286_to_Equation2,resource_exhausted,resource_exhausted,resource_exhausted,False,False,False
alpha_64b518c8267b13c1,alps4141::alps_7826f68dda06_to_Equation2,1,alps4141,alps4141::alps_7826f68dda06_to_Equation2,memory_limit,resource_exhausted,resource_exhausted,False,False,False
alpha_9980ddf7775bed1f,alps4141::alps_627eeb4a89a4_to_Equation2,1,alps4141,alps4141::alps_627eeb4a89a4_to_Equation2,resource_exhausted,resource_exhausted,resource_exhausted,False,False,False
alpha_ab385b3c947b030f,alps4141::alps_7e5352df0355_to_Equation2,1,alps4141,alps4141::alps_7e5352df0355_to_Equation2,resource_exhausted,resource_exhausted,resource_exhausted,False,False,False
alpha_4e9ff7ce79be9fbb,alps4141::alps_e6b875a0a69e_to_Equation2,1,alps4141,alps4141::alps_e6b875a0a69e_to_Equation2,memory_limit,resource_exhausted,resource_exhausted,False,False,False
alpha_fc37023b5212ad62,alps4141::alps_129fa5146e8f_to_Equation2,1,alps4141,alps4141::alps_129fa5146e8f_to_Equation2,resource_exhausted,resource_exhausted,resource_exhausted,False,False,False
alpha_06c546316b8014fe,alps4141::alps_bdeda239cdca_to_Equation2,1,alps4141,alps4141::alps_bdeda239cdca_to_Equation2,memory_limit,resource_exhausted,resource_exhausted,False,False,False
alpha_e0258d09eca6f7bb,alps4141::alps_925ee9100340_to_Equation2,1,alps4141,alps4141::alps_925ee9100340_to_Equation2,memory_limit,theorem,theorem,True,False,False
alpha_7b36b4ca275de510,alps4141::alps_cbe03bb2d5af_to_Equation2,1,alps4141,alps4141::alps_cbe03bb2d5af_to_Equation2,memory_limit,resource_exhausted,resource_exhausted,False,False,False
alpha_07fdb3823f67dc1c,alps4141::alps_e5acfac06701_to_Equation2,1,alps4141,alps4141::alps_e5acfac06701_to_Equation2,memory_limit,resource_exhausted,resource_exhausted,False,False,False
alpha_8590d46abf4e693b,alps4141::alps_b448601c9c07_to_Equation2,1,alps4141,alps4141::alps_b448601c9c07_to_Equation2,memory_limit,resource_exhausted,resource_exhausted,False,False,False
alpha_b7235b679c3c3dfa,alps4141::alps_cf74adddae7d_to_Equation2,1,alps4141,alps4141::alps_cf74adddae7d_to_Equation2,memory_limit,resource_exhausted,resource_exhausted,False,False,False
alpha_db9fd9e95ad4b270,alps4141::alps_fd6d23f4d886_to_Equation2,1,alps4141,alps4141::alps_fd6d23f4d886_to_Equation2,memory_limit,resource_exhausted,resource_exhausted,False,False,False
alpha_1d9acd4978bb9794,alps4141::alps_6314461c38a5_to_Equation2,1,alps4141,alps4141::alps_6314461c38a5_to_Equation2,memory_limit,resource_exhausted,resource_exhausted,False,False,False
alpha_897c6f468a0326ba,alps4141::alps_fad5a5cc950a_to_Equation2,1,alps4141,alps4141::alps_fad5a5cc950a_to_Equation2,memory_limit,resource_exhausted,resource_exhausted,False,False,False
alpha_fdf9d2b778a26c8d,alps4141::alps_57613ba8d0dd_to_Equation2,1,alps4141,alps4141::alps_57613ba8d0dd_to_Equation2,memory_limit,resource_exhausted,resource_exhausted,False,False,False
alpha_7488bcceb8898b77,alps4141::alps_0b790a95e231_to_Equation2,1,alps4141,alps4141::alps_0b790a95e231_to_Equation2,memory_limit,resource_exhausted,resource_exhausted,False,False,False
alpha_117e3c3418de842a,alps4141::alps_eed17c424f6b_to_Equation2,1,alps4141,alps4141::alps_eed17c424f6b_to_Equation2,memory_limit,resource_exhausted,memory_limit,False,False,False
alpha_1936b7818befe1d2,alps4141::alps_afeb3ed1cc4a_to_Equation2,1,alps4141,alps4141::alps_afeb3ed1cc4a_to_Equation2,memory_limit,resource_exhausted,resource_exhausted,False,False,False
alpha_e89bf518c57498be,alps4141::alps_d2b6a6f20be4_to_Equation2,1,alps4141,alps4141::alps_d2b6a6f20be4_to_Equation2,memory_limit,resource_exhausted,resource_exhausted,False,False,False
alpha_ca3b2245bcaea772,alps4141::alps_0f7c46f7e0d9_to_Equation2,1,alps4141,alps4141::alps_0f7c46f7e0d9_to_Equation2,resource_exhausted,resource_exhausted,resource_exhausted,False,False,False
alpha_f8456984d0c1ff98,alps4141::alps_904acfcabda9_to_Equation2,1,alps4141,alps4141::alps_904acfcabda9_to_Equation2,resource_exhausted,resource_exhausted,resource_exhausted,False,False,False
alpha_598e90fe8b8b7f0d,alps4141::alps_c37209e4c320_to_Equation2,1,alps4141,alps4141::alps_c37209e4c320_to_Equation2,memory_limit,resource_exhausted,memory_limit,False,False,False
alpha_0adbfe2aebd674fa,alps4141::alps_de97713373c2_to_Equation2,1,alps4141,alps4141::alps_de97713373c2_to_Equation2,resource_exhausted,resource_exhausted,resource_exhausted,False,False,False
alpha_63727a6cc88f860b,alps4141::alps_2f2c2ab3fb24_to_Equation2,1,alps4141,alps4141::alps_2f2c2ab3fb24_to_Equation2,memory_limit,resource_exhausted,resource_exhausted,False,False,False
alpha_96c3ca7729a4b9bf,alps4141::alps_0f35ee12d4ef_to_Equation2,1,alps4141,alps4141::alps_0f35ee12d4ef_to_Equation2,memory_limit,resource_exhausted,resource_exhausted,False,False,False
alpha_c3d5fc36e0aa718e,alps4141::alps_d10b147f0e78_to_Equation2,1,alps4141,alps4141::alps_d10b147f0e78_to_Equation2,memory_limit,resource_exhausted,resource_exhausted,False,False,False
alpha_842d0ea199bb4dd7,alps4141::alps_c21ec13ba56e_to_Equation2,1,alps4141,alps4141::alps_c21ec13ba56e_to_Equation2,resource_exhausted,resource_exhausted,resource_exhausted,False,False,False
alpha_dfeb14d7ec4c33fd,alps4141::alps_87327089a66d_to_Equation2,1,alps4141,alps4141::alps_87327089a66d_to_Equation2,memory_limit,resource_exhausted,resource_exhausted,False,False,False
alpha_3e5e19749ed8dbc9,alps4141::alps_6db5b6f3a6b9_to_Equation2,1,alps4141,alps4141::alps_6db5b6f3a6b9_to_Equation2,memory_limit,resource_exhausted,resource_exhausted,False,False,False
alpha_724ed6a6ba872a27,alps4141::alps_a57778d58d38_to_Equation2,1,alps4141,alps4141::alps_a57778d58d38_to_Equation2,memory_limit,resource_exhausted,resource_exhausted,False,False,False
alpha_1f0fdeb6ae74f79b,alps4141::alps_d36fcdf157ef_to_Equation2,1,alps4141,alps4141::alps_d36fcdf157ef_to_Equation2,memory_limit,resource_exhausted,resource_exhausted,False,False,False
alpha_537f0f8da9c99189,alps4141::alps_ad6c90a0012d_to_Equation2,1,alps4141,alps4141::alps_ad6c90a0012d_to_Equation2,resource_exhausted,resource_exhausted,resource_exhausted,False,False,False
alpha_8add3e7d5da70029,alps4141::alps_f5b6dfe70218_to_Equation2,1,alps4141,alps4141::alps_f5b6dfe70218_to_Equation2,memory_limit,resource_exhausted,memory_limit,False,False,False
alpha_f9839c9a9f9422e1,alps4141::alps_ebc8b7cba919_to_Equation2,1,alps4141,alps4141::alps_ebc8b7cba919_to_Equation2,memory_limit,resource_exhausted,resource_exhausted,False,False,False
alpha_32c12eb5acb9ec5a,alps4141::alps_5bab3187aa0a_to_Equation2,1,alps4141,alps4141::alps_5bab3187aa0a_to_Equation2,memory_limit,resource_exhausted,memory_limit,False,False,False
alpha_cc1db6264d78d14c,alps4141::alps_62332e6f3b29_to_Equation2,1,alps4141,alps4141::alps_62332e6f3b29_to_Equation2,memory_limit,resource_exhausted,resource_exhausted,False,False,False
alpha_d767eda329737185,alps4141::alps_f32560b573c0_to_Equation2,1,alps4141,alps4141::alps_f32560b573c0_to_Equation2,memory_limit,resource_exhausted,resource_exhausted,False,False,False
alpha_2dfd83fda1bc4612,alps4141::alps_aeab5f6cb305_to_Equation2,1,alps4141,alps4141::alps_aeab5f6cb305_to_Equation2,memory_limit,resource_exhausted,resource_exhausted,False,False,False
alpha_65ecfcbda8d8dacf,alps4141::alps_f6e5dcd0237d_to_Equation2,1,alps4141,alps4141::alps_f6e5dcd0237d_to_Equation2,memory_limit,resource_exhausted,resource_exhausted,False,False,False
alpha_4f53b019b4481b78,alps4141::alps_1a1cddd4c8b4_to_Equation2,1,alps4141,alps4141::alps_1a1cddd4c8b4_to_Equation2,memory_limit,resource_exhausted,resource_exhausted,False,False,False
alpha_206c35f0d7ce1f6a,alps4141::alps_6ad67b7c8a1b_to_Equation2,1,alps4141,alps4141::alps_6ad67b7c8a1b_to_Equation2,memory_limit,resource_exhausted,resource_exhausted,False,False,False
alpha_3d6c536b4b55c963,alps4141::alps_4e99131a88b7_to_Equation2,1,alps4141,alps4141::alps_4e99131a88b7_to_Equation2,memory_limit,resource_exhausted,resource_exhausted,False,False,False
alpha_593f9b4cc90a41e1,alps4141::alps_088ed5d11485_to_Equation2,1,alps4141,alps4141::alps_088ed5d11485_to_Equation2,memory_limit,resource_exhausted,resource_exhausted,False,False,False
alpha_df0b1026965410e4,alps4141::alps_b2d8a5845acc_to_Equation2,1,alps4141,alps4141::alps_b2d8a5845acc_to_Equation2,memory_limit,resource_exhausted,memory_limit,False,False,False
alpha_b8f3015c3d0893df,alps4141::alps_34d3a686f0fa_to_Equation2,1,alps4141,alps4141::alps_34d3a686f0fa_to_Equation2,memory_limit,resource_exhausted,resource_exhausted,False,False,False
alpha_40588fe6b2f6844e,alps4141::alps_024013191608_to_Equation2,1,alps4141,alps4141::alps_024013191608_to_Equation2,memory_limit,resource_exhausted,resource_exhausted,False,False,False
alpha_08bc2baa88261f00,alps4141::alps_6547230f1489_to_Equation2,1,alps4141,alps4141::alps_6547230f1489_to_Equation2,memory_limit,resource_exhausted,resource_exhausted,False,False,False
alpha_8bc9d3f3d22963e1,alps4141::alps_ad24062770e2_to_Equation2,1,alps4141,alps4141::alps_ad24062770e2_to_Equation2,memory_limit,resource_exhausted,resource_exhausted,False,False,False
alpha_db9b754a6ab75f95,alps4141::alps_a1a9581ee136_to_Equation2,1,alps4141,alps4141::alps_a1a9581ee136_to_Equation2,memory_limit,resource_exhausted,resource_exhausted,False,False,False
alpha_e3cfd1dd652f22b1,alps4141::alps_3029df6db759_to_Equation2,1,alps4141,alps4141::alps_3029df6db759_to_Equation2,memory_limit,resource_exhausted,resource_exhausted,False,False,False
alpha_3da6cccf9af20022,alps4141::alps_394813acb292_to_Equation2,1,alps4141,alps4141::alps_394813acb292_to_Equation2,memory_limit,resource_exhausted,resource_exhausted,False,False,False
alpha_c299a5e477798731,alps4141::alps_eeb8e5232193_to_Equation2,1,alps4141,alps4141::alps_eeb8e5232193_to_Equation2,memory_limit,resource_exhausted,resource_exhausted,False,False,False
alpha_c5ea32c91a7fb5ce,alps4141::alps_235a6f029b43_to_Equation2,1,alps4141,alps4141::alps_235a6f029b43_to_Equation2,memory_limit,resource_exhausted,resource_exhausted,False,False,False
alpha_d074699109a9a00f,alps4141::alps_3dd6ab23aa8f_to_Equation2,1,alps4141,alps4141::alps_3dd6ab23aa8f_to_Equation2,memory_limit,resource_exhausted,memory_limit,False,False,False
alpha_d9c83372bd4a6a57,alps4141::alps_299fec1421e5_to_Equation2,1,alps4141,alps4141::alps_299fec1421e5_to_Equation2,memory_limit,resource_exhausted,resource_exhausted,False,False,False
alpha_f6e92c1e4e1a3ddd,alps4141::alps_15117fb62d06_to_Equation2,1,alps4141,alps4141::alps_15117fb62d06_to_Equation2,memory_limit,resource_exhausted,memory_limit,False,False,False
alpha_66b704433b20505f,alps4141::alps_8c7386ee8bd4_to_Equation2,1,alps4141,alps4141::alps_8c7386ee8bd4_to_Equation2,memory_limit,resource_exhausted,resource_exhausted,False,False,False
alpha_349b98363055fd90,alps4141::alps_a225aaea23ac_to_Equation2,1,alps4141,alps4141::alps_a225aaea23ac_to_Equation2,memory_limit,resource_exhausted,resource_exhausted,False,False,False
alpha_6a72b4bb44545117,alps4141::alps_9b869a6faa54_to_Equation2,1,alps4141,alps4141::alps_9b869a6faa54_to_Equation2,memory_limit,resource_exhausted,resource_exhausted,False,False,False
alpha_a0c7e285f5cc68ed,alps4141::alps_c47a98100c01_to_Equation2,1,alps4141,alps4141::alps_c47a98100c01_to_Equation2,memory_limit,resource_exhausted,resource_exhausted,False,False,False
alpha_d433a53a5b54a03d,alps4141::alps_a5715b0e06d8_to_Equation2,1,alps4141,alps4141::alps_a5715b0e06d8_to_Equation2,memory_limit,resource_exhausted,resource_exhausted,False,False,False
alpha_8eb8c71b03985478,alps4141::alps_8e122962448b_to_Equation2,1,alps4141,alps4141::alps_8e122962448b_to_Equation2,memory_limit,resource_exhausted,resource_exhausted,False,False,False
alpha_f4261f34dacf1fd7,alps4141::alps_80b3db401e00_to_Equation2,1,alps4141,alps4141::alps_80b3db401e00_to_Equation2,memory_limit,resource_exhausted,resource_exhausted,False,False,False
alpha_15f11f9e3140212a,alps4141::alps_5f254021343b_to_Equation2,1,alps4141,alps4141::alps_5f254021343b_to_Equation2,memory_limit,resource_exhausted,memory_limit,False,False,False
alpha_9bbf618cf9a97016,alps4141::alps_6f862fb3771b_to_Equation2,1,alps4141,alps4141::alps_6f862fb3771b_to_Equation2,memory_limit,resource_exhausted,memory_limit,False,False,False
alpha_e92a88437d5be2a1,alps4141::alps_971412f04895_to_Equation2,1,alps4141,alps4141::alps_971412f04895_to_Equation2,memory_limit,resource_exhausted,resource_exhausted,False,False,False
alpha_21602c51249eefc6,alps4141::alps_711e4ebc42cb_to_Equation2,1,alps4141,alps4141::alps_711e4ebc42cb_to_Equation2,memory_limit,resource_exhausted,memory_limit,False,False,False
alpha_247a5506448dfc3f,alps4141::alps_96310d9f9ade_to_Equation2,1,alps4141,alps4141::alps_96310d9f9ade_to_Equation2,memory_limit,resource_exhausted,memory_limit,False,False,False
alpha_cb8309fcab868ccb,alps4141::alps_93f61a1d3e5c_to_Equation2,1,alps4141,alps4141::alps_93f61a1d3e5c_to_Equation2,memory_limit,resource_exhausted,resource_exhausted,False,False,False
alpha_07434148c4318fe1,alps4141::alps_e4156384d7ee_to_Equation2,1,alps4141,alps4141::alps_e4156384d7ee_to_Equation2,memory_limit,resource_exhausted,resource_exhausted,False,False,False
alpha_dffdb65cdb57eae5,alps4141::alps_3ced5f169aeb_to_Equation2,1,alps4141,alps4141::alps_3ced5f169aeb_to_Equation2,memory_limit,resource_exhausted,resource_exhausted,False,False,False
alpha_4d7df5ca8deba7c2,alps4141::alps_57b5df4cf278_to_Equation2,1,alps4141,alps4141::alps_57b5df4cf278_to_Equation2,memory_limit,resource_exhausted,resource_exhausted,False,False,False
alpha_d002953458ae754a,alps4141::alps_e97bb33a9548_to_Equation2,1,alps4141,alps4141::alps_e97bb33a9548_to_Equation2,memory_limit,resource_exhausted,resource_exhausted,False,False,False
alpha_5430d9aa48abd8ea,alps4141::alps_00103ddeb4e0_to_Equation2,1,alps4141,alps4141::alps_00103ddeb4e0_to_Equation2,memory_limit,resource_exhausted,memory_limit,False,False,False
alpha_b53c763f88d3a07c,alps4141::alps_9dbfb527ccd7_to_Equation2,1,alps4141,alps4141::alps_9dbfb527ccd7_to_Equation2,memory_limit,resource_exhausted,resource_exhausted,False,False,False
alpha_d961795c56668863,alps4141::alps_64c551107cec_to_Equation2,1,alps4141,alps4141::alps_64c551107cec_to_Equation2,memory_limit,resource_exhausted,resource_exhausted,False,False,False
alpha_4889bbd076f23951,alps4141::alps_206ee192cad4_to_Equation2,1,alps4141,alps4141::alps_206ee192cad4_to_Equation2,memory_limit,resource_exhausted,resource_exhausted,False,False,False
alpha_26da7961f7b8a5ca,alps4141::alps_762ce38fec7d_to_Equation2,1,alps4141,alps4141::alps_762ce38fec7d_to_Equation2,memory_limit,resource_exhausted,memory_limit,False,False,False
alpha_c15feb773befffb5,alps4141::alps_b392fa675654_to_Equation2,1,alps4141,alps4141::alps_b392fa675654_to_Equation2,memory_limit,resource_exhausted,resource_exhausted,False,False,False
alpha_b075f49cf257d46d,alps4141::alps_555a140cc4d4_to_Equation2,1,alps4141,alps4141::alps_555a140cc4d4_to_Equation2,memory_limit,resource_exhausted,resource_exhausted,False,False,False
alpha_732bee3d151255b6,alps4141::alps_060dba7ea57c_to_Equation2,1,alps4141,alps4141::alps_060dba7ea57c_to_Equation2,memory_limit,resource_exhausted,memory_limit,False,False,False
alpha_dfc7ccf699e5e74d,alps4141::alps_34bf157ed205_to_Equation2,1,alps4141,alps4141::alps_34bf157ed205_to_Equation2,memory_limit,resource_exhausted,memory_limit,False,False,False
alpha_48497431414fb31b,alps4141::alps_4a69ff89ba87_to_Equation2,1,alps4141,alps4141::alps_4a69ff89ba87_to_Equation2,memory_limit,resource_exhausted,resource_exhausted,False,False,False
alpha_194467154f094ebc,alps4141::alps_2a323dd74e2c_to_Equation2,1,alps4141,alps4141::alps_2a323dd74e2c_to_Equation2,memory_limit,resource_exhausted,resource_exhausted,False,False,False
alpha_b902c7bef0a7bcb5,alps4141::alps_886c4d7542e9_to_Equation2,1,alps4141,alps4141::alps_886c4d7542e9_to_Equation2,memory_limit,resource_exhausted,memory_limit,False,False,False
alpha_9142fbeea4ecb9b3,alps4141::alps_08202c986ff9_to_Equation2,1,alps4141,alps4141::alps_08202c986ff9_to_Equation2,memory_limit,resource_exhausted,resource_exhausted,False,False,False
alpha_dadd2d7e02645901,alps4141::alps_9e77f7eb0a92_to_Equation2,1,alps4141,alps4141::alps_9e77f7eb0a92_to_Equation2,memory_limit,resource_exhausted,resource_exhausted,False,False,False
alpha_dbb913840bb909cd,alps4141::alps_f99df5e8eb0a_to_Equation2,1,alps4141,alps4141::alps_f99df5e8eb0a_to_Equation2,memory_limit,resource_exhausted,resource_exhausted,False,False,False
alpha_6e3e687e0efc7950,alps4141::alps_5331de742f10_to_Equation2,1,alps4141,alps4141::alps_5331de742f10_to_Equation2,memory_limit,resource_exhausted,resource_exhausted,False,False,False
alpha_3cae40abee398aef,alps4141::alps_d380dca19499_to_Equation2,1,alps4141,alps4141::alps_d380dca19499_to_Equation2,memory_limit,resource_exhausted,memory_limit,False,False,False
alpha_9b73789d1ea156ef,alps4141::alps_fc59e4d9abd0_to_Equation2,1,alps4141,alps4141::alps_fc59e4d9abd0_to_Equation2,memory_limit,resource_exhausted,memory_limit,False,False,False
alpha_0c8c5d47dc7a976b,alps4141::alps_180213e23a88_to_Equation2,1,alps4141,alps4141::alps_180213e23a88_to_Equation2,memory_limit,resource_exhausted,resource_exhausted,False,False,False
alpha_5cafdaa459562ef3,alps4141::alps_38659182bd31_to_Equation2,1,alps4141,alps4141::alps_38659182bd31_to_Equation2,memory_limit,resource_exhausted,resource_exhausted,False,False,False
alpha_8b855b75e510b300,alps4141::alps_114f541b40dc_to_Equation2,1,alps4141,alps4141::alps_114f541b40dc_to_Equation2,memory_limit,resource_exhausted,resource_exhausted,False,False,False
alpha_16660fda5172851d,alps4141::alps_bc6f38708f1c_to_Equation2,1,alps4141,alps4141::alps_bc6f38708f1c_to_Equation2,memory_limit,resource_exhausted,resource_exhausted,False,False,False
alpha_0ca0a7a5714bcc4a,alps4141::alps_b7a99bdbad99_to_Equation2,1,alps4141,alps4141::alps_b7a99bdbad99_to_Equation2,memory_limit,resource_exhausted,resource_exhausted,False,False,False
alpha_5568164dd5d8cc43,alps4141::alps_cab05305e279_to_Equation2,1,alps4141,alps4141::alps_cab05305e279_to_Equation2,memory_limit,resource_exhausted,resource_exhausted,False,False,False
alpha_7297a9e933813f26,alps4141::alps_a45e7a51accd_to_Equation2,1,alps4141,alps4141::alps_a45e7a51accd_to_Equation2,memory_limit,resource_exhausted,resource_exhausted,False,False,False
alpha_9e594c82088ef98d,alps4141::alps_165068a71a9a_to_Equation2,1,alps4141,alps4141::alps_165068a71a9a_to_Equation2,completed_no_decisive_result,resource_exhausted,resource_exhausted,False,False,False
alpha_2f43da68ed939c42,alps4141::alps_213e2ad80315_to_Equation2,1,alps4141,alps4141::alps_213e2ad80315_to_Equation2,memory_limit,resource_exhausted,memory_limit,False,False,False
alpha_dd878bba9e260681,alps4141::alps_a7b8cd78ae94_to_Equation2,1,alps4141,alps4141::alps_a7b8cd78ae94_to_Equation2,memory_limit,resource_exhausted,resource_exhausted,False,False,False
alpha_57582eaa51df09d4,alps4141::alps_e1c755c4f0c2_to_Equation2,1,alps4141,alps4141::alps_e1c755c4f0c2_to_Equation2,memory_limit,resource_exhausted,resource_exhausted,False,False,False
alpha_24e1777229a5fb8b,alps4141::alps_a63709329031_to_Equation2,1,alps4141,alps4141::alps_a63709329031_to_Equation2,memory_limit,resource_exhausted,resource_exhausted,False,False,False
alpha_5b624c874f7ba768,alps4141::alps_830e160e924f_to_Equation2,1,alps4141,alps4141::alps_830e160e924f_to_Equation2,memory_limit,resource_exhausted,memory_limit,False,False,False
alpha_9ffa10b415683689,alps4141::alps_344475945dc2_to_Equation2,1,alps4141,alps4141::alps_344475945dc2_to_Equation2,resource_exhausted,resource_exhausted,resource_exhausted,False,False,False
alpha_090116f18f8dfe9a,alps4141::alps_3aecf19e90a2_to_Equation2,1,alps4141,alps4141::alps_3aecf19e90a2_to_Equation2,memory_limit,resource_exhausted,resource_exhausted,False,False,False
alpha_91db5307f81578e2,alps4141::alps_23ba181675b9_to_Equation2,1,alps4141,alps4141::alps_23ba181675b9_to_Equation2,memory_limit,resource_exhausted,resource_exhausted,False,False,False
alpha_487ad434537e6597,alps4141::alps_335bc171bd21_to_Equation2,1,alps4141,alps4141::alps_335bc171bd21_to_Equation2,memory_limit,resource_exhausted,resource_exhausted,False,False,False
alpha_6695a8b65d48d5c6,alps4141::alps_3a342d3229e5_to_Equation2,1,alps4141,alps4141::alps_3a342d3229e5_to_Equation2,memory_limit,resource_exhausted,resource_exhausted,False,False,False
alpha_0691e6801be22e37,alps4141::alps_c674448da7e9_to_Equation2,1,alps4141,alps4141::alps_c674448da7e9_to_Equation2,memory_limit,resource_exhausted,memory_limit,False,False,False
alpha_9ef0cd158998cc94,alps4141::alps_22e3e2709248_to_Equation2,1,alps4141,alps4141::alps_22e3e2709248_to_Equation2,memory_limit,resource_exhausted,memory_limit,False,False,False
alpha_90a5dc0389857921,alps4141::alps_3ae90fb26e80_to_Equation2,1,alps4141,alps4141::alps_3ae90fb26e80_to_Equation2,memory_limit,resource_exhausted,resource_exhausted,False,False,False
alpha_cc5391538304496d,alps4141::alps_ad7cfad5f41c_to_Equation2,1,alps4141,alps4141::alps_ad7cfad5f41c_to_Equation2,memory_limit,resource_exhausted,resource_exhausted,False,False,False
alpha_5c78da7e92d65bae,alps4141::alps_1344a457b289_to_Equation2,1,alps4141,alps4141::alps_1344a457b289_to_Equation2,completed_no_decisive_result,resource_exhausted,memory_limit,False,False,False
alpha_a17b17431db779bd,alps4141::alps_eaffabe32366_to_Equation2,1,alps4141,alps4141::alps_eaffabe32366_to_Equation2,memory_limit,resource_exhausted,resource_exhausted,False,False,False
alpha_a5c1cf82f63fe57f,alps4141::alps_411f907b239f_to_Equation2,1,alps4141,alps4141::alps_411f907b239f_to_Equation2,memory_limit,resource_exhausted,resource_exhausted,False,False,False
alpha_814ef8edf1047724,alps4141::alps_7389089eaaf2_to_Equation2,1,alps4141,alps4141::alps_7389089eaaf2_to_Equation2,memory_limit,resource_exhausted,resource_exhausted,False,False,False
alpha_677511ade70583ed,alps4141::alps_63566609ab01_to_Equation2,1,alps4141,alps4141::alps_63566609ab01_to_Equation2,memory_limit,resource_exhausted,resource_exhausted,False,False,False
alpha_2f51a48ed70e7d19,alps4141::alps_6974c56bf1c2_to_Equation2,1,alps4141,alps4141::alps_6974c56bf1c2_to_Equation2,memory_limit,resource_exhausted,resource_exhausted,False,False,False
alpha_3d0d4b8255db1484,alps4141::alps_398eb94ada7f_to_Equation2,1,alps4141,alps4141::alps_398eb94ada7f_to_Equation2,memory_limit,resource_exhausted,resource_exhausted,False,False,False
alpha_5e4b0e7292c316ee,alps4141::alps_f651d7a1a600_to_Equation2,1,alps4141,alps4141::alps_f651d7a1a600_to_Equation2,memory_limit,resource_exhausted,resource_exhausted,False,False,False
alpha_c6a954d3d7a0d405,alps4141::alps_eb24e3cac902_to_Equation2,1,alps4141,alps4141::alps_eb24e3cac902_to_Equation2,completed_no_decisive_result,resource_exhausted,memory_limit,False,False,False
alpha_cb36f0b07bbe84be,alps4141::alps_848738824acf_to_Equation2,1,alps4141,alps4141::alps_848738824acf_to_Equation2,memory_limit,resource_exhausted,resource_exhausted,False,False,False
alpha_eaca5a4fdc8ec0ce,alps4141::alps_d32b9a62325d_to_Equation2,1,alps4141,alps4141::alps_d32b9a62325d_to_Equation2,memory_limit,resource_exhausted,resource_exhausted,False,False,False
alpha_0be2b7e46640adc9,alps4141::alps_111fb4c2c46e_to_Equation2,1,alps4141,alps4141::alps_111fb4c2c46e_to_Equation2,memory_limit,resource_exhausted,resource_exhausted,False,False,False
alpha_fd497f6e1058e387,alps4141::alps_5bcb103ed8a4_to_Equation2,1,alps4141,alps4141::alps_5bcb103ed8a4_to_Equation2,memory_limit,resource_exhausted,memory_limit,False,False,False
alpha_20a007eeb8c2563e,alps4141::alps_d80f131ce354_to_Equation2,1,alps4141,alps4141::alps_d80f131ce354_to_Equation2,memory_limit,resource_exhausted,memory_limit,False,False,False
alpha_cc4793c7a7aaa6ec,alps4141::alps_5d904dcc85c6_to_Equation2,1,alps4141,alps4141::alps_5d904dcc85c6_to_Equation2,resource_exhausted,resource_exhausted,resource_exhausted,False,False,False
alpha_a9077cb9598fbf0c,alps4141::alps_2b5ff6ecc624_to_Equation2,1,alps4141,alps4141::alps_2b5ff6ecc624_to_Equation2,memory_limit,resource_exhausted,resource_exhausted,False,False,False
alpha_a5ef7e3fb2c321ac,alps4141::alps_2b51b9ef4ec4_to_Equation2,1,alps4141,alps4141::alps_2b51b9ef4ec4_to_Equation2,completed_no_decisive_result,resource_exhausted,memory_limit,False,False,False
alpha_b434e263f0a5a62d,alps4141::alps_12a922f416c4_to_Equation2,1,alps4141,alps4141::alps_12a922f416c4_to_Equation2,completed_no_decisive_result,resource_exhausted,memory_limit,False,False,False
alpha_961bc57ceaa36075,alps4141::alps_d21f17177b6b_to_Equation2,1,alps4141,alps4141::alps_d21f17177b6b_to_Equation2,resource_exhausted,resource_exhausted,resource_exhausted,False,False,False
alpha_9465cae9728c1f48,alps4141::alps_e327bf47d992_to_Equation2,1,alps4141,alps4141::alps_e327bf47d992_to_Equation2,completed_no_decisive_result,resource_exhausted,memory_limit,False,False,False
alpha_7193ba2e2c1e65e8,alps4141::alps_698b0e39faa0_to_Equation2,1,alps4141,alps4141::alps_698b0e39faa0_to_Equation2,memory_limit,resource_exhausted,resource_exhausted,False,False,False
alpha_d7dc70edd18a3d90,alps4141::alps_3b37469900eb_to_Equation2,1,alps4141,alps4141::alps_3b37469900eb_to_Equation2,completed_no_decisive_result,resource_exhausted,memory_limit,False,False,False
alpha_158f3b50ca4b2b7a,alps4141::alps_34ed670de9f4_to_Equation2,1,alps4141,alps4141::alps_34ed670de9f4_to_Equation2,completed_no_decisive_result,resource_exhausted,resource_exhausted,False,False,False
alpha_997a749997b91b87,alps4141::alps_d15459fe6468_to_Equation2,1,alps4141,alps4141::alps_d15459fe6468_to_Equation2,memory_limit,resource_exhausted,resource_exhausted,False,False,False
alpha_eab17d7d66a733d3,alps4141::alps_aa8b0e47a546_to_Equation2,1,alps4141,alps4141::alps_aa8b0e47a546_to_Equation2,resource_exhausted,resource_exhausted,resource_exhausted,False,False,False
alpha_14461472c23b50b8,alps4141::alps_406096e855e7_to_Equation2,1,alps4141,alps4141::alps_406096e855e7_to_Equation2,memory_limit,resource_exhausted,resource_exhausted,False,False,False
alpha_cd1e78302531f837,alps4141::alps_2c1c63ebb580_to_Equation2,1,alps4141,alps4141::alps_2c1c63ebb580_to_Equation2,memory_limit,resource_exhausted,resource_exhausted,False,False,False
alpha_05f73c68505b1ad5,alps4141::alps_2d684fc37892_to_Equation2,1,alps4141,alps4141::alps_2d684fc37892_to_Equation2,memory_limit,resource_exhausted,resource_exhausted,False,False,False
alpha_fd832308718ffa42,alps4141::alps_a1648a300e3f_to_Equation2,1,alps4141,alps4141::alps_a1648a300e3f_to_Equation2,memory_limit,resource_exhausted,resource_exhausted,False,False,False
alpha_9602dea03b5c9393,alps4141::alps_8f251d31fe7a_to_Equation2,1,alps4141,alps4141::alps_8f251d31fe7a_to_Equation2,memory_limit,resource_exhausted,resource_exhausted,False,False,False
alpha_ff044ca1692911cf,alps4141::alps_0e6eb7a302fb_to_Equation2,1,alps4141,alps4141::alps_0e6eb7a302fb_to_Equation2,memory_limit,resource_exhausted,resource_exhausted,False,False,False
alpha_4ca45c8319d2cb25,alps4141::alps_fffda6bfb45c_to_Equation2,1,alps4141,alps4141::alps_fffda6bfb45c_to_Equation2,memory_limit,resource_exhausted,resource_exhausted,False,False,False
alpha_0ade52b0a77f2bb9,alps4141::alps_0270f038186d_to_Equation2,1,alps4141,alps4141::alps_0270f038186d_to_Equation2,completed_no_decisive_result,resource_exhausted,resource_exhausted,False,False,False
alpha_1545bb3d71d867ec,alps4141::alps_92b30ef1771b_to_Equation2,1,alps4141,alps4141::alps_92b30ef1771b_to_Equation2,memory_limit,resource_exhausted,resource_exhausted,False,False,False
alpha_9ec333a6ff3329e2,alps4141::alps_58f7c3e22a6b_to_Equation2,1,alps4141,alps4141::alps_58f7c3e22a6b_to_Equation2,memory_limit,resource_exhausted,memory_limit,False,False,False
alpha_1c9583da9a6e40b7,alps4141::alps_a5aed2f0581c_to_Equation2,1,alps4141,alps4141::alps_a5aed2f0581c_to_Equation2,memory_limit,resource_exhausted,memory_limit,False,False,False
alpha_37b32ee80291c012,alps4141::alps_6d4e36b93320_to_Equation2,1,alps4141,alps4141::alps_6d4e36b93320_to_Equation2,memory_limit,resource_exhausted,resource_exhausted,False,False,False
alpha_188c96fe89e30032,alps4141::alps_29657d490ba8_to_Equation2,1,alps4141,alps4141::alps_29657d490ba8_to_Equation2,memory_limit,resource_exhausted,resource_exhausted,False,False,False
alpha_1402a89fd4429925,alps4141::alps_79c2bb140b93_to_Equation2,1,alps4141,alps4141::alps_79c2bb140b93_to_Equation2,memory_limit,resource_exhausted,resource_exhausted,False,False,False
alpha_fd4391d21681d366,alps4141::alps_6e298cf006da_to_Equation2,1,alps4141,alps4141::alps_6e298cf006da_to_Equation2,resource_exhausted,resource_exhausted,resource_exhausted,False,False,False
alpha_33f85fb90c3a9086,alps4141::alps_2ee2d4a4a14b_to_Equation2,1,alps4141,alps4141::alps_2ee2d4a4a14b_to_Equation2,memory_limit,resource_exhausted,resource_exhausted,False,False,False
alpha_1665f9089fb1fea2,alps4141::alps_00447f0e06c3_to_Equation2,1,alps4141,alps4141::alps_00447f0e06c3_to_Equation2,memory_limit,resource_exhausted,resource_exhausted,False,False,False
alpha_2714b6feeaaf5fdd,alps4141::alps_adfc389c436b_to_Equation2,1,alps4141,alps4141::alps_adfc389c436b_to_Equation2,memory_limit,resource_exhausted,memory_limit,False,False,False
alpha_3a88fca8a40e524a,alps4141::alps_7516379519dc_to_Equation2,1,alps4141,alps4141::alps_7516379519dc_to_Equation2,memory_limit,resource_exhausted,resource_exhausted,False,False,False
alpha_192bccc0fae53afb,alps4141::alps_1a92a492d810_to_Equation2,1,alps4141,alps4141::alps_1a92a492d810_to_Equation2,memory_limit,resource_exhausted,memory_limit,False,False,False
alpha_ab288f5826b7bd40,alps4141::alps_5007135a76b8_to_Equation2,1,alps4141,alps4141::alps_5007135a76b8_to_Equation2,memory_limit,resource_exhausted,resource_exhausted,False,False,False
alpha_d616e1e8a046e054,alps4141::alps_d65cf636c4eb_to_Equation2,1,alps4141,alps4141::alps_d65cf636c4eb_to_Equation2,memory_limit,resource_exhausted,resource_exhausted,False,False,False
alpha_b5de2478de488425,alps4141::alps_cdf4afce5782_to_Equation2,1,alps4141,alps4141::alps_cdf4afce5782_to_Equation2,memory_limit,resource_exhausted,resource_exhausted,False,False,False
alpha_f757bfd859570274,alps4141::alps_e6deb29a1f7c_to_Equation2,1,alps4141,alps4141::alps_e6deb29a1f7c_to_Equation2,resource_exhausted,resource_exhausted,resource_exhausted,False,False,False
alpha_ad6e3f84369f132d,alps4141::alps_3cc5db2858c7_to_Equation2,1,alps4141,alps4141::alps_3cc5db2858c7_to_Equation2,memory_limit,resource_exhausted,resource_exhausted,False,False,False
alpha_c6173c6a1bb329cd,alps4141::alps_7eac536d1932_to_Equation2,1,alps4141,alps4141::alps_7eac536d1932_to_Equation2,memory_limit,resource_exhausted,resource_exhausted,False,False,False
alpha_635dee4befe828d2,alps4141::alps_e23c119ebcba_to_Equation2,1,alps4141,alps4141::alps_e23c119ebcba_to_Equation2,memory_limit,resource_exhausted,resource_exhausted,False,False,False
alpha_8a9d836c025f32bd,alps4141::alps_873bdbbde061_to_Equation2,1,alps4141,alps4141::alps_873bdbbde061_to_Equation2,memory_limit,resource_exhausted,resource_exhausted,False,False,False
alpha_ab1e4e4c6c2a3589,alps4141::alps_225a43f51197_to_Equation2,1,alps4141,alps4141::alps_225a43f51197_to_Equation2,memory_limit,resource_exhausted,memory_limit,False,False,False
alpha_f836dd23ada1b9be,alps4141::alps_e5c4a1bc208e_to_Equation2,1,alps4141,alps4141::alps_e5c4a1bc208e_to_Equation2,memory_limit,resource_exhausted,memory_limit,False,False,False
alpha_376ef7036d184c63,alps4141::alps_023cebe3fa08_to_Equation2,1,alps4141,alps4141::alps_023cebe3fa08_to_Equation2,memory_limit,resource_exhausted,memory_limit,False,False,False
alpha_0c7421015fca6982,alps4141::alps_c081e5f9597c_to_Equation2,1,alps4141,alps4141::alps_c081e5f9597c_to_Equation2,resource_exhausted,resource_exhausted,resource_exhausted,False,False,False
alpha_275291f429bd32c9,alps4141::alps_74fcbd4689c7_to_Equation2,1,alps4141,alps4141::alps_74fcbd4689c7_to_Equation2,memory_limit,resource_exhausted,resource_exhausted,False,False,False
alpha_47b0d8669e2ab73b,alps4141::alps_cce976c0fa2d_to_Equation2,1,alps4141,alps4141::alps_cce976c0fa2d_to_Equation2,memory_limit,resource_exhausted,memory_limit,False,False,False
alpha_4c034a37dc3264df,alps4141::alps_5a32387cd8dc_to_Equation2,1,alps4141,alps4141::alps_5a32387cd8dc_to_Equation2,memory_limit,resource_exhausted,memory_limit,False,False,False
alpha_c2d2d264f34e79d7,alps4141::alps_0486dce3ccf3_to_Equation2,1,alps4141,alps4141::alps_0486dce3ccf3_to_Equation2,memory_limit,resource_exhausted,resource_exhausted,False,False,False
alpha_6480137b1b900291,alps4141::alps_650c3cb48d6f_to_Equation2,1,alps4141,alps4141::alps_650c3cb48d6f_to_Equation2,memory_limit,resource_exhausted,resource_exhausted,False,False,False
alpha_2d543e10e573cd1d,alps4141::alps_6ddcad7e02d4_to_Equation2,1,alps4141,alps4141::alps_6ddcad7e02d4_to_Equation2,memory_limit,resource_exhausted,memory_limit,False,False,False
alpha_a628e4c222057681,alps4141::alps_5be4746c9e5a_to_Equation2,1,alps4141,alps4141::alps_5be4746c9e5a_to_Equation2,memory_limit,resource_exhausted,memory_limit,False,False,False
alpha_89cffa4822f28bb3,alps4141::alps_fbf249fa6811_to_Equation2,1,alps4141,alps4141::alps_fbf249fa6811_to_Equation2,memory_limit,resource_exhausted,resource_exhausted,False,False,False
alpha_ae6553794e87726d,alps4141::alps_bc3ee50885b0_to_Equation2,1,alps4141,alps4141::alps_bc3ee50885b0_to_Equation2,memory_limit,resource_exhausted,memory_limit,False,False,False
alpha_59e486b712c09aa2,alps4141::alps_0e966e84b87c_to_Equation2,1,alps4141,alps4141::alps_0e966e84b87c_to_Equation2,memory_limit,resource_exhausted,resource_exhausted,False,False,False
alpha_bdb83c4d2946e1fd,alps4141::alps_be5f7ad70720_to_Equation2,1,alps4141,alps4141::alps_be5f7ad70720_to_Equation2,memory_limit,resource_exhausted,memory_limit,False,False,False
alpha_5f8eed6988a6210c,alps4141::alps_26bc57902185_to_Equation2,1,alps4141,alps4141::alps_26bc57902185_to_Equation2,memory_limit,resource_exhausted,resource_exhausted,False,False,False
alpha_a0e38e96f4a13734,alps4141::alps_c73eba8adbf9_to_Equation2,1,alps4141,alps4141::alps_c73eba8adbf9_to_Equation2,memory_limit,resource_exhausted,memory_limit,False,False,False
alpha_8832286e3d63cd89,alps4141::alps_324ed69e8404_to_Equation2,1,alps4141,alps4141::alps_324ed69e8404_to_Equation2,memory_limit,resource_exhausted,resource_exhausted,False,False,False
alpha_a03e0232240b7edb,alps4141::alps_47f0f2fc18d5_to_Equation2,1,alps4141,alps4141::alps_47f0f2fc18d5_to_Equation2,memory_limit,resource_exhausted,resource_exhausted,False,False,False
alpha_f67470dee5733d5b,alps4141::alps_96496f087460_to_Equation2,1,alps4141,alps4141::alps_96496f087460_to_Equation2,memory_limit,resource_exhausted,memory_limit,False,False,False
alpha_e597767b6d5458bb,alps4141::alps_75364452c7ec_to_Equation2,1,alps4141,alps4141::alps_75364452c7ec_to_Equation2,memory_limit,resource_exhausted,resource_exhausted,False,False,False
alpha_5f649a906f7f0c6a,alps4141::alps_33ca1f94e6e2_to_Equation2,1,alps4141,alps4141::alps_33ca1f94e6e2_to_Equation2,memory_limit,resource_exhausted,memory_limit,False,False,False
alpha_fd0ab2f0cd06378b,alps4141::alps_df9214f1811b_to_Equation2,1,alps4141,alps4141::alps_df9214f1811b_to_Equation2,memory_limit,resource_exhausted,resource_exhausted,False,False,False
alpha_e4f32dfe3326cef9,alps4141::alps_734b644ee4ba_to_Equation2,1,alps4141,alps4141::alps_734b644ee4ba_to_Equation2,memory_limit,resource_exhausted,memory_limit,False,False,False
alpha_2b29cc9c9989d6cd,alps4141::alps_5483f3e79804_to_Equation2,1,alps4141,alps4141::alps_5483f3e79804_to_Equation2,memory_limit,resource_exhausted,memory_limit,False,False,False
alpha_729c800c8a601126,alps4141::alps_c719f54a2b97_to_Equation2,1,alps4141,alps4141::alps_c719f54a2b97_to_Equation2,memory_limit,resource_exhausted,memory_limit,False,False,False
alpha_4105aaf94ce8e43e,alps4141::alps_9e7e907c87df_to_Equation2,1,alps4141,alps4141::alps_9e7e907c87df_to_Equation2,memory_limit,resource_exhausted,resource_exhausted,False,False,False
alpha_7cc3e764bcde78d4,alps4141::alps_6592e574d899_to_Equation2,1,alps4141,alps4141::alps_6592e574d899_to_Equation2,memory_limit,resource_exhausted,resource_exhausted,False,False,False
alpha_038cb6f66691e45d,alps4141::alps_c4b7bd7bf29c_to_Equation2,1,alps4141,alps4141::alps_c4b7bd7bf29c_to_Equation2,resource_exhausted,resource_exhausted,resource_exhausted,False,False,False
alpha_04030f077b817df9,alps4141::alps_1eadc334d097_to_Equation2,1,alps4141,alps4141::alps_1eadc334d097_to_Equation2,memory_limit,resource_exhausted,resource_exhausted,False,False,False
alpha_b33294d472cecefb,alps4141::alps_dd0a1358e580_to_Equation2,1,alps4141,alps4141::alps_dd0a1358e580_to_Equation2,memory_limit,resource_exhausted,resource_exhausted,False,False,False
alpha_25e400152cf9e0af,alps4141::alps_b522b6a2c119_to_Equation2,1,alps4141,alps4141::alps_b522b6a2c119_to_Equation2,memory_limit,resource_exhausted,memory_limit,False,False,False
alpha_53c7e94235372a69,alps4141::alps_3d061b0e96c8_to_Equation2,1,alps4141,alps4141::alps_3d061b0e96c8_to_Equation2,memory_limit,resource_exhausted,memory_limit,False,False,False
alpha_0d0adf387521299c,alps4141::alps_e9ed6b26308a_to_Equation2,1,alps4141,alps4141::alps_e9ed6b26308a_to_Equation2,memory_limit,resource_exhausted,memory_limit,False,False,False
alpha_590b3b12a8efeea5,alps4141::alps_91c672de595d_to_Equation2,1,alps4141,alps4141::alps_91c672de595d_to_Equation2,memory_limit,resource_exhausted,resource_exhausted,False,False,False
alpha_7530623a0d98cd41,alps4141::alps_32251c696936_to_Equation2,1,alps4141,alps4141::alps_32251c696936_to_Equation2,memory_limit,resource_exhausted,resource_exhausted,False,False,False
alpha_db5f24f5343799dd,alps4141::alps_3abffca4ce5f_to_Equation2,1,alps4141,alps4141::alps_3abffca4ce5f_to_Equation2,memory_limit,resource_exhausted,resource_exhausted,False,False,False
alpha_ecbd961663d6bb1c,alps4141::alps_a8ba6ee363e4_to_Equation2,1,alps4141,alps4141::alps_a8ba6ee363e4_to_Equation2,memory_limit,resource_exhausted,resource_exhausted,False,False,False
alpha_d4a0bd4f4847ec8f,alps4141::alps_af5a36ecd412_to_Equation2,1,alps4141,alps4141::alps_af5a36ecd412_to_Equation2,resource_exhausted,resource_exhausted,resource_exhausted,False,False,False
alpha_050287d07f4beb46,alps4141::alps_826c155f5e90_to_Equation2,1,alps4141,alps4141::alps_826c155f5e90_to_Equation2,memory_limit,resource_exhausted,resource_exhausted,False,False,False
alpha_d6438d6bb4b65be8,alps4141::alps_b27075631042_to_Equation2,1,alps4141,alps4141::alps_b27075631042_to_Equation2,memory_limit,resource_exhausted,memory_limit,False,False,False
alpha_d54336cef0767604,alps4141::alps_19274613ba03_to_Equation2,1,alps4141,alps4141::alps_19274613ba03_to_Equation2,memory_limit,resource_exhausted,memory_limit,False,False,False
alpha_5903cf19a26b7742,alps4141::alps_a7378b9a9d30_to_Equation2,1,alps4141,alps4141::alps_a7378b9a9d30_to_Equation2,memory_limit,resource_exhausted,memory_limit,False,False,False
alpha_7b3d618777782fac,alps4141::alps_31834d0293f6_to_Equation2,1,alps4141,alps4141::alps_31834d0293f6_to_Equation2,memory_limit,resource_exhausted,resource_exhausted,False,False,False
alpha_ae5b21743095870a,alps4141::alps_dde66d2da64a_to_Equation2,1,alps4141,alps4141::alps_dde66d2da64a_to_Equation2,memory_limit,resource_exhausted,resource_exhausted,False,False,False
alpha_5f04f850304887dd,alps4141::alps_374cdd16c170_to_Equation2,1,alps4141,alps4141::alps_374cdd16c170_to_Equation2,memory_limit,resource_exhausted,resource_exhausted,False,False,False
alpha_eda243d98298cb60,alps4141::alps_1b8bfed1845f_to_Equation2,1,alps4141,alps4141::alps_1b8bfed1845f_to_Equation2,memory_limit,resource_exhausted,resource_exhausted,False,False,False
alpha_120ac64222920592,alps4141::alps_c190df221440_to_Equation2,1,alps4141,alps4141::alps_c190df221440_to_Equation2,memory_limit,resource_exhausted,resource_exhausted,False,False,False
alpha_f03f093ae01cd2d3,alps4141::alps_8018a7ff77c3_to_Equation2,1,alps4141,alps4141::alps_8018a7ff77c3_to_Equation2,memory_limit,resource_exhausted,resource_exhausted,False,False,False
alpha_b056ab546641ed99,alps4141::alps_f9a891ec2aff_to_Equation2,1,alps4141,alps4141::alps_f9a891ec2aff_to_Equation2,memory_limit,resource_exhausted,resource_exhausted,False,False,False
alpha_84477e6c91cc13f1,alps4141::alps_8c719d4c560b_to_Equation2,1,alps4141,alps4141::alps_8c719d4c560b_to_Equation2,memory_limit,resource_exhausted,resource_exhausted,False,False,False
alpha_a8694d7bc830048e,alps4141::alps_47965b4922b5_to_Equation2,1,alps4141,alps4141::alps_47965b4922b5_to_Equation2,memory_limit,resource_exhausted,resource_exhausted,False,False,False
alpha_e464766276e410bb,alps4141::alps_25803824a415_to_Equation2,1,alps4141,alps4141::alps_25803824a415_to_Equation2,memory_limit,resource_exhausted,memory_limit,False,False,False
alpha_82fdebf10ec12e80,alps4141::alps_9a564c361628_to_Equation2,1,alps4141,alps4141::alps_9a564c361628_to_Equation2,memory_limit,resource_exhausted,resource_exhausted,False,False,False
alpha_ee9bc2edf78f9028,alps4141::alps_7cf4d0d507ce_to_Equation2,1,alps4141,alps4141::alps_7cf4d0d507ce_to_Equation2,memory_limit,resource_exhausted,memory_limit,False,False,False
alpha_1b912178c386b776,alps4141::alps_12325f52d744_to_Equation2,1,alps4141,alps4141::alps_12325f52d744_to_Equation2,memory_limit,resource_exhausted,resource_exhausted,False,False,False
alpha_dc00b11dd76a03a8,alps4141::alps_1da1577e2f8a_to_Equation2,1,alps4141,alps4141::alps_1da1577e2f8a_to_Equation2,resource_exhausted,resource_exhausted,resource_exhausted,False,False,False
alpha_82fa86c5c5af6733,alps4141::alps_d4c17af92309_to_Equation2,1,alps4141,alps4141::alps_d4c17af92309_to_Equation2,memory_limit,resource_exhausted,memory_limit,False,False,False
alpha_79e019aaa9e514e2,alps4141::alps_f92e8baebddb_to_Equation2,1,alps4141,alps4141::alps_f92e8baebddb_to_Equation2,memory_limit,resource_exhausted,resource_exhausted,False,False,False
alpha_e37ae0f28d11eb05,alps4141::alps_ffb0b63042fb_to_Equation2,1,alps4141,alps4141::alps_ffb0b63042fb_to_Equation2,memory_limit,resource_exhausted,resource_exhausted,False,False,False
alpha_9450353794e8067b,alps4141::alps_b95865f2f125_to_Equation2,1,alps4141,alps4141::alps_b95865f2f125_to_Equation2,memory_limit,resource_exhausted,resource_exhausted,False,False,False
alpha_b4ba397f471a4bdf,alps4141::alps_eebf498e48d9_to_Equation2,1,alps4141,alps4141::alps_eebf498e48d9_to_Equation2,memory_limit,resource_exhausted,resource_exhausted,False,False,False
alpha_2354876c2f8844da,alps4141::alps_094410737266_to_Equation2,1,alps4141,alps4141::alps_094410737266_to_Equation2,memory_limit,resource_exhausted,resource_exhausted,False,False,False
alpha_16b242ce2efa0e69,alps4141::alps_a6c12c605a90_to_Equation2,1,alps4141,alps4141::alps_a6c12c605a90_to_Equation2,resource_exhausted,resource_exhausted,resource_exhausted,False,False,False
alpha_a9a71d11de7fc8c1,alps4141::alps_3f511e474d9a_to_Equation2,1,alps4141,alps4141::alps_3f511e474d9a_to_Equation2,memory_limit,resource_exhausted,resource_exhausted,False,False,False
alpha_a09025c2a9bf1752,alps4141::alps_79ed04432bea_to_Equation2,1,alps4141,alps4141::alps_79ed04432bea_to_Equation2,memory_limit,resource_exhausted,memory_limit,False,False,False
alpha_e1aee1d07bcd3ce2,alps4141::alps_9ab4271a0322_to_Equation2,1,alps4141,alps4141::alps_9ab4271a0322_to_Equation2,memory_limit,resource_exhausted,resource_exhausted,False,False,False
alpha_bc401763ceef914d,austin96::order5_austin_unknown_E13764_to_E2,2,alps4141+austin96,austin96::order5_austin_unknown_E13764_to_E2 | alps4141::alps_1caa6006f587_to_Equation2,memory_limit,resource_exhausted,resource_exhausted,False,False,False
alpha_bf9c6e3f061755f5,austin96::order5_austin_unknown_E13992_to_E2,2,alps4141+austin96,austin96::order5_austin_unknown_E13992_to_E2 | alps4141::alps_7a250fce754c_to_Equation2,memory_limit,resource_exhausted,resource_exhausted,False,False,False
alpha_a9410bc9dab179cf,alps4141::alps_a6c94d6e51ff_to_Equation2,1,alps4141,alps4141::alps_a6c94d6e51ff_to_Equation2,memory_limit,resource_exhausted,resource_exhausted,False,False,False
alpha_b600764c81c3a500,alps4141::alps_bdb834571203_to_Equation2,1,alps4141,alps4141::alps_bdb834571203_to_Equation2,memory_limit,resource_exhausted,resource_exhausted,False,False,False
alpha_b4443e4e87cec559,alps4141::alps_441ee822e5fb_to_Equation2,1,alps4141,alps4141::alps_441ee822e5fb_to_Equation2,resource_exhausted,resource_exhausted,resource_exhausted,False,False,False
alpha_6c3d34e9d2aaffee,alps4141::alps_c2bb3ecb5f94_to_Equation2,1,alps4141,alps4141::alps_c2bb3ecb5f94_to_Equation2,memory_limit,resource_exhausted,resource_exhausted,False,False,False
alpha_a202bc966ee695a9,alps4141::alps_7330e5b8468d_to_Equation2,1,alps4141,alps4141::alps_7330e5b8468d_to_Equation2,resource_exhausted,resource_exhausted,resource_exhausted,False,False,False
alpha_bc9549fdaac01f82,alps4141::alps_2a4f535e789f_to_Equation2,1,alps4141,alps4141::alps_2a4f535e789f_to_Equation2,resource_exhausted,resource_exhausted,resource_exhausted,False,False,False
alpha_351fcefcd5834f83,alps4141::alps_f3b6d9c18285_to_Equation2,1,alps4141,alps4141::alps_f3b6d9c18285_to_Equation2,memory_limit,resource_exhausted,resource_exhausted,False,False,False
alpha_066332c1830e599d,alps4141::alps_d8c982757329_to_Equation2,1,alps4141,alps4141::alps_d8c982757329_to_Equation2,memory_limit,resource_exhausted,resource_exhausted,False,False,False
alpha_47befd58bdf7f3f5,alps4141::alps_4737cb5ca781_to_Equation2,1,alps4141,alps4141::alps_4737cb5ca781_to_Equation2,memory_limit,resource_exhausted,resource_exhausted,False,False,False
alpha_75d284d5c2230b37,alps4141::alps_85e6359488a3_to_Equation2,1,alps4141,alps4141::alps_85e6359488a3_to_Equation2,completed_no_decisive_result,resource_exhausted,memory_limit,False,False,False
alpha_3347e181daa11462,alps4141::alps_8e8d91fd9612_to_Equation2,1,alps4141,alps4141::alps_8e8d91fd9612_to_Equation2,memory_limit,resource_exhausted,resource_exhausted,False,False,False
alpha_5da430a723e68b91,alps4141::alps_32ef7d89112c_to_Equation2,1,alps4141,alps4141::alps_32ef7d89112c_to_Equation2,memory_limit,resource_exhausted,resource_exhausted,False,False,False
alpha_4cde6df7ee436223,alps4141::alps_ed894872b299_to_Equation2,1,alps4141,alps4141::alps_ed894872b299_to_Equation2,memory_limit,resource_exhausted,memory_limit,False,False,False
alpha_6f37656aba9280cd,alps4141::alps_39800d4d6e33_to_Equation2,1,alps4141,alps4141::alps_39800d4d6e33_to_Equation2,completed_no_decisive_result,resource_exhausted,resource_exhausted,False,False,False
alpha_d513e099322cc895,alps4141::alps_c017599aeb85_to_Equation2,1,alps4141,alps4141::alps_c017599aeb85_to_Equation2,memory_limit,resource_exhausted,resource_exhausted,False,False,False
alpha_accbe0ee4c5508d6,alps4141::alps_5c7879a8de19_to_Equation2,1,alps4141,alps4141::alps_5c7879a8de19_to_Equation2,memory_limit,resource_exhausted,resource_exhausted,False,False,False
alpha_6e3fa14f608c7d04,alps4141::alps_c5a7656f66dd_to_Equation2,1,alps4141,alps4141::alps_c5a7656f66dd_to_Equation2,completed_no_decisive_result,resource_exhausted,memory_limit,False,False,False
alpha_a0f0eacaa3f309dd,alps4141::alps_85683a4169a6_to_Equation2,1,alps4141,alps4141::alps_85683a4169a6_to_Equation2,completed_no_decisive_result,resource_exhausted,resource_exhausted,False,False,False
alpha_be6807e681d10548,alps4141::alps_4e8140ff4e7b_to_Equation2,1,alps4141,alps4141::alps_4e8140ff4e7b_to_Equation2,completed_no_decisive_result,resource_exhausted,memory_limit,False,False,False
alpha_63c7bb71e1fbaca6,alps4141::alps_cc8f17416366_to_Equation2,1,alps4141,alps4141::alps_cc8f17416366_to_Equation2,resource_exhausted,resource_exhausted,resource_exhausted,False,False,False
alpha_e014b485a7094398,alps4141::alps_8e020404b093_to_Equation2,1,alps4141,alps4141::alps_8e020404b093_to_Equation2,memory_limit,resource_exhausted,memory_limit,False,False,False
alpha_6362f23bb40a155b,alps4141::alps_d79610c3ca26_to_Equation2,1,alps4141,alps4141::alps_d79610c3ca26_to_Equation2,memory_limit,resource_exhausted,resource_exhausted,False,False,False
alpha_2a55621996b7a24b,alps4141::alps_9bf4a4cc95c2_to_Equation2,1,alps4141,alps4141::alps_9bf4a4cc95c2_to_Equation2,memory_limit,resource_exhausted,memory_limit,False,False,False
alpha_f700cd7fdae72204,alps4141::alps_25fb5f78ba74_to_Equation2,1,alps4141,alps4141::alps_25fb5f78ba74_to_Equation2,memory_limit,resource_exhausted,resource_exhausted,False,False,False
alpha_13dbcf39f0db31c6,alps4141::alps_3782ec99d661_to_Equation2,1,alps4141,alps4141::alps_3782ec99d661_to_Equation2,memory_limit,resource_exhausted,memory_limit,False,False,False
alpha_6b15c9b423c2f5af,alps4141::alps_3d464656da66_to_Equation2,1,alps4141,alps4141::alps_3d464656da66_to_Equation2,memory_limit,resource_exhausted,resource_exhausted,False,False,False
alpha_737fb5a5b7df30fa,alps4141::alps_55489c695c37_to_Equation2,1,alps4141,alps4141::alps_55489c695c37_to_Equation2,resource_exhausted,resource_exhausted,memory_limit,False,False,False
alpha_e17eac2509ec6c61,alps4141::alps_9117b54e1605_to_Equation2,1,alps4141,alps4141::alps_9117b54e1605_to_Equation2,memory_limit,resource_exhausted,resource_exhausted,False,False,False
alpha_2f8a4fe9c5017b75,alps4141::alps_5990e66a263f_to_Equation2,1,alps4141,alps4141::alps_5990e66a263f_to_Equation2,memory_limit,resource_exhausted,resource_exhausted,False,False,False
alpha_3fcea9c95b1aa903,alps4141::alps_70d5854d5ba4_to_Equation2,1,alps4141,alps4141::alps_70d5854d5ba4_to_Equation2,memory_limit,resource_exhausted,memory_limit,False,False,False
alpha_d626cd601b5e1c1e,alps4141::alps_bdbc28027dc3_to_Equation2,1,alps4141,alps4141::alps_bdbc28027dc3_to_Equation2,memory_limit,resource_exhausted,resource_exhausted,False,False,False
alpha_cba42f8d82825acd,alps4141::alps_0216c0b93a17_to_Equation2,1,alps4141,alps4141::alps_0216c0b93a17_to_Equation2,memory_limit,resource_exhausted,resource_exhausted,False,False,False
alpha_7df1071feb893451,alps4141::alps_161a924b8dd7_to_Equation2,1,alps4141,alps4141::alps_161a924b8dd7_to_Equation2,memory_limit,resource_exhausted,memory_limit,False,False,False
alpha_bc115333d142819e,alps4141::alps_44e395061ce7_to_Equation2,1,alps4141,alps4141::alps_44e395061ce7_to_Equation2,memory_limit,resource_exhausted,resource_exhausted,False,False,False
alpha_e109108223dececc,alps4141::alps_f91274bdb4c5_to_Equation2,1,alps4141,alps4141::alps_f91274bdb4c5_to_Equation2,memory_limit,resource_exhausted,memory_limit,False,False,False
alpha_bc07f8828f0ad77a,alps4141::alps_14eb8a1d09ba_to_Equation2,1,alps4141,alps4141::alps_14eb8a1d09ba_to_Equation2,resource_exhausted,resource_exhausted,resource_exhausted,False,False,False
alpha_e1e18fa89453f90f,alps4141::alps_78e17894a79e_to_Equation2,1,alps4141,alps4141::alps_78e17894a79e_to_Equation2,memory_limit,resource_exhausted,resource_exhausted,False,False,False
alpha_431e75b99236b0bf,alps4141::alps_adee25a767cc_to_Equation2,1,alps4141,alps4141::alps_adee25a767cc_to_Equation2,memory_limit,resource_exhausted,resource_exhausted,False,False,False
alpha_ca0147ae8577232f,alps4141::alps_4384e5efb276_to_Equation2,1,alps4141,alps4141::alps_4384e5efb276_to_Equation2,resource_exhausted,resource_exhausted,resource_exhausted,False,False,False
alpha_4be9a67b29412e4f,alps4141::alps_ea3b0ccfe43e_to_Equation2,1,alps4141,alps4141::alps_ea3b0ccfe43e_to_Equation2,resource_exhausted,resource_exhausted,resource_exhausted,False,False,False
alpha_e2b99f251319ae61,alps4141::alps_522215c6e3aa_to_Equation2,1,alps4141,alps4141::alps_522215c6e3aa_to_Equation2,memory_limit,resource_exhausted,memory_limit,False,False,False
alpha_decdceba9a7ea78a,alps4141::alps_5fd913a5cd1b_to_Equation2,1,alps4141,alps4141::alps_5fd913a5cd1b_to_Equation2,memory_limit,resource_exhausted,resource_exhausted,False,False,False
alpha_030cd272c908cd80,alps4141::alps_574a785d0884_to_Equation2,1,alps4141,alps4141::alps_574a785d0884_to_Equation2,memory_limit,resource_exhausted,resource_exhausted,False,False,False
alpha_08770d819c81ef69,alps4141::alps_14b242fd8bf8_to_Equation2,1,alps4141,alps4141::alps_14b242fd8bf8_to_Equation2,memory_limit,resource_exhausted,resource_exhausted,False,False,False
alpha_7cb4f6ce69dc7dde,austin96::order5_austin_unknown_E12857_to_E2,1,austin96,austin96::order5_austin_unknown_E12857_to_E2,completed_no_decisive_result,completed_no_proof,counter_satisfiable,False,True,False
alpha_dcaf109eb2cd17d4,alps4141::alps_e1f4594b22f4_to_Equation2,1,alps4141,alps4141::alps_e1f4594b22f4_to_Equation2,memory_limit,resource_exhausted,memory_limit,False,False,False
alpha_0adfb03527fec8c5,alps4141::alps_c5ec4d8833d6_to_Equation2,1,alps4141,alps4141::alps_c5ec4d8833d6_to_Equation2,resource_exhausted,resource_exhausted,resource_exhausted,False,False,False
alpha_514ead125a44d393,alps4141::alps_a4c1c0bc6ec1_to_Equation2,1,alps4141,alps4141::alps_a4c1c0bc6ec1_to_Equation2,memory_limit,resource_exhausted,resource_exhausted,False,False,False
alpha_cf9c7522ced0c9fa,alps4141::alps_2f61c0f9af37_to_Equation2,1,alps4141,alps4141::alps_2f61c0f9af37_to_Equation2,memory_limit,resource_exhausted,resource_exhausted,False,False,False
alpha_b9abed59d740e6f1,alps4141::alps_584885ec69b4_to_Equation2,1,alps4141,alps4141::alps_584885ec69b4_to_Equation2,memory_limit,resource_exhausted,resource_exhausted,False,False,False
alpha_6d453c52598e3037,alps4141::alps_d2b8ab33fb51_to_Equation2,1,alps4141,alps4141::alps_d2b8ab33fb51_to_Equation2,memory_limit,resource_exhausted,resource_exhausted,False,False,False
alpha_8cd4422b5aa534ab,alps4141::alps_61305e5c437e_to_Equation2,1,alps4141,alps4141::alps_61305e5c437e_to_Equation2,memory_limit,resource_exhausted,memory_limit,False,False,False
alpha_d3af903e28f5a865,alps4141::alps_f46b13cc292e_to_Equation2,1,alps4141,alps4141::alps_f46b13cc292e_to_Equation2,memory_limit,resource_exhausted,resource_exhausted,False,False,False
alpha_e07c605b5e8d2428,alps4141::alps_56a53dd5b456_to_Equation2,1,alps4141,alps4141::alps_56a53dd5b456_to_Equation2,memory_limit,resource_exhausted,memory_limit,False,False,False
alpha_4e826ca062a64942,alps4141::alps_a77a2e201d80_to_Equation2,1,alps4141,alps4141::alps_a77a2e201d80_to_Equation2,memory_limit,resource_exhausted,resource_exhausted,False,False,False
alpha_4ba337bd1ff8af98,alps4141::alps_3959ead53063_to_Equation2,1,alps4141,alps4141::alps_3959ead53063_to_Equation2,memory_limit,resource_exhausted,resource_exhausted,False,False,False
alpha_c3eb96fcfdcb00c7,alps4141::alps_4dcf146cfa44_to_Equation2,1,alps4141,alps4141::alps_4dcf146cfa44_to_Equation2,resource_exhausted,resource_exhausted,memory_limit,False,False,False
alpha_465c804c3e6aac91,alps4141::alps_62e7d69685a8_to_Equation2,1,alps4141,alps4141::alps_62e7d69685a8_to_Equation2,memory_limit,resource_exhausted,resource_exhausted,False,False,False
alpha_ce5528db1de7ddc0,alps4141::alps_7f57e526c6e7_to_Equation2,1,alps4141,alps4141::alps_7f57e526c6e7_to_Equation2,memory_limit,resource_exhausted,resource_exhausted,False,False,False
alpha_0c84043f386a76f3,alps4141::alps_e3209eef3d37_to_Equation2,1,alps4141,alps4141::alps_e3209eef3d37_to_Equation2,memory_limit,resource_exhausted,resource_exhausted,False,False,False
alpha_1cfdd574199d15cf,alps4141::alps_602db8cf082b_to_Equation2,1,alps4141,alps4141::alps_602db8cf082b_to_Equation2,memory_limit,resource_exhausted,memory_limit,False,False,False
alpha_83f4c78b4ca1766d,alps4141::alps_074a18edde75_to_Equation2,1,alps4141,alps4141::alps_074a18edde75_to_Equation2,memory_limit,resource_exhausted,memory_limit,False,False,False
alpha_63f4df1d2d6cc491,alps4141::alps_069bb13ca0ae_to_Equation2,1,alps4141,alps4141::alps_069bb13ca0ae_to_Equation2,completed_no_decisive_result,resource_exhausted,memory_limit,False,False,False
alpha_5335fa10b12c9c34,alps4141::alps_3567019f0a35_to_Equation2,1,alps4141,alps4141::alps_3567019f0a35_to_Equation2,memory_limit,resource_exhausted,memory_limit,False,False,False
alpha_f968394184fd6322,alps4141::alps_d27ebf8e07e3_to_Equation2,1,alps4141,alps4141::alps_d27ebf8e07e3_to_Equation2,memory_limit,resource_exhausted,resource_exhausted,False,False,False
alpha_db3d33c249500647,alps4141::alps_e28a020e9c8d_to_Equation2,1,alps4141,alps4141::alps_e28a020e9c8d_to_Equation2,memory_limit,resource_exhausted,resource_exhausted,False,False,False
alpha_bde4a8cc4796e4c7,alps4141::alps_010b0eaae36c_to_Equation2,1,alps4141,alps4141::alps_010b0eaae36c_to_Equation2,memory_limit,resource_exhausted,memory_limit,False,False,False
alpha_4e583b9bb51717ca,alps4141::alps_674eabc8c322_to_Equation2,1,alps4141,alps4141::alps_674eabc8c322_to_Equation2,memory_limit,resource_exhausted,memory_limit,False,False,False
alpha_85dcc66dae854a9c,alps4141::alps_fda741576e00_to_Equation2,1,alps4141,alps4141::alps_fda741576e00_to_Equation2,memory_limit,resource_exhausted,memory_limit,False,False,False
alpha_7977643a7979afa7,alps4141::alps_9359154bb8c1_to_Equation2,1,alps4141,alps4141::alps_9359154bb8c1_to_Equation2,memory_limit,resource_exhausted,resource_exhausted,False,False,False
alpha_f37aded639855c2e,alps4141::alps_4627519e3e7f_to_Equation2,1,alps4141,alps4141::alps_4627519e3e7f_to_Equation2,memory_limit,resource_exhausted,resource_exhausted,False,False,False
alpha_f2fcdfe162e6f12e,alps4141::alps_659df2a53fa4_to_Equation2,1,alps4141,alps4141::alps_659df2a53fa4_to_Equation2,memory_limit,resource_exhausted,resource_exhausted,False,False,False
alpha_d3c04f2ab38c455f,alps4141::alps_6927c95d9bca_to_Equation2,1,alps4141,alps4141::alps_6927c95d9bca_to_Equation2,resource_exhausted,resource_exhausted,resource_exhausted,False,False,False
alpha_53d008e6e072fa02,alps4141::alps_89b951758f7c_to_Equation2,1,alps4141,alps4141::alps_89b951758f7c_to_Equation2,memory_limit,resource_exhausted,resource_exhausted,False,False,False
alpha_474f5def4beb65dd,alps4141::alps_ad997fd4b996_to_Equation2,1,alps4141,alps4141::alps_ad997fd4b996_to_Equation2,memory_limit,resource_exhausted,resource_exhausted,False,False,False
alpha_9d3064f1b86ec6d1,alps4141::alps_a304448c7a49_to_Equation2,1,alps4141,alps4141::alps_a304448c7a49_to_Equation2,memory_limit,resource_exhausted,resource_exhausted,False,False,False
alpha_be2186c389b21b26,alps4141::alps_430de49369ff_to_Equation2,1,alps4141,alps4141::alps_430de49369ff_to_Equation2,memory_limit,resource_exhausted,resource_exhausted,False,False,False
alpha_bf34c6c74f3587ac,alps4141::alps_f4d0656f7394_to_Equation2,1,alps4141,alps4141::alps_f4d0656f7394_to_Equation2,memory_limit,resource_exhausted,resource_exhausted,False,False,False
alpha_d14c9b0e52433413,alps4141::alps_4d16af293d9b_to_Equation2,1,alps4141,alps4141::alps_4d16af293d9b_to_Equation2,resource_exhausted,resource_exhausted,resource_exhausted,False,False,False
alpha_e495683375ff6fd3,alps4141::alps_85e2243fc93c_to_Equation2,1,alps4141,alps4141::alps_85e2243fc93c_to_Equation2,memory_limit,resource_exhausted,resource_exhausted,False,False,False
alpha_fd2226617bbe9161,alps4141::alps_66c229e966da_to_Equation2,1,alps4141,alps4141::alps_66c229e966da_to_Equation2,resource_exhausted,resource_exhausted,resource_exhausted,False,False,False
alpha_57058061e00b0a0a,alps4141::alps_2919274a6d8d_to_Equation2,1,alps4141,alps4141::alps_2919274a6d8d_to_Equation2,memory_limit,resource_exhausted,resource_exhausted,False,False,False
alpha_32b3a72cd39c115b,alps4141::alps_72f4d1de8c0f_to_Equation2,1,alps4141,alps4141::alps_72f4d1de8c0f_to_Equation2,resource_exhausted,resource_exhausted,resource_exhausted,False,False,False
alpha_be3a28a0e62141f5,alps4141::alps_f96c7759cc45_to_Equation2,1,alps4141,alps4141::alps_f96c7759cc45_to_Equation2,memory_limit,resource_exhausted,resource_exhausted,False,False,False
alpha_6402f0e01c926647,alps4141::alps_5328701289cb_to_Equation2,1,alps4141,alps4141::alps_5328701289cb_to_Equation2,memory_limit,resource_exhausted,resource_exhausted,False,False,False
alpha_08d4aea9b7cca59e,alps4141::alps_88f1097533c3_to_Equation2,1,alps4141,alps4141::alps_88f1097533c3_to_Equation2,memory_limit,resource_exhausted,resource_exhausted,False,False,False
alpha_bdc62e0ac394e9e0,alps4141::alps_4f0916d6f131_to_Equation2,1,alps4141,alps4141::alps_4f0916d6f131_to_Equation2,memory_limit,resource_exhausted,resource_exhausted,False,False,False
alpha_c4268fbb1fd6e80d,alps4141::alps_b5af3e2a21c7_to_Equation2,1,alps4141,alps4141::alps_b5af3e2a21c7_to_Equation2,memory_limit,resource_exhausted,resource_exhausted,False,False,False
alpha_3a7d2c504c3da21d,alps4141::alps_357c77eace3e_to_Equation2,1,alps4141,alps4141::alps_357c77eace3e_to_Equation2,resource_exhausted,resource_exhausted,resource_exhausted,False,False,False
alpha_69b662d6edeb9da3,alps4141::alps_2673a3668823_to_Equation2,1,alps4141,alps4141::alps_2673a3668823_to_Equation2,memory_limit,resource_exhausted,resource_exhausted,False,False,False
alpha_32e65b41b6342dcf,alps4141::alps_dd0218e9e0f4_to_Equation2,1,alps4141,alps4141::alps_dd0218e9e0f4_to_Equation2,memory_limit,resource_exhausted,resource_exhausted,False,False,False
alpha_81782f846f320de6,alps4141::alps_b4d264db3a8a_to_Equation2,1,alps4141,alps4141::alps_b4d264db3a8a_to_Equation2,resource_exhausted,resource_exhausted,resource_exhausted,False,False,False
alpha_4be29f179f136462,alps4141::alps_2526b71e63ec_to_Equation2,1,alps4141,alps4141::alps_2526b71e63ec_to_Equation2,resource_exhausted,resource_exhausted,resource_exhausted,False,False,False
alpha_2e633e59ef6bbde4,alps4141::alps_dc0eee747ec9_to_Equation2,1,alps4141,alps4141::alps_dc0eee747ec9_to_Equation2,resource_exhausted,resource_exhausted,resource_exhausted,False,False,False
alpha_300a5477f47f0a73,alps4141::alps_3eeac3984882_to_Equation2,1,alps4141,alps4141::alps_3eeac3984882_to_Equation2,memory_limit,resource_exhausted,resource_exhausted,False,False,False
alpha_a72054af57b077b8,alps4141::alps_d09bb9aedeb2_to_Equation2,1,alps4141,alps4141::alps_d09bb9aedeb2_to_Equation2,resource_exhausted,resource_exhausted,resource_exhausted,False,False,False
alpha_40c54a47a21b3092,alps4141::alps_e9e124828d26_to_Equation2,1,alps4141,alps4141::alps_e9e124828d26_to_Equation2,memory_limit,resource_exhausted,resource_exhausted,False,False,False
alpha_716cb8d452f6b63a,alps4141::alps_03ee527c8fc0_to_Equation2,1,alps4141,alps4141::alps_03ee527c8fc0_to_Equation2,memory_limit,resource_exhausted,resource_exhausted,False,False,False
alpha_38ea66f875fff891,alps4141::alps_89c03780c02f_to_Equation2,1,alps4141,alps4141::alps_89c03780c02f_to_Equation2,memory_limit,resource_exhausted,resource_exhausted,False,False,False
alpha_1c04aed98d14e2bc,alps4141::alps_b2fcf4368a4e_to_Equation2,1,alps4141,alps4141::alps_b2fcf4368a4e_to_Equation2,memory_limit,resource_exhausted,resource_exhausted,False,False,False
alpha_a641e490abbea216,alps4141::alps_d4c383afe4f4_to_Equation2,1,alps4141,alps4141::alps_d4c383afe4f4_to_Equation2,memory_limit,resource_exhausted,resource_exhausted,False,False,False
alpha_277ad46aefade624,alps4141::alps_5775ae9dee8b_to_Equation2,1,alps4141,alps4141::alps_5775ae9dee8b_to_Equation2,memory_limit,resource_exhausted,resource_exhausted,False,False,False
alpha_5929bba0e0a169db,alps4141::alps_f940e11d980e_to_Equation2,1,alps4141,alps4141::alps_f940e11d980e_to_Equation2,resource_exhausted,resource_exhausted,resource_exhausted,False,False,False
alpha_9a453533f7b0b1b7,alps4141::alps_42fb64acc458_to_Equation2,1,alps4141,alps4141::alps_42fb64acc458_to_Equation2,memory_limit,resource_exhausted,resource_exhausted,False,False,False
alpha_3cb58aa9c2fd0fec,alps4141::alps_826d4fbbfde0_to_Equation2,1,alps4141,alps4141::alps_826d4fbbfde0_to_Equation2,resource_exhausted,resource_exhausted,resource_exhausted,False,False,False
alpha_7f8d30a729283f00,alps4141::alps_0eddb2ee0393_to_Equation2,1,alps4141,alps4141::alps_0eddb2ee0393_to_Equation2,resource_exhausted,resource_exhausted,resource_exhausted,False,False,False
alpha_03c0e3a624860cc3,alps4141::alps_b91f7bb36811_to_Equation2,1,alps4141,alps4141::alps_b91f7bb36811_to_Equation2,resource_exhausted,resource_exhausted,resource_exhausted,False,False,False
alpha_2b476bd0aacb8732,alps4141::alps_203238b4e220_to_Equation2,1,alps4141,alps4141::alps_203238b4e220_to_Equation2,resource_exhausted,resource_exhausted,resource_exhausted,False,False,False
alpha_b0721496d55cb6f8,alps4141::alps_649671c66e76_to_Equation2,1,alps4141,alps4141::alps_649671c66e76_to_Equation2,memory_limit,resource_exhausted,resource_exhausted,False,False,False
alpha_546d63b6eb5594e3,alps4141::alps_20304e976a85_to_Equation2,1,alps4141,alps4141::alps_20304e976a85_to_Equation2,resource_exhausted,resource_exhausted,resource_exhausted,False,False,False
alpha_f6c125f9d58c5732,alps4141::alps_7d7f9e156e8b_to_Equation2,1,alps4141,alps4141::alps_7d7f9e156e8b_to_Equation2,resource_exhausted,resource_exhausted,resource_exhausted,False,False,False
alpha_15ac3b95d9344d7a,alps4141::alps_a734a922304a_to_Equation2,1,alps4141,alps4141::alps_a734a922304a_to_Equation2,memory_limit,resource_exhausted,resource_exhausted,False,False,False
alpha_ff165939dcc34037,alps4141::alps_4019cef3c6c7_to_Equation2,1,alps4141,alps4141::alps_4019cef3c6c7_to_Equation2,resource_exhausted,resource_exhausted,resource_exhausted,False,False,False
alpha_b2963bb14fc49e7f,alps4141::alps_4198636e3fcc_to_Equation2,1,alps4141,alps4141::alps_4198636e3fcc_to_Equation2,resource_exhausted,resource_exhausted,resource_exhausted,False,False,False
alpha_0ff23741c280f9e9,alps4141::alps_fb2a6182dd62_to_Equation2,1,alps4141,alps4141::alps_fb2a6182dd62_to_Equation2,memory_limit,resource_exhausted,memory_limit,False,False,False
alpha_215857db0506b08e,alps4141::alps_95d34296355a_to_Equation2,1,alps4141,alps4141::alps_95d34296355a_to_Equation2,memory_limit,resource_exhausted,resource_exhausted,False,False,False
alpha_c287fa717e8070f9,alps4141::alps_ec119ef71d3a_to_Equation2,1,alps4141,alps4141::alps_ec119ef71d3a_to_Equation2,resource_exhausted,resource_exhausted,resource_exhausted,False,False,False
alpha_aa316b531fdb0ecc,alps4141::alps_7c0b1c68fc65_to_Equation2,1,alps4141,alps4141::alps_7c0b1c68fc65_to_Equation2,resource_exhausted,resource_exhausted,resource_exhausted,False,False,False
alpha_18bca8532c8ef2a1,alps4141::alps_4aa6ee7173fe_to_Equation2,1,alps4141,alps4141::alps_4aa6ee7173fe_to_Equation2,resource_exhausted,resource_exhausted,resource_exhausted,False,False,False
alpha_5ed1fb707261b486,alps4141::alps_f11c6ee392fb_to_Equation2,1,alps4141,alps4141::alps_f11c6ee392fb_to_Equation2,memory_limit,resource_exhausted,resource_exhausted,False,False,False
alpha_008b91049103e25e,alps4141::alps_030a749ae161_to_Equation2,1,alps4141,alps4141::alps_030a749ae161_to_Equation2,resource_exhausted,resource_exhausted,resource_exhausted,False,False,False
alpha_901d1e0b86309ab2,alps4141::alps_7aea5f5ece21_to_Equation2,1,alps4141,alps4141::alps_7aea5f5ece21_to_Equation2,resource_exhausted,resource_exhausted,resource_exhausted,False,False,False
alpha_2447253a6443f323,alps4141::alps_d5e0f09e1af3_to_Equation2,1,alps4141,alps4141::alps_d5e0f09e1af3_to_Equation2,resource_exhausted,resource_exhausted,resource_exhausted,False,False,False
alpha_930cfe9e155f98c2,alps4141::alps_d01b82b7f5e7_to_Equation2,1,alps4141,alps4141::alps_d01b82b7f5e7_to_Equation2,memory_limit,resource_exhausted,resource_exhausted,False,False,False
alpha_994dabd04ea2af83,alps4141::alps_8a2bd456de3d_to_Equation2,1,alps4141,alps4141::alps_8a2bd456de3d_to_Equation2,memory_limit,resource_exhausted,resource_exhausted,False,False,False
alpha_ca8d967377f20a05,alps4141::alps_36ce9a499bf9_to_Equation2,1,alps4141,alps4141::alps_36ce9a499bf9_to_Equation2,memory_limit,resource_exhausted,resource_exhausted,False,False,False
alpha_90cad6893cdff808,alps4141::alps_ac5fe0793901_to_Equation2,1,alps4141,alps4141::alps_ac5fe0793901_to_Equation2,memory_limit,resource_exhausted,resource_exhausted,False,False,False
alpha_86ba268306bc4e82,alps4141::alps_c2e957f6afbb_to_Equation2,1,alps4141,alps4141::alps_c2e957f6afbb_to_Equation2,memory_limit,resource_exhausted,resource_exhausted,False,False,False
alpha_373438a4014406af,alps4141::alps_6f32ae50d712_to_Equation2,1,alps4141,alps4141::alps_6f32ae50d712_to_Equation2,memory_limit,resource_exhausted,resource_exhausted,False,False,False
alpha_6d9bff39e2d5df1c,alps4141::alps_8d33e05bcf8d_to_Equation2,1,alps4141,alps4141::alps_8d33e05bcf8d_to_Equation2,memory_limit,resource_exhausted,resource_exhausted,False,False,False
alpha_1217b71f115a8852,alps4141::alps_1dac5a4b6815_to_Equation2,1,alps4141,alps4141::alps_1dac5a4b6815_to_Equation2,resource_exhausted,resource_exhausted,resource_exhausted,False,False,False
alpha_74d4127ed37f7ce4,alps4141::alps_5fc96f4fea19_to_Equation2,1,alps4141,alps4141::alps_5fc96f4fea19_to_Equation2,memory_limit,resource_exhausted,resource_exhausted,False,False,False
alpha_9ee5d3f8d11b0e93,alps4141::alps_c3984e663fb6_to_Equation2,1,alps4141,alps4141::alps_c3984e663fb6_to_Equation2,memory_limit,resource_exhausted,resource_exhausted,False,False,False
alpha_916ef5f151b29628,alps4141::alps_5f32dcf344b0_to_Equation2,1,alps4141,alps4141::alps_5f32dcf344b0_to_Equation2,memory_limit,resource_exhausted,resource_exhausted,False,False,False
alpha_e7dfa45d0f26739e,alps4141::alps_13ec490625f4_to_Equation2,1,alps4141,alps4141::alps_13ec490625f4_to_Equation2,memory_limit,resource_exhausted,resource_exhausted,False,False,False
alpha_0dcdcf3518481eea,alps4141::alps_5535cf80131d_to_Equation2,1,alps4141,alps4141::alps_5535cf80131d_to_Equation2,memory_limit,resource_exhausted,resource_exhausted,False,False,False
alpha_08b07ab01461b5ca,alps4141::alps_6c80b582a5ee_to_Equation2,1,alps4141,alps4141::alps_6c80b582a5ee_to_Equation2,memory_limit,resource_exhausted,memory_limit,False,False,False
alpha_1e435dbebf028be9,alps4141::alps_ea6369241b31_to_Equation2,1,alps4141,alps4141::alps_ea6369241b31_to_Equation2,memory_limit,resource_exhausted,memory_limit,False,False,False
alpha_defa55e44db69e7e,alps4141::alps_523a1a64bd8e_to_Equation2,1,alps4141,alps4141::alps_523a1a64bd8e_to_Equation2,memory_limit,resource_exhausted,memory_limit,False,False,False
alpha_516183383063b1b6,alps4141::alps_ef9b5b9da79b_to_Equation2,1,alps4141,alps4141::alps_ef9b5b9da79b_to_Equation2,memory_limit,resource_exhausted,resource_exhausted,False,False,False
alpha_0c87e1e4ea49fb8e,alps4141::alps_364041c1c1a7_to_Equation2,1,alps4141,alps4141::alps_364041c1c1a7_to_Equation2,memory_limit,resource_exhausted,memory_limit,False,False,False
alpha_d16c816faec681ca,alps4141::alps_2a2a9b5a8b8c_to_Equation2,1,alps4141,alps4141::alps_2a2a9b5a8b8c_to_Equation2,memory_limit,resource_exhausted,resource_exhausted,False,False,False
alpha_de9bd2e3ff167957,alps4141::alps_bbbe2e98d976_to_Equation2,1,alps4141,alps4141::alps_bbbe2e98d976_to_Equation2,memory_limit,resource_exhausted,resource_exhausted,False,False,False
alpha_749c84fa989ad16d,alps4141::alps_f1a3542988ca_to_Equation2,1,alps4141,alps4141::alps_f1a3542988ca_to_Equation2,memory_limit,resource_exhausted,memory_limit,False,False,False
alpha_1f63094e48c6eeaa,alps4141::alps_84ba36933a8d_to_Equation2,1,alps4141,alps4141::alps_84ba36933a8d_to_Equation2,memory_limit,resource_exhausted,resource_exhausted,False,False,False
alpha_6ce15e3fdb98f1d9,alps4141::alps_6bb0cdb4e3ed_to_Equation2,1,alps4141,alps4141::alps_6bb0cdb4e3ed_to_Equation2,memory_limit,resource_exhausted,memory_limit,False,False,False
alpha_d08ae6728818f7a8,alps4141::alps_22ed4188e326_to_Equation2,1,alps4141,alps4141::alps_22ed4188e326_to_Equation2,memory_limit,resource_exhausted,resource_exhausted,False,False,False
alpha_57c018bf89837c40,alps4141::alps_98772686ba3a_to_Equation2,1,alps4141,alps4141::alps_98772686ba3a_to_Equation2,memory_limit,resource_exhausted,resource_exhausted,False,False,False
alpha_450e790b4d7eccc4,alps4141::alps_7fac92467d67_to_Equation2,1,alps4141,alps4141::alps_7fac92467d67_to_Equation2,memory_limit,resource_exhausted,memory_limit,False,False,False
alpha_12b3954573f9773b,alps4141::alps_6317f3657a02_to_Equation2,1,alps4141,alps4141::alps_6317f3657a02_to_Equation2,resource_exhausted,resource_exhausted,resource_exhausted,False,False,False
alpha_9f4a0f08050adc05,austin96::order5_austin_unknown_E11081_to_E2,2,alps4141+austin96,austin96::order5_austin_unknown_E11081_to_E2 | alps4141::alps_3def433c8689_to_Equation2,memory_limit,resource_exhausted,resource_exhausted,False,False,False
alpha_dc0131af8653839b,austin96::order5_austin_unknown_E11082_to_E2,2,alps4141+austin96,austin96::order5_austin_unknown_E11082_to_E2 | alps4141::alps_e94d0c64acd8_to_Equation2,memory_limit,resource_exhausted,resource_exhausted,False,False,False
alpha_0ca413b3cb147e1d,alps4141::alps_580cf9ee0721_to_Equation2,1,alps4141,alps4141::alps_580cf9ee0721_to_Equation2,memory_limit,resource_exhausted,resource_exhausted,False,False,False
alpha_d59e77657e3fe934,alps4141::alps_b76544d04714_to_Equation2,1,alps4141,alps4141::alps_b76544d04714_to_Equation2,resource_exhausted,resource_exhausted,resource_exhausted,False,False,False
alpha_3c64b45beeabca9c,alps4141::alps_a0a67803434c_to_Equation2,1,alps4141,alps4141::alps_a0a67803434c_to_Equation2,memory_limit,resource_exhausted,resource_exhausted,False,False,False
alpha_6a9c194da6a9d364,alps4141::alps_6387fe5188f3_to_Equation2,1,alps4141,alps4141::alps_6387fe5188f3_to_Equation2,resource_exhausted,resource_exhausted,memory_limit,False,False,False
alpha_ae36389b875276c4,alps4141::alps_c30ba9be21f5_to_Equation2,1,alps4141,alps4141::alps_c30ba9be21f5_to_Equation2,completed_no_decisive_result,resource_exhausted,memory_limit,False,False,False
alpha_703fa96512c859d9,alps4141::alps_bfa91ebfcf2b_to_Equation2,1,alps4141,alps4141::alps_bfa91ebfcf2b_to_Equation2,memory_limit,resource_exhausted,memory_limit,False,False,False
alpha_db549d859481abd0,alps4141::alps_7fe8454dd56b_to_Equation2,1,alps4141,alps4141::alps_7fe8454dd56b_to_Equation2,memory_limit,resource_exhausted,resource_exhausted,False,False,False
alpha_34fdb59b3ebfeb46,alps4141::alps_e8a2c72f89e9_to_Equation2,1,alps4141,alps4141::alps_e8a2c72f89e9_to_Equation2,memory_limit,resource_exhausted,resource_exhausted,False,False,False
alpha_c52d76fd66cc4f77,alps4141::alps_e37881f78193_to_Equation2,1,alps4141,alps4141::alps_e37881f78193_to_Equation2,memory_limit,resource_exhausted,resource_exhausted,False,False,False
alpha_6166272b7948dabe,alps4141::alps_20599ce8fbb0_to_Equation2,1,alps4141,alps4141::alps_20599ce8fbb0_to_Equation2,memory_limit,resource_exhausted,resource_exhausted,False,False,False
alpha_18995e70625c55d1,alps4141::alps_6726ebdc2ac1_to_Equation2,1,alps4141,alps4141::alps_6726ebdc2ac1_to_Equation2,memory_limit,resource_exhausted,resource_exhausted,False,False,False
alpha_c1c456b5cf943797,alps4141::alps_f4a5e2fcd3ad_to_Equation2,1,alps4141,alps4141::alps_f4a5e2fcd3ad_to_Equation2,memory_limit,resource_exhausted,resource_exhausted,False,False,False
alpha_6732c1159292d34f,alps4141::alps_284f14ecb868_to_Equation2,1,alps4141,alps4141::alps_284f14ecb868_to_Equation2,memory_limit,resource_exhausted,resource_exhausted,False,False,False
alpha_ffc7d41a92780814,alps4141::alps_46a955bbe7ec_to_Equation2,1,alps4141,alps4141::alps_46a955bbe7ec_to_Equation2,memory_limit,resource_exhausted,resource_exhausted,False,False,False
alpha_3af0dae743990601,alps4141::alps_bf7536a6e3e8_to_Equation2,1,alps4141,alps4141::alps_bf7536a6e3e8_to_Equation2,memory_limit,resource_exhausted,resource_exhausted,False,False,False
alpha_ea4ad262c845f1cc,alps4141::alps_629192c48fc0_to_Equation2,1,alps4141,alps4141::alps_629192c48fc0_to_Equation2,resource_exhausted,resource_exhausted,resource_exhausted,False,False,False
alpha_ff3a1bcb08252766,alps4141::alps_dd1900534869_to_Equation2,1,alps4141,alps4141::alps_dd1900534869_to_Equation2,memory_limit,resource_exhausted,resource_exhausted,False,False,False
alpha_0651577f23ef0aad,alps4141::alps_48329ddca6c7_to_Equation2,1,alps4141,alps4141::alps_48329ddca6c7_to_Equation2,memory_limit,resource_exhausted,resource_exhausted,False,False,False
alpha_9abfea39247a7a91,alps4141::alps_0d516a2121d8_to_Equation2,1,alps4141,alps4141::alps_0d516a2121d8_to_Equation2,memory_limit,resource_exhausted,resource_exhausted,False,False,False
alpha_7fc9edfdaf6b34e4,alps4141::alps_52c3c7c78785_to_Equation2,1,alps4141,alps4141::alps_52c3c7c78785_to_Equation2,memory_limit,resource_exhausted,resource_exhausted,False,False,False
alpha_692abafc454fa74e,alps4141::alps_ae5a09209449_to_Equation2,1,alps4141,alps4141::alps_ae5a09209449_to_Equation2,memory_limit,resource_exhausted,resource_exhausted,False,False,False
alpha_58582da009d3792e,alps4141::alps_04e1dce455c7_to_Equation2,1,alps4141,alps4141::alps_04e1dce455c7_to_Equation2,memory_limit,resource_exhausted,memory_limit,False,False,False
alpha_15d2f7813be11b94,alps4141::alps_4a17daeed3e2_to_Equation2,1,alps4141,alps4141::alps_4a17daeed3e2_to_Equation2,memory_limit,resource_exhausted,memory_limit,False,False,False
alpha_82bc86403f3089c1,alps4141::alps_af395519b555_to_Equation2,1,alps4141,alps4141::alps_af395519b555_to_Equation2,memory_limit,resource_exhausted,resource_exhausted,False,False,False
alpha_2cb36bb1ddcfc84a,alps4141::alps_4af891b01888_to_Equation2,1,alps4141,alps4141::alps_4af891b01888_to_Equation2,memory_limit,resource_exhausted,resource_exhausted,False,False,False
alpha_772278bd9793f952,alps4141::alps_2a62c5da70e5_to_Equation2,1,alps4141,alps4141::alps_2a62c5da70e5_to_Equation2,resource_exhausted,resource_exhausted,resource_exhausted,False,False,False
alpha_f088dd782366bff0,alps4141::alps_33cea6ca8c02_to_Equation2,1,alps4141,alps4141::alps_33cea6ca8c02_to_Equation2,resource_exhausted,resource_exhausted,resource_exhausted,False,False,False
alpha_6c9e43e22a8d42b4,alps4141::alps_090d3d19f8f5_to_Equation2,1,alps4141,alps4141::alps_090d3d19f8f5_to_Equation2,memory_limit,resource_exhausted,resource_exhausted,False,False,False
alpha_926a38538996af2c,alps4141::alps_1e034f3eaa53_to_Equation2,1,alps4141,alps4141::alps_1e034f3eaa53_to_Equation2,memory_limit,resource_exhausted,resource_exhausted,False,False,False
alpha_cb2ffc148cf3e07d,alps4141::alps_4bfcb0bed4a3_to_Equation2,1,alps4141,alps4141::alps_4bfcb0bed4a3_to_Equation2,memory_limit,resource_exhausted,memory_limit,False,False,False
alpha_d79b6984e2c3b07c,alps4141::alps_23cce10c1d37_to_Equation2,1,alps4141,alps4141::alps_23cce10c1d37_to_Equation2,memory_limit,resource_exhausted,memory_limit,False,False,False
alpha_2fe7530e8ca9c4ca,alps4141::alps_71c67a99162f_to_Equation2,1,alps4141,alps4141::alps_71c67a99162f_to_Equation2,memory_limit,resource_exhausted,memory_limit,False,False,False
alpha_7478a488f3361680,alps4141::alps_a8376bde673e_to_Equation2,1,alps4141,alps4141::alps_a8376bde673e_to_Equation2,memory_limit,resource_exhausted,memory_limit,False,False,False
alpha_3a5364be4d1d1f20,alps4141::alps_e85a59bffa2d_to_Equation2,1,alps4141,alps4141::alps_e85a59bffa2d_to_Equation2,memory_limit,resource_exhausted,resource_exhausted,False,False,False
alpha_074224e833be9627,austin96::order5_austin_unknown_E12883_to_E2,1,austin96,austin96::order5_austin_unknown_E12883_to_E2,resource_exhausted,resource_exhausted,resource_exhausted,False,False,False
alpha_d955b967dde47bfc,alps4141::alps_1d7db3a5def9_to_Equation2,1,alps4141,alps4141::alps_1d7db3a5def9_to_Equation2,resource_exhausted,resource_exhausted,resource_exhausted,False,False,False
alpha_c562e1543be7610e,alps4141::alps_61e07b5f668f_to_Equation2,1,alps4141,alps4141::alps_61e07b5f668f_to_Equation2,memory_limit,resource_exhausted,resource_exhausted,False,False,False
alpha_782e398e3e7744a5,alps4141::alps_ac5857b05da4_to_Equation2,1,alps4141,alps4141::alps_ac5857b05da4_to_Equation2,resource_exhausted,resource_exhausted,resource_exhausted,False,False,False
alpha_23506b79fd265e92,alps4141::alps_3c617232ca47_to_Equation2,1,alps4141,alps4141::alps_3c617232ca47_to_Equation2,resource_exhausted,resource_exhausted,resource_exhausted,False,False,False
alpha_a34ff4d9fef5a280,alps4141::alps_5bbd90e02bae_to_Equation2,1,alps4141,alps4141::alps_5bbd90e02bae_to_Equation2,resource_exhausted,theorem,theorem,True,False,False
alpha_cea92a6df200d29e,generality34::order5_unknown_finite_status24_E13102_to_E2,1,generality34,generality34::order5_unknown_finite_status24_E13102_to_E2,resource_exhausted,resource_exhausted,resource_exhausted,False,False,False
alpha_6cbcf92ed10040d9,alps4141::alps_2798bcf5d06f_to_Equation2,1,alps4141,alps4141::alps_2798bcf5d06f_to_Equation2,memory_limit,resource_exhausted,resource_exhausted,False,False,False
alpha_74bd055c0e71ca40,alps4141::alps_f017d50064f9_to_Equation2,1,alps4141,alps4141::alps_f017d50064f9_to_Equation2,resource_exhausted,resource_exhausted,resource_exhausted,False,False,False
alpha_105333c89f9e54f6,alps4141::alps_b027b76d338c_to_Equation2,1,alps4141,alps4141::alps_b027b76d338c_to_Equation2,memory_limit,resource_exhausted,resource_exhausted,False,False,False
alpha_0eb4e5c5a2ea5cda,alps4141::alps_55ed25040351_to_Equation2,1,alps4141,alps4141::alps_55ed25040351_to_Equation2,resource_exhausted,resource_exhausted,resource_exhausted,False,False,False
alpha_fd10b8f97437b71b,alps4141::alps_23431e6f7d7a_to_Equation2,1,alps4141,alps4141::alps_23431e6f7d7a_to_Equation2,memory_limit,resource_exhausted,memory_limit,False,False,False
alpha_b548190998cc35c9,alps4141::alps_34dfef8c30a5_to_Equation2,1,alps4141,alps4141::alps_34dfef8c30a5_to_Equation2,memory_limit,resource_exhausted,memory_limit,False,False,False
alpha_78b474cc5dee272e,alps4141::alps_064aa3a3a8d0_to_Equation2,1,alps4141,alps4141::alps_064aa3a3a8d0_to_Equation2,memory_limit,resource_exhausted,resource_exhausted,False,False,False
alpha_90083d1afa888cd9,alps4141::alps_c97e8621cdb6_to_Equation2,1,alps4141,alps4141::alps_c97e8621cdb6_to_Equation2,memory_limit,resource_exhausted,memory_limit,False,False,False
alpha_6d149df0653dd8bb,alps4141::alps_62646f1353a4_to_Equation2,1,alps4141,alps4141::alps_62646f1353a4_to_Equation2,resource_exhausted,resource_exhausted,resource_exhausted,False,False,False
alpha_e55c633162554641,alps4141::alps_fd4f09aac1ae_to_Equation2,1,alps4141,alps4141::alps_fd4f09aac1ae_to_Equation2,memory_limit,resource_exhausted,memory_limit,False,False,False
alpha_a7ac635f109d4476,alps4141::alps_3cca8448fe23_to_Equation2,1,alps4141,alps4141::alps_3cca8448fe23_to_Equation2,resource_exhausted,resource_exhausted,resource_exhausted,False,False,False
alpha_d56a02e5732cce49,alps4141::alps_f11ab2abc3fa_to_Equation2,1,alps4141,alps4141::alps_f11ab2abc3fa_to_Equation2,memory_limit,resource_exhausted,resource_exhausted,False,False,False
alpha_93522f658f53c3a2,austin96::order5_austin_unknown_E11116_to_E2,2,alps4141+austin96,austin96::order5_austin_unknown_E11116_to_E2 | alps4141::alps_5783943b4587_to_Equation2,memory_limit,resource_exhausted,memory_limit,False,False,False
alpha_7a4ac5f08d2d367e,alps4141::alps_b403ade3cefe_to_Equation2,1,alps4141,alps4141::alps_b403ade3cefe_to_Equation2,resource_exhausted,resource_exhausted,resource_exhausted,False,False,False
alpha_fb9be949c10f1e75,alps4141::alps_88b1dc63f509_to_Equation2,1,alps4141,alps4141::alps_88b1dc63f509_to_Equation2,memory_limit,resource_exhausted,resource_exhausted,False,False,False
alpha_79cb9fbc2849ce4d,alps4141::alps_87cbd77414ad_to_Equation2,1,alps4141,alps4141::alps_87cbd77414ad_to_Equation2,resource_exhausted,resource_exhausted,resource_exhausted,False,False,False
alpha_c741345b768f8eab,alps4141::alps_ea331acf4810_to_Equation2,1,alps4141,alps4141::alps_ea331acf4810_to_Equation2,resource_exhausted,resource_exhausted,resource_exhausted,False,False,False
alpha_1df8078bfd51d196,alps4141::alps_f000ea708992_to_Equation2,1,alps4141,alps4141::alps_f000ea708992_to_Equation2,resource_exhausted,resource_exhausted,resource_exhausted,False,False,False
alpha_dd4c2cbfcacda30c,alps4141::alps_b58fc4e36076_to_Equation2,1,alps4141,alps4141::alps_b58fc4e36076_to_Equation2,memory_limit,resource_exhausted,resource_exhausted,False,False,False
alpha_7471971a9ecde410,alps4141::alps_20b99cda3bd1_to_Equation2,1,alps4141,alps4141::alps_20b99cda3bd1_to_Equation2,memory_limit,resource_exhausted,resource_exhausted,False,False,False
alpha_58512d5929ae5da1,alps4141::alps_80175e486bdb_to_Equation2,1,alps4141,alps4141::alps_80175e486bdb_to_Equation2,memory_limit,resource_exhausted,memory_limit,False,False,False
alpha_ca7afcb2de250962,alps4141::alps_b58ebc64a156_to_Equation2,1,alps4141,alps4141::alps_b58ebc64a156_to_Equation2,memory_limit,resource_exhausted,resource_exhausted,False,False,False
alpha_6b72cedbe3b0b8b4,alps4141::alps_1f100cbf44c1_to_Equation2,1,alps4141,alps4141::alps_1f100cbf44c1_to_Equation2,resource_exhausted,resource_exhausted,resource_exhausted,False,False,False
alpha_44217a5e4541ee00,alps4141::alps_8b6bd30603a4_to_Equation2,1,alps4141,alps4141::alps_8b6bd30603a4_to_Equation2,memory_limit,resource_exhausted,resource_exhausted,False,False,False
alpha_01ba946577ef8c9b,alps4141::alps_d558fa6de06a_to_Equation2,1,alps4141,alps4141::alps_d558fa6de06a_to_Equation2,memory_limit,resource_exhausted,resource_exhausted,False,False,False
alpha_938932f605b06786,alps4141::alps_a9fad661c89a_to_Equation2,1,alps4141,alps4141::alps_a9fad661c89a_to_Equation2,memory_limit,resource_exhausted,memory_limit,False,False,False
alpha_ca2ee56576796db6,alps4141::alps_ebbf64346663_to_Equation2,1,alps4141,alps4141::alps_ebbf64346663_to_Equation2,memory_limit,resource_exhausted,resource_exhausted,False,False,False
alpha_0bc400410929ac52,alps4141::alps_9bceb2d8a30d_to_Equation2,1,alps4141,alps4141::alps_9bceb2d8a30d_to_Equation2,memory_limit,resource_exhausted,resource_exhausted,False,False,False
alpha_0085ddae61aa1887,alps4141::alps_d949d1792e0a_to_Equation2,1,alps4141,alps4141::alps_d949d1792e0a_to_Equation2,memory_limit,resource_exhausted,resource_exhausted,False,False,False
alpha_2da6be26a65b8791,alps4141::alps_2b9ed26ca060_to_Equation2,1,alps4141,alps4141::alps_2b9ed26ca060_to_Equation2,memory_limit,resource_exhausted,memory_limit,False,False,False
alpha_c1c92bc36a286ff2,alps4141::alps_91acf7258cd0_to_Equation2,1,alps4141,alps4141::alps_91acf7258cd0_to_Equation2,resource_exhausted,resource_exhausted,resource_exhausted,False,False,False
alpha_adcbf2d71165fd1c,alps4141::alps_ec5802a38628_to_Equation2,1,alps4141,alps4141::alps_ec5802a38628_to_Equation2,memory_limit,resource_exhausted,resource_exhausted,False,False,False
alpha_8fbd452f23d8c5a0,alps4141::alps_c8fff0dcc34c_to_Equation2,1,alps4141,alps4141::alps_c8fff0dcc34c_to_Equation2,memory_limit,resource_exhausted,resource_exhausted,False,False,False
alpha_e57de638f9d37020,alps4141::alps_862a98b6dd83_to_Equation2,1,alps4141,alps4141::alps_862a98b6dd83_to_Equation2,memory_limit,resource_exhausted,resource_exhausted,False,False,False
alpha_90fd45fa52a78881,alps4141::alps_a4f163440d43_to_Equation2,1,alps4141,alps4141::alps_a4f163440d43_to_Equation2,resource_exhausted,resource_exhausted,resource_exhausted,False,False,False
alpha_c9c4c41fca238132,alps4141::alps_c967e11aca97_to_Equation2,1,alps4141,alps4141::alps_c967e11aca97_to_Equation2,memory_limit,resource_exhausted,resource_exhausted,False,False,False
alpha_8fe268b47d435e14,alps4141::alps_fb3c5e06e48a_to_Equation2,1,alps4141,alps4141::alps_fb3c5e06e48a_to_Equation2,memory_limit,resource_exhausted,resource_exhausted,False,False,False
alpha_06727ebe99006944,alps4141::alps_c9cc4acf8363_to_Equation2,1,alps4141,alps4141::alps_c9cc4acf8363_to_Equation2,memory_limit,resource_exhausted,memory_limit,False,False,False
alpha_43f304a3e1860de1,alps4141::alps_0ba95cfdf1ac_to_Equation2,1,alps4141,alps4141::alps_0ba95cfdf1ac_to_Equation2,memory_limit,resource_exhausted,resource_exhausted,False,False,False
alpha_7c18f4c3f7153f5e,alps4141::alps_4457471d3f00_to_Equation2,1,alps4141,alps4141::alps_4457471d3f00_to_Equation2,memory_limit,resource_exhausted,resource_exhausted,False,False,False
alpha_71479ef0885e16f1,alps4141::alps_868b6435d289_to_Equation2,1,alps4141,alps4141::alps_868b6435d289_to_Equation2,memory_limit,resource_exhausted,memory_limit,False,False,False
alpha_6dadb9aa6c616c44,alps4141::alps_a351c33de8ad_to_Equation2,1,alps4141,alps4141::alps_a351c33de8ad_to_Equation2,memory_limit,resource_exhausted,memory_limit,False,False,False
alpha_18e773bfeef7d80d,alps4141::alps_2cb2247d3f8c_to_Equation2,1,alps4141,alps4141::alps_2cb2247d3f8c_to_Equation2,memory_limit,resource_exhausted,memory_limit,False,False,False
alpha_0ad576a5fafb197e,alps4141::alps_79c795c85351_to_Equation2,1,alps4141,alps4141::alps_79c795c85351_to_Equation2,memory_limit,resource_exhausted,memory_limit,False,False,False
alpha_53052887aa332060,alps4141::alps_5a4d28a9a835_to_Equation2,1,alps4141,alps4141::alps_5a4d28a9a835_to_Equation2,resource_exhausted,resource_exhausted,resource_exhausted,False,False,False
alpha_978c5626ed40a411,alps4141::alps_638abb107024_to_Equation2,1,alps4141,alps4141::alps_638abb107024_to_Equation2,memory_limit,resource_exhausted,resource_exhausted,False,False,False
alpha_cce75f6ee5a45143,alps4141::alps_c63ee7336a94_to_Equation2,1,alps4141,alps4141::alps_c63ee7336a94_to_Equation2,memory_limit,resource_exhausted,resource_exhausted,False,False,False
alpha_bff4e7cf1a65b750,alps4141::alps_9d6d66da99fa_to_Equation2,1,alps4141,alps4141::alps_9d6d66da99fa_to_Equation2,resource_exhausted,resource_exhausted,resource_exhausted,False,False,False
alpha_cbf276774a358757,alps4141::alps_4c34a11d7a2e_to_Equation2,1,alps4141,alps4141::alps_4c34a11d7a2e_to_Equation2,resource_exhausted,resource_exhausted,resource_exhausted,False,False,False
alpha_7fa6f49592a778b3,alps4141::alps_6c13328e5039_to_Equation2,1,alps4141,alps4141::alps_6c13328e5039_to_Equation2,memory_limit,resource_exhausted,resource_exhausted,False,False,False
alpha_a8b67bb96e7b5660,alps4141::alps_b265acb1bf62_to_Equation2,1,alps4141,alps4141::alps_b265acb1bf62_to_Equation2,memory_limit,resource_exhausted,resource_exhausted,False,False,False
alpha_89d93e4822453552,alps4141::alps_03e1977ef080_to_Equation2,1,alps4141,alps4141::alps_03e1977ef080_to_Equation2,resource_exhausted,resource_exhausted,resource_exhausted,False,False,False
alpha_7f0b550a14e77eb1,alps4141::alps_afa8cd428226_to_Equation2,1,alps4141,alps4141::alps_afa8cd428226_to_Equation2,memory_limit,resource_exhausted,memory_limit,False,False,False
alpha_46c7d216fda83f92,alps4141::alps_b35dcce06f3f_to_Equation2,1,alps4141,alps4141::alps_b35dcce06f3f_to_Equation2,resource_exhausted,resource_exhausted,resource_exhausted,False,False,False
alpha_08415ffe693df9b7,alps4141::alps_931a04ec821b_to_Equation2,1,alps4141,alps4141::alps_931a04ec821b_to_Equation2,memory_limit,resource_exhausted,resource_exhausted,False,False,False
alpha_ef83243f30989a35,alps4141::alps_1a2131cd61e8_to_Equation2,1,alps4141,alps4141::alps_1a2131cd61e8_to_Equation2,memory_limit,resource_exhausted,resource_exhausted,False,False,False
alpha_e260f157d81e4131,alps4141::alps_13f279446c2d_to_Equation2,1,alps4141,alps4141::alps_13f279446c2d_to_Equation2,memory_limit,resource_exhausted,memory_limit,False,False,False
alpha_59292efc69ae2d8b,alps4141::alps_8615ef24e4c8_to_Equation2,1,alps4141,alps4141::alps_8615ef24e4c8_to_Equation2,memory_limit,resource_exhausted,resource_exhausted,False,False,False
alpha_43d49d4984a2e301,alps4141::alps_f8955c70b665_to_Equation2,1,alps4141,alps4141::alps_f8955c70b665_to_Equation2,resource_exhausted,resource_exhausted,resource_exhausted,False,False,False
alpha_61e2d67f2e007d95,alps4141::alps_1e7108e25bb2_to_Equation2,1,alps4141,alps4141::alps_1e7108e25bb2_to_Equation2,resource_exhausted,resource_exhausted,resource_exhausted,False,False,False
alpha_7c2be1e3f8ac52c7,alps4141::alps_b460e10500a0_to_Equation2,1,alps4141,alps4141::alps_b460e10500a0_to_Equation2,memory_limit,resource_exhausted,resource_exhausted,False,False,False
alpha_a658b13e63ee8b10,alps4141::alps_5a69b2922737_to_Equation2,1,alps4141,alps4141::alps_5a69b2922737_to_Equation2,memory_limit,resource_exhausted,resource_exhausted,False,False,False
alpha_b86f254aaedc9b04,alps4141::alps_79607aadb5b4_to_Equation2,1,alps4141,alps4141::alps_79607aadb5b4_to_Equation2,memory_limit,resource_exhausted,resource_exhausted,False,False,False
alpha_9a7e69a4569d3195,alps4141::alps_82577a959083_to_Equation2,1,alps4141,alps4141::alps_82577a959083_to_Equation2,memory_limit,resource_exhausted,resource_exhausted,False,False,False
alpha_25312fe8f3333c18,alps4141::alps_370930fca5ad_to_Equation2,1,alps4141,alps4141::alps_370930fca5ad_to_Equation2,memory_limit,resource_exhausted,resource_exhausted,False,False,False
alpha_727826128c580e5c,alps4141::alps_b9ea8607d1cc_to_Equation2,1,alps4141,alps4141::alps_b9ea8607d1cc_to_Equation2,resource_exhausted,resource_exhausted,resource_exhausted,False,False,False
alpha_d9c315320d28db93,alps4141::alps_4e9e81b69ddc_to_Equation2,1,alps4141,alps4141::alps_4e9e81b69ddc_to_Equation2,memory_limit,resource_exhausted,resource_exhausted,False,False,False
alpha_ed9917b24ab65c12,alps4141::alps_1e478f7235b3_to_Equation2,1,alps4141,alps4141::alps_1e478f7235b3_to_Equation2,memory_limit,resource_exhausted,memory_limit,False,False,False
alpha_c2d1970ca2946eb2,alps4141::alps_b867391d4367_to_Equation2,1,alps4141,alps4141::alps_b867391d4367_to_Equation2,memory_limit,resource_exhausted,resource_exhausted,False,False,False
alpha_c4205ad46b1889aa,alps4141::alps_b8090143fa9b_to_Equation2,1,alps4141,alps4141::alps_b8090143fa9b_to_Equation2,memory_limit,resource_exhausted,resource_exhausted,False,False,False
alpha_92a098dd4637f155,alps4141::alps_65431366f93d_to_Equation2,1,alps4141,alps4141::alps_65431366f93d_to_Equation2,resource_exhausted,resource_exhausted,resource_exhausted,False,False,False
alpha_03529a3c27200559,alps4141::alps_8f2af4531de4_to_Equation2,1,alps4141,alps4141::alps_8f2af4531de4_to_Equation2,memory_limit,resource_exhausted,resource_exhausted,False,False,False
alpha_5eeac11833cd1e9b,alps4141::alps_d100fcb3c5cc_to_Equation2,1,alps4141,alps4141::alps_d100fcb3c5cc_to_Equation2,resource_exhausted,resource_exhausted,resource_exhausted,False,False,False
alpha_9f5237d832176d27,alps4141::alps_8a55716daba7_to_Equation2,1,alps4141,alps4141::alps_8a55716daba7_to_Equation2,memory_limit,resource_exhausted,resource_exhausted,False,False,False
alpha_e5f5d62a9c48d873,alps4141::alps_2efa60b3d14e_to_Equation2,1,alps4141,alps4141::alps_2efa60b3d14e_to_Equation2,memory_limit,resource_exhausted,resource_exhausted,False,False,False
alpha_c3452b5473964d7f,alps4141::alps_6a9dfb14e301_to_Equation2,1,alps4141,alps4141::alps_6a9dfb14e301_to_Equation2,resource_exhausted,resource_exhausted,resource_exhausted,False,False,False
alpha_8abc742857e63c3b,alps4141::alps_e606005dc7a4_to_Equation2,1,alps4141,alps4141::alps_e606005dc7a4_to_Equation2,memory_limit,resource_exhausted,memory_limit,False,False,False
alpha_6b4db6e21de45ff4,alps4141::alps_e47adb790244_to_Equation2,1,alps4141,alps4141::alps_e47adb790244_to_Equation2,memory_limit,resource_exhausted,memory_limit,False,False,False
alpha_87272ac76d877bcd,alps4141::alps_86693653fe5b_to_Equation2,1,alps4141,alps4141::alps_86693653fe5b_to_Equation2,memory_limit,resource_exhausted,resource_exhausted,False,False,False
alpha_cf049dd6c62d5598,alps4141::alps_9b153cb09944_to_Equation2,1,alps4141,alps4141::alps_9b153cb09944_to_Equation2,memory_limit,resource_exhausted,resource_exhausted,False,False,False
alpha_27459fb5d9ed7c05,alps4141::alps_dba59e67c94b_to_Equation2,1,alps4141,alps4141::alps_dba59e67c94b_to_Equation2,memory_limit,resource_exhausted,resource_exhausted,False,False,False
alpha_a8d1546b9ce36dcd,alps4141::alps_8c533a26ebc1_to_Equation2,1,alps4141,alps4141::alps_8c533a26ebc1_to_Equation2,memory_limit,resource_exhausted,resource_exhausted,False,False,False
alpha_5eaf969135dc4b65,alps4141::alps_f4bc0967e7b5_to_Equation2,1,alps4141,alps4141::alps_f4bc0967e7b5_to_Equation2,memory_limit,resource_exhausted,memory_limit,False,False,False
alpha_7dac8305d9982fa1,alps4141::alps_cbf70d7e86e2_to_Equation2,1,alps4141,alps4141::alps_cbf70d7e86e2_to_Equation2,resource_exhausted,resource_exhausted,resource_exhausted,False,False,False
alpha_c1778a8a786e7068,alps4141::alps_97745a894105_to_Equation2,1,alps4141,alps4141::alps_97745a894105_to_Equation2,memory_limit,resource_exhausted,resource_exhausted,False,False,False
alpha_f89fd3523b24adf6,alps4141::alps_1d8bd8a1cba9_to_Equation2,1,alps4141,alps4141::alps_1d8bd8a1cba9_to_Equation2,resource_exhausted,resource_exhausted,resource_exhausted,False,False,False
alpha_b1faa7db076530bb,alps4141::alps_bd6a1e1155c5_to_Equation2,1,alps4141,alps4141::alps_bd6a1e1155c5_to_Equation2,memory_limit,resource_exhausted,resource_exhausted,False,False,False
alpha_101bf1ad2896c4cf,alps4141::alps_c30a288ea278_to_Equation2,1,alps4141,alps4141::alps_c30a288ea278_to_Equation2,memory_limit,resource_exhausted,memory_limit,False,False,False
alpha_907d452421f25e27,alps4141::alps_3f5998525150_to_Equation2,1,alps4141,alps4141::alps_3f5998525150_to_Equation2,memory_limit,resource_exhausted,memory_limit,False,False,False
alpha_2e3ced932de86859,alps4141::alps_19f40bb52631_to_Equation2,1,alps4141,alps4141::alps_19f40bb52631_to_Equation2,resource_exhausted,resource_exhausted,resource_exhausted,False,False,False
alpha_1b18df6af2c8c15b,alps4141::alps_44c5ab879377_to_Equation2,1,alps4141,alps4141::alps_44c5ab879377_to_Equation2,memory_limit,resource_exhausted,memory_limit,False,False,False
alpha_509acc2556775735,alps4141::alps_830cb2128964_to_Equation2,1,alps4141,alps4141::alps_830cb2128964_to_Equation2,memory_limit,resource_exhausted,resource_exhausted,False,False,False
alpha_90073f2daf66bce4,alps4141::alps_b5c2309b416f_to_Equation2,1,alps4141,alps4141::alps_b5c2309b416f_to_Equation2,memory_limit,resource_exhausted,resource_exhausted,False,False,False
alpha_d643b7e073830955,alps4141::alps_826306297791_to_Equation2,1,alps4141,alps4141::alps_826306297791_to_Equation2,memory_limit,resource_exhausted,resource_exhausted,False,False,False
alpha_d2037e9ac228a484,alps4141::alps_0fd407bd2d03_to_Equation2,1,alps4141,alps4141::alps_0fd407bd2d03_to_Equation2,memory_limit,resource_exhausted,resource_exhausted,False,False,False
alpha_eaf43c5fda5a2bfe,alps4141::alps_3a47cacfc374_to_Equation2,1,alps4141,alps4141::alps_3a47cacfc374_to_Equation2,memory_limit,resource_exhausted,memory_limit,False,False,False
alpha_52b6d5a29d87c50d,alps4141::alps_f6fe2622b5e3_to_Equation2,1,alps4141,alps4141::alps_f6fe2622b5e3_to_Equation2,memory_limit,resource_exhausted,resource_exhausted,False,False,False
alpha_0894fa66243439a1,alps4141::alps_63d4e61469b2_to_Equation2,1,alps4141,alps4141::alps_63d4e61469b2_to_Equation2,resource_exhausted,resource_exhausted,resource_exhausted,False,False,False
alpha_11d6cc2fa97b5274,alps4141::alps_e31a06cd59d3_to_Equation2,1,alps4141,alps4141::alps_e31a06cd59d3_to_Equation2,memory_limit,resource_exhausted,memory_limit,False,False,False
alpha_ae4ea9379971f3a1,alps4141::alps_3f5329ee0632_to_Equation2,1,alps4141,alps4141::alps_3f5329ee0632_to_Equation2,memory_limit,resource_exhausted,memory_limit,False,False,False
alpha_a6350e21b7419279,alps4141::alps_237a78a24b26_to_Equation2,1,alps4141,alps4141::alps_237a78a24b26_to_Equation2,resource_exhausted,resource_exhausted,resource_exhausted,False,False,False
alpha_edc485b02b1bbb7c,alps4141::alps_77d9a3f18802_to_Equation2,1,alps4141,alps4141::alps_77d9a3f18802_to_Equation2,memory_limit,resource_exhausted,memory_limit,False,False,False
alpha_10479206b6e9466d,alps4141::alps_3bb147a2782d_to_Equation2,1,alps4141,alps4141::alps_3bb147a2782d_to_Equation2,resource_exhausted,resource_exhausted,resource_exhausted,False,False,False
alpha_22b2334b72e16028,alps4141::alps_8c568d4dddd9_to_Equation2,1,alps4141,alps4141::alps_8c568d4dddd9_to_Equation2,memory_limit,resource_exhausted,resource_exhausted,False,False,False
alpha_a0e1f99b4bfa6f5e,alps4141::alps_32d8ae3b7421_to_Equation2,1,alps4141,alps4141::alps_32d8ae3b7421_to_Equation2,memory_limit,resource_exhausted,resource_exhausted,False,False,False
alpha_6a27ddc8b9a1c9fc,alps4141::alps_284898f9b509_to_Equation2,1,alps4141,alps4141::alps_284898f9b509_to_Equation2,memory_limit,resource_exhausted,memory_limit,False,False,False
alpha_7a4ae53302e08d9c,alps4141::alps_ae73ed8aab2e_to_Equation2,1,alps4141,alps4141::alps_ae73ed8aab2e_to_Equation2,memory_limit,resource_exhausted,memory_limit,False,False,False
alpha_a16113c886c46978,alps4141::alps_183bd1b810ae_to_Equation2,1,alps4141,alps4141::alps_183bd1b810ae_to_Equation2,memory_limit,resource_exhausted,resource_exhausted,False,False,False
alpha_3333d86a876a31ad,alps4141::alps_75c073c2ac97_to_Equation2,1,alps4141,alps4141::alps_75c073c2ac97_to_Equation2,resource_exhausted,resource_exhausted,resource_exhausted,False,False,False
alpha_18bc0e3f57cd6f22,alps4141::alps_fe5f37b13d0e_to_Equation2,1,alps4141,alps4141::alps_fe5f37b13d0e_to_Equation2,resource_exhausted,resource_exhausted,resource_exhausted,False,False,False
alpha_bfcb90cd5a8f8a44,alps4141::alps_3836454ba966_to_Equation2,1,alps4141,alps4141::alps_3836454ba966_to_Equation2,completed_no_decisive_result,resource_exhausted,memory_limit,False,False,False
alpha_01b99d2e2f40bc93,alps4141::alps_ceffa3662191_to_Equation2,1,alps4141,alps4141::alps_ceffa3662191_to_Equation2,resource_exhausted,theorem,resource_exhausted,True,False,False
alpha_4c7bf5913c475d4d,alps4141::alps_9c0df8bef973_to_Equation2,1,alps4141,alps4141::alps_9c0df8bef973_to_Equation2,memory_limit,resource_exhausted,resource_exhausted,False,False,False
alpha_8b017ea1f595422f,alps4141::alps_89d3c1819611_to_Equation2,1,alps4141,alps4141::alps_89d3c1819611_to_Equation2,memory_limit,resource_exhausted,resource_exhausted,False,False,False
alpha_86de3c90d36aee6e,alps4141::alps_061ffad26e3b_to_Equation2,1,alps4141,alps4141::alps_061ffad26e3b_to_Equation2,memory_limit,resource_exhausted,resource_exhausted,False,False,False
alpha_8dc4be2cf8337975,austin96::order5_austin_unknown_E10222_to_E2,2,alps4141+austin96,austin96::order5_austin_unknown_E10222_to_E2 | alps4141::alps_c787d22b557c_to_Equation2,memory_limit,resource_exhausted,resource_exhausted,False,False,False
alpha_f56491f1038fccf2,alps4141::alps_bd11e220121c_to_Equation2,1,alps4141,alps4141::alps_bd11e220121c_to_Equation2,memory_limit,resource_exhausted,resource_exhausted,False,False,False
alpha_e8f7db9af2df5c01,alps4141::alps_498c8f64ff34_to_Equation2,1,alps4141,alps4141::alps_498c8f64ff34_to_Equation2,memory_limit,resource_exhausted,resource_exhausted,False,False,False
alpha_3c5fac54c1f7bfc2,alps4141::alps_e79062fe5120_to_Equation2,1,alps4141,alps4141::alps_e79062fe5120_to_Equation2,resource_exhausted,resource_exhausted,resource_exhausted,False,False,False
alpha_20d94fd23d044392,alps4141::alps_62d3c815c639_to_Equation2,1,alps4141,alps4141::alps_62d3c815c639_to_Equation2,theorem,resource_exhausted,theorem,True,False,False
alpha_7c765e82d1c8f296,austin96::order5_austin_unknown_E10218_to_E2,2,alps4141+austin96,austin96::order5_austin_unknown_E10218_to_E2 | alps4141::alps_498f062484ed_to_Equation2,resource_exhausted,resource_exhausted,resource_exhausted,False,False,False
alpha_fb770b46b9c92d22,alps4141::alps_7d819e40a920_to_Equation2,1,alps4141,alps4141::alps_7d819e40a920_to_Equation2,memory_limit,resource_exhausted,resource_exhausted,False,False,False
alpha_39ae8ac06427ec02,alps4141::alps_b68a0c7273df_to_Equation2,1,alps4141,alps4141::alps_b68a0c7273df_to_Equation2,memory_limit,resource_exhausted,memory_limit,False,False,False
alpha_6460d9823bb500a1,alps4141::alps_e015a69baeac_to_Equation2,1,alps4141,alps4141::alps_e015a69baeac_to_Equation2,memory_limit,resource_exhausted,resource_exhausted,False,False,False
alpha_20a11a0f01762703,alps4141::alps_b91439be4322_to_Equation2,1,alps4141,alps4141::alps_b91439be4322_to_Equation2,resource_exhausted,resource_exhausted,resource_exhausted,False,False,False
alpha_c61955e1f0f91dac,alps4141::alps_ff6bab0c427a_to_Equation2,1,alps4141,alps4141::alps_ff6bab0c427a_to_Equation2,resource_exhausted,resource_exhausted,resource_exhausted,False,False,False
alpha_67fa50ff0b137bb6,alps4141::alps_bee9df1ca587_to_Equation2,1,alps4141,alps4141::alps_bee9df1ca587_to_Equation2,resource_exhausted,resource_exhausted,resource_exhausted,False,False,False
alpha_413d6ccbfd21b391,alps4141::alps_5cc20e1845a9_to_Equation2,1,alps4141,alps4141::alps_5cc20e1845a9_to_Equation2,resource_exhausted,resource_exhausted,resource_exhausted,False,False,False
alpha_addd62b23e579c80,alps4141::alps_c13f1483cfa4_to_Equation2,1,alps4141,alps4141::alps_c13f1483cfa4_to_Equation2,memory_limit,resource_exhausted,resource_exhausted,False,False,False
alpha_00059f2f04b0b014,alps4141::alps_9d069e085d92_to_Equation2,1,alps4141,alps4141::alps_9d069e085d92_to_Equation2,memory_limit,resource_exhausted,resource_exhausted,False,False,False
alpha_a870dcd7dd5fdb1a,alps4141::alps_363ad75e529b_to_Equation2,1,alps4141,alps4141::alps_363ad75e529b_to_Equation2,resource_exhausted,resource_exhausted,resource_exhausted,False,False,False
alpha_5233973195142c3a,alps4141::alps_058bd700870b_to_Equation2,1,alps4141,alps4141::alps_058bd700870b_to_Equation2,memory_limit,resource_exhausted,resource_exhausted,False,False,False
alpha_6e11de95933a0418,alps4141::alps_7cd87432fe90_to_Equation2,1,alps4141,alps4141::alps_7cd87432fe90_to_Equation2,memory_limit,resource_exhausted,resource_exhausted,False,False,False
alpha_5e00829a1ff8304b,alps4141::alps_3e64eae1db33_to_Equation2,1,alps4141,alps4141::alps_3e64eae1db33_to_Equation2,resource_exhausted,resource_exhausted,resource_exhausted,False,False,False
alpha_d09f74232e706768,alps4141::alps_db48de1ebbf7_to_Equation2,1,alps4141,alps4141::alps_db48de1ebbf7_to_Equation2,memory_limit,resource_exhausted,resource_exhausted,False,False,False
alpha_74976b229c0b5f7f,alps4141::alps_f4e5d2b18db5_to_Equation2,1,alps4141,alps4141::alps_f4e5d2b18db5_to_Equation2,resource_exhausted,resource_exhausted,resource_exhausted,False,False,False
alpha_6326f79dd3392e85,alps4141::alps_7794b479340d_to_Equation2,1,alps4141,alps4141::alps_7794b479340d_to_Equation2,memory_limit,resource_exhausted,resource_exhausted,False,False,False
alpha_f9db1e3a75f38d85,alps4141::alps_bd78fd339543_to_Equation2,1,alps4141,alps4141::alps_bd78fd339543_to_Equation2,memory_limit,resource_exhausted,resource_exhausted,False,False,False
alpha_9f1ef195431caf17,alps4141::alps_78ca8ec1ce16_to_Equation2,1,alps4141,alps4141::alps_78ca8ec1ce16_to_Equation2,resource_exhausted,resource_exhausted,resource_exhausted,False,False,False
alpha_3202eab1cc5f7447,alps4141::alps_84807eeede9d_to_Equation2,1,alps4141,alps4141::alps_84807eeede9d_to_Equation2,memory_limit,resource_exhausted,resource_exhausted,False,False,False
alpha_ae0ff6e9211f5b65,alps4141::alps_4d180386b851_to_Equation2,1,alps4141,alps4141::alps_4d180386b851_to_Equation2,memory_limit,resource_exhausted,resource_exhausted,False,False,False
alpha_39e7e39f7e7d0648,alps4141::alps_18a326e27a06_to_Equation2,1,alps4141,alps4141::alps_18a326e27a06_to_Equation2,resource_exhausted,resource_exhausted,resource_exhausted,False,False,False
alpha_afd124469337f6b1,alps4141::alps_055fee87f2da_to_Equation2,1,alps4141,alps4141::alps_055fee87f2da_to_Equation2,resource_exhausted,resource_exhausted,resource_exhausted,False,False,False
alpha_f1d34163d2f8bbcb,alps4141::alps_313debb16495_to_Equation2,1,alps4141,alps4141::alps_313debb16495_to_Equation2,memory_limit,resource_exhausted,resource_exhausted,False,False,False
alpha_838d7f75f3f57351,alps4141::alps_d9edaa3fd826_to_Equation2,1,alps4141,alps4141::alps_d9edaa3fd826_to_Equation2,memory_limit,resource_exhausted,memory_limit,False,False,False
alpha_366e8f0349c01ca0,alps4141::alps_1268d3655356_to_Equation2,1,alps4141,alps4141::alps_1268d3655356_to_Equation2,memory_limit,resource_exhausted,resource_exhausted,False,False,False
alpha_52c90d3748478817,alps4141::alps_ba43383ebc62_to_Equation2,1,alps4141,alps4141::alps_ba43383ebc62_to_Equation2,memory_limit,resource_exhausted,resource_exhausted,False,False,False
alpha_c2df6491ee38a4bc,alps4141::alps_cbdf15e36780_to_Equation2,1,alps4141,alps4141::alps_cbdf15e36780_to_Equation2,completed_no_decisive_result,resource_exhausted,resource_exhausted,False,False,False
alpha_c631c95411536a41,alps4141::alps_a47844f2c034_to_Equation2,1,alps4141,alps4141::alps_a47844f2c034_to_Equation2,memory_limit,resource_exhausted,resource_exhausted,False,False,False
alpha_515c637f5dc5e6ae,alps4141::alps_1ffbcb2a3703_to_Equation2,1,alps4141,alps4141::alps_1ffbcb2a3703_to_Equation2,memory_limit,resource_exhausted,resource_exhausted,False,False,False
alpha_e698f07897c12f0f,alps4141::alps_ed14314820e2_to_Equation2,1,alps4141,alps4141::alps_ed14314820e2_to_Equation2,memory_limit,resource_exhausted,resource_exhausted,False,False,False
alpha_34004544db394cf0,alps4141::alps_277e23417add_to_Equation2,1,alps4141,alps4141::alps_277e23417add_to_Equation2,memory_limit,resource_exhausted,resource_exhausted,False,False,False
alpha_6d0a85a2b57946dc,alps4141::alps_bfeef5b8f6a6_to_Equation2,1,alps4141,alps4141::alps_bfeef5b8f6a6_to_Equation2,resource_exhausted,theorem,resource_exhausted,True,False,False
alpha_e7b09e8d3670514b,alps4141::alps_88214d234d48_to_Equation2,1,alps4141,alps4141::alps_88214d234d48_to_Equation2,memory_limit,resource_exhausted,memory_limit,False,False,False
alpha_b9073ac956efbe17,alps4141::alps_c505b3d51ca1_to_Equation2,1,alps4141,alps4141::alps_c505b3d51ca1_to_Equation2,resource_exhausted,resource_exhausted,resource_exhausted,False,False,False
alpha_3895bfef23f9c912,alps4141::alps_af54aa46f924_to_Equation2,1,alps4141,alps4141::alps_af54aa46f924_to_Equation2,memory_limit,resource_exhausted,resource_exhausted,False,False,False
alpha_2d3a4875db286f2f,alps4141::alps_3e9e52083725_to_Equation2,1,alps4141,alps4141::alps_3e9e52083725_to_Equation2,memory_limit,resource_exhausted,resource_exhausted,False,False,False
alpha_f1328c3f63990bbb,austin96::order5_austin_unknown_E9337_to_E2,2,alps4141+austin96,austin96::order5_austin_unknown_E9337_to_E2 | alps4141::alps_99e657326878_to_Equation2,memory_limit,resource_exhausted,resource_exhausted,False,False,False
alpha_7ce82efbb9638ff5,austin96::order5_austin_unknown_E9680_to_E2,2,alps4141+austin96,austin96::order5_austin_unknown_E9680_to_E2 | alps4141::alps_67ff1cfa553b_to_Equation2,memory_limit,resource_exhausted,resource_exhausted,False,False,False
alpha_1922d267f5fe77bc,alps4141::alps_d3a97883e5d3_to_Equation2,1,alps4141,alps4141::alps_d3a97883e5d3_to_Equation2,memory_limit,resource_exhausted,resource_exhausted,False,False,False
alpha_dae384b176c3248e,alps4141::alps_485ffb6ad0d2_to_Equation2,1,alps4141,alps4141::alps_485ffb6ad0d2_to_Equation2,memory_limit,resource_exhausted,resource_exhausted,False,False,False
alpha_ca36004949a89ff9,alps4141::alps_dd441f4d4b28_to_Equation2,1,alps4141,alps4141::alps_dd441f4d4b28_to_Equation2,memory_limit,resource_exhausted,resource_exhausted,False,False,False
alpha_9c486048d7a90f14,alps4141::alps_18d592d362cb_to_Equation2,1,alps4141,alps4141::alps_18d592d362cb_to_Equation2,memory_limit,resource_exhausted,memory_limit,False,False,False
alpha_62e6455935b5878a,alps4141::alps_558f6f0f516f_to_Equation2,1,alps4141,alps4141::alps_558f6f0f516f_to_Equation2,memory_limit,resource_exhausted,resource_exhausted,False,False,False
alpha_5dc0a6c48e6997d7,alps4141::alps_9d30e1532f86_to_Equation2,1,alps4141,alps4141::alps_9d30e1532f86_to_Equation2,memory_limit,resource_exhausted,memory_limit,False,False,False
alpha_79e4ceb46f083c16,alps4141::alps_38404405f7f2_to_Equation2,1,alps4141,alps4141::alps_38404405f7f2_to_Equation2,memory_limit,resource_exhausted,resource_exhausted,False,False,False
alpha_4212ec21f3710a97,alps4141::alps_a4c643c436c1_to_Equation2,1,alps4141,alps4141::alps_a4c643c436c1_to_Equation2,memory_limit,resource_exhausted,resource_exhausted,False,False,False
alpha_97475218625320ec,alps4141::alps_7ea2d9f4391e_to_Equation2,1,alps4141,alps4141::alps_7ea2d9f4391e_to_Equation2,memory_limit,resource_exhausted,resource_exhausted,False,False,False
alpha_19fe3ec16aa54347,alps4141::alps_39934cb3e54e_to_Equation2,1,alps4141,alps4141::alps_39934cb3e54e_to_Equation2,memory_limit,resource_exhausted,memory_limit,False,False,False
alpha_64e6e7254f523356,alps4141::alps_e8ed0234cedf_to_Equation2,1,alps4141,alps4141::alps_e8ed0234cedf_to_Equation2,memory_limit,resource_exhausted,resource_exhausted,False,False,False
alpha_d543aaef7a08f649,alps4141::alps_c8f0c27f797c_to_Equation2,1,alps4141,alps4141::alps_c8f0c27f797c_to_Equation2,memory_limit,resource_exhausted,resource_exhausted,False,False,False
alpha_82a00224a9b08b82,alps4141::alps_46fc2708406d_to_Equation2,1,alps4141,alps4141::alps_46fc2708406d_to_Equation2,memory_limit,resource_exhausted,resource_exhausted,False,False,False
alpha_5b65591aadfd4926,alps4141::alps_91667534841a_to_Equation2,1,alps4141,alps4141::alps_91667534841a_to_Equation2,memory_limit,resource_exhausted,resource_exhausted,False,False,False
alpha_932c7763f6aa7bee,alps4141::alps_ae9977796e80_to_Equation2,1,alps4141,alps4141::alps_ae9977796e80_to_Equation2,completed_no_decisive_result,resource_exhausted,memory_limit,False,False,False
alpha_3809c184aaf7edf2,austin96::order5_austin_unknown_E9345_to_E2,2,alps4141+austin96,austin96::order5_austin_unknown_E9345_to_E2 | alps4141::alps_1c24f8da9d0b_to_Equation2,memory_limit,resource_exhausted,memory_limit,False,False,False
alpha_a3e0db58bcf05e59,austin96::order5_austin_unknown_E9667_to_E2,2,alps4141+austin96,austin96::order5_austin_unknown_E9667_to_E2 | alps4141::alps_e0308d2069a7_to_Equation2,memory_limit,resource_exhausted,memory_limit,False,False,False
alpha_51fbee216bbd08a8,alps4141::alps_bdd2c3331a49_to_Equation2,1,alps4141,alps4141::alps_bdd2c3331a49_to_Equation2,completed_no_decisive_result,resource_exhausted,memory_limit,False,False,False
alpha_2c89cb0cac95f2af,alps4141::alps_272b103a0757_to_Equation2,1,alps4141,alps4141::alps_272b103a0757_to_Equation2,resource_exhausted,resource_exhausted,resource_exhausted,False,False,False
alpha_8fd746ef2f8af345,austin96::order5_austin_unknown_E9663_to_E2,2,alps4141+austin96,austin96::order5_austin_unknown_E9663_to_E2 | alps4141::alps_f298bf719eb0_to_Equation2,resource_exhausted,resource_exhausted,resource_exhausted,False,False,False
alpha_964b62305080b29a,alps4141::alps_f4e9e6e7051f_to_Equation2,1,alps4141,alps4141::alps_f4e9e6e7051f_to_Equation2,memory_limit,resource_exhausted,resource_exhausted,False,False,False
alpha_2520942881ad10c1,alps4141::alps_cbb2af9ab91d_to_Equation2,1,alps4141,alps4141::alps_cbb2af9ab91d_to_Equation2,memory_limit,resource_exhausted,resource_exhausted,False,False,False
alpha_52bd32b4c6a18acb,alps4141::alps_d919569f2700_to_Equation2,1,alps4141,alps4141::alps_d919569f2700_to_Equation2,resource_exhausted,resource_exhausted,resource_exhausted,False,False,False
alpha_0e025141493901ce,alps4141::alps_be7da9403efc_to_Equation2,1,alps4141,alps4141::alps_be7da9403efc_to_Equation2,resource_exhausted,resource_exhausted,resource_exhausted,False,False,False
alpha_b2651a15c9a794a0,alps4141::alps_2c0ace844084_to_Equation2,1,alps4141,alps4141::alps_2c0ace844084_to_Equation2,memory_limit,resource_exhausted,resource_exhausted,False,False,False
alpha_ec6576a6e8554e50,alps4141::alps_97cf67753942_to_Equation2,1,alps4141,alps4141::alps_97cf67753942_to_Equation2,memory_limit,resource_exhausted,resource_exhausted,False,False,False
alpha_c7ba23db6fd9721c,alps4141::alps_58aa1dad9307_to_Equation2,1,alps4141,alps4141::alps_58aa1dad9307_to_Equation2,memory_limit,resource_exhausted,resource_exhausted,False,False,False
alpha_a610bf49420c514f,alps4141::alps_b1b563c9f550_to_Equation2,1,alps4141,alps4141::alps_b1b563c9f550_to_Equation2,memory_limit,resource_exhausted,resource_exhausted,False,False,False
alpha_20ecc371e1a0ee07,alps4141::alps_6a7789926e4e_to_Equation2,1,alps4141,alps4141::alps_6a7789926e4e_to_Equation2,resource_exhausted,resource_exhausted,resource_exhausted,False,False,False
alpha_f718d65eb34e85a4,alps4141::alps_ff3f1f6d28e7_to_Equation2,1,alps4141,alps4141::alps_ff3f1f6d28e7_to_Equation2,memory_limit,resource_exhausted,resource_exhausted,False,False,False
alpha_4e4c0106e13ceacf,alps4141::alps_fcebc84acdec_to_Equation2,1,alps4141,alps4141::alps_fcebc84acdec_to_Equation2,memory_limit,resource_exhausted,resource_exhausted,False,False,False
alpha_f515d0bba21c04f6,alps4141::alps_6172284e5e55_to_Equation2,1,alps4141,alps4141::alps_6172284e5e55_to_Equation2,memory_limit,resource_exhausted,resource_exhausted,False,False,False
alpha_1088cecb9e5c7d4c,alps4141::alps_7b9edcf74c57_to_Equation2,1,alps4141,alps4141::alps_7b9edcf74c57_to_Equation2,resource_exhausted,resource_exhausted,resource_exhausted,False,False,False
alpha_413c34801bda1267,alps4141::alps_968ce53ea575_to_Equation2,1,alps4141,alps4141::alps_968ce53ea575_to_Equation2,memory_limit,resource_exhausted,resource_exhausted,False,False,False
alpha_97d39ee171817408,alps4141::alps_a14eeb1bcc4e_to_Equation2,1,alps4141,alps4141::alps_a14eeb1bcc4e_to_Equation2,resource_exhausted,resource_exhausted,resource_exhausted,False,False,False
alpha_d0b0015bdc0df187,alps4141::alps_98c4f58886f1_to_Equation2,1,alps4141,alps4141::alps_98c4f58886f1_to_Equation2,memory_limit,resource_exhausted,resource_exhausted,False,False,False
alpha_9b32a6531b2e8ea2,alps4141::alps_89cf46936e43_to_Equation2,1,alps4141,alps4141::alps_89cf46936e43_to_Equation2,memory_limit,resource_exhausted,resource_exhausted,False,False,False
alpha_64a2fd0dc64d8c05,alps4141::alps_0c46db1a2cf4_to_Equation2,1,alps4141,alps4141::alps_0c46db1a2cf4_to_Equation2,memory_limit,resource_exhausted,resource_exhausted,False,False,False
alpha_7b2f038dd111535e,alps4141::alps_0cbccaa7263c_to_Equation2,1,alps4141,alps4141::alps_0cbccaa7263c_to_Equation2,resource_exhausted,resource_exhausted,resource_exhausted,False,False,False
alpha_18266ded7bd2e600,alps4141::alps_8dbec494e176_to_Equation2,1,alps4141,alps4141::alps_8dbec494e176_to_Equation2,resource_exhausted,resource_exhausted,resource_exhausted,False,False,False
alpha_2b95a0d60748797d,alps4141::alps_001d27f3eb5b_to_Equation2,1,alps4141,alps4141::alps_001d27f3eb5b_to_Equation2,resource_exhausted,resource_exhausted,resource_exhausted,False,False,False
alpha_a7a8d3273a6954c1,alps4141::alps_4856885bd0c7_to_Equation2,1,alps4141,alps4141::alps_4856885bd0c7_to_Equation2,memory_limit,resource_exhausted,resource_exhausted,False,False,False
alpha_f12bcb9ab2d3efcc,alps4141::alps_98ba89d308b3_to_Equation2,1,alps4141,alps4141::alps_98ba89d308b3_to_Equation2,resource_exhausted,resource_exhausted,resource_exhausted,False,False,False
alpha_8a2e846faad3d9c0,alps4141::alps_94c671960d8b_to_Equation2,1,alps4141,alps4141::alps_94c671960d8b_to_Equation2,memory_limit,resource_exhausted,resource_exhausted,False,False,False
alpha_9fdd88d6167d8f6c,alps4141::alps_f31a9d71e85d_to_Equation2,1,alps4141,alps4141::alps_f31a9d71e85d_to_Equation2,resource_exhausted,resource_exhausted,resource_exhausted,False,False,False
alpha_e3083983856231c2,alps4141::alps_739799fe9c99_to_Equation2,1,alps4141,alps4141::alps_739799fe9c99_to_Equation2,memory_limit,resource_exhausted,resource_exhausted,False,False,False
alpha_e71e07276df61b56,alps4141::alps_2ada063dec63_to_Equation2,1,alps4141,alps4141::alps_2ada063dec63_to_Equation2,completed_no_decisive_result,resource_exhausted,memory_limit,False,False,False
alpha_c3cd8c5faa694b17,alps4141::alps_b1755816966f_to_Equation2,1,alps4141,alps4141::alps_b1755816966f_to_Equation2,memory_limit,resource_exhausted,resource_exhausted,False,False,False
alpha_b30331f5f63c92ee,alps4141::alps_fbc0643d555f_to_Equation2,1,alps4141,alps4141::alps_fbc0643d555f_to_Equation2,memory_limit,resource_exhausted,resource_exhausted,False,False,False
alpha_b2424547c3f0ab49,alps4141::alps_026912fb9266_to_Equation2,1,alps4141,alps4141::alps_026912fb9266_to_Equation2,memory_limit,resource_exhausted,resource_exhausted,False,False,False
alpha_07ae2ddf793157e9,alps4141::alps_1f9f967d90c9_to_Equation2,1,alps4141,alps4141::alps_1f9f967d90c9_to_Equation2,memory_limit,resource_exhausted,resource_exhausted,False,False,False
alpha_2d9a34017b7282df,alps4141::alps_f5c754d66401_to_Equation2,1,alps4141,alps4141::alps_f5c754d66401_to_Equation2,memory_limit,resource_exhausted,memory_limit,False,False,False
alpha_393df4f765a28503,alps4141::alps_a4e38a8b56eb_to_Equation2,1,alps4141,alps4141::alps_a4e38a8b56eb_to_Equation2,completed_no_decisive_result,resource_exhausted,memory_limit,False,False,False
alpha_6072ae424d00c5ed,alps4141::alps_23848b337afb_to_Equation2,1,alps4141,alps4141::alps_23848b337afb_to_Equation2,memory_limit,resource_exhausted,memory_limit,False,False,False
alpha_9ccd0209df3d12dd,alps4141::alps_161590aed812_to_Equation2,1,alps4141,alps4141::alps_161590aed812_to_Equation2,memory_limit,resource_exhausted,resource_exhausted,False,False,False
alpha_c70c955a7c1087d3,alps4141::alps_b30c348805ca_to_Equation2,1,alps4141,alps4141::alps_b30c348805ca_to_Equation2,memory_limit,resource_exhausted,resource_exhausted,False,False,False
alpha_b0fb9ffd6bc18859,alps4141::alps_c43bb7e20c74_to_Equation2,1,alps4141,alps4141::alps_c43bb7e20c74_to_Equation2,memory_limit,resource_exhausted,resource_exhausted,False,False,False
alpha_719340a270ad2da4,alps4141::alps_0fff9b489c6e_to_Equation2,1,alps4141,alps4141::alps_0fff9b489c6e_to_Equation2,resource_exhausted,resource_exhausted,resource_exhausted,False,False,False
alpha_f9b20be3948d5add,alps4141::alps_63e94d28a2c6_to_Equation2,1,alps4141,alps4141::alps_63e94d28a2c6_to_Equation2,memory_limit,resource_exhausted,memory_limit,False,False,False
alpha_eec3297c9fe94ca5,alps4141::alps_d0a3e43577c3_to_Equation2,1,alps4141,alps4141::alps_d0a3e43577c3_to_Equation2,resource_exhausted,resource_exhausted,theorem,True,False,False
alpha_d55a5f497e14a2bf,alps4141::alps_531b8fbdf79e_to_Equation2,1,alps4141,alps4141::alps_531b8fbdf79e_to_Equation2,memory_limit,resource_exhausted,resource_exhausted,False,False,False
alpha_5eb46a0ddf0ad409,alps4141::alps_bec915c9aa82_to_Equation2,1,alps4141,alps4141::alps_bec915c9aa82_to_Equation2,theorem,theorem,theorem,True,False,False
alpha_fb4d805d4e9c2117,alps4141::alps_f3628ddb89c5_to_Equation2,1,alps4141,alps4141::alps_f3628ddb89c5_to_Equation2,memory_limit,resource_exhausted,resource_exhausted,False,False,False
alpha_7fb269b4c3d48ef5,alps4141::alps_a52cff891a39_to_Equation2,1,alps4141,alps4141::alps_a52cff891a39_to_Equation2,memory_limit,resource_exhausted,resource_exhausted,False,False,False
alpha_8b455cd98eb9134b,alps4141::alps_071095944ee8_to_Equation2,1,alps4141,alps4141::alps_071095944ee8_to_Equation2,resource_exhausted,resource_exhausted,resource_exhausted,False,False,False
alpha_66b7ff5bbc4fd717,alps4141::alps_d48c22e6a380_to_Equation2,1,alps4141,alps4141::alps_d48c22e6a380_to_Equation2,memory_limit,resource_exhausted,resource_exhausted,False,False,False
alpha_602bddd0d1497928,alps4141::alps_5ff579c62740_to_Equation2,1,alps4141,alps4141::alps_5ff579c62740_to_Equation2,memory_limit,resource_exhausted,resource_exhausted,False,False,False
alpha_007df3520619d46b,alps4141::alps_205dace7cb5b_to_Equation2,1,alps4141,alps4141::alps_205dace7cb5b_to_Equation2,memory_limit,resource_exhausted,resource_exhausted,False,False,False
alpha_8c1725b9cb17969e,alps4141::alps_74d529454189_to_Equation2,1,alps4141,alps4141::alps_74d529454189_to_Equation2,memory_limit,resource_exhausted,resource_exhausted,False,False,False
alpha_29beccb13cc1c48d,alps4141::alps_5a97b4054e64_to_Equation2,1,alps4141,alps4141::alps_5a97b4054e64_to_Equation2,memory_limit,resource_exhausted,resource_exhausted,False,False,False
alpha_8cd2bb53e4e124a1,alps4141::alps_aec06ac35bcb_to_Equation2,1,alps4141,alps4141::alps_aec06ac35bcb_to_Equation2,memory_limit,resource_exhausted,resource_exhausted,False,False,False
alpha_673e2885f5b2e6f2,alps4141::alps_733960e61fe7_to_Equation2,1,alps4141,alps4141::alps_733960e61fe7_to_Equation2,resource_exhausted,resource_exhausted,resource_exhausted,False,False,False
alpha_4ae63e6e2d4fb83b,alps4141::alps_34da39fd204a_to_Equation2,1,alps4141,alps4141::alps_34da39fd204a_to_Equation2,resource_exhausted,resource_exhausted,resource_exhausted,False,False,False
alpha_c14e19edff96c6d7,alps4141::alps_6c8ede13a9cb_to_Equation2,1,alps4141,alps4141::alps_6c8ede13a9cb_to_Equation2,memory_limit,resource_exhausted,memory_limit,False,False,False
alpha_87324ed848e646f6,alps4141::alps_8e81321d98de_to_Equation2,1,alps4141,alps4141::alps_8e81321d98de_to_Equation2,memory_limit,resource_exhausted,resource_exhausted,False,False,False
alpha_dc264919e62faa25,alps4141::alps_35b170632b13_to_Equation2,1,alps4141,alps4141::alps_35b170632b13_to_Equation2,resource_exhausted,resource_exhausted,resource_exhausted,False,False,False
alpha_ff5682b82267f4ed,alps4141::alps_04575c17574c_to_Equation2,1,alps4141,alps4141::alps_04575c17574c_to_Equation2,resource_exhausted,resource_exhausted,resource_exhausted,False,False,False
alpha_c9785028493335e8,alps4141::alps_8aadf0375d3c_to_Equation2,1,alps4141,alps4141::alps_8aadf0375d3c_to_Equation2,resource_exhausted,resource_exhausted,resource_exhausted,False,False,False
alpha_1d0de8763cad3bdf,austin96::order5_austin_unknown_E9603_to_E2,2,alps4141+austin96,austin96::order5_austin_unknown_E9603_to_E2 | alps4141::alps_9524390945d9_to_Equation2,resource_exhausted,resource_exhausted,resource_exhausted,False,False,False
alpha_42c885405c059a46,austin96::order5_austin_unknown_E9384_to_E2,2,alps4141+austin96,austin96::order5_austin_unknown_E9384_to_E2 | alps4141::alps_07ca26ac9fe3_to_Equation2,memory_limit,resource_exhausted,memory_limit,False,False,False
alpha_ddc7c6ccadf7a68e,alps4141::alps_46afc27b2c54_to_Equation2,1,alps4141,alps4141::alps_46afc27b2c54_to_Equation2,resource_exhausted,resource_exhausted,theorem,True,False,False
alpha_e28f33da816002c6,alps4141::alps_3513ea61fd86_to_Equation2,1,alps4141,alps4141::alps_3513ea61fd86_to_Equation2,memory_limit,resource_exhausted,memory_limit,False,False,False
alpha_9a464a963ce05b7b,alps4141::alps_29f219b3f0c0_to_Equation2,1,alps4141,alps4141::alps_29f219b3f0c0_to_Equation2,memory_limit,resource_exhausted,resource_exhausted,False,False,False
alpha_5898cfd40333f288,alps4141::alps_5e06a6466715_to_Equation2,1,alps4141,alps4141::alps_5e06a6466715_to_Equation2,memory_limit,resource_exhausted,memory_limit,False,False,False
alpha_987a35622290de9c,alps4141::alps_8785c0df9bab_to_Equation2,1,alps4141,alps4141::alps_8785c0df9bab_to_Equation2,memory_limit,resource_exhausted,memory_limit,False,False,False
alpha_5170cc04ccd448c8,alps4141::alps_eb4cbaa4821f_to_Equation2,1,alps4141,alps4141::alps_eb4cbaa4821f_to_Equation2,memory_limit,resource_exhausted,resource_exhausted,False,False,False
alpha_cd23337069a03c22,alps4141::alps_1f2da8431372_to_Equation2,1,alps4141,alps4141::alps_1f2da8431372_to_Equation2,memory_limit,resource_exhausted,resource_exhausted,False,False,False
alpha_9a8ddf71ebfd4dad,alps4141::alps_9b34c9562364_to_Equation2,1,alps4141,alps4141::alps_9b34c9562364_to_Equation2,memory_limit,resource_exhausted,memory_limit,False,False,False
alpha_508662b84a7b74e0,alps4141::alps_3f999f354854_to_Equation2,1,alps4141,alps4141::alps_3f999f354854_to_Equation2,memory_limit,resource_exhausted,memory_limit,False,False,False
alpha_5f7d5adb2f6ca02c,alps4141::alps_74007faa4f10_to_Equation2,1,alps4141,alps4141::alps_74007faa4f10_to_Equation2,memory_limit,resource_exhausted,resource_exhausted,False,False,False
alpha_c28f2102a5debb77,alps4141::alps_38ef3f8a07f0_to_Equation2,1,alps4141,alps4141::alps_38ef3f8a07f0_to_Equation2,memory_limit,resource_exhausted,memory_limit,False,False,False
alpha_2a47e8c7825e467d,alps4141::alps_c95135d40e82_to_Equation2,1,alps4141,alps4141::alps_c95135d40e82_to_Equation2,memory_limit,resource_exhausted,resource_exhausted,False,False,False
alpha_57a50d7db77c8054,alps4141::alps_881463b6e8dc_to_Equation2,1,alps4141,alps4141::alps_881463b6e8dc_to_Equation2,memory_limit,resource_exhausted,resource_exhausted,False,False,False
alpha_f44a6031b2766355,alps4141::alps_fb30492d0949_to_Equation2,1,alps4141,alps4141::alps_fb30492d0949_to_Equation2,memory_limit,resource_exhausted,resource_exhausted,False,False,False
alpha_786d002e6f9d9d42,alps4141::alps_0976b1ba4509_to_Equation2,1,alps4141,alps4141::alps_0976b1ba4509_to_Equation2,memory_limit,resource_exhausted,memory_limit,False,False,False
alpha_816814f4394aa669,alps4141::alps_8a02bca1f7f5_to_Equation2,1,alps4141,alps4141::alps_8a02bca1f7f5_to_Equation2,memory_limit,resource_exhausted,resource_exhausted,False,False,False
alpha_f23c27159a9c9d0d,alps4141::alps_442dfc819d49_to_Equation2,1,alps4141,alps4141::alps_442dfc819d49_to_Equation2,memory_limit,resource_exhausted,resource_exhausted,False,False,False
alpha_f1dd1c457679790f,alps4141::alps_68776ef91f54_to_Equation2,1,alps4141,alps4141::alps_68776ef91f54_to_Equation2,memory_limit,resource_exhausted,resource_exhausted,False,False,False
alpha_1e36d69515e2ccf2,alps4141::alps_bbb7e70288fa_to_Equation2,1,alps4141,alps4141::alps_bbb7e70288fa_to_Equation2,resource_exhausted,resource_exhausted,resource_exhausted,False,False,False
alpha_1fc40456b741850b,alps4141::alps_a5b4a4f83c65_to_Equation2,1,alps4141,alps4141::alps_a5b4a4f83c65_to_Equation2,memory_limit,resource_exhausted,memory_limit,False,False,False
alpha_aee86c9135332584,alps4141::alps_b262fcd0a904_to_Equation2,1,alps4141,alps4141::alps_b262fcd0a904_to_Equation2,memory_limit,resource_exhausted,resource_exhausted,False,False,False
alpha_a04f83daaa1c5e22,alps4141::alps_880701c98e9b_to_Equation2,1,alps4141,alps4141::alps_880701c98e9b_to_Equation2,memory_limit,resource_exhausted,memory_limit,False,False,False
alpha_2abbfb05b9d5cde6,alps4141::alps_24877481e934_to_Equation2,1,alps4141,alps4141::alps_24877481e934_to_Equation2,memory_limit,resource_exhausted,resource_exhausted,False,False,False
alpha_6f916d6af109d92c,alps4141::alps_b0f01e3733eb_to_Equation2,1,alps4141,alps4141::alps_b0f01e3733eb_to_Equation2,resource_exhausted,resource_exhausted,theorem,True,False,False
alpha_6071b24158db6548,alps4141::alps_2a0fd6a90915_to_Equation2,1,alps4141,alps4141::alps_2a0fd6a90915_to_Equation2,memory_limit,resource_exhausted,resource_exhausted,False,False,False
alpha_580fe6f2da4f2276,alps4141::alps_4fa2d17c181c_to_Equation2,1,alps4141,alps4141::alps_4fa2d17c181c_to_Equation2,memory_limit,resource_exhausted,resource_exhausted,False,False,False
alpha_dcaa3baa802dcee4,alps4141::alps_555e758bf8a9_to_Equation2,1,alps4141,alps4141::alps_555e758bf8a9_to_Equation2,resource_exhausted,resource_exhausted,memory_limit,False,False,False
alpha_81862c239f0ba166,alps4141::alps_e08b3a337c98_to_Equation2,1,alps4141,alps4141::alps_e08b3a337c98_to_Equation2,memory_limit,resource_exhausted,memory_limit,False,False,False
alpha_cdcadeb59e1742cf,alps4141::alps_4c890319fcb8_to_Equation2,1,alps4141,alps4141::alps_4c890319fcb8_to_Equation2,memory_limit,resource_exhausted,memory_limit,False,False,False
alpha_29b2cc33ca5141a7,alps4141::alps_233a5f782dfa_to_Equation2,1,alps4141,alps4141::alps_233a5f782dfa_to_Equation2,memory_limit,resource_exhausted,memory_limit,False,False,False
alpha_9db32be4321dd500,alps4141::alps_4db521d2ea4a_to_Equation2,1,alps4141,alps4141::alps_4db521d2ea4a_to_Equation2,memory_limit,resource_exhausted,resource_exhausted,False,False,False
alpha_ff49d7cccfe36218,alps4141::alps_4734da57e989_to_Equation2,1,alps4141,alps4141::alps_4734da57e989_to_Equation2,resource_exhausted,resource_exhausted,memory_limit,False,False,False
alpha_845211feece0bee2,alps4141::alps_e1149b3d15c2_to_Equation2,1,alps4141,alps4141::alps_e1149b3d15c2_to_Equation2,memory_limit,resource_exhausted,resource_exhausted,False,False,False
alpha_2fc9864e06dfd602,alps4141::alps_f802c32b3a2b_to_Equation2,1,alps4141,alps4141::alps_f802c32b3a2b_to_Equation2,memory_limit,resource_exhausted,resource_exhausted,False,False,False
alpha_e32486361871e5b4,alps4141::alps_c2fd82c5514a_to_Equation2,1,alps4141,alps4141::alps_c2fd82c5514a_to_Equation2,memory_limit,resource_exhausted,resource_exhausted,False,False,False
alpha_9b2605df6994d892,alps4141::alps_b34bd4308819_to_Equation2,1,alps4141,alps4141::alps_b34bd4308819_to_Equation2,memory_limit,resource_exhausted,resource_exhausted,False,False,False
alpha_e4130623a9d1bc08,alps4141::alps_5301694df5e9_to_Equation2,1,alps4141,alps4141::alps_5301694df5e9_to_Equation2,memory_limit,resource_exhausted,resource_exhausted,False,False,False
alpha_a871d0fe1220f961,alps4141::alps_aaeb65fd6399_to_Equation2,1,alps4141,alps4141::alps_aaeb65fd6399_to_Equation2,memory_limit,resource_exhausted,resource_exhausted,False,False,False
alpha_958fd87e5c816549,alps4141::alps_c139a9d97860_to_Equation2,1,alps4141,alps4141::alps_c139a9d97860_to_Equation2,memory_limit,resource_exhausted,memory_limit,False,False,False
alpha_624f8f6cfd14078f,alps4141::alps_8fe403d0f288_to_Equation2,1,alps4141,alps4141::alps_8fe403d0f288_to_Equation2,memory_limit,resource_exhausted,resource_exhausted,False,False,False
alpha_46475f7f862c3300,alps4141::alps_e4932066db40_to_Equation2,1,alps4141,alps4141::alps_e4932066db40_to_Equation2,memory_limit,resource_exhausted,resource_exhausted,False,False,False
alpha_9f0ab5666361716f,alps4141::alps_c3129d17dbf8_to_Equation2,1,alps4141,alps4141::alps_c3129d17dbf8_to_Equation2,memory_limit,resource_exhausted,resource_exhausted,False,False,False
alpha_58c42011423a2806,alps4141::alps_6faeeaf8febb_to_Equation2,1,alps4141,alps4141::alps_6faeeaf8febb_to_Equation2,memory_limit,resource_exhausted,resource_exhausted,False,False,False
alpha_81b5724a93dd4545,alps4141::alps_0b1c7c48a44d_to_Equation2,1,alps4141,alps4141::alps_0b1c7c48a44d_to_Equation2,memory_limit,resource_exhausted,memory_limit,False,False,False
alpha_d63df76263f2e221,alps4141::alps_39eaaaebad56_to_Equation2,1,alps4141,alps4141::alps_39eaaaebad56_to_Equation2,memory_limit,resource_exhausted,resource_exhausted,False,False,False
alpha_b3ab0b53cddad40b,alps4141::alps_1bcbb797d21b_to_Equation2,1,alps4141,alps4141::alps_1bcbb797d21b_to_Equation2,memory_limit,resource_exhausted,resource_exhausted,False,False,False
alpha_31da40120e60bb35,alps4141::alps_f315fede1e94_to_Equation2,1,alps4141,alps4141::alps_f315fede1e94_to_Equation2,memory_limit,resource_exhausted,resource_exhausted,False,False,False
alpha_772aaa8690a3f624,alps4141::alps_4a4573196003_to_Equation2,1,alps4141,alps4141::alps_4a4573196003_to_Equation2,memory_limit,resource_exhausted,resource_exhausted,False,False,False
alpha_74b5c9f06b85221c,alps4141::alps_346683bee91d_to_Equation2,1,alps4141,alps4141::alps_346683bee91d_to_Equation2,memory_limit,resource_exhausted,memory_limit,False,False,False
alpha_0316287ce99f0fcc,alps4141::alps_c79b4cfa96b8_to_Equation2,1,alps4141,alps4141::alps_c79b4cfa96b8_to_Equation2,resource_exhausted,resource_exhausted,resource_exhausted,False,False,False
alpha_cb19d28cfcf916f0,alps4141::alps_de7779e016ef_to_Equation2,1,alps4141,alps4141::alps_de7779e016ef_to_Equation2,memory_limit,resource_exhausted,resource_exhausted,False,False,False
alpha_551a9c0ba84dc0f6,alps4141::alps_de7575e5cca0_to_Equation2,1,alps4141,alps4141::alps_de7575e5cca0_to_Equation2,memory_limit,resource_exhausted,memory_limit,False,False,False
alpha_0cce95ec7fff936f,alps4141::alps_b3b658732d73_to_Equation2,1,alps4141,alps4141::alps_b3b658732d73_to_Equation2,memory_limit,resource_exhausted,memory_limit,False,False,False
alpha_77c63fcea09a7f47,alps4141::alps_55c217f24b67_to_Equation2,1,alps4141,alps4141::alps_55c217f24b67_to_Equation2,memory_limit,resource_exhausted,resource_exhausted,False,False,False
alpha_e339dbd19125d8ab,alps4141::alps_7e7e21c22bca_to_Equation2,1,alps4141,alps4141::alps_7e7e21c22bca_to_Equation2,memory_limit,resource_exhausted,resource_exhausted,False,False,False
alpha_fe05c0214ee2a9af,alps4141::alps_e2ead9d135a6_to_Equation2,1,alps4141,alps4141::alps_e2ead9d135a6_to_Equation2,memory_limit,resource_exhausted,resource_exhausted,False,False,False
alpha_0fe9ba6286672331,alps4141::alps_2e8b2a3cfadb_to_Equation2,1,alps4141,alps4141::alps_2e8b2a3cfadb_to_Equation2,memory_limit,resource_exhausted,resource_exhausted,False,False,False
alpha_f119a52232077385,alps4141::alps_83480f6d413d_to_Equation2,1,alps4141,alps4141::alps_83480f6d413d_to_Equation2,memory_limit,resource_exhausted,memory_limit,False,False,False
alpha_4136693140f8c576,alps4141::alps_e240c6f907f3_to_Equation2,1,alps4141,alps4141::alps_e240c6f907f3_to_Equation2,resource_exhausted,resource_exhausted,resource_exhausted,False,False,False
alpha_bd8001dff530e213,alps4141::alps_5b82d777f46d_to_Equation2,1,alps4141,alps4141::alps_5b82d777f46d_to_Equation2,memory_limit,resource_exhausted,resource_exhausted,False,False,False
alpha_3df87a38a51f01bd,alps4141::alps_66b0d355a990_to_Equation2,1,alps4141,alps4141::alps_66b0d355a990_to_Equation2,resource_exhausted,resource_exhausted,resource_exhausted,False,False,False
alpha_aeedb736bead0c11,alps4141::alps_f84a1955229e_to_Equation2,1,alps4141,alps4141::alps_f84a1955229e_to_Equation2,resource_exhausted,resource_exhausted,resource_exhausted,False,False,False
alpha_50089b11766e1c35,alps4141::alps_63b3bb5685ac_to_Equation2,1,alps4141,alps4141::alps_63b3bb5685ac_to_Equation2,resource_exhausted,resource_exhausted,resource_exhausted,False,False,False
alpha_7e8c7521a9abc4e5,alps4141::alps_41bf5b29767b_to_Equation2,1,alps4141,alps4141::alps_41bf5b29767b_to_Equation2,resource_exhausted,resource_exhausted,memory_limit,False,False,False
alpha_028208d5d4b02282,alps4141::alps_5844d5c81d25_to_Equation2,1,alps4141,alps4141::alps_5844d5c81d25_to_Equation2,memory_limit,resource_exhausted,resource_exhausted,False,False,False
alpha_60a2ef96d69f7b9c,alps4141::alps_81cfb9d3d532_to_Equation2,1,alps4141,alps4141::alps_81cfb9d3d532_to_Equation2,memory_limit,resource_exhausted,resource_exhausted,False,False,False
alpha_2897dbc7060c9736,alps4141::alps_a32699b6f639_to_Equation2,1,alps4141,alps4141::alps_a32699b6f639_to_Equation2,resource_exhausted,resource_exhausted,memory_limit,False,False,False
alpha_b27b43e239e81993,alps4141::alps_cfcbc2fc1d7d_to_Equation2,1,alps4141,alps4141::alps_cfcbc2fc1d7d_to_Equation2,memory_limit,resource_exhausted,resource_exhausted,False,False,False
alpha_6104761174cc3fbd,alps4141::alps_52c7f7b598c9_to_Equation2,1,alps4141,alps4141::alps_52c7f7b598c9_to_Equation2,memory_limit,resource_exhausted,resource_exhausted,False,False,False
alpha_7a2018e5a4b2e279,alps4141::alps_070310dfff62_to_Equation2,1,alps4141,alps4141::alps_070310dfff62_to_Equation2,memory_limit,resource_exhausted,memory_limit,False,False,False
alpha_257f28ed407cdbf7,alps4141::alps_ff6f99566370_to_Equation2,1,alps4141,alps4141::alps_ff6f99566370_to_Equation2,memory_limit,resource_exhausted,resource_exhausted,False,False,False
alpha_d9aafcb82724aa2c,alps4141::alps_8ba8ad194f69_to_Equation2,1,alps4141,alps4141::alps_8ba8ad194f69_to_Equation2,memory_limit,resource_exhausted,resource_exhausted,False,False,False
alpha_421366368bd525a7,alps4141::alps_ac59e50e78a5_to_Equation2,1,alps4141,alps4141::alps_ac59e50e78a5_to_Equation2,memory_limit,resource_exhausted,resource_exhausted,False,False,False
alpha_d7ef27c82e21e040,alps4141::alps_f6be192ee684_to_Equation2,1,alps4141,alps4141::alps_f6be192ee684_to_Equation2,memory_limit,resource_exhausted,resource_exhausted,False,False,False
alpha_15da32aace3cf69b,alps4141::alps_dcbb8b0eeb62_to_Equation2,1,alps4141,alps4141::alps_dcbb8b0eeb62_to_Equation2,memory_limit,resource_exhausted,resource_exhausted,False,False,False
alpha_f7f794907f0a44ef,alps4141::alps_f8d4f7b53a24_to_Equation2,1,alps4141,alps4141::alps_f8d4f7b53a24_to_Equation2,memory_limit,resource_exhausted,resource_exhausted,False,False,False
alpha_6679f379673c2d69,alps4141::alps_06fc49b2f411_to_Equation2,1,alps4141,alps4141::alps_06fc49b2f411_to_Equation2,memory_limit,resource_exhausted,resource_exhausted,False,False,False
alpha_6b1b490048c1036b,alps4141::alps_19f2dae8004c_to_Equation2,1,alps4141,alps4141::alps_19f2dae8004c_to_Equation2,memory_limit,resource_exhausted,resource_exhausted,False,False,False
alpha_f6d80a86291f3ac7,alps4141::alps_991941c7c646_to_Equation2,1,alps4141,alps4141::alps_991941c7c646_to_Equation2,memory_limit,resource_exhausted,resource_exhausted,False,False,False
alpha_fc6ed3405957d60f,alps4141::alps_753532bd0060_to_Equation2,1,alps4141,alps4141::alps_753532bd0060_to_Equation2,memory_limit,resource_exhausted,resource_exhausted,False,False,False
alpha_ce5b2894528bbb4b,alps4141::alps_f1f0810689b9_to_Equation2,1,alps4141,alps4141::alps_f1f0810689b9_to_Equation2,memory_limit,resource_exhausted,resource_exhausted,False,False,False
alpha_41002f7ad4f8356b,alps4141::alps_20522c6ce140_to_Equation2,1,alps4141,alps4141::alps_20522c6ce140_to_Equation2,memory_limit,resource_exhausted,resource_exhausted,False,False,False
alpha_a42367a8617a7e61,alps4141::alps_834580e32cb3_to_Equation2,1,alps4141,alps4141::alps_834580e32cb3_to_Equation2,memory_limit,resource_exhausted,resource_exhausted,False,False,False
alpha_280481fdafec5d83,alps4141::alps_11ee274d4b9d_to_Equation2,1,alps4141,alps4141::alps_11ee274d4b9d_to_Equation2,memory_limit,resource_exhausted,resource_exhausted,False,False,False
alpha_0f83a099041fe960,alps4141::alps_4dd50ec2e252_to_Equation2,1,alps4141,alps4141::alps_4dd50ec2e252_to_Equation2,resource_exhausted,resource_exhausted,resource_exhausted,False,False,False
alpha_570f715ec548b294,alps4141::alps_d604eac7837a_to_Equation2,1,alps4141,alps4141::alps_d604eac7837a_to_Equation2,memory_limit,resource_exhausted,resource_exhausted,False,False,False
alpha_8c7a805020806a03,alps4141::alps_646135962e98_to_Equation2,1,alps4141,alps4141::alps_646135962e98_to_Equation2,memory_limit,resource_exhausted,resource_exhausted,False,False,False
alpha_411804972dfcc26e,alps4141::alps_8b4881b0a97e_to_Equation2,1,alps4141,alps4141::alps_8b4881b0a97e_to_Equation2,memory_limit,resource_exhausted,resource_exhausted,False,False,False
alpha_c3eec3ac0875abd3,alps4141::alps_796af4fa25ef_to_Equation2,1,alps4141,alps4141::alps_796af4fa25ef_to_Equation2,memory_limit,resource_exhausted,resource_exhausted,False,False,False
alpha_8c6089e078e194a5,alps4141::alps_9f24429d3479_to_Equation2,1,alps4141,alps4141::alps_9f24429d3479_to_Equation2,resource_exhausted,resource_exhausted,resource_exhausted,False,False,False
alpha_de114973bf1f8a10,alps4141::alps_f726cc086f50_to_Equation2,1,alps4141,alps4141::alps_f726cc086f50_to_Equation2,memory_limit,resource_exhausted,resource_exhausted,False,False,False
alpha_43a057d63d95988f,alps4141::alps_1da1486594c3_to_Equation2,1,alps4141,alps4141::alps_1da1486594c3_to_Equation2,resource_exhausted,resource_exhausted,resource_exhausted,False,False,False
alpha_71e31c782ce41ce6,alps4141::alps_a4333c63b3fd_to_Equation2,1,alps4141,alps4141::alps_a4333c63b3fd_to_Equation2,memory_limit,resource_exhausted,memory_limit,False,False,False
alpha_d3ba5ed3532f8ee4,alps4141::alps_3362b1881d38_to_Equation2,1,alps4141,alps4141::alps_3362b1881d38_to_Equation2,memory_limit,resource_exhausted,resource_exhausted,False,False,False
alpha_8236fce1e953089b,alps4141::alps_82fb0a49b5bd_to_Equation2,1,alps4141,alps4141::alps_82fb0a49b5bd_to_Equation2,memory_limit,resource_exhausted,resource_exhausted,False,False,False
alpha_77330aeb76bdccf9,alps4141::alps_2788a9e68cac_to_Equation2,1,alps4141,alps4141::alps_2788a9e68cac_to_Equation2,memory_limit,resource_exhausted,resource_exhausted,False,False,False
alpha_22661dd9f71b90ad,alps4141::alps_79f1ff312871_to_Equation2,1,alps4141,alps4141::alps_79f1ff312871_to_Equation2,memory_limit,resource_exhausted,resource_exhausted,False,False,False
alpha_509a28de50a8f923,alps4141::alps_a2a32e840ab3_to_Equation2,1,alps4141,alps4141::alps_a2a32e840ab3_to_Equation2,memory_limit,resource_exhausted,resource_exhausted,False,False,False
alpha_c95f4caec031808d,alps4141::alps_ee7d9b18e94e_to_Equation2,1,alps4141,alps4141::alps_ee7d9b18e94e_to_Equation2,memory_limit,resource_exhausted,resource_exhausted,False,False,False
alpha_34a25ce8b107a0b4,alps4141::alps_47fe035790dd_to_Equation2,1,alps4141,alps4141::alps_47fe035790dd_to_Equation2,memory_limit,resource_exhausted,resource_exhausted,False,False,False
alpha_22d7bf24e43e88b9,alps4141::alps_41beb789c98a_to_Equation2,1,alps4141,alps4141::alps_41beb789c98a_to_Equation2,memory_limit,resource_exhausted,resource_exhausted,False,False,False
alpha_370c1e3d4c796029,alps4141::alps_dd78646dc812_to_Equation2,1,alps4141,alps4141::alps_dd78646dc812_to_Equation2,memory_limit,resource_exhausted,resource_exhausted,False,False,False
alpha_6b8a3b5d0d8440ba,alps4141::alps_457b635d31e0_to_Equation2,1,alps4141,alps4141::alps_457b635d31e0_to_Equation2,resource_exhausted,resource_exhausted,resource_exhausted,False,False,False
alpha_c8bb19d53c259d4b,alps4141::alps_9a434a3c7a90_to_Equation2,1,alps4141,alps4141::alps_9a434a3c7a90_to_Equation2,resource_exhausted,resource_exhausted,resource_exhausted,False,False,False
alpha_f5f9b214d780c0ac,alps4141::alps_87f254eb0251_to_Equation2,1,alps4141,alps4141::alps_87f254eb0251_to_Equation2,memory_limit,resource_exhausted,resource_exhausted,False,False,False
alpha_581c0e74763e519a,alps4141::alps_b15c2f440b2b_to_Equation2,1,alps4141,alps4141::alps_b15c2f440b2b_to_Equation2,memory_limit,resource_exhausted,memory_limit,False,False,False
alpha_27aca14a65908872,alps4141::alps_888e9841f7ad_to_Equation2,1,alps4141,alps4141::alps_888e9841f7ad_to_Equation2,memory_limit,resource_exhausted,resource_exhausted,False,False,False
alpha_660b156c4522273e,alps4141::alps_68dac9f2ea4d_to_Equation2,1,alps4141,alps4141::alps_68dac9f2ea4d_to_Equation2,memory_limit,resource_exhausted,resource_exhausted,False,False,False
alpha_815d1a2c6b240861,alps4141::alps_c41d9172e58b_to_Equation2,1,alps4141,alps4141::alps_c41d9172e58b_to_Equation2,memory_limit,resource_exhausted,resource_exhausted,False,False,False
alpha_768a996a61ce8e39,alps4141::alps_7e79897d7622_to_Equation2,1,alps4141,alps4141::alps_7e79897d7622_to_Equation2,memory_limit,resource_exhausted,memory_limit,False,False,False
alpha_ad48eed5752503d8,alps4141::alps_554f58a835db_to_Equation2,1,alps4141,alps4141::alps_554f58a835db_to_Equation2,memory_limit,resource_exhausted,resource_exhausted,False,False,False
alpha_908cbb331db91800,alps4141::alps_4487a0173c49_to_Equation2,1,alps4141,alps4141::alps_4487a0173c49_to_Equation2,memory_limit,resource_exhausted,resource_exhausted,False,False,False
alpha_6ad665af11563116,alps4141::alps_67b67e6e4a9b_to_Equation2,1,alps4141,alps4141::alps_67b67e6e4a9b_to_Equation2,memory_limit,resource_exhausted,resource_exhausted,False,False,False
alpha_b7876a08ab9d5bf6,alps4141::alps_473b6a9cb1a9_to_Equation2,1,alps4141,alps4141::alps_473b6a9cb1a9_to_Equation2,memory_limit,resource_exhausted,resource_exhausted,False,False,False
alpha_ad2d76722435e110,alps4141::alps_ff891e4ad0a6_to_Equation2,1,alps4141,alps4141::alps_ff891e4ad0a6_to_Equation2,memory_limit,resource_exhausted,resource_exhausted,False,False,False
alpha_7bfaf4e861e9206a,alps4141::alps_b7fe6ed12c12_to_Equation2,1,alps4141,alps4141::alps_b7fe6ed12c12_to_Equation2,memory_limit,resource_exhausted,resource_exhausted,False,False,False
alpha_3d2ca21b6a0bf5ed,alps4141::alps_a73f332ef55d_to_Equation2,1,alps4141,alps4141::alps_a73f332ef55d_to_Equation2,memory_limit,resource_exhausted,resource_exhausted,False,False,False
alpha_42fb836d48bdd8cc,alps4141::alps_b7ae7884ae42_to_Equation2,1,alps4141,alps4141::alps_b7ae7884ae42_to_Equation2,memory_limit,resource_exhausted,resource_exhausted,False,False,False
alpha_2f2beb5663e3562e,alps4141::alps_eeb91331b4f8_to_Equation2,1,alps4141,alps4141::alps_eeb91331b4f8_to_Equation2,memory_limit,resource_exhausted,resource_exhausted,False,False,False
alpha_5284f44c85725412,alps4141::alps_af3a37b378d4_to_Equation2,1,alps4141,alps4141::alps_af3a37b378d4_to_Equation2,memory_limit,resource_exhausted,resource_exhausted,False,False,False
alpha_63e1cc1a97840c59,alps4141::alps_e549e34be5cb_to_Equation2,1,alps4141,alps4141::alps_e549e34be5cb_to_Equation2,memory_limit,resource_exhausted,resource_exhausted,False,False,False
alpha_54089ac1c69e129f,alps4141::alps_24c9b3ea12a0_to_Equation2,1,alps4141,alps4141::alps_24c9b3ea12a0_to_Equation2,completed_no_decisive_result,resource_exhausted,memory_limit,False,False,False
alpha_b3a5a73d2e922abf,alps4141::alps_b3d2ae270b82_to_Equation2,1,alps4141,alps4141::alps_b3d2ae270b82_to_Equation2,memory_limit,resource_exhausted,resource_exhausted,False,False,False
alpha_fd3d9358180ca99e,alps4141::alps_1ecf889c39f6_to_Equation2,1,alps4141,alps4141::alps_1ecf889c39f6_to_Equation2,resource_exhausted,resource_exhausted,memory_limit,False,False,False
alpha_7917d727c635c0bc,alps4141::alps_65ec1a034954_to_Equation2,1,alps4141,alps4141::alps_65ec1a034954_to_Equation2,memory_limit,resource_exhausted,resource_exhausted,False,False,False
alpha_1ae67e68fc259ac7,alps4141::alps_b3599bcf6070_to_Equation2,1,alps4141,alps4141::alps_b3599bcf6070_to_Equation2,memory_limit,resource_exhausted,resource_exhausted,False,False,False
alpha_abfcba7f0526d603,alps4141::alps_524ea0bd5e86_to_Equation2,1,alps4141,alps4141::alps_524ea0bd5e86_to_Equation2,memory_limit,resource_exhausted,resource_exhausted,False,False,False
alpha_e930d886cd74c830,alps4141::alps_f4110d173020_to_Equation2,1,alps4141,alps4141::alps_f4110d173020_to_Equation2,resource_exhausted,resource_exhausted,resource_exhausted,False,False,False
alpha_092dfd6d78fd4bed,alps4141::alps_31cf07a8bfaf_to_Equation2,1,alps4141,alps4141::alps_31cf07a8bfaf_to_Equation2,memory_limit,resource_exhausted,resource_exhausted,False,False,False
alpha_5d91f94cd978bf59,alps4141::alps_6716d9003203_to_Equation2,1,alps4141,alps4141::alps_6716d9003203_to_Equation2,memory_limit,resource_exhausted,resource_exhausted,False,False,False
alpha_7b4eed8953ac42e6,alps4141::alps_9692d67c0f1e_to_Equation2,1,alps4141,alps4141::alps_9692d67c0f1e_to_Equation2,memory_limit,resource_exhausted,resource_exhausted,False,False,False
alpha_d24fd2f02fbda2ea,alps4141::alps_c36803bd2d95_to_Equation2,1,alps4141,alps4141::alps_c36803bd2d95_to_Equation2,memory_limit,resource_exhausted,resource_exhausted,False,False,False
alpha_5ae93183ff597e50,alps4141::alps_f1789e5d24dc_to_Equation2,1,alps4141,alps4141::alps_f1789e5d24dc_to_Equation2,memory_limit,resource_exhausted,resource_exhausted,False,False,False
alpha_79cb31125104eac0,alps4141::alps_632b2b560663_to_Equation2,1,alps4141,alps4141::alps_632b2b560663_to_Equation2,memory_limit,resource_exhausted,memory_limit,False,False,False
alpha_7f37cafd63e78bec,alps4141::alps_b41a4c6f9abd_to_Equation2,1,alps4141,alps4141::alps_b41a4c6f9abd_to_Equation2,memory_limit,resource_exhausted,resource_exhausted,False,False,False
alpha_bc59fd979d01fc41,alps4141::alps_5272ccadb3d0_to_Equation2,1,alps4141,alps4141::alps_5272ccadb3d0_to_Equation2,memory_limit,resource_exhausted,resource_exhausted,False,False,False
alpha_a17b44436b802938,alps4141::alps_11c88300cc95_to_Equation2,1,alps4141,alps4141::alps_11c88300cc95_to_Equation2,memory_limit,resource_exhausted,resource_exhausted,False,False,False
alpha_2d18075c53850998,alps4141::alps_5b3a0943a8cf_to_Equation2,1,alps4141,alps4141::alps_5b3a0943a8cf_to_Equation2,memory_limit,resource_exhausted,resource_exhausted,False,False,False
alpha_2a492007c35f4371,alps4141::alps_671794311b0d_to_Equation2,1,alps4141,alps4141::alps_671794311b0d_to_Equation2,memory_limit,resource_exhausted,resource_exhausted,False,False,False
alpha_2d5769076309762d,alps4141::alps_803ff96290a4_to_Equation2,1,alps4141,alps4141::alps_803ff96290a4_to_Equation2,resource_exhausted,resource_exhausted,resource_exhausted,False,False,False
alpha_f14b8951bd8a5d53,alps4141::alps_2aab46751b32_to_Equation2,1,alps4141,alps4141::alps_2aab46751b32_to_Equation2,memory_limit,resource_exhausted,memory_limit,False,False,False
alpha_9894703e125b31a7,alps4141::alps_d098a38dd437_to_Equation2,1,alps4141,alps4141::alps_d098a38dd437_to_Equation2,resource_exhausted,resource_exhausted,resource_exhausted,False,False,False
alpha_0c5e094a9b2864f7,alps4141::alps_1828549d60ee_to_Equation2,1,alps4141,alps4141::alps_1828549d60ee_to_Equation2,memory_limit,resource_exhausted,memory_limit,False,False,False
alpha_c055e20ca9f200ab,alps4141::alps_a347e709b7f5_to_Equation2,1,alps4141,alps4141::alps_a347e709b7f5_to_Equation2,resource_exhausted,resource_exhausted,resource_exhausted,False,False,False
alpha_93a9d3fd0a5d4d75,alps4141::alps_5224c1401172_to_Equation2,1,alps4141,alps4141::alps_5224c1401172_to_Equation2,memory_limit,resource_exhausted,memory_limit,False,False,False
alpha_167aceaecf827c06,austin96::order5_austin_unknown_E7701_to_E2,2,alps4141+austin96,austin96::order5_austin_unknown_E7701_to_E2 | alps4141::alps_2ac3e80fbf49_to_Equation2,memory_limit,resource_exhausted,resource_exhausted,False,False,False
alpha_ea32860c266d7ef1,austin96::order5_austin_unknown_E7763_to_E2,2,alps4141+austin96,austin96::order5_austin_unknown_E7763_to_E2 | alps4141::alps_1edac6ec42ba_to_Equation2,resource_exhausted,resource_exhausted,resource_exhausted,False,False,False
alpha_0e99f2f98ffde1da,alps4141::alps_be2fb1d8a3af_to_Equation2,1,alps4141,alps4141::alps_be2fb1d8a3af_to_Equation2,memory_limit,resource_exhausted,memory_limit,False,False,False
alpha_8e5cddb00cde6d68,austin96::order5_austin_unknown_E7755_to_E2,2,alps4141+austin96,austin96::order5_austin_unknown_E7755_to_E2 | alps4141::alps_f0fc95d76e91_to_Equation2,resource_exhausted,resource_exhausted,memory_limit,False,False,False
alpha_9e485dcf9a660ce9,alps4141::alps_145ccf39a036_to_Equation2,1,alps4141,alps4141::alps_145ccf39a036_to_Equation2,memory_limit,resource_exhausted,memory_limit,False,False,False
alpha_ef85928f7420b3c7,alps4141::alps_157e7da0ab9c_to_Equation2,1,alps4141,alps4141::alps_157e7da0ab9c_to_Equation2,memory_limit,resource_exhausted,resource_exhausted,False,False,False
alpha_c18bddeb343d8e83,alps4141::alps_5c53ae30145e_to_Equation2,1,alps4141,alps4141::alps_5c53ae30145e_to_Equation2,memory_limit,resource_exhausted,resource_exhausted,False,False,False
alpha_af53437bea1e8b01,alps4141::alps_23eca8944459_to_Equation2,1,alps4141,alps4141::alps_23eca8944459_to_Equation2,memory_limit,resource_exhausted,resource_exhausted,False,False,False
alpha_d02b34802841d443,alps4141::alps_98bb0fc4a04a_to_Equation2,1,alps4141,alps4141::alps_98bb0fc4a04a_to_Equation2,memory_limit,resource_exhausted,resource_exhausted,False,False,False
alpha_bd35ab366521c415,alps4141::alps_22098e04d53a_to_Equation2,1,alps4141,alps4141::alps_22098e04d53a_to_Equation2,memory_limit,resource_exhausted,resource_exhausted,False,False,False
alpha_37ce19172e42e999,alps4141::alps_2ca79b13b3a7_to_Equation2,1,alps4141,alps4141::alps_2ca79b13b3a7_to_Equation2,memory_limit,resource_exhausted,resource_exhausted,False,False,False
alpha_b15310007ae494ad,alps4141::alps_69b58a075ee9_to_Equation2,1,alps4141,alps4141::alps_69b58a075ee9_to_Equation2,memory_limit,resource_exhausted,resource_exhausted,False,False,False
alpha_ae8d635649678ab3,alps4141::alps_bafd534386bc_to_Equation2,1,alps4141,alps4141::alps_bafd534386bc_to_Equation2,memory_limit,resource_exhausted,resource_exhausted,False,False,False
alpha_fe616738d69936e5,alps4141::alps_c9c2455549ef_to_Equation2,1,alps4141,alps4141::alps_c9c2455549ef_to_Equation2,memory_limit,resource_exhausted,memory_limit,False,False,False
alpha_24cee7aca3ddf839,alps4141::alps_9248c5b0a50e_to_Equation2,1,alps4141,alps4141::alps_9248c5b0a50e_to_Equation2,memory_limit,resource_exhausted,resource_exhausted,False,False,False
alpha_4bf8aa1b1b381e8a,alps4141::alps_37318b6f4ccd_to_Equation2,1,alps4141,alps4141::alps_37318b6f4ccd_to_Equation2,memory_limit,resource_exhausted,resource_exhausted,False,False,False
alpha_a0691f38953016c3,alps4141::alps_70a9b7cf7acb_to_Equation2,1,alps4141,alps4141::alps_70a9b7cf7acb_to_Equation2,memory_limit,resource_exhausted,resource_exhausted,False,False,False
alpha_b547bfd7c6b75e32,alps4141::alps_061367afaf4c_to_Equation2,1,alps4141,alps4141::alps_061367afaf4c_to_Equation2,memory_limit,resource_exhausted,resource_exhausted,False,False,False
alpha_d6bdc2007cd68d04,alps4141::alps_b8b9deebc711_to_Equation2,1,alps4141,alps4141::alps_b8b9deebc711_to_Equation2,memory_limit,resource_exhausted,resource_exhausted,False,False,False
alpha_e25a274c45d08502,alps4141::alps_9752da0efe9d_to_Equation2,1,alps4141,alps4141::alps_9752da0efe9d_to_Equation2,memory_limit,resource_exhausted,resource_exhausted,False,False,False
alpha_24e9d22aa58930d3,alps4141::alps_c899c09867e4_to_Equation2,1,alps4141,alps4141::alps_c899c09867e4_to_Equation2,memory_limit,resource_exhausted,resource_exhausted,False,False,False
alpha_01f31648bb8c26d4,alps4141::alps_cfe516628d00_to_Equation2,1,alps4141,alps4141::alps_cfe516628d00_to_Equation2,memory_limit,resource_exhausted,resource_exhausted,False,False,False
alpha_659cebe435bf923d,alps4141::alps_2351b8512d63_to_Equation2,1,alps4141,alps4141::alps_2351b8512d63_to_Equation2,memory_limit,resource_exhausted,memory_limit,False,False,False
alpha_fa30b128c7b48455,alps4141::alps_5b2d93a892d2_to_Equation2,1,alps4141,alps4141::alps_5b2d93a892d2_to_Equation2,memory_limit,resource_exhausted,resource_exhausted,False,False,False
alpha_994ff948c6d72bcf,alps4141::alps_7119b8f37378_to_Equation2,1,alps4141,alps4141::alps_7119b8f37378_to_Equation2,memory_limit,resource_exhausted,resource_exhausted,False,False,False
alpha_8b871e7c91c71494,alps4141::alps_78afc5fe70d9_to_Equation2,1,alps4141,alps4141::alps_78afc5fe70d9_to_Equation2,memory_limit,resource_exhausted,resource_exhausted,False,False,False
alpha_c4fad3910cab471f,alps4141::alps_fe6d424dc457_to_Equation2,1,alps4141,alps4141::alps_fe6d424dc457_to_Equation2,memory_limit,resource_exhausted,resource_exhausted,False,False,False
alpha_b8e9eb80cc77af70,alps4141::alps_f35afb718d53_to_Equation2,1,alps4141,alps4141::alps_f35afb718d53_to_Equation2,memory_limit,resource_exhausted,resource_exhausted,False,False,False
alpha_1e2cb637016b4e59,alps4141::alps_ae1423dc7948_to_Equation2,1,alps4141,alps4141::alps_ae1423dc7948_to_Equation2,memory_limit,resource_exhausted,resource_exhausted,False,False,False
alpha_aaf044e8b22770de,alps4141::alps_037b8814fa08_to_Equation2,1,alps4141,alps4141::alps_037b8814fa08_to_Equation2,memory_limit,resource_exhausted,resource_exhausted,False,False,False
alpha_a0d89a782a78ea07,alps4141::alps_e4c4a6e08165_to_Equation2,1,alps4141,alps4141::alps_e4c4a6e08165_to_Equation2,memory_limit,resource_exhausted,resource_exhausted,False,False,False
alpha_3ff85cb1839cd08c,alps4141::alps_408db388870c_to_Equation2,1,alps4141,alps4141::alps_408db388870c_to_Equation2,memory_limit,resource_exhausted,memory_limit,False,False,False
alpha_e62e00409116aa3c,alps4141::alps_250cf7ad160e_to_Equation2,1,alps4141,alps4141::alps_250cf7ad160e_to_Equation2,memory_limit,resource_exhausted,memory_limit,False,False,False
alpha_5b755fe01e040ee2,alps4141::alps_7a7298523ba2_to_Equation2,1,alps4141,alps4141::alps_7a7298523ba2_to_Equation2,memory_limit,resource_exhausted,memory_limit,False,False,False
alpha_14026b0ca6c1215e,alps4141::alps_624fb494d3c6_to_Equation2,1,alps4141,alps4141::alps_624fb494d3c6_to_Equation2,memory_limit,resource_exhausted,resource_exhausted,False,False,False
alpha_389b9eff3ee281b1,alps4141::alps_1a2a39d2f820_to_Equation2,1,alps4141,alps4141::alps_1a2a39d2f820_to_Equation2,memory_limit,resource_exhausted,resource_exhausted,False,False,False
alpha_6282710933f4c955,alps4141::alps_17beca6e2553_to_Equation2,1,alps4141,alps4141::alps_17beca6e2553_to_Equation2,memory_limit,resource_exhausted,resource_exhausted,False,False,False
alpha_6270a0e257b07e75,alps4141::alps_9572d9154866_to_Equation2,1,alps4141,alps4141::alps_9572d9154866_to_Equation2,memory_limit,resource_exhausted,resource_exhausted,False,False,False
alpha_62aa06d6ad49bdf2,alps4141::alps_1d05ff25015f_to_Equation2,1,alps4141,alps4141::alps_1d05ff25015f_to_Equation2,memory_limit,resource_exhausted,resource_exhausted,False,False,False
alpha_c15a48399389a282,alps4141::alps_f4299734cd91_to_Equation2,1,alps4141,alps4141::alps_f4299734cd91_to_Equation2,resource_exhausted,resource_exhausted,resource_exhausted,False,False,False
alpha_214ab931fff54855,alps4141::alps_911e1255eeb0_to_Equation2,1,alps4141,alps4141::alps_911e1255eeb0_to_Equation2,resource_exhausted,resource_exhausted,resource_exhausted,False,False,False
alpha_e1247962fb730c90,alps4141::alps_55a411822cc8_to_Equation2,1,alps4141,alps4141::alps_55a411822cc8_to_Equation2,memory_limit,resource_exhausted,resource_exhausted,False,False,False
alpha_367e47bdffbbd4b3,alps4141::alps_db6dcb6f1db0_to_Equation2,1,alps4141,alps4141::alps_db6dcb6f1db0_to_Equation2,memory_limit,resource_exhausted,resource_exhausted,False,False,False
alpha_c6413273dfa2d2f7,alps4141::alps_a0dba01a6374_to_Equation2,1,alps4141,alps4141::alps_a0dba01a6374_to_Equation2,memory_limit,resource_exhausted,memory_limit,False,False,False
alpha_aedda35641846f22,alps4141::alps_0af97f22bd9d_to_Equation2,1,alps4141,alps4141::alps_0af97f22bd9d_to_Equation2,memory_limit,resource_exhausted,resource_exhausted,False,False,False
alpha_862803e38d9ae9f1,alps4141::alps_11955ea74713_to_Equation2,1,alps4141,alps4141::alps_11955ea74713_to_Equation2,memory_limit,resource_exhausted,memory_limit,False,False,False
alpha_1b99b448234f8009,alps4141::alps_1f3879970fe5_to_Equation2,1,alps4141,alps4141::alps_1f3879970fe5_to_Equation2,memory_limit,resource_exhausted,resource_exhausted,False,False,False
alpha_23c7f3ccd80b1ffd,alps4141::alps_cbf078f8d93e_to_Equation2,1,alps4141,alps4141::alps_cbf078f8d93e_to_Equation2,memory_limit,resource_exhausted,memory_limit,False,False,False
alpha_9d4148c3bfb3ef9a,alps4141::alps_607690883ec8_to_Equation2,1,alps4141,alps4141::alps_607690883ec8_to_Equation2,memory_limit,resource_exhausted,memory_limit,False,False,False
alpha_515b5954c2ec5c89,austin96::order5_austin_unknown_E6820_to_E2,1,austin96,austin96::order5_austin_unknown_E6820_to_E2,memory_limit,resource_exhausted,resource_exhausted,False,False,False
alpha_122abc4248df71e5,austin96::order5_austin_unknown_E6895_to_E2,2,alps4141+austin96,austin96::order5_austin_unknown_E6895_to_E2 | alps4141::alps_a323382085a6_to_Equation2,memory_limit,resource_exhausted,resource_exhausted,False,False,False
alpha_a2205ec51c4f6dc1,alps4141::alps_09eea508b737_to_Equation2,1,alps4141,alps4141::alps_09eea508b737_to_Equation2,memory_limit,resource_exhausted,memory_limit,False,False,False
alpha_efdd285895c6e980,alps4141::alps_2742fb1f233b_to_Equation2,1,alps4141,alps4141::alps_2742fb1f233b_to_Equation2,memory_limit,resource_exhausted,resource_exhausted,False,False,False
alpha_87a6d3318dd0b547,alps4141::alps_7933cbc0c078_to_Equation2,1,alps4141,alps4141::alps_7933cbc0c078_to_Equation2,memory_limit,resource_exhausted,resource_exhausted,False,False,False
alpha_d687581ea25a7002,alps4141::alps_50522c57d317_to_Equation2,1,alps4141,alps4141::alps_50522c57d317_to_Equation2,memory_limit,resource_exhausted,memory_limit,False,False,False
alpha_65dd4796429f77e2,alps4141::alps_56b83f5a80a4_to_Equation2,1,alps4141,alps4141::alps_56b83f5a80a4_to_Equation2,memory_limit,resource_exhausted,resource_exhausted,False,False,False
alpha_5b206f3b13413267,austin96::order5_austin_unknown_E6912_to_E2,2,alps4141+austin96,austin96::order5_austin_unknown_E6912_to_E2 | alps4141::alps_6936d5aa0932_to_Equation2,resource_exhausted,resource_exhausted,resource_exhausted,False,False,False
alpha_574d72d53cf6cbc0,alps4141::alps_660971b78fec_to_Equation2,1,alps4141,alps4141::alps_660971b78fec_to_Equation2,memory_limit,resource_exhausted,resource_exhausted,False,False,False
alpha_0144df199c070702,alps4141::alps_4b95498486ec_to_Equation2,1,alps4141,alps4141::alps_4b95498486ec_to_Equation2,memory_limit,resource_exhausted,resource_exhausted,False,False,False
alpha_09e3820e34bb06ef,austin96::order5_austin_unknown_E6878_to_E2,1,austin96,austin96::order5_austin_unknown_E6878_to_E2,resource_exhausted,resource_exhausted,resource_exhausted,False,False,False
alpha_1bbab8cb32f62f1d,alps4141::alps_05b381a3f8e9_to_Equation2,1,alps4141,alps4141::alps_05b381a3f8e9_to_Equation2,memory_limit,resource_exhausted,resource_exhausted,False,False,False
alpha_e566747e3cdddcd5,alps4141::alps_2e8bdf30422d_to_Equation2,1,alps4141,alps4141::alps_2e8bdf30422d_to_Equation2,memory_limit,resource_exhausted,resource_exhausted,False,False,False
alpha_6e9827054fa2f35d,alps4141::alps_9c7144ba5448_to_Equation2,1,alps4141,alps4141::alps_9c7144ba5448_to_Equation2,memory_limit,resource_exhausted,memory_limit,False,False,False
alpha_a6728315d53ef299,alps4141::alps_d5f606d0db29_to_Equation2,1,alps4141,alps4141::alps_d5f606d0db29_to_Equation2,memory_limit,resource_exhausted,resource_exhausted,False,False,False
alpha_85df082a163e4fd6,alps4141::alps_87e6f8aa4ef8_to_Equation2,1,alps4141,alps4141::alps_87e6f8aa4ef8_to_Equation2,memory_limit,resource_exhausted,resource_exhausted,False,False,False
alpha_ec257180cf844be4,alps4141::alps_74a51206df9e_to_Equation2,1,alps4141,alps4141::alps_74a51206df9e_to_Equation2,resource_exhausted,resource_exhausted,resource_exhausted,False,False,False
alpha_f078678530afeb9c,alps4141::alps_9497ac6c94c5_to_Equation2,1,alps4141,alps4141::alps_9497ac6c94c5_to_Equation2,memory_limit,resource_exhausted,resource_exhausted,False,False,False
alpha_a1c4cea64efe3b16,alps4141::alps_affc1762e015_to_Equation2,1,alps4141,alps4141::alps_affc1762e015_to_Equation2,memory_limit,resource_exhausted,memory_limit,False,False,False
alpha_1af9440bd9dab3b0,alps4141::alps_7f04fbf7e83b_to_Equation2,1,alps4141,alps4141::alps_7f04fbf7e83b_to_Equation2,resource_exhausted,resource_exhausted,resource_exhausted,False,False,False
alpha_53009d297bd51419,alps4141::alps_9ca3829c1b81_to_Equation2,1,alps4141,alps4141::alps_9ca3829c1b81_to_Equation2,resource_exhausted,resource_exhausted,resource_exhausted,False,False,False
alpha_6ff187c1ede60829,alps4141::alps_d2498a7d97c5_to_Equation2,1,alps4141,alps4141::alps_d2498a7d97c5_to_Equation2,memory_limit,resource_exhausted,resource_exhausted,False,False,False
alpha_0587144986e6082d,alps4141::alps_925ede2b54fb_to_Equation2,1,alps4141,alps4141::alps_925ede2b54fb_to_Equation2,memory_limit,resource_exhausted,resource_exhausted,False,False,False
alpha_f734367d2602276f,alps4141::alps_a49704dcc51e_to_Equation2,1,alps4141,alps4141::alps_a49704dcc51e_to_Equation2,memory_limit,resource_exhausted,resource_exhausted,False,False,False
alpha_c0c6a898135b9336,alps4141::alps_81192a974714_to_Equation2,1,alps4141,alps4141::alps_81192a974714_to_Equation2,memory_limit,resource_exhausted,resource_exhausted,False,False,False
alpha_ff69bfbbebbf774f,alps4141::alps_bde9a3bf0f43_to_Equation2,1,alps4141,alps4141::alps_bde9a3bf0f43_to_Equation2,memory_limit,resource_exhausted,resource_exhausted,False,False,False
alpha_09fc44fb476f25b5,alps4141::alps_f244070d81ae_to_Equation2,1,alps4141,alps4141::alps_f244070d81ae_to_Equation2,memory_limit,resource_exhausted,resource_exhausted,False,False,False
alpha_bddf7c234011da9c,alps4141::alps_7a5f7a162ed0_to_Equation2,1,alps4141,alps4141::alps_7a5f7a162ed0_to_Equation2,memory_limit,resource_exhausted,memory_limit,False,False,False
alpha_ccc7db9ba66901ad,alps4141::alps_e750f1cf5eca_to_Equation2,1,alps4141,alps4141::alps_e750f1cf5eca_to_Equation2,resource_exhausted,resource_exhausted,resource_exhausted,False,False,False
alpha_649e6454634f4266,alps4141::alps_eace31e6454e_to_Equation2,1,alps4141,alps4141::alps_eace31e6454e_to_Equation2,resource_exhausted,resource_exhausted,resource_exhausted,False,False,False
alpha_b9f8e64d99bcae45,alps4141::alps_07ef19a0d83e_to_Equation2,1,alps4141,alps4141::alps_07ef19a0d83e_to_Equation2,memory_limit,resource_exhausted,resource_exhausted,False,False,False
alpha_ce4ca3fbea2cd84a,alps4141::alps_2b760b158bdb_to_Equation2,1,alps4141,alps4141::alps_2b760b158bdb_to_Equation2,memory_limit,resource_exhausted,resource_exhausted,False,False,False
alpha_27e49f0e1691d357,alps4141::alps_0c1a94872d5c_to_Equation2,1,alps4141,alps4141::alps_0c1a94872d5c_to_Equation2,memory_limit,resource_exhausted,resource_exhausted,False,False,False
alpha_096e9d5721c9646f,alps4141::alps_7a2d89017705_to_Equation2,1,alps4141,alps4141::alps_7a2d89017705_to_Equation2,memory_limit,resource_exhausted,resource_exhausted,False,False,False
alpha_5f038c9deb8b4d36,alps4141::alps_d750f6915c5e_to_Equation2,1,alps4141,alps4141::alps_d750f6915c5e_to_Equation2,memory_limit,resource_exhausted,memory_limit,False,False,False
alpha_cf61268299e677cf,austin96::order5_austin_unknown_E5093_to_E2,1,austin96,austin96::order5_austin_unknown_E5093_to_E2,memory_limit,resource_exhausted,resource_exhausted,False,False,False
alpha_7e67be53a3aa120e,austin96::order5_austin_unknown_E5107_to_E2,2,alps4141+austin96,austin96::order5_austin_unknown_E5107_to_E2 | alps4141::alps_b49adf2c2e2f_to_Equation2,memory_limit,resource_exhausted,resource_exhausted,False,False,False
alpha_df26767f28542b6f,alps4141::alps_ff479f96d06e_to_Equation2,1,alps4141,alps4141::alps_ff479f96d06e_to_Equation2,memory_limit,resource_exhausted,memory_limit,False,False,False
alpha_0b2f7144d1d167b1,alps4141::alps_dd91a9152d2a_to_Equation2,1,alps4141,alps4141::alps_dd91a9152d2a_to_Equation2,memory_limit,resource_exhausted,memory_limit,False,False,False
alpha_f167fb9e27ae3690,alps4141::alps_ff3ae7f827f8_to_Equation2,1,alps4141,alps4141::alps_ff3ae7f827f8_to_Equation2,memory_limit,resource_exhausted,memory_limit,False,False,False
alpha_4fbcdb3943001eff,alps4141::alps_172790263d64_to_Equation2,1,alps4141,alps4141::alps_172790263d64_to_Equation2,resource_exhausted,resource_exhausted,resource_exhausted,False,False,False
alpha_9c2e5110b3fc72f8,alps4141::alps_fc6a467d0ac4_to_Equation2,1,alps4141,alps4141::alps_fc6a467d0ac4_to_Equation2,memory_limit,resource_exhausted,resource_exhausted,False,False,False
alpha_45fd4301ded38477,alps4141::alps_60c2f66dc0a0_to_Equation2,1,alps4141,alps4141::alps_60c2f66dc0a0_to_Equation2,memory_limit,resource_exhausted,memory_limit,False,False,False
alpha_f9c24dcfc251a33a,alps4141::alps_bdb3fcf9e934_to_Equation2,1,alps4141,alps4141::alps_bdb3fcf9e934_to_Equation2,memory_limit,resource_exhausted,resource_exhausted,False,False,False
alpha_b2a89134efbf4cc8,alps4141::alps_2e5b2c5f70b6_to_Equation2,1,alps4141,alps4141::alps_2e5b2c5f70b6_to_Equation2,memory_limit,resource_exhausted,resource_exhausted,False,False,False
alpha_8ba61fd5e6e42463,alps4141::alps_cfc031bd08f3_to_Equation2,1,alps4141,alps4141::alps_cfc031bd08f3_to_Equation2,memory_limit,resource_exhausted,resource_exhausted,False,False,False
alpha_ee772e0bc9353a5c,alps4141::alps_e0f35b9b752b_to_Equation2,1,alps4141,alps4141::alps_e0f35b9b752b_to_Equation2,memory_limit,resource_exhausted,memory_limit,False,False,False
alpha_e4145c76c2d7faec,alps4141::alps_ea5933e226be_to_Equation2,1,alps4141,alps4141::alps_ea5933e226be_to_Equation2,memory_limit,resource_exhausted,memory_limit,False,False,False
alpha_14aa273e632886f5,alps4141::alps_429a6bd520d7_to_Equation2,1,alps4141,alps4141::alps_429a6bd520d7_to_Equation2,memory_limit,resource_exhausted,resource_exhausted,False,False,False
alpha_fd139f0d482cb00d,alps4141::alps_2b688330415f_to_Equation2,1,alps4141,alps4141::alps_2b688330415f_to_Equation2,memory_limit,resource_exhausted,resource_exhausted,False,False,False
alpha_10e233caabfb6df0,alps4141::alps_cca76060032d_to_Equation2,1,alps4141,alps4141::alps_cca76060032d_to_Equation2,memory_limit,resource_exhausted,resource_exhausted,False,False,False
alpha_90ceb4ce92be7e8b,alps4141::alps_fa4c9d1467ed_to_Equation2,1,alps4141,alps4141::alps_fa4c9d1467ed_to_Equation2,memory_limit,resource_exhausted,resource_exhausted,False,False,False
alpha_8e555caeaf2601d2,alps4141::alps_eeb4f5589a4e_to_Equation2,1,alps4141,alps4141::alps_eeb4f5589a4e_to_Equation2,memory_limit,resource_exhausted,memory_limit,False,False,False
alpha_493d72359aa4c414,alps4141::alps_37942e2bc170_to_Equation2,1,alps4141,alps4141::alps_37942e2bc170_to_Equation2,memory_limit,resource_exhausted,resource_exhausted,False,False,False
alpha_059de06896c8f866,alps4141::alps_9f6089b12768_to_Equation2,1,alps4141,alps4141::alps_9f6089b12768_to_Equation2,memory_limit,resource_exhausted,resource_exhausted,False,False,False
alpha_c7e08b77e2807c32,alps4141::alps_fe6173dd97c3_to_Equation2,1,alps4141,alps4141::alps_fe6173dd97c3_to_Equation2,memory_limit,resource_exhausted,memory_limit,False,False,False
alpha_ce6bc10a3f577280,alps4141::alps_cfc14c3e065c_to_Equation2,1,alps4141,alps4141::alps_cfc14c3e065c_to_Equation2,memory_limit,resource_exhausted,memory_limit,False,False,False
alpha_c94b8620db434109,alps4141::alps_c52d34ab1a83_to_Equation2,1,alps4141,alps4141::alps_c52d34ab1a83_to_Equation2,memory_limit,resource_exhausted,resource_exhausted,False,False,False
alpha_cd77c0e8b9f0d511,alps4141::alps_8b7888ad0659_to_Equation2,1,alps4141,alps4141::alps_8b7888ad0659_to_Equation2,resource_exhausted,resource_exhausted,resource_exhausted,False,False,False
alpha_02130782d5ca0f49,alps4141::alps_6203860fff29_to_Equation2,1,alps4141,alps4141::alps_6203860fff29_to_Equation2,memory_limit,resource_exhausted,memory_limit,False,False,False
alpha_cb3f97fea5f22e7b,alps4141::alps_f6192baa6d48_to_Equation2,1,alps4141,alps4141::alps_f6192baa6d48_to_Equation2,memory_limit,resource_exhausted,resource_exhausted,False,False,False
alpha_b7217b812fad40aa,alps4141::alps_32988f4f95bd_to_Equation2,1,alps4141,alps4141::alps_32988f4f95bd_to_Equation2,memory_limit,resource_exhausted,memory_limit,False,False,False
alpha_64226640d2801a57,alps4141::alps_9f349421bebc_to_Equation2,1,alps4141,alps4141::alps_9f349421bebc_to_Equation2,memory_limit,resource_exhausted,memory_limit,False,False,False
alpha_175f9d8ffb7276fb,alps4141::alps_b51659f7e286_to_Equation2,1,alps4141,alps4141::alps_b51659f7e286_to_Equation2,memory_limit,resource_exhausted,memory_limit,False,False,False
alpha_c08e37a45b62029e,alps4141::alps_2253952608ff_to_Equation2,1,alps4141,alps4141::alps_2253952608ff_to_Equation2,memory_limit,resource_exhausted,memory_limit,False,False,False
alpha_bc8beac3ecdbf435,alps4141::alps_8545f0220bae_to_Equation2,1,alps4141,alps4141::alps_8545f0220bae_to_Equation2,memory_limit,resource_exhausted,resource_exhausted,False,False,False
alpha_576b361405da5edf,alps4141::alps_6598ded36ddd_to_Equation2,1,alps4141,alps4141::alps_6598ded36ddd_to_Equation2,memory_limit,resource_exhausted,memory_limit,False,False,False
alpha_340274934f92979d,alps4141::alps_ab180906b657_to_Equation2,1,alps4141,alps4141::alps_ab180906b657_to_Equation2,memory_limit,resource_exhausted,resource_exhausted,False,False,False
alpha_636c28a4e01b3e6c,alps4141::alps_c2874fb4751d_to_Equation2,1,alps4141,alps4141::alps_c2874fb4751d_to_Equation2,memory_limit,resource_exhausted,resource_exhausted,False,False,False
alpha_cad3fb1fd92ce252,alps4141::alps_bc832278b8c4_to_Equation2,1,alps4141,alps4141::alps_bc832278b8c4_to_Equation2,resource_exhausted,resource_exhausted,resource_exhausted,False,False,False
alpha_1d20f218e342f4e4,alps4141::alps_6dd58e1f091d_to_Equation2,1,alps4141,alps4141::alps_6dd58e1f091d_to_Equation2,memory_limit,resource_exhausted,memory_limit,False,False,False
alpha_8d8081c17df8cf9a,alps4141::alps_3d7570cb5fe6_to_Equation2,1,alps4141,alps4141::alps_3d7570cb5fe6_to_Equation2,memory_limit,resource_exhausted,resource_exhausted,False,False,False
alpha_3ab6a5c024044b96,alps4141::alps_9112c4c688f4_to_Equation2,1,alps4141,alps4141::alps_9112c4c688f4_to_Equation2,memory_limit,resource_exhausted,memory_limit,False,False,False
alpha_5b906491521a9c50,alps4141::alps_07bc61c9e8c4_to_Equation2,1,alps4141,alps4141::alps_07bc61c9e8c4_to_Equation2,memory_limit,resource_exhausted,resource_exhausted,False,False,False
alpha_16d033115d9a7399,alps4141::alps_1a9b812507fd_to_Equation2,1,alps4141,alps4141::alps_1a9b812507fd_to_Equation2,memory_limit,resource_exhausted,resource_exhausted,False,False,False
alpha_e31118d354be5d62,alps4141::alps_eecfd36e25be_to_Equation2,1,alps4141,alps4141::alps_eecfd36e25be_to_Equation2,completed_no_decisive_result,resource_exhausted,memory_limit,False,False,False
alpha_3bb1e7e7e79c890b,alps4141::alps_de1ceb0c2cde_to_Equation2,1,alps4141,alps4141::alps_de1ceb0c2cde_to_Equation2,memory_limit,resource_exhausted,resource_exhausted,False,False,False
alpha_bea811928fe2feea,alps4141::alps_e41c7cc308e0_to_Equation2,1,alps4141,alps4141::alps_e41c7cc308e0_to_Equation2,memory_limit,resource_exhausted,resource_exhausted,False,False,False
alpha_428c8a000ca51b6f,alps4141::alps_406ab6931b44_to_Equation2,1,alps4141,alps4141::alps_406ab6931b44_to_Equation2,memory_limit,resource_exhausted,resource_exhausted,False,False,False
alpha_45ccc5f2ede74b6f,alps4141::alps_ccdb75c7c93c_to_Equation2,1,alps4141,alps4141::alps_ccdb75c7c93c_to_Equation2,memory_limit,resource_exhausted,memory_limit,False,False,False
alpha_2ed597c684cff25d,alps4141::alps_c9babebc522f_to_Equation2,1,alps4141,alps4141::alps_c9babebc522f_to_Equation2,memory_limit,resource_exhausted,resource_exhausted,False,False,False
alpha_b0e730de20ec546c,alps4141::alps_ba0e6ed33a68_to_Equation2,1,alps4141,alps4141::alps_ba0e6ed33a68_to_Equation2,memory_limit,resource_exhausted,resource_exhausted,False,False,False
alpha_1edb0e94454dfb9a,alps4141::alps_0d27e4638d68_to_Equation2,1,alps4141,alps4141::alps_0d27e4638d68_to_Equation2,memory_limit,resource_exhausted,resource_exhausted,False,False,False
alpha_6f27d9e2443c91aa,alps4141::alps_24b347965219_to_Equation2,1,alps4141,alps4141::alps_24b347965219_to_Equation2,memory_limit,resource_exhausted,resource_exhausted,False,False,False
alpha_629cff73f162bdcb,alps4141::alps_f66f5ec77601_to_Equation2,1,alps4141,alps4141::alps_f66f5ec77601_to_Equation2,memory_limit,resource_exhausted,resource_exhausted,False,False,False
alpha_06bf29e03ac5922b,alps4141::alps_bd61fac7f449_to_Equation2,1,alps4141,alps4141::alps_bd61fac7f449_to_Equation2,memory_limit,resource_exhausted,memory_limit,False,False,False
alpha_00804889b18c0fd5,alps4141::alps_5d98fee5f1cd_to_Equation2,1,alps4141,alps4141::alps_5d98fee5f1cd_to_Equation2,memory_limit,resource_exhausted,resource_exhausted,False,False,False
alpha_0dfc011c605b943e,alps4141::alps_53e58cee90ac_to_Equation2,1,alps4141,alps4141::alps_53e58cee90ac_to_Equation2,memory_limit,resource_exhausted,resource_exhausted,False,False,False
alpha_020ba522a21b4ce3,alps4141::alps_01265c835ab7_to_Equation2,1,alps4141,alps4141::alps_01265c835ab7_to_Equation2,memory_limit,resource_exhausted,memory_limit,False,False,False
alpha_c84c1b5334c9f29a,alps4141::alps_3ea30c0220c8_to_Equation2,1,alps4141,alps4141::alps_3ea30c0220c8_to_Equation2,memory_limit,resource_exhausted,resource_exhausted,False,False,False
alpha_b60d992c96327f59,alps4141::alps_218830f557b8_to_Equation2,1,alps4141,alps4141::alps_218830f557b8_to_Equation2,memory_limit,resource_exhausted,resource_exhausted,False,False,False
alpha_6cda69940e993af5,alps4141::alps_8ad11c78dcf2_to_Equation2,1,alps4141,alps4141::alps_8ad11c78dcf2_to_Equation2,memory_limit,resource_exhausted,resource_exhausted,False,False,False
alpha_10c154f4029da786,alps4141::alps_486c5a515447_to_Equation2,1,alps4141,alps4141::alps_486c5a515447_to_Equation2,memory_limit,resource_exhausted,resource_exhausted,False,False,False
alpha_d140ce884dbcd09d,alps4141::alps_755ff87c08bf_to_Equation2,1,alps4141,alps4141::alps_755ff87c08bf_to_Equation2,memory_limit,resource_exhausted,resource_exhausted,False,False,False
alpha_e91a156d3eccf012,alps4141::alps_7f9895742e75_to_Equation2,1,alps4141,alps4141::alps_7f9895742e75_to_Equation2,memory_limit,resource_exhausted,memory_limit,False,False,False
alpha_9fff1fcf8c9a9dcf,alps4141::alps_aef1775d05af_to_Equation2,1,alps4141,alps4141::alps_aef1775d05af_to_Equation2,memory_limit,resource_exhausted,resource_exhausted,False,False,False
alpha_f6fb989be7e0a696,alps4141::alps_69f08b499574_to_Equation2,1,alps4141,alps4141::alps_69f08b499574_to_Equation2,memory_limit,resource_exhausted,memory_limit,False,False,False
alpha_0d4baa19ca3d0fa1,alps4141::alps_91adf02079ad_to_Equation2,1,alps4141,alps4141::alps_91adf02079ad_to_Equation2,memory_limit,resource_exhausted,resource_exhausted,False,False,False
alpha_9b6cf7ea21bea976,alps4141::alps_afa4b495c4c4_to_Equation2,1,alps4141,alps4141::alps_afa4b495c4c4_to_Equation2,memory_limit,resource_exhausted,resource_exhausted,False,False,False
alpha_480b0ba3d9309aba,alps4141::alps_09a8d3561e39_to_Equation2,1,alps4141,alps4141::alps_09a8d3561e39_to_Equation2,memory_limit,resource_exhausted,resource_exhausted,False,False,False
alpha_2f701dc7e3c6be8b,alps4141::alps_7a76afe1592d_to_Equation2,1,alps4141,alps4141::alps_7a76afe1592d_to_Equation2,resource_exhausted,resource_exhausted,resource_exhausted,False,False,False
alpha_d453790b2d3d7969,alps4141::alps_61928414feac_to_Equation2,1,alps4141,alps4141::alps_61928414feac_to_Equation2,memory_limit,resource_exhausted,memory_limit,False,False,False
alpha_ea7ccb4baffcb5e9,alps4141::alps_1a8d7bc850ba_to_Equation2,1,alps4141,alps4141::alps_1a8d7bc850ba_to_Equation2,resource_exhausted,resource_exhausted,resource_exhausted,False,False,False
alpha_388da8b56128e66b,alps4141::alps_30d8aa203376_to_Equation2,1,alps4141,alps4141::alps_30d8aa203376_to_Equation2,memory_limit,resource_exhausted,resource_exhausted,False,False,False
alpha_9cd2163f2998d1f1,alps4141::alps_eecc6700552c_to_Equation2,1,alps4141,alps4141::alps_eecc6700552c_to_Equation2,memory_limit,resource_exhausted,resource_exhausted,False,False,False
alpha_5047b90e4fa899b3,alps4141::alps_5af33b230ebd_to_Equation2,1,alps4141,alps4141::alps_5af33b230ebd_to_Equation2,memory_limit,resource_exhausted,resource_exhausted,False,False,False
alpha_931cfb434242b1dc,alps4141::alps_e0fb74761f6a_to_Equation2,1,alps4141,alps4141::alps_e0fb74761f6a_to_Equation2,memory_limit,resource_exhausted,memory_limit,False,False,False
alpha_92532bd611fd05c4,alps4141::alps_2c29f520920e_to_Equation2,1,alps4141,alps4141::alps_2c29f520920e_to_Equation2,memory_limit,resource_exhausted,memory_limit,False,False,False
alpha_1fbe7d744962a036,alps4141::alps_fb8633017c86_to_Equation2,1,alps4141,alps4141::alps_fb8633017c86_to_Equation2,memory_limit,resource_exhausted,resource_exhausted,False,False,False
alpha_7307a037a80cbab2,alps4141::alps_ea108d58c545_to_Equation2,1,alps4141,alps4141::alps_ea108d58c545_to_Equation2,memory_limit,resource_exhausted,resource_exhausted,False,False,False
alpha_d3e9cad986405c39,alps4141::alps_327feee5fbee_to_Equation2,1,alps4141,alps4141::alps_327feee5fbee_to_Equation2,resource_exhausted,resource_exhausted,resource_exhausted,False,False,False
alpha_1f3f8fbfbcf1b82c,alps4141::alps_1bddc1b84cde_to_Equation2,1,alps4141,alps4141::alps_1bddc1b84cde_to_Equation2,memory_limit,resource_exhausted,memory_limit,False,False,False
alpha_dff9a9da5c2a5472,alps4141::alps_47c13fdcd0f6_to_Equation2,1,alps4141,alps4141::alps_47c13fdcd0f6_to_Equation2,memory_limit,resource_exhausted,memory_limit,False,False,False
alpha_88d40457cb6b31e1,alps4141::alps_148c5a1cbb5e_to_Equation2,1,alps4141,alps4141::alps_148c5a1cbb5e_to_Equation2,memory_limit,resource_exhausted,memory_limit,False,False,False
alpha_8bbcefbf100a1992,austin96::order5_austin_unknown_E5951_to_E2,2,alps4141+austin96,austin96::order5_austin_unknown_E5951_to_E2 | alps4141::alps_68f46cff59e2_to_Equation2,memory_limit,resource_exhausted,resource_exhausted,False,False,False
alpha_fbdb1ee25cf10585,alps4141::alps_68da870e04f8_to_Equation2,1,alps4141,alps4141::alps_68da870e04f8_to_Equation2,resource_exhausted,resource_exhausted,resource_exhausted,False,False,False
alpha_be66f147ed80c7d4,alps4141::alps_bc2b82296ae8_to_Equation2,1,alps4141,alps4141::alps_bc2b82296ae8_to_Equation2,resource_exhausted,resource_exhausted,resource_exhausted,False,False,False
alpha_d02f5846a19b9f6d,alps4141::alps_ba54dbb3de76_to_Equation2,1,alps4141,alps4141::alps_ba54dbb3de76_to_Equation2,memory_limit,resource_exhausted,memory_limit,False,False,False
alpha_5630f592eb9247c7,alps4141::alps_03b93166722b_to_Equation2,1,alps4141,alps4141::alps_03b93166722b_to_Equation2,memory_limit,resource_exhausted,resource_exhausted,False,False,False
alpha_176aab795d29b825,alps4141::alps_af9721ec926e_to_Equation2,1,alps4141,alps4141::alps_af9721ec926e_to_Equation2,resource_exhausted,resource_exhausted,resource_exhausted,False,False,False
alpha_74003e7abdc49297,austin96::order5_austin_unknown_E5947_to_E2,2,alps4141+austin96,austin96::order5_austin_unknown_E5947_to_E2 | alps4141::alps_8654a82c1a7e_to_Equation2,resource_exhausted,resource_exhausted,resource_exhausted,False,False,False
alpha_27bcc8a31242f895,alps4141::alps_195ae715c38c_to_Equation2,1,alps4141,alps4141::alps_195ae715c38c_to_Equation2,memory_limit,resource_exhausted,memory_limit,False,False,False
alpha_3e28768ccfd2a0cf,austin96::order5_austin_unknown_E5066_to_E2,2,alps4141+austin96,austin96::order5_austin_unknown_E5066_to_E2 | alps4141::alps_23001474ada3_to_Equation2,memory_limit,resource_exhausted,memory_limit,False,False,False
alpha_884a1951536fd25b,austin96::order5_austin_unknown_E5141_to_E2,2,alps4141+austin96,austin96::order5_austin_unknown_E5141_to_E2 | alps4141::alps_74bbe4a8656b_to_Equation2,memory_limit,resource_exhausted,memory_limit,False,False,False
alpha_4603ac514fe91c85,alps4141::alps_40eeaf2eda09_to_Equation2,1,alps4141,alps4141::alps_40eeaf2eda09_to_Equation2,memory_limit,resource_exhausted,resource_exhausted,False,False,False
alpha_b1603245f8bf32da,alps4141::alps_dacaf5692ff5_to_Equation2,1,alps4141,alps4141::alps_dacaf5692ff5_to_Equation2,resource_exhausted,resource_exhausted,resource_exhausted,False,False,False
alpha_505998566f60605d,alps4141::alps_c73e9bb0d4ab_to_Equation2,1,alps4141,alps4141::alps_c73e9bb0d4ab_to_Equation2,resource_exhausted,resource_exhausted,resource_exhausted,False,False,False
alpha_a30d6bf87bde4946,alps4141::alps_03e6fedc3a30_to_Equation2,1,alps4141,alps4141::alps_03e6fedc3a30_to_Equation2,memory_limit,resource_exhausted,memory_limit,False,False,False
alpha_95d232820204cec3,alps4141::alps_621832414f8b_to_Equation2,1,alps4141,alps4141::alps_621832414f8b_to_Equation2,resource_exhausted,resource_exhausted,resource_exhausted,False,False,False
alpha_18125e93e575589d,alps4141::alps_5b54e82590c1_to_Equation2,1,alps4141,alps4141::alps_5b54e82590c1_to_Equation2,memory_limit,resource_exhausted,memory_limit,False,False,False
alpha_86d78aadd0d5a609,alps4141::alps_4d7ed13b3818_to_Equation2,1,alps4141,alps4141::alps_4d7ed13b3818_to_Equation2,resource_exhausted,resource_exhausted,resource_exhausted,False,False,False
alpha_234e869573a1ad94,alps4141::alps_dd9f5dca761d_to_Equation2,1,alps4141,alps4141::alps_dd9f5dca761d_to_Equation2,memory_limit,resource_exhausted,memory_limit,False,False,False
alpha_4f688b4ca2ff493e,alps4141::alps_e1c911d349f3_to_Equation2,1,alps4141,alps4141::alps_e1c911d349f3_to_Equation2,memory_limit,resource_exhausted,resource_exhausted,False,False,False
alpha_64a331345ab4c7e3,alps4141::alps_81c857b8f391_to_Equation2,1,alps4141,alps4141::alps_81c857b8f391_to_Equation2,resource_exhausted,resource_exhausted,resource_exhausted,False,False,False
alpha_bc2c4e145e3d8b90,alps4141::alps_90135905fbe9_to_Equation2,1,alps4141,alps4141::alps_90135905fbe9_to_Equation2,memory_limit,resource_exhausted,resource_exhausted,False,False,False
alpha_09e2670eac0a8497,alps4141::alps_640be755b2c4_to_Equation2,1,alps4141,alps4141::alps_640be755b2c4_to_Equation2,memory_limit,resource_exhausted,resource_exhausted,False,False,False
alpha_b4c847a2d11f5410,alps4141::alps_d1dddb581c2a_to_Equation2,1,alps4141,alps4141::alps_d1dddb581c2a_to_Equation2,memory_limit,resource_exhausted,resource_exhausted,False,False,False
alpha_26cd8f9436e7f64d,alps4141::alps_dc9f1b210c0b_to_Equation2,1,alps4141,alps4141::alps_dc9f1b210c0b_to_Equation2,memory_limit,resource_exhausted,resource_exhausted,False,False,False
alpha_c7de006a4ed66e4c,alps4141::alps_47ff121bfdb0_to_Equation2,1,alps4141,alps4141::alps_47ff121bfdb0_to_Equation2,memory_limit,resource_exhausted,resource_exhausted,False,False,False
alpha_bd87ecdf4f499e0d,alps4141::alps_43219e7ab78d_to_Equation2,1,alps4141,alps4141::alps_43219e7ab78d_to_Equation2,memory_limit,resource_exhausted,resource_exhausted,False,False,False
alpha_f027661803951a43,alps4141::alps_2d96c91552a8_to_Equation2,1,alps4141,alps4141::alps_2d96c91552a8_to_Equation2,memory_limit,resource_exhausted,resource_exhausted,False,False,False
alpha_4bf5643ab5fd6cdb,alps4141::alps_d692256664e1_to_Equation2,1,alps4141,alps4141::alps_d692256664e1_to_Equation2,memory_limit,resource_exhausted,resource_exhausted,False,False,False
alpha_3c3895d28412073f,alps4141::alps_8ca4afb19072_to_Equation2,1,alps4141,alps4141::alps_8ca4afb19072_to_Equation2,memory_limit,resource_exhausted,resource_exhausted,False,False,False
alpha_32bbf996d101ccf8,alps4141::alps_d6e3542a2e4d_to_Equation2,1,alps4141,alps4141::alps_d6e3542a2e4d_to_Equation2,memory_limit,resource_exhausted,resource_exhausted,False,False,False
alpha_20ca86868ddaf8aa,alps4141::alps_7ea9b5ca56fe_to_Equation2,1,alps4141,alps4141::alps_7ea9b5ca56fe_to_Equation2,memory_limit,resource_exhausted,resource_exhausted,False,False,False
alpha_e66e5c431d690259,alps4141::alps_c17edd2698a5_to_Equation2,1,alps4141,alps4141::alps_c17edd2698a5_to_Equation2,memory_limit,resource_exhausted,resource_exhausted,False,False,False
alpha_9777f43aa871623e,alps4141::alps_b7356e3ef80d_to_Equation2,1,alps4141,alps4141::alps_b7356e3ef80d_to_Equation2,memory_limit,resource_exhausted,resource_exhausted,False,False,False
alpha_776f579f71acf4ca,alps4141::alps_eedd9414f2bc_to_Equation2,1,alps4141,alps4141::alps_eedd9414f2bc_to_Equation2,memory_limit,resource_exhausted,resource_exhausted,False,False,False
alpha_7e80f5f81763967c,alps4141::alps_e604046c985b_to_Equation2,1,alps4141,alps4141::alps_e604046c985b_to_Equation2,memory_limit,resource_exhausted,resource_exhausted,False,False,False
alpha_202c5595de6aa0fb,alps4141::alps_768e678b8fea_to_Equation2,1,alps4141,alps4141::alps_768e678b8fea_to_Equation2,memory_limit,resource_exhausted,resource_exhausted,False,False,False
alpha_86f0bb95e882fe05,alps4141::alps_7d5ab4f1cb10_to_Equation2,1,alps4141,alps4141::alps_7d5ab4f1cb10_to_Equation2,resource_exhausted,resource_exhausted,resource_exhausted,False,False,False
alpha_43e2e730aba0d26f,alps4141::alps_33c528e7d015_to_Equation2,1,alps4141,alps4141::alps_33c528e7d015_to_Equation2,memory_limit,resource_exhausted,resource_exhausted,False,False,False
alpha_e873dcf0f63ee582,alps4141::alps_55b7a50843d1_to_Equation2,1,alps4141,alps4141::alps_55b7a50843d1_to_Equation2,memory_limit,resource_exhausted,memory_limit,False,False,False
alpha_010b7ced73b89887,austin96::order5_austin_unknown_E8485_to_E2,2,alps4141+austin96,austin96::order5_austin_unknown_E8485_to_E2 | alps4141::alps_c4d983096970_to_Equation2,resource_exhausted,resource_exhausted,resource_exhausted,False,False,False
alpha_e8ac5d3abc92af12,alps4141::alps_70ffe546b5e5_to_Equation2,1,alps4141,alps4141::alps_70ffe546b5e5_to_Equation2,resource_exhausted,resource_exhausted,resource_exhausted,False,False,False
alpha_ee6ee3abe7df0660,alps4141::alps_e807a06d4d29_to_Equation2,1,alps4141,alps4141::alps_e807a06d4d29_to_Equation2,resource_exhausted,resource_exhausted,resource_exhausted,False,False,False
alpha_2ec1849dfd4389c5,alps4141::alps_e49c07ebdbeb_to_Equation2,1,alps4141,alps4141::alps_e49c07ebdbeb_to_Equation2,memory_limit,resource_exhausted,resource_exhausted,False,False,False
alpha_dc51fcb2b153bc76,alps4141::alps_e4f35aaf4f7f_to_Equation2,1,alps4141,alps4141::alps_e4f35aaf4f7f_to_Equation2,memory_limit,resource_exhausted,resource_exhausted,False,False,False
alpha_7811b5eafc5610bd,alps4141::alps_f77025bbf730_to_Equation2,1,alps4141,alps4141::alps_f77025bbf730_to_Equation2,resource_exhausted,resource_exhausted,resource_exhausted,False,False,False
alpha_711a92224cf9c977,alps4141::alps_a743802d0696_to_Equation2,1,alps4141,alps4141::alps_a743802d0696_to_Equation2,memory_limit,resource_exhausted,resource_exhausted,False,False,False
alpha_935cb62851c2c6a0,alps4141::alps_c26134b70732_to_Equation2,1,alps4141,alps4141::alps_c26134b70732_to_Equation2,resource_exhausted,resource_exhausted,resource_exhausted,False,False,False
alpha_6f0f0666bef998b2,alps4141::alps_990c939ecb43_to_Equation2,1,alps4141,alps4141::alps_990c939ecb43_to_Equation2,resource_exhausted,resource_exhausted,resource_exhausted,False,False,False
alpha_2f4ed5718819563e,alps4141::alps_1e7d9357ec56_to_Equation2,1,alps4141,alps4141::alps_1e7d9357ec56_to_Equation2,resource_exhausted,resource_exhausted,resource_exhausted,False,False,False
alpha_5827565cf3aa8556,alps4141::alps_dfd8acdcd939_to_Equation2,1,alps4141,alps4141::alps_dfd8acdcd939_to_Equation2,memory_limit,resource_exhausted,resource_exhausted,False,False,False
alpha_d2f67ffce72bfe21,alps4141::alps_21fcf7b8325a_to_Equation2,1,alps4141,alps4141::alps_21fcf7b8325a_to_Equation2,memory_limit,resource_exhausted,resource_exhausted,False,False,False
alpha_829b94c1bd1e059f,alps4141::alps_2f65deaf212b_to_Equation2,1,alps4141,alps4141::alps_2f65deaf212b_to_Equation2,resource_exhausted,resource_exhausted,resource_exhausted,False,False,False
alpha_ec835fc2f51a907e,alps4141::alps_379db8ccbeb7_to_Equation2,1,alps4141,alps4141::alps_379db8ccbeb7_to_Equation2,memory_limit,resource_exhausted,resource_exhausted,False,False,False
alpha_5aef073f8cf0084c,alps4141::alps_87079df1c700_to_Equation2,1,alps4141,alps4141::alps_87079df1c700_to_Equation2,memory_limit,resource_exhausted,resource_exhausted,False,False,False
alpha_46fb0c6090a056dd,alps4141::alps_9059055159f5_to_Equation2,1,alps4141,alps4141::alps_9059055159f5_to_Equation2,memory_limit,resource_exhausted,resource_exhausted,False,False,False
alpha_1a93c30d2d79d520,alps4141::alps_b4bec4c41a0b_to_Equation2,1,alps4141,alps4141::alps_b4bec4c41a0b_to_Equation2,resource_exhausted,resource_exhausted,resource_exhausted,False,False,False
alpha_e6109fbff7b119b9,alps4141::alps_1da0dfa62c68_to_Equation2,1,alps4141,alps4141::alps_1da0dfa62c68_to_Equation2,resource_exhausted,resource_exhausted,resource_exhausted,False,False,False
alpha_45d1395cabb25dc5,alps4141::alps_2378571fc161_to_Equation2,1,alps4141,alps4141::alps_2378571fc161_to_Equation2,resource_exhausted,resource_exhausted,resource_exhausted,False,False,False
alpha_72c88244de0d5402,alps4141::alps_feba11963cba_to_Equation2,1,alps4141,alps4141::alps_feba11963cba_to_Equation2,memory_limit,resource_exhausted,resource_exhausted,False,False,False
alpha_c6a4e38f8567a678,alps4141::alps_100ab46378d5_to_Equation2,1,alps4141,alps4141::alps_100ab46378d5_to_Equation2,memory_limit,resource_exhausted,resource_exhausted,False,False,False
alpha_f501bcdc26cd2084,alps4141::alps_0911b7237330_to_Equation2,1,alps4141,alps4141::alps_0911b7237330_to_Equation2,resource_exhausted,resource_exhausted,resource_exhausted,False,False,False
alpha_bfa494e79ae20cdf,alps4141::alps_96ae8b06610c_to_Equation2,1,alps4141,alps4141::alps_96ae8b06610c_to_Equation2,resource_exhausted,resource_exhausted,resource_exhausted,False,False,False
alpha_e419586ab0f9efd1,alps4141::alps_5b0caec1b8a6_to_Equation2,1,alps4141,alps4141::alps_5b0caec1b8a6_to_Equation2,resource_exhausted,resource_exhausted,resource_exhausted,False,False,False
alpha_33b1e98bd187fa32,alps4141::alps_2927e70b0b99_to_Equation2,1,alps4141,alps4141::alps_2927e70b0b99_to_Equation2,resource_exhausted,resource_exhausted,resource_exhausted,False,False,False
alpha_b181a94adb9bbad5,alps4141::alps_b4170e1346cb_to_Equation2,1,alps4141,alps4141::alps_b4170e1346cb_to_Equation2,memory_limit,resource_exhausted,resource_exhausted,False,False,False
alpha_bfa07e96e8a03cc3,alps4141::alps_31d1f8433c53_to_Equation2,1,alps4141,alps4141::alps_31d1f8433c53_to_Equation2,resource_exhausted,resource_exhausted,resource_exhausted,False,False,False
alpha_d79390047f06f631,alps4141::alps_f1f3d52126b4_to_Equation2,1,alps4141,alps4141::alps_f1f3d52126b4_to_Equation2,resource_exhausted,resource_exhausted,resource_exhausted,False,False,False
alpha_90d9e9af5e34ce7c,alps4141::alps_5c13b4c40699_to_Equation2,1,alps4141,alps4141::alps_5c13b4c40699_to_Equation2,resource_exhausted,resource_exhausted,resource_exhausted,False,False,False
alpha_0b32aab1e57bec11,alps4141::alps_fda683226b05_to_Equation2,1,alps4141,alps4141::alps_fda683226b05_to_Equation2,memory_limit,resource_exhausted,resource_exhausted,False,False,False
alpha_eb4c576594662581,alps4141::alps_c53da6ab96d0_to_Equation2,1,alps4141,alps4141::alps_c53da6ab96d0_to_Equation2,resource_exhausted,resource_exhausted,resource_exhausted,False,False,False
alpha_b15cb75ea4088ab2,alps4141::alps_39bbaee031fc_to_Equation2,1,alps4141,alps4141::alps_39bbaee031fc_to_Equation2,resource_exhausted,resource_exhausted,resource_exhausted,False,False,False
alpha_f259aab4ee64dca3,alps4141::alps_db37722196b3_to_Equation2,1,alps4141,alps4141::alps_db37722196b3_to_Equation2,memory_limit,resource_exhausted,resource_exhausted,False,False,False
alpha_d5648d661cf28adf,alps4141::alps_476a7b997de6_to_Equation2,1,alps4141,alps4141::alps_476a7b997de6_to_Equation2,memory_limit,resource_exhausted,memory_limit,False,False,False
alpha_110a02b93574c393,alps4141::alps_71b4baba4308_to_Equation2,1,alps4141,alps4141::alps_71b4baba4308_to_Equation2,memory_limit,resource_exhausted,resource_exhausted,False,False,False
alpha_96ab401f87e01ec4,alps4141::alps_3598f082199c_to_Equation2,1,alps4141,alps4141::alps_3598f082199c_to_Equation2,memory_limit,resource_exhausted,resource_exhausted,False,False,False
alpha_b888b1a5ca5b99bd,alps4141::alps_60122c4f0f6e_to_Equation2,1,alps4141,alps4141::alps_60122c4f0f6e_to_Equation2,resource_exhausted,theorem,theorem,True,False,False
alpha_b898477580b04f54,alps4141::alps_39b2fbf49e78_to_Equation2,1,alps4141,alps4141::alps_39b2fbf49e78_to_Equation2,resource_exhausted,resource_exhausted,resource_exhausted,False,False,False
alpha_57e24fa5acec27b5,austin96::order5_austin_unknown_E7587_to_E2,2,alps4141+austin96,austin96::order5_austin_unknown_E7587_to_E2 | alps4141::alps_bbb2c58cf351_to_Equation2,resource_exhausted,resource_exhausted,resource_exhausted,False,False,False
alpha_24718ce50793fab6,alps4141::alps_d7b293c9d2b0_to_Equation2,1,alps4141,alps4141::alps_d7b293c9d2b0_to_Equation2,memory_limit,resource_exhausted,memory_limit,False,False,False
alpha_dd3060937e759669,alps4141::alps_916748554164_to_Equation2,1,alps4141,alps4141::alps_916748554164_to_Equation2,memory_limit,resource_exhausted,memory_limit,False,False,False
alpha_9f06e0c715a0fc2a,alps4141::alps_f5e7388c288d_to_Equation2,1,alps4141,alps4141::alps_f5e7388c288d_to_Equation2,memory_limit,resource_exhausted,resource_exhausted,False,False,False
alpha_2ccbc3575130a0fe,alps4141::alps_c7ed01ab1dd5_to_Equation2,1,alps4141,alps4141::alps_c7ed01ab1dd5_to_Equation2,completed_no_decisive_result,resource_exhausted,resource_exhausted,False,False,False
alpha_9b184d92d1ab0bd6,alps4141::alps_5edec056f500_to_Equation2,1,alps4141,alps4141::alps_5edec056f500_to_Equation2,memory_limit,resource_exhausted,memory_limit,False,False,False
alpha_1ac981229c631c0e,alps4141::alps_da6b94f59402_to_Equation2,1,alps4141,alps4141::alps_da6b94f59402_to_Equation2,memory_limit,resource_exhausted,resource_exhausted,False,False,False
alpha_da48491c78973519,alps4141::alps_5f0d1b01b292_to_Equation2,1,alps4141,alps4141::alps_5f0d1b01b292_to_Equation2,memory_limit,resource_exhausted,resource_exhausted,False,False,False
alpha_34245f474638ccb3,alps4141::alps_872b1975d0da_to_Equation2,1,alps4141,alps4141::alps_872b1975d0da_to_Equation2,memory_limit,resource_exhausted,resource_exhausted,False,False,False
alpha_0cf1cef0d4f9b918,alps4141::alps_9cd7abeb8127_to_Equation2,1,alps4141,alps4141::alps_9cd7abeb8127_to_Equation2,memory_limit,resource_exhausted,resource_exhausted,False,False,False
alpha_24dcce7b77eed474,alps4141::alps_f7a94c7b181b_to_Equation2,1,alps4141,alps4141::alps_f7a94c7b181b_to_Equation2,memory_limit,resource_exhausted,resource_exhausted,False,False,False
alpha_d5d12c7300bb213a,alps4141::alps_16a966d9a30e_to_Equation2,1,alps4141,alps4141::alps_16a966d9a30e_to_Equation2,memory_limit,resource_exhausted,resource_exhausted,False,False,False
alpha_97778a9231c96ffb,alps4141::alps_460640bf6bfb_to_Equation2,1,alps4141,alps4141::alps_460640bf6bfb_to_Equation2,resource_exhausted,resource_exhausted,resource_exhausted,False,False,False
alpha_8b0cf8c9bacc4505,alps4141::alps_e855597c658f_to_Equation2,1,alps4141,alps4141::alps_e855597c658f_to_Equation2,resource_exhausted,resource_exhausted,resource_exhausted,False,False,False
alpha_c719f5beda401f87,alps4141::alps_d9c8fb439a8d_to_Equation2,1,alps4141,alps4141::alps_d9c8fb439a8d_to_Equation2,resource_exhausted,resource_exhausted,resource_exhausted,False,False,False
alpha_7c5e8e3393b34c74,alps4141::alps_2ecc2898579d_to_Equation2,1,alps4141,alps4141::alps_2ecc2898579d_to_Equation2,memory_limit,resource_exhausted,resource_exhausted,False,False,False
alpha_11fa2a09343fd876,alps4141::alps_cc2f71211c48_to_Equation2,1,alps4141,alps4141::alps_cc2f71211c48_to_Equation2,memory_limit,resource_exhausted,resource_exhausted,False,False,False
alpha_27ef0e49f53c9603,alps4141::alps_6bc6b12cb6cf_to_Equation2,1,alps4141,alps4141::alps_6bc6b12cb6cf_to_Equation2,memory_limit,resource_exhausted,resource_exhausted,False,False,False
alpha_e1c7ac0168a5556c,alps4141::alps_ef349611d37c_to_Equation2,1,alps4141,alps4141::alps_ef349611d37c_to_Equation2,memory_limit,resource_exhausted,resource_exhausted,False,False,False
alpha_9767c96ad364f0f1,alps4141::alps_3fb5ba6160ea_to_Equation2,1,alps4141,alps4141::alps_3fb5ba6160ea_to_Equation2,memory_limit,resource_exhausted,resource_exhausted,False,False,False
alpha_d137f26f2805cf3f,alps4141::alps_27e6dc773b40_to_Equation2,1,alps4141,alps4141::alps_27e6dc773b40_to_Equation2,memory_limit,resource_exhausted,resource_exhausted,False,False,False
alpha_6dd53bf6045315b2,alps4141::alps_e7835b9b8fca_to_Equation2,1,alps4141,alps4141::alps_e7835b9b8fca_to_Equation2,memory_limit,resource_exhausted,resource_exhausted,False,False,False
alpha_a7b1d9d425254515,alps4141::alps_27e171c0c482_to_Equation2,1,alps4141,alps4141::alps_27e171c0c482_to_Equation2,memory_limit,resource_exhausted,resource_exhausted,False,False,False
alpha_5256aa9ddbb83cd7,alps4141::alps_3b199b9e0ba4_to_Equation2,1,alps4141,alps4141::alps_3b199b9e0ba4_to_Equation2,memory_limit,resource_exhausted,resource_exhausted,False,False,False
alpha_9ff342f3fe129a2a,alps4141::alps_44db6c80ddbb_to_Equation2,1,alps4141,alps4141::alps_44db6c80ddbb_to_Equation2,memory_limit,resource_exhausted,resource_exhausted,False,False,False
alpha_3fff3b923a05435e,alps4141::alps_732504b35d2c_to_Equation2,1,alps4141,alps4141::alps_732504b35d2c_to_Equation2,memory_limit,resource_exhausted,resource_exhausted,False,False,False
alpha_df3cfd29bd14ca89,alps4141::alps_86a8b2e55e16_to_Equation2,1,alps4141,alps4141::alps_86a8b2e55e16_to_Equation2,memory_limit,resource_exhausted,resource_exhausted,False,False,False
alpha_650b178b509c429a,alps4141::alps_f954007d9312_to_Equation2,1,alps4141,alps4141::alps_f954007d9312_to_Equation2,resource_exhausted,resource_exhausted,resource_exhausted,False,False,False
alpha_cf925ff7f1c0d717,alps4141::alps_5c2b91487dd0_to_Equation2,1,alps4141,alps4141::alps_5c2b91487dd0_to_Equation2,memory_limit,resource_exhausted,resource_exhausted,False,False,False
alpha_311687df85bc9fbe,alps4141::alps_3e47cd34e4f0_to_Equation2,1,alps4141,alps4141::alps_3e47cd34e4f0_to_Equation2,memory_limit,resource_exhausted,resource_exhausted,False,False,False
alpha_1c8a84c9cbc24c13,alps4141::alps_3b937d45cdbf_to_Equation2,1,alps4141,alps4141::alps_3b937d45cdbf_to_Equation2,resource_exhausted,resource_exhausted,resource_exhausted,False,False,False
alpha_6cbbf8c50def350a,alps4141::alps_0b11daa26d80_to_Equation2,1,alps4141,alps4141::alps_0b11daa26d80_to_Equation2,resource_exhausted,resource_exhausted,resource_exhausted,False,False,False
alpha_9190f61620b313e8,alps4141::alps_27a11dab8b3c_to_Equation2,1,alps4141,alps4141::alps_27a11dab8b3c_to_Equation2,memory_limit,resource_exhausted,resource_exhausted,False,False,False
alpha_bbd4fa1c6db10e93,alps4141::alps_e331b700671f_to_Equation2,1,alps4141,alps4141::alps_e331b700671f_to_Equation2,resource_exhausted,theorem,theorem,True,False,False
alpha_60ed84c7ffcfe0b4,alps4141::alps_5d57ddb6ccdb_to_Equation2,1,alps4141,alps4141::alps_5d57ddb6ccdb_to_Equation2,resource_exhausted,resource_exhausted,resource_exhausted,False,False,False
alpha_72bae144088fb4cb,alps4141::alps_82d2870c0388_to_Equation2,1,alps4141,alps4141::alps_82d2870c0388_to_Equation2,resource_exhausted,resource_exhausted,resource_exhausted,False,False,False
alpha_4dc04716d9053058,alps4141::alps_782c134c90f0_to_Equation2,1,alps4141,alps4141::alps_782c134c90f0_to_Equation2,memory_limit,resource_exhausted,resource_exhausted,False,False,False
alpha_76a3c4c684ee0931,alps4141::alps_165b40c891f5_to_Equation2,1,alps4141,alps4141::alps_165b40c891f5_to_Equation2,memory_limit,resource_exhausted,resource_exhausted,False,False,False
alpha_c48646aa9c9acb4b,alps4141::alps_eedead4e8086_to_Equation2,1,alps4141,alps4141::alps_eedead4e8086_to_Equation2,resource_exhausted,resource_exhausted,resource_exhausted,False,False,False
alpha_6d6c28d1f4ad2e39,alps4141::alps_b591c0ac10dc_to_Equation2,1,alps4141,alps4141::alps_b591c0ac10dc_to_Equation2,memory_limit,resource_exhausted,resource_exhausted,False,False,False
alpha_48d35ca0d3c22c28,alps4141::alps_e8b2ec1323b8_to_Equation2,1,alps4141,alps4141::alps_e8b2ec1323b8_to_Equation2,memory_limit,resource_exhausted,memory_limit,False,False,False
alpha_38f0d2c4bd50ba2f,alps4141::alps_7bb517616caa_to_Equation2,1,alps4141,alps4141::alps_7bb517616caa_to_Equation2,resource_exhausted,resource_exhausted,resource_exhausted,False,False,False
alpha_118155cd70b15dd1,alps4141::alps_0e280052cb19_to_Equation2,1,alps4141,alps4141::alps_0e280052cb19_to_Equation2,resource_exhausted,resource_exhausted,resource_exhausted,False,False,False
alpha_21394d92fdb67e3a,alps4141::alps_041e38751fa7_to_Equation2,1,alps4141,alps4141::alps_041e38751fa7_to_Equation2,resource_exhausted,resource_exhausted,resource_exhausted,False,False,False
alpha_b5437455e3708a0d,alps4141::alps_cdedb5ceec8c_to_Equation2,1,alps4141,alps4141::alps_cdedb5ceec8c_to_Equation2,memory_limit,resource_exhausted,resource_exhausted,False,False,False
alpha_6fb08832d9352210,alps4141::alps_4f2c8272c02a_to_Equation2,1,alps4141,alps4141::alps_4f2c8272c02a_to_Equation2,memory_limit,resource_exhausted,memory_limit,False,False,False
alpha_84c9a1f456203e46,alps4141::alps_a4370f860c39_to_Equation2,1,alps4141,alps4141::alps_a4370f860c39_to_Equation2,memory_limit,resource_exhausted,resource_exhausted,False,False,False
alpha_14896e7207a95aed,alps4141::alps_f74c9db40618_to_Equation2,1,alps4141,alps4141::alps_f74c9db40618_to_Equation2,memory_limit,resource_exhausted,resource_exhausted,False,False,False
alpha_e00f200c2ea12d50,alps4141::alps_0cec209cfe4b_to_Equation2,1,alps4141,alps4141::alps_0cec209cfe4b_to_Equation2,memory_limit,resource_exhausted,resource_exhausted,False,False,False
alpha_20fc3c9124960151,alps4141::alps_132b27f25ae4_to_Equation2,1,alps4141,alps4141::alps_132b27f25ae4_to_Equation2,resource_exhausted,resource_exhausted,resource_exhausted,False,False,False
alpha_80ab654631042dac,alps4141::alps_71a2e5c7bed2_to_Equation2,1,alps4141,alps4141::alps_71a2e5c7bed2_to_Equation2,resource_exhausted,resource_exhausted,resource_exhausted,False,False,False
alpha_535f7fd1739bc887,alps4141::alps_24bfea42d6c9_to_Equation2,1,alps4141,alps4141::alps_24bfea42d6c9_to_Equation2,memory_limit,resource_exhausted,resource_exhausted,False,False,False
alpha_90c0e76bda4cbc42,alps4141::alps_95338b6704ed_to_Equation2,1,alps4141,alps4141::alps_95338b6704ed_to_Equation2,memory_limit,resource_exhausted,resource_exhausted,False,False,False
alpha_16ddb3de965c34a9,alps4141::alps_458987ba2f7e_to_Equation2,1,alps4141,alps4141::alps_458987ba2f7e_to_Equation2,memory_limit,resource_exhausted,resource_exhausted,False,False,False
alpha_be6f846335d32768,alps4141::alps_f67c16e7cc1f_to_Equation2,1,alps4141,alps4141::alps_f67c16e7cc1f_to_Equation2,memory_limit,resource_exhausted,resource_exhausted,False,False,False
alpha_79f37d54c6945e6b,alps4141::alps_8ecffdaa0bc8_to_Equation2,1,alps4141,alps4141::alps_8ecffdaa0bc8_to_Equation2,resource_exhausted,resource_exhausted,resource_exhausted,False,False,False
alpha_29055851e43f2dca,alps4141::alps_f00352bcb0d4_to_Equation2,1,alps4141,alps4141::alps_f00352bcb0d4_to_Equation2,resource_exhausted,resource_exhausted,resource_exhausted,False,False,False
alpha_a4899197ec13d9a6,alps4141::alps_fd6e56cb89c3_to_Equation2,1,alps4141,alps4141::alps_fd6e56cb89c3_to_Equation2,resource_exhausted,resource_exhausted,resource_exhausted,False,False,False
alpha_e46b10960caf082a,alps4141::alps_70fd0d18e5b5_to_Equation2,1,alps4141,alps4141::alps_70fd0d18e5b5_to_Equation2,memory_limit,resource_exhausted,resource_exhausted,False,False,False
alpha_753be14a6e354e89,alps4141::alps_3586751146a7_to_Equation2,1,alps4141,alps4141::alps_3586751146a7_to_Equation2,resource_exhausted,resource_exhausted,resource_exhausted,False,False,False
alpha_4ad95b1d599e1906,alps4141::alps_282f1bb766b6_to_Equation2,1,alps4141,alps4141::alps_282f1bb766b6_to_Equation2,memory_limit,resource_exhausted,resource_exhausted,False,False,False
alpha_c29e852fc299775f,alps4141::alps_57996e6611ce_to_Equation2,1,alps4141,alps4141::alps_57996e6611ce_to_Equation2,resource_exhausted,resource_exhausted,resource_exhausted,False,False,False
alpha_28d709854ae5d074,alps4141::alps_8115bcafc581_to_Equation2,1,alps4141,alps4141::alps_8115bcafc581_to_Equation2,memory_limit,resource_exhausted,resource_exhausted,False,False,False
alpha_95f8d07b6e245a86,alps4141::alps_bed5c8b55b6d_to_Equation2,1,alps4141,alps4141::alps_bed5c8b55b6d_to_Equation2,memory_limit,resource_exhausted,resource_exhausted,False,False,False
alpha_ed47176ad33eb67e,alps4141::alps_bc04650ddc65_to_Equation2,1,alps4141,alps4141::alps_bc04650ddc65_to_Equation2,memory_limit,resource_exhausted,resource_exhausted,False,False,False
alpha_959edc9fa99a1470,alps4141::alps_d8613ada836a_to_Equation2,1,alps4141,alps4141::alps_d8613ada836a_to_Equation2,resource_exhausted,resource_exhausted,resource_exhausted,False,False,False
alpha_f6fc1187b5412159,alps4141::alps_88578b1eff62_to_Equation2,1,alps4141,alps4141::alps_88578b1eff62_to_Equation2,memory_limit,resource_exhausted,resource_exhausted,False,False,False
alpha_1f6c12bcc624cb47,alps4141::alps_c8682694e094_to_Equation2,1,alps4141,alps4141::alps_c8682694e094_to_Equation2,memory_limit,resource_exhausted,resource_exhausted,False,False,False
alpha_b643a510b22c9a8f,alps4141::alps_e577768b9e15_to_Equation2,1,alps4141,alps4141::alps_e577768b9e15_to_Equation2,resource_exhausted,resource_exhausted,resource_exhausted,False,False,False
alpha_a897f5bb4841a15d,alps4141::alps_7eb3f10337a3_to_Equation2,1,alps4141,alps4141::alps_7eb3f10337a3_to_Equation2,resource_exhausted,resource_exhausted,resource_exhausted,False,False,False
alpha_f01e28cef5e49a25,alps4141::alps_cfe1d3b81771_to_Equation2,1,alps4141,alps4141::alps_cfe1d3b81771_to_Equation2,memory_limit,resource_exhausted,resource_exhausted,False,False,False
alpha_4f4987c2fd885e63,alps4141::alps_6706133504e8_to_Equation2,1,alps4141,alps4141::alps_6706133504e8_to_Equation2,memory_limit,resource_exhausted,resource_exhausted,False,False,False
alpha_099b3cf63115fb24,alps4141::alps_d6eee4c69366_to_Equation2,1,alps4141,alps4141::alps_d6eee4c69366_to_Equation2,resource_exhausted,resource_exhausted,resource_exhausted,False,False,False
alpha_97fac0080d9c9d51,alps4141::alps_9a50c949feb2_to_Equation2,1,alps4141,alps4141::alps_9a50c949feb2_to_Equation2,resource_exhausted,resource_exhausted,resource_exhausted,False,False,False
alpha_11f8f6c60c5c1a2c,alps4141::alps_7b7d430a5caa_to_Equation2,1,alps4141,alps4141::alps_7b7d430a5caa_to_Equation2,memory_limit,resource_exhausted,resource_exhausted,False,False,False
alpha_7a43be89166a9ec9,alps4141::alps_88b2d2e9e9f3_to_Equation2,1,alps4141,alps4141::alps_88b2d2e9e9f3_to_Equation2,resource_exhausted,resource_exhausted,resource_exhausted,False,False,False
alpha_032e56d270dc084e,alps4141::alps_4c08a06b3bdf_to_Equation2,1,alps4141,alps4141::alps_4c08a06b3bdf_to_Equation2,resource_exhausted,resource_exhausted,resource_exhausted,False,False,False
alpha_09eda52c40b9e90a,alps4141::alps_9042b4f1a141_to_Equation2,1,alps4141,alps4141::alps_9042b4f1a141_to_Equation2,resource_exhausted,resource_exhausted,resource_exhausted,False,False,False
alpha_45b2633f7c4bfaed,alps4141::alps_66b40dd9df01_to_Equation2,1,alps4141,alps4141::alps_66b40dd9df01_to_Equation2,resource_exhausted,resource_exhausted,resource_exhausted,False,False,False
alpha_74f7c8a4bdceface,alps4141::alps_e9af8aa6abe1_to_Equation2,1,alps4141,alps4141::alps_e9af8aa6abe1_to_Equation2,memory_limit,resource_exhausted,resource_exhausted,False,False,False
alpha_58bb2d9cb1f80a50,alps4141::alps_32eb46bcc398_to_Equation2,1,alps4141,alps4141::alps_32eb46bcc398_to_Equation2,memory_limit,resource_exhausted,resource_exhausted,False,False,False
alpha_7d3470b2340ce389,alps4141::alps_11d76240571d_to_Equation2,1,alps4141,alps4141::alps_11d76240571d_to_Equation2,memory_limit,resource_exhausted,resource_exhausted,False,False,False
alpha_8fb0da84e7594209,alps4141::alps_46a82c2cfd36_to_Equation2,1,alps4141,alps4141::alps_46a82c2cfd36_to_Equation2,memory_limit,resource_exhausted,resource_exhausted,False,False,False
alpha_800354e134984a7a,alps4141::alps_db7dc3b15067_to_Equation2,1,alps4141,alps4141::alps_db7dc3b15067_to_Equation2,memory_limit,resource_exhausted,resource_exhausted,False,False,False
alpha_5b47bd49b415b8d0,alps4141::alps_56a57d9897ea_to_Equation2,1,alps4141,alps4141::alps_56a57d9897ea_to_Equation2,memory_limit,resource_exhausted,resource_exhausted,False,False,False
alpha_95eb2a88d3af84f1,alps4141::alps_92209020d2a4_to_Equation2,1,alps4141,alps4141::alps_92209020d2a4_to_Equation2,resource_exhausted,resource_exhausted,resource_exhausted,False,False,False
alpha_4a918a6483a064f1,alps4141::alps_1ff9ceb9c7c5_to_Equation2,1,alps4141,alps4141::alps_1ff9ceb9c7c5_to_Equation2,resource_exhausted,resource_exhausted,resource_exhausted,False,False,False
alpha_3c253c6953bf5004,alps4141::alps_0195b5db0410_to_Equation2,1,alps4141,alps4141::alps_0195b5db0410_to_Equation2,resource_exhausted,resource_exhausted,resource_exhausted,False,False,False
alpha_785991eedd8d341a,alps4141::alps_24c4dec7d36b_to_Equation2,1,alps4141,alps4141::alps_24c4dec7d36b_to_Equation2,memory_limit,resource_exhausted,resource_exhausted,False,False,False
alpha_9af875e1bea7fcbd,alps4141::alps_93f1cc430744_to_Equation2,1,alps4141,alps4141::alps_93f1cc430744_to_Equation2,memory_limit,resource_exhausted,resource_exhausted,False,False,False
alpha_4eca6c5e1c9cd0c8,alps4141::alps_8a7279752eb1_to_Equation2,1,alps4141,alps4141::alps_8a7279752eb1_to_Equation2,memory_limit,resource_exhausted,resource_exhausted,False,False,False
alpha_9c33b41962b6cbf0,alps4141::alps_64c498371aa1_to_Equation2,1,alps4141,alps4141::alps_64c498371aa1_to_Equation2,resource_exhausted,resource_exhausted,theorem,True,False,False
alpha_e63cc3f79dcc2c12,alps4141::alps_a0c42ed56fff_to_Equation2,1,alps4141,alps4141::alps_a0c42ed56fff_to_Equation2,resource_exhausted,resource_exhausted,resource_exhausted,False,False,False
alpha_18f0843b647b54df,alps4141::alps_54dc7c5bb261_to_Equation2,1,alps4141,alps4141::alps_54dc7c5bb261_to_Equation2,memory_limit,resource_exhausted,memory_limit,False,False,False
alpha_cd530f14d88416ef,alps4141::alps_581e4fbaaf3e_to_Equation2,1,alps4141,alps4141::alps_581e4fbaaf3e_to_Equation2,memory_limit,resource_exhausted,resource_exhausted,False,False,False
alpha_23a3d9ffe445fde8,alps4141::alps_ec79525023fe_to_Equation2,1,alps4141,alps4141::alps_ec79525023fe_to_Equation2,memory_limit,resource_exhausted,resource_exhausted,False,False,False
alpha_d0b226f1b7470552,alps4141::alps_450b2c1b6820_to_Equation2,1,alps4141,alps4141::alps_450b2c1b6820_to_Equation2,resource_exhausted,resource_exhausted,resource_exhausted,False,False,False
alpha_547cd5897cc6cd4b,alps4141::alps_9b3e84b91551_to_Equation2,1,alps4141,alps4141::alps_9b3e84b91551_to_Equation2,resource_exhausted,resource_exhausted,resource_exhausted,False,False,False
alpha_c6f9c1579638d30f,alps4141::alps_4cacafb52b36_to_Equation2,1,alps4141,alps4141::alps_4cacafb52b36_to_Equation2,memory_limit,resource_exhausted,resource_exhausted,False,False,False
alpha_60ca77f21af9c53a,alps4141::alps_ff7e5b9d3659_to_Equation2,1,alps4141,alps4141::alps_ff7e5b9d3659_to_Equation2,memory_limit,resource_exhausted,resource_exhausted,False,False,False
alpha_355ac04c39fcc7f0,alps4141::alps_305fceddde8a_to_Equation2,1,alps4141,alps4141::alps_305fceddde8a_to_Equation2,memory_limit,resource_exhausted,resource_exhausted,False,False,False
alpha_d27c0c80d4cc5ef9,alps4141::alps_3e79498b32d4_to_Equation2,1,alps4141,alps4141::alps_3e79498b32d4_to_Equation2,resource_exhausted,resource_exhausted,resource_exhausted,False,False,False
alpha_a7ebd2340b751190,alps4141::alps_36dc2e1b4cd6_to_Equation2,1,alps4141,alps4141::alps_36dc2e1b4cd6_to_Equation2,resource_exhausted,resource_exhausted,resource_exhausted,False,False,False
alpha_dd0e82ae2f605624,alps4141::alps_64c9faa7558b_to_Equation2,1,alps4141,alps4141::alps_64c9faa7558b_to_Equation2,memory_limit,resource_exhausted,resource_exhausted,False,False,False
alpha_7e55d981761f8caa,alps4141::alps_e27df88f915b_to_Equation2,1,alps4141,alps4141::alps_e27df88f915b_to_Equation2,memory_limit,resource_exhausted,resource_exhausted,False,False,False
alpha_5fff7fbd4f797f3a,alps4141::alps_3af2995bc6e2_to_Equation2,1,alps4141,alps4141::alps_3af2995bc6e2_to_Equation2,resource_exhausted,resource_exhausted,resource_exhausted,False,False,False
alpha_96383ce0a3a317fb,alps4141::alps_a84f6de2da9a_to_Equation2,1,alps4141,alps4141::alps_a84f6de2da9a_to_Equation2,memory_limit,resource_exhausted,resource_exhausted,False,False,False
alpha_04039bc6953d8ec2,alps4141::alps_36678a6fd82e_to_Equation2,1,alps4141,alps4141::alps_36678a6fd82e_to_Equation2,resource_exhausted,resource_exhausted,resource_exhausted,False,False,False
alpha_576b84a185adec74,alps4141::alps_1e91ed696de2_to_Equation2,1,alps4141,alps4141::alps_1e91ed696de2_to_Equation2,resource_exhausted,resource_exhausted,resource_exhausted,False,False,False
alpha_0cf70933016ed6a9,alps4141::alps_f66dbc156e43_to_Equation2,1,alps4141,alps4141::alps_f66dbc156e43_to_Equation2,memory_limit,resource_exhausted,resource_exhausted,False,False,False
alpha_206cffa0ec346c47,alps4141::alps_c4396ff0a200_to_Equation2,1,alps4141,alps4141::alps_c4396ff0a200_to_Equation2,memory_limit,resource_exhausted,resource_exhausted,False,False,False
alpha_bae87fd2daf7a697,alps4141::alps_2cda96a7f5db_to_Equation2,1,alps4141,alps4141::alps_2cda96a7f5db_to_Equation2,resource_exhausted,resource_exhausted,resource_exhausted,False,False,False
alpha_9f40b873355640e6,alps4141::alps_3efe46be7aee_to_Equation2,1,alps4141,alps4141::alps_3efe46be7aee_to_Equation2,memory_limit,resource_exhausted,memory_limit,False,False,False
alpha_21c9886814cf3a7e,alps4141::alps_6666f1b8e189_to_Equation2,1,alps4141,alps4141::alps_6666f1b8e189_to_Equation2,memory_limit,resource_exhausted,resource_exhausted,False,False,False
alpha_9e140ed52c73dcc6,alps4141::alps_be2bc4a41372_to_Equation2,1,alps4141,alps4141::alps_be2bc4a41372_to_Equation2,memory_limit,resource_exhausted,resource_exhausted,False,False,False
alpha_29db4ec810269985,alps4141::alps_27e529ad6570_to_Equation2,1,alps4141,alps4141::alps_27e529ad6570_to_Equation2,memory_limit,resource_exhausted,memory_limit,False,False,False
alpha_39d7d5143470529d,alps4141::alps_08e514c34f53_to_Equation2,1,alps4141,alps4141::alps_08e514c34f53_to_Equation2,memory_limit,resource_exhausted,resource_exhausted,False,False,False
alpha_e41e921724022e36,alps4141::alps_673efe557775_to_Equation2,1,alps4141,alps4141::alps_673efe557775_to_Equation2,memory_limit,resource_exhausted,memory_limit,False,False,False
alpha_6fd4be5e63b85a29,alps4141::alps_4cb9b4f43f12_to_Equation2,1,alps4141,alps4141::alps_4cb9b4f43f12_to_Equation2,memory_limit,resource_exhausted,memory_limit,False,False,False
alpha_6a80f0f37b4174d3,alps4141::alps_eca5b00fdbe0_to_Equation2,1,alps4141,alps4141::alps_eca5b00fdbe0_to_Equation2,memory_limit,resource_exhausted,resource_exhausted,False,False,False
alpha_01a5bafb71c57753,alps4141::alps_092d48263546_to_Equation2,1,alps4141,alps4141::alps_092d48263546_to_Equation2,memory_limit,resource_exhausted,memory_limit,False,False,False
alpha_194b64f3e413273a,alps4141::alps_452f6ecbb782_to_Equation2,1,alps4141,alps4141::alps_452f6ecbb782_to_Equation2,memory_limit,resource_exhausted,resource_exhausted,False,False,False
alpha_b39f8e9681a91211,alps4141::alps_e3ebcbe1a596_to_Equation2,1,alps4141,alps4141::alps_e3ebcbe1a596_to_Equation2,resource_exhausted,resource_exhausted,resource_exhausted,False,False,False
alpha_780335086841e362,alps4141::alps_814e036d10e7_to_Equation2,1,alps4141,alps4141::alps_814e036d10e7_to_Equation2,memory_limit,resource_exhausted,resource_exhausted,False,False,False
alpha_c8f1ad3d62223fb2,alps4141::alps_b3ca06b61c40_to_Equation2,1,alps4141,alps4141::alps_b3ca06b61c40_to_Equation2,memory_limit,resource_exhausted,resource_exhausted,False,False,False
alpha_bca04d5cbc08d9a9,alps4141::alps_9f333f6bc051_to_Equation2,1,alps4141,alps4141::alps_9f333f6bc051_to_Equation2,resource_exhausted,resource_exhausted,resource_exhausted,False,False,False
alpha_efc9960ca98292f5,alps4141::alps_18cb6bb2cf61_to_Equation2,1,alps4141,alps4141::alps_18cb6bb2cf61_to_Equation2,memory_limit,resource_exhausted,resource_exhausted,False,False,False
alpha_858879da05f76242,alps4141::alps_bc8de65d2a91_to_Equation2,1,alps4141,alps4141::alps_bc8de65d2a91_to_Equation2,memory_limit,resource_exhausted,resource_exhausted,False,False,False
alpha_5f468e7b3e92d7a7,alps4141::alps_7df84e9083c8_to_Equation2,1,alps4141,alps4141::alps_7df84e9083c8_to_Equation2,memory_limit,resource_exhausted,resource_exhausted,False,False,False
alpha_7764f7e373789c98,alps4141::alps_2981da7a0574_to_Equation2,1,alps4141,alps4141::alps_2981da7a0574_to_Equation2,resource_exhausted,resource_exhausted,resource_exhausted,False,False,False
alpha_987abd5845388074,alps4141::alps_eedd55c09d5f_to_Equation2,1,alps4141,alps4141::alps_eedd55c09d5f_to_Equation2,memory_limit,resource_exhausted,resource_exhausted,False,False,False
alpha_92afe1668a08baeb,alps4141::alps_ae01c799b6d3_to_Equation2,1,alps4141,alps4141::alps_ae01c799b6d3_to_Equation2,resource_exhausted,resource_exhausted,resource_exhausted,False,False,False
alpha_bec5b811e0f4ea16,alps4141::alps_e603a0f36cee_to_Equation2,1,alps4141,alps4141::alps_e603a0f36cee_to_Equation2,memory_limit,resource_exhausted,resource_exhausted,False,False,False
alpha_723b3bcca70b229d,alps4141::alps_c7eee851a561_to_Equation2,1,alps4141,alps4141::alps_c7eee851a561_to_Equation2,memory_limit,resource_exhausted,memory_limit,False,False,False
alpha_efc0201594322290,alps4141::alps_c3da447de8e1_to_Equation2,1,alps4141,alps4141::alps_c3da447de8e1_to_Equation2,memory_limit,resource_exhausted,resource_exhausted,False,False,False
alpha_306fd88eacf1f83e,alps4141::alps_13dea0f07eef_to_Equation2,1,alps4141,alps4141::alps_13dea0f07eef_to_Equation2,resource_exhausted,resource_exhausted,resource_exhausted,False,False,False
alpha_a231391be87bdc8d,alps4141::alps_f4c6d50073e7_to_Equation2,1,alps4141,alps4141::alps_f4c6d50073e7_to_Equation2,memory_limit,resource_exhausted,resource_exhausted,False,False,False
alpha_c30ea311732ae884,alps4141::alps_84970afb05c9_to_Equation2,1,alps4141,alps4141::alps_84970afb05c9_to_Equation2,resource_exhausted,resource_exhausted,resource_exhausted,False,False,False
alpha_7fae1a49e8c9f6b3,alps4141::alps_7257f1608731_to_Equation2,1,alps4141,alps4141::alps_7257f1608731_to_Equation2,resource_exhausted,resource_exhausted,resource_exhausted,False,False,False
alpha_92ddd9064c7ffcdc,alps4141::alps_92aff58394cb_to_Equation2,1,alps4141,alps4141::alps_92aff58394cb_to_Equation2,resource_exhausted,resource_exhausted,resource_exhausted,False,False,False
alpha_e954353253cd7bcd,alps4141::alps_411ba0dbd190_to_Equation2,1,alps4141,alps4141::alps_411ba0dbd190_to_Equation2,resource_exhausted,resource_exhausted,resource_exhausted,False,False,False
alpha_c684bb0f06c84360,alps4141::alps_a8fd4ef18145_to_Equation2,1,alps4141,alps4141::alps_a8fd4ef18145_to_Equation2,resource_exhausted,resource_exhausted,resource_exhausted,False,False,False
alpha_a34ddf57f26a3201,alps4141::alps_9c877132e134_to_Equation2,1,alps4141,alps4141::alps_9c877132e134_to_Equation2,resource_exhausted,resource_exhausted,resource_exhausted,False,False,False
alpha_ec58d502529a389b,alps4141::alps_d24a68c075f7_to_Equation2,1,alps4141,alps4141::alps_d24a68c075f7_to_Equation2,resource_exhausted,resource_exhausted,resource_exhausted,False,False,False
alpha_958bc5d5408bc970,alps4141::alps_8594c4a6ed50_to_Equation2,1,alps4141,alps4141::alps_8594c4a6ed50_to_Equation2,memory_limit,resource_exhausted,resource_exhausted,False,False,False
alpha_1a6ac46ffa6017a3,alps4141::alps_38939d28507b_to_Equation2,1,alps4141,alps4141::alps_38939d28507b_to_Equation2,memory_limit,resource_exhausted,resource_exhausted,False,False,False
alpha_b196ffbf27d070a5,alps4141::alps_ac80b6b0c619_to_Equation2,1,alps4141,alps4141::alps_ac80b6b0c619_to_Equation2,memory_limit,resource_exhausted,resource_exhausted,False,False,False
alpha_310915b66bb2c506,austin96::order5_austin_unknown_E5837_to_E2,2,alps4141+austin96,austin96::order5_austin_unknown_E5837_to_E2 | alps4141::alps_759c864e1066_to_Equation2,memory_limit,resource_exhausted,resource_exhausted,False,False,False
alpha_4af4f48f5165a23f,alps4141::alps_a605404b43e9_to_Equation2,1,alps4141,alps4141::alps_a605404b43e9_to_Equation2,memory_limit,resource_exhausted,resource_exhausted,False,False,False
alpha_dccea67624e39774,alps4141::alps_4484d9f36bb8_to_Equation2,1,alps4141,alps4141::alps_4484d9f36bb8_to_Equation2,memory_limit,resource_exhausted,memory_limit,False,False,False
alpha_8c678cf10c755ce3,alps4141::alps_e8f384177423_to_Equation2,1,alps4141,alps4141::alps_e8f384177423_to_Equation2,memory_limit,resource_exhausted,resource_exhausted,False,False,False
alpha_95c95f3d595fabe8,alps4141::alps_d1f88647f2a5_to_Equation2,1,alps4141,alps4141::alps_d1f88647f2a5_to_Equation2,memory_limit,resource_exhausted,resource_exhausted,False,False,False
alpha_7f17dda38ea28890,alps4141::alps_2956db097136_to_Equation2,1,alps4141,alps4141::alps_2956db097136_to_Equation2,memory_limit,resource_exhausted,resource_exhausted,False,False,False
alpha_b6fb33f8a0ba3ebb,alps4141::alps_4c65a0013dc2_to_Equation2,1,alps4141,alps4141::alps_4c65a0013dc2_to_Equation2,memory_limit,resource_exhausted,resource_exhausted,False,False,False
alpha_31364657c3cd9c5d,alps4141::alps_c839eea77890_to_Equation2,1,alps4141,alps4141::alps_c839eea77890_to_Equation2,resource_exhausted,resource_exhausted,theorem,True,False,False
alpha_369089c2db1ddfbd,alps4141::alps_1d367988e645_to_Equation2,1,alps4141,alps4141::alps_1d367988e645_to_Equation2,resource_exhausted,resource_exhausted,resource_exhausted,False,False,False
alpha_44adafcb1616a57a,alps4141::alps_4487bc23abea_to_Equation2,1,alps4141,alps4141::alps_4487bc23abea_to_Equation2,memory_limit,resource_exhausted,memory_limit,False,False,False
alpha_7f81d156a3233a03,alps4141::alps_6c71273d87f2_to_Equation2,1,alps4141,alps4141::alps_6c71273d87f2_to_Equation2,resource_exhausted,resource_exhausted,resource_exhausted,False,False,False
alpha_da2e1ba1284334f4,alps4141::alps_a2166afc747d_to_Equation2,1,alps4141,alps4141::alps_a2166afc747d_to_Equation2,memory_limit,resource_exhausted,resource_exhausted,False,False,False
alpha_293e79de2e3735d1,alps4141::alps_3fe94d241e86_to_Equation2,1,alps4141,alps4141::alps_3fe94d241e86_to_Equation2,memory_limit,resource_exhausted,resource_exhausted,False,False,False
alpha_c97acaf36fb83cf8,austin96::order5_austin_unknown_E5833_to_E2,2,alps4141+austin96,austin96::order5_austin_unknown_E5833_to_E2 | alps4141::alps_9ebc4d65a90f_to_Equation2,memory_limit+resource_exhausted,resource_exhausted,resource_exhausted,False,False,False
alpha_cd13828c2e94c4c6,austin96::order5_austin_unknown_E5834_to_E2,2,alps4141+austin96,austin96::order5_austin_unknown_E5834_to_E2 | alps4141::alps_42821b31d54f_to_Equation2,resource_exhausted,resource_exhausted,theorem,True,False,False
alpha_5e75bb290bf5a725,alps4141::alps_9d651adaad01_to_Equation2,1,alps4141,alps4141::alps_9d651adaad01_to_Equation2,memory_limit,resource_exhausted,resource_exhausted,False,False,False
alpha_949697a22b6d593a,alps4141::alps_7270682dc669_to_Equation2,1,alps4141,alps4141::alps_7270682dc669_to_Equation2,memory_limit,resource_exhausted,resource_exhausted,False,False,False
alpha_ef85432af19f812e,alps4141::alps_2f5212d47ec9_to_Equation2,1,alps4141,alps4141::alps_2f5212d47ec9_to_Equation2,memory_limit,resource_exhausted,resource_exhausted,False,False,False
alpha_5bc03b53c0f94002,alps4141::alps_493996e05894_to_Equation2,1,alps4141,alps4141::alps_493996e05894_to_Equation2,memory_limit,resource_exhausted,resource_exhausted,False,False,False
alpha_cde2c9a1f305c130,alps4141::alps_6bf1686cfac3_to_Equation2,1,alps4141,alps4141::alps_6bf1686cfac3_to_Equation2,memory_limit,resource_exhausted,memory_limit,False,False,False
alpha_177cadc78995aac8,alps4141::alps_8198fca31fa4_to_Equation2,1,alps4141,alps4141::alps_8198fca31fa4_to_Equation2,memory_limit,resource_exhausted,memory_limit,False,False,False
alpha_3da043db07fd9849,alps4141::alps_128640d78a93_to_Equation2,1,alps4141,alps4141::alps_128640d78a93_to_Equation2,memory_limit,resource_exhausted,resource_exhausted,False,False,False
alpha_b87eef84e68b6550,alps4141::alps_baf5a87e6724_to_Equation2,1,alps4141,alps4141::alps_baf5a87e6724_to_Equation2,memory_limit,resource_exhausted,memory_limit,False,False,False
alpha_f6c73c9aec2e36c5,alps4141::alps_a51a53aa85a8_to_Equation2,1,alps4141,alps4141::alps_a51a53aa85a8_to_Equation2,memory_limit,resource_exhausted,resource_exhausted,False,False,False
alpha_d3e48adbd1f4d264,alps4141::alps_8b27c29ecddd_to_Equation2,1,alps4141,alps4141::alps_8b27c29ecddd_to_Equation2,completed_no_decisive_result,resource_exhausted,memory_limit,False,False,False
alpha_c0386937204e8fc3,alps4141::alps_f11b30754c44_to_Equation2,1,alps4141,alps4141::alps_f11b30754c44_to_Equation2,memory_limit,resource_exhausted,memory_limit,False,False,False
alpha_cc315344f850f33e,alps4141::alps_43abc74a7b4a_to_Equation2,1,alps4141,alps4141::alps_43abc74a7b4a_to_Equation2,memory_limit,resource_exhausted,memory_limit,False,False,False
alpha_235e3124079c65f9,alps4141::alps_92d56c8fa53c_to_Equation2,1,alps4141,alps4141::alps_92d56c8fa53c_to_Equation2,memory_limit,resource_exhausted,memory_limit,False,False,False
alpha_e5bb0352b248ace6,alps4141::alps_ce008402c53e_to_Equation2,1,alps4141,alps4141::alps_ce008402c53e_to_Equation2,memory_limit,resource_exhausted,resource_exhausted,False,False,False
alpha_1c02a83b204a5ded,alps4141::alps_37361e0d778e_to_Equation2,1,alps4141,alps4141::alps_37361e0d778e_to_Equation2,memory_limit,resource_exhausted,memory_limit,False,False,False
alpha_5130f5815b8598db,alps4141::alps_4ef6a2b4f5c9_to_Equation2,1,alps4141,alps4141::alps_4ef6a2b4f5c9_to_Equation2,memory_limit,resource_exhausted,resource_exhausted,False,False,False
alpha_5a2caa2b6547030b,alps4141::alps_33f0acd4fe1b_to_Equation2,1,alps4141,alps4141::alps_33f0acd4fe1b_to_Equation2,memory_limit,resource_exhausted,memory_limit,False,False,False
alpha_f962a73372a1456b,alps4141::alps_84afb99c9f89_to_Equation2,1,alps4141,alps4141::alps_84afb99c9f89_to_Equation2,memory_limit,resource_exhausted,memory_limit,False,False,False
alpha_f30d19007b292c38,alps4141::alps_8d6f9354e19a_to_Equation2,1,alps4141,alps4141::alps_8d6f9354e19a_to_Equation2,memory_limit,resource_exhausted,resource_exhausted,False,False,False
alpha_30f3bb537a353ac0,alps4141::alps_7694778e28ce_to_Equation2,1,alps4141,alps4141::alps_7694778e28ce_to_Equation2,memory_limit,resource_exhausted,memory_limit,False,False,False
alpha_a0dda9898a2326b8,alps4141::alps_f91d37a9fa9c_to_Equation2,1,alps4141,alps4141::alps_f91d37a9fa9c_to_Equation2,resource_exhausted,resource_exhausted,resource_exhausted,False,False,False
alpha_7fc578d65a4b272f,alps4141::alps_4c7c36fa1146_to_Equation2,1,alps4141,alps4141::alps_4c7c36fa1146_to_Equation2,memory_limit,resource_exhausted,resource_exhausted,False,False,False
alpha_f0c9cde04d5b4fce,alps4141::alps_1d9fd608c548_to_Equation2,1,alps4141,alps4141::alps_1d9fd608c548_to_Equation2,memory_limit,resource_exhausted,memory_limit,False,False,False
alpha_9e69b3bf54b86554,alps4141::alps_3f4f018025f7_to_Equation2,1,alps4141,alps4141::alps_3f4f018025f7_to_Equation2,completed_no_decisive_result,resource_exhausted,memory_limit,False,False,False
alpha_e62f0bc026532ea2,alps4141::alps_76272757d9a1_to_Equation2,1,alps4141,alps4141::alps_76272757d9a1_to_Equation2,memory_limit,resource_exhausted,resource_exhausted,False,False,False
alpha_75af54621c9ba0a2,alps4141::alps_773b6a757504_to_Equation2,1,alps4141,alps4141::alps_773b6a757504_to_Equation2,memory_limit,resource_exhausted,resource_exhausted,False,False,False
alpha_ff959c0ec4a6ecd5,alps4141::alps_d244820105de_to_Equation2,1,alps4141,alps4141::alps_d244820105de_to_Equation2,memory_limit,resource_exhausted,memory_limit,False,False,False
alpha_051d0040bdd14b44,alps4141::alps_22216891fd5b_to_Equation2,1,alps4141,alps4141::alps_22216891fd5b_to_Equation2,resource_exhausted,resource_exhausted,resource_exhausted,False,False,False
alpha_9a094c789755d1c8,alps4141::alps_6902eeaf2235_to_Equation2,1,alps4141,alps4141::alps_6902eeaf2235_to_Equation2,memory_limit,resource_exhausted,resource_exhausted,False,False,False
alpha_23592665779a9e55,alps4141::alps_65957c36af50_to_Equation2,1,alps4141,alps4141::alps_65957c36af50_to_Equation2,memory_limit,resource_exhausted,resource_exhausted,False,False,False
alpha_fbc0d9dbf2f00f5d,alps4141::alps_3463926ec7a0_to_Equation2,1,alps4141,alps4141::alps_3463926ec7a0_to_Equation2,memory_limit,resource_exhausted,memory_limit,False,False,False
alpha_e668042926f28219,alps4141::alps_ff656f57acdc_to_Equation2,1,alps4141,alps4141::alps_ff656f57acdc_to_Equation2,memory_limit,resource_exhausted,resource_exhausted,False,False,False
alpha_984fa75be57adc23,alps4141::alps_554bf15aeb88_to_Equation2,1,alps4141,alps4141::alps_554bf15aeb88_to_Equation2,memory_limit,resource_exhausted,memory_limit,False,False,False
alpha_7981ff4971e84bb5,alps4141::alps_710f04133140_to_Equation2,1,alps4141,alps4141::alps_710f04133140_to_Equation2,memory_limit,resource_exhausted,memory_limit,False,False,False
alpha_efb5d29e808b1039,alps4141::alps_8e3c446edd58_to_Equation2,1,alps4141,alps4141::alps_8e3c446edd58_to_Equation2,resource_exhausted,resource_exhausted,resource_exhausted,False,False,False
alpha_23a6a68ccd1c3190,alps4141::alps_59cda7960a02_to_Equation2,1,alps4141,alps4141::alps_59cda7960a02_to_Equation2,memory_limit,resource_exhausted,resource_exhausted,False,False,False
alpha_a729ed1942d4652b,alps4141::alps_858096f9cfb3_to_Equation2,1,alps4141,alps4141::alps_858096f9cfb3_to_Equation2,memory_limit,resource_exhausted,resource_exhausted,False,False,False
alpha_d6a9b3fd529145a6,austin96::order5_austin_unknown_E4952_to_E2,2,alps4141+austin96,austin96::order5_austin_unknown_E4952_to_E2 | alps4141::alps_41f9c3868374_to_Equation2,memory_limit,resource_exhausted,memory_limit,False,False,False
alpha_bfec49bc4fa0b945,austin96::order5_austin_unknown_E5295_to_E2,2,alps4141+austin96,austin96::order5_austin_unknown_E5295_to_E2 | alps4141::alps_c0a5fb16e2d7_to_Equation2,memory_limit,resource_exhausted,memory_limit,False,False,False
alpha_3b306d56dc90ed82,alps4141::alps_f8cff2d636c2_to_Equation2,1,alps4141,alps4141::alps_f8cff2d636c2_to_Equation2,resource_exhausted,resource_exhausted,resource_exhausted,False,False,False
alpha_a5b718fc5fc56f9f,austin96::order5_austin_unknown_E4957_to_E2,1,austin96,austin96::order5_austin_unknown_E4957_to_E2,resource_exhausted,resource_exhausted,resource_exhausted,False,False,False
alpha_8a792c024e75b98f,generality34::order5_known_austin10_E4916_to_E2,1,generality34,generality34::order5_known_austin10_E4916_to_E2,completed_no_decisive_result,completed_no_proof,counter_satisfiable,False,True,False
alpha_73354220d4ab7f89,alps4141::alps_ceb9c69252c7_to_Equation2,1,alps4141,alps4141::alps_ceb9c69252c7_to_Equation2,resource_exhausted,resource_exhausted,resource_exhausted,False,False,False
alpha_c7a8bc6e14828c2d,alps4141::alps_517adb0fc905_to_Equation2,1,alps4141,alps4141::alps_517adb0fc905_to_Equation2,memory_limit,resource_exhausted,resource_exhausted,False,False,False
alpha_cf7c51509d8e4639,austin96::order5_austin_unknown_E5012_to_E2,1,austin96,austin96::order5_austin_unknown_E5012_to_E2,memory_limit,resource_exhausted,memory_limit,False,False,False
