equivalence_group_id,representative_record_id,member_count,provenance_sources,member_record_ids,vampire_statuses,eprover_statuses,twee_complete_statuses,theorem_any,counter_satisfiable_any,scientific_conflict
exact_07b49ed02949fb92,alps4141::alps_c75dc04bd867_to_Equation2,1,alps4141,alps4141::alps_c75dc04bd867_to_Equation2,memory_limit,resource_exhausted,resource_exhausted,False,False,False
exact_6043d7b2cb047fba,alps4141::alps_e371e3065ce6_to_Equation2,1,alps4141,alps4141::alps_e371e3065ce6_to_Equation2,memory_limit,resource_exhausted,memory_limit,False,False,False
exact_ac8bc700d08a43c2,alps4141::alps_d0c21e24ee9c_to_Equation2,1,alps4141,alps4141::alps_d0c21e24ee9c_to_Equation2,memory_limit,resource_exhausted,resource_exhausted,False,False,False
exact_d6c28bcdcf181dad,alps4141::alps_62ba47e800b4_to_Equation2,1,alps4141,alps4141::alps_62ba47e800b4_to_Equation2,memory_limit,resource_exhausted,resource_exhausted,False,False,False
exact_abc6dace7f9062c7,alps4141::alps_5bac16893ae3_to_Equation2,1,alps4141,alps4141::alps_5bac16893ae3_to_Equation2,memory_limit,resource_exhausted,memory_limit,False,False,False
exact_ed4cd5219f26cf05,alps4141::alps_d523058b4f56_to_Equation2,1,alps4141,alps4141::alps_d523058b4f56_to_Equation2,memory_limit,resource_exhausted,resource_exhausted,False,False,False
exact_0aa116417f6d3dae,alps4141::alps_8213dcd0a183_to_Equation2,1,alps4141,alps4141::alps_8213dcd0a183_to_Equation2,memory_limit,resource_exhausted,resource_exhausted,False,False,False
exact_8cf1f993749cbc20,alps4141::alps_bd6d2e608c18_to_Equation2,1,alps4141,alps4141::alps_bd6d2e608c18_to_Equation2,memory_limit,resource_exhausted,resource_exhausted,False,False,False
exact_a0bb88514de4e3d2,alps4141::alps_959de96095f5_to_Equation2,1,alps4141,alps4141::alps_959de96095f5_to_Equation2,memory_limit,resource_exhausted,resource_exhausted,False,False,False
exact_ed2a6266af1511be,alps4141::alps_58495f9e68db_to_Equation2,1,alps4141,alps4141::alps_58495f9e68db_to_Equation2,memory_limit,resource_exhausted,resource_exhausted,False,False,False
exact_2c5b2f6b60f6ec59,alps4141::alps_80e0dc450f2a_to_Equation2,1,alps4141,alps4141::alps_80e0dc450f2a_to_Equation2,memory_limit,resource_exhausted,memory_limit,False,False,False
exact_f3bac70d860b229a,alps4141::alps_f6cd6e250a92_to_Equation2,1,alps4141,alps4141::alps_f6cd6e250a92_to_Equation2,memory_limit,resource_exhausted,resource_exhausted,False,False,False
exact_c993dc61e6af3f89,alps4141::alps_998afb4852d1_to_Equation2,1,alps4141,alps4141::alps_998afb4852d1_to_Equation2,memory_limit,resource_exhausted,memory_limit,False,False,False
exact_6a887a97105445be,alps4141::alps_3da586fe82a3_to_Equation2,1,alps4141,alps4141::alps_3da586fe82a3_to_Equation2,resource_exhausted,resource_exhausted,resource_exhausted,False,False,False
exact_4a3fcae6c3408a79,alps4141::alps_b7bc5cde3de9_to_Equation2,1,alps4141,alps4141::alps_b7bc5cde3de9_to_Equation2,resource_exhausted,resource_exhausted,resource_exhausted,False,False,False
exact_63e2ca87a943a60a,alps4141::alps_a13938efd699_to_Equation2,1,alps4141,alps4141::alps_a13938efd699_to_Equation2,memory_limit,resource_exhausted,resource_exhausted,False,False,False
exact_effcc691eb0be20d,alps4141::alps_b2d68349b55b_to_Equation2,1,alps4141,alps4141::alps_b2d68349b55b_to_Equation2,resource_exhausted,resource_exhausted,resource_exhausted,False,False,False
exact_89ae38a040117d59,alps4141::alps_3704ef7d1515_to_Equation2,1,alps4141,alps4141::alps_3704ef7d1515_to_Equation2,memory_limit,resource_exhausted,resource_exhausted,False,False,False
exact_a3e0cfec5d8d92ff,alps4141::alps_6472ae4d22cb_to_Equation2,1,alps4141,alps4141::alps_6472ae4d22cb_to_Equation2,memory_limit,resource_exhausted,resource_exhausted,False,False,False
exact_200314d0e47c4ce9,alps4141::alps_18009f302998_to_Equation2,1,alps4141,alps4141::alps_18009f302998_to_Equation2,memory_limit,resource_exhausted,resource_exhausted,False,False,False
exact_07ecc12acb48b11a,alps4141::alps_4c249875f616_to_Equation2,1,alps4141,alps4141::alps_4c249875f616_to_Equation2,memory_limit,resource_exhausted,resource_exhausted,False,False,False
exact_21f68906f989b6d1,alps4141::alps_e78c8ba86a95_to_Equation2,1,alps4141,alps4141::alps_e78c8ba86a95_to_Equation2,memory_limit,resource_exhausted,resource_exhausted,False,False,False
exact_25cb6b5513ba0278,alps4141::alps_f7ff953ec48f_to_Equation2,1,alps4141,alps4141::alps_f7ff953ec48f_to_Equation2,memory_limit,resource_exhausted,resource_exhausted,False,False,False
exact_a21ef2df374de8a1,alps4141::alps_065d15f1e5bd_to_Equation2,1,alps4141,alps4141::alps_065d15f1e5bd_to_Equation2,memory_limit,resource_exhausted,resource_exhausted,False,False,False
exact_159fb9ad8cae06df,alps4141::alps_0c55f3035f5a_to_Equation2,1,alps4141,alps4141::alps_0c55f3035f5a_to_Equation2,memory_limit,resource_exhausted,resource_exhausted,False,False,False
exact_f1e776c25c1ee2da,alps4141::alps_9dd6e03c0d16_to_Equation2,1,alps4141,alps4141::alps_9dd6e03c0d16_to_Equation2,memory_limit,resource_exhausted,resource_exhausted,False,False,False
exact_7c42444aa358d54d,alps4141::alps_7de61eb65b72_to_Equation2,1,alps4141,alps4141::alps_7de61eb65b72_to_Equation2,memory_limit,resource_exhausted,resource_exhausted,False,False,False
exact_f548577a85b47d76,alps4141::alps_a10ea15b94a4_to_Equation2,1,alps4141,alps4141::alps_a10ea15b94a4_to_Equation2,memory_limit,resource_exhausted,resource_exhausted,False,False,False
exact_4c35801cda926395,alps4141::alps_770235030991_to_Equation2,1,alps4141,alps4141::alps_770235030991_to_Equation2,memory_limit,resource_exhausted,resource_exhausted,False,False,False
exact_3f204d18ea94380c,alps4141::alps_8cbc48cff634_to_Equation2,1,alps4141,alps4141::alps_8cbc48cff634_to_Equation2,memory_limit,resource_exhausted,memory_limit,False,False,False
exact_f8f071bae7638dbf,alps4141::alps_8be84e7f22a3_to_Equation2,1,alps4141,alps4141::alps_8be84e7f22a3_to_Equation2,memory_limit,resource_exhausted,resource_exhausted,False,False,False
exact_49e06d7a768cc70e,alps4141::alps_660593a90048_to_Equation2,1,alps4141,alps4141::alps_660593a90048_to_Equation2,memory_limit,resource_exhausted,memory_limit,False,False,False
exact_3533553ff6dd0a4c,alps4141::alps_b41a67cfd674_to_Equation2,1,alps4141,alps4141::alps_b41a67cfd674_to_Equation2,memory_limit,resource_exhausted,resource_exhausted,False,False,False
exact_2a21abf1f0a16ea4,alps4141::alps_b1795c2025d8_to_Equation2,1,alps4141,alps4141::alps_b1795c2025d8_to_Equation2,memory_limit,resource_exhausted,resource_exhausted,False,False,False
exact_f3334abfa97523f2,alps4141::alps_a3e836e1bf54_to_Equation2,1,alps4141,alps4141::alps_a3e836e1bf54_to_Equation2,memory_limit,resource_exhausted,resource_exhausted,False,False,False
exact_86597c04cdc50413,alps4141::alps_67611012fc1d_to_Equation2,1,alps4141,alps4141::alps_67611012fc1d_to_Equation2,memory_limit,resource_exhausted,memory_limit,False,False,False
exact_09063e2a37f7c21e,alps4141::alps_f574353c561c_to_Equation2,1,alps4141,alps4141::alps_f574353c561c_to_Equation2,memory_limit,resource_exhausted,memory_limit,False,False,False
exact_e9680f5c74aa830f,alps4141::alps_4632d28bafaf_to_Equation2,1,alps4141,alps4141::alps_4632d28bafaf_to_Equation2,memory_limit,resource_exhausted,resource_exhausted,False,False,False
exact_d687ce95183bd9db,alps4141::alps_c510fa9cdc38_to_Equation2,1,alps4141,alps4141::alps_c510fa9cdc38_to_Equation2,memory_limit,resource_exhausted,resource_exhausted,False,False,False
exact_06ac9732ae2d9184,alps4141::alps_254c64c3c681_to_Equation2,1,alps4141,alps4141::alps_254c64c3c681_to_Equation2,memory_limit,resource_exhausted,resource_exhausted,False,False,False
exact_285c3d9948f8fb55,alps4141::alps_bb16b65549e2_to_Equation2,1,alps4141,alps4141::alps_bb16b65549e2_to_Equation2,memory_limit,resource_exhausted,resource_exhausted,False,False,False
exact_d7ffd2310af593e5,alps4141::alps_10481add1380_to_Equation2,1,alps4141,alps4141::alps_10481add1380_to_Equation2,memory_limit,resource_exhausted,resource_exhausted,False,False,False
exact_2707fc9474cf11b2,alps4141::alps_b2a602d62a1f_to_Equation2,1,alps4141,alps4141::alps_b2a602d62a1f_to_Equation2,memory_limit,resource_exhausted,resource_exhausted,False,False,False
exact_0d700085dd9038d5,alps4141::alps_0a7eacedd1ea_to_Equation2,1,alps4141,alps4141::alps_0a7eacedd1ea_to_Equation2,memory_limit,resource_exhausted,resource_exhausted,False,False,False
exact_5bfeb54de5f350d8,alps4141::alps_c756ca440965_to_Equation2,1,alps4141,alps4141::alps_c756ca440965_to_Equation2,memory_limit,resource_exhausted,resource_exhausted,False,False,False
exact_61fc10cdb3acea03,alps4141::alps_76f0b085e1ff_to_Equation2,1,alps4141,alps4141::alps_76f0b085e1ff_to_Equation2,memory_limit,resource_exhausted,resource_exhausted,False,False,False
exact_50627a6f42637e29,alps4141::alps_7fb197820daf_to_Equation2,1,alps4141,alps4141::alps_7fb197820daf_to_Equation2,resource_exhausted,resource_exhausted,resource_exhausted,False,False,False
exact_4cfa09aa8efa2cef,alps4141::alps_c54c386a4b3f_to_Equation2,1,alps4141,alps4141::alps_c54c386a4b3f_to_Equation2,memory_limit,resource_exhausted,resource_exhausted,False,False,False
exact_6d18d9431408cf3d,alps4141::alps_c119e53c2b53_to_Equation2,1,alps4141,alps4141::alps_c119e53c2b53_to_Equation2,memory_limit,resource_exhausted,resource_exhausted,False,False,False
exact_3c3421d24befdd42,alps4141::alps_92a9a60a60b1_to_Equation2,1,alps4141,alps4141::alps_92a9a60a60b1_to_Equation2,memory_limit,resource_exhausted,resource_exhausted,False,False,False
exact_9fe1f67a53f0b5a3,alps4141::alps_ca43ec3e3901_to_Equation2,1,alps4141,alps4141::alps_ca43ec3e3901_to_Equation2,memory_limit,resource_exhausted,resource_exhausted,False,False,False
exact_fdf633134e647139,alps4141::alps_5218b6ce7271_to_Equation2,1,alps4141,alps4141::alps_5218b6ce7271_to_Equation2,memory_limit,resource_exhausted,memory_limit,False,False,False
exact_b277c234a9d02746,alps4141::alps_cad33515843d_to_Equation2,1,alps4141,alps4141::alps_cad33515843d_to_Equation2,memory_limit,resource_exhausted,memory_limit,False,False,False
exact_95e760a5a0949a87,alps4141::alps_3daa6573271b_to_Equation2,1,alps4141,alps4141::alps_3daa6573271b_to_Equation2,memory_limit,resource_exhausted,resource_exhausted,False,False,False
exact_14226479b3b42af6,alps4141::alps_db51324e4ceb_to_Equation2,1,alps4141,alps4141::alps_db51324e4ceb_to_Equation2,memory_limit,resource_exhausted,resource_exhausted,False,False,False
exact_83dfddebf7257e6a,alps4141::alps_537630bb12a6_to_Equation2,1,alps4141,alps4141::alps_537630bb12a6_to_Equation2,memory_limit,resource_exhausted,resource_exhausted,False,False,False
exact_1c8a91e043e8c60d,alps4141::alps_99833035450d_to_Equation2,1,alps4141,alps4141::alps_99833035450d_to_Equation2,memory_limit,resource_exhausted,resource_exhausted,False,False,False
exact_cce50526ac6a6f1a,alps4141::alps_aeb03c8e341f_to_Equation2,1,alps4141,alps4141::alps_aeb03c8e341f_to_Equation2,memory_limit,resource_exhausted,resource_exhausted,False,False,False
exact_f5abdfed24660c43,alps4141::alps_6f23d73b49ba_to_Equation2,1,alps4141,alps4141::alps_6f23d73b49ba_to_Equation2,memory_limit,resource_exhausted,resource_exhausted,False,False,False
exact_a1a6c9c43e53058f,alps4141::alps_4e37eb8eb318_to_Equation2,1,alps4141,alps4141::alps_4e37eb8eb318_to_Equation2,memory_limit,resource_exhausted,resource_exhausted,False,False,False
exact_8ebfb872966026e3,alps4141::alps_c5d1cef58655_to_Equation2,1,alps4141,alps4141::alps_c5d1cef58655_to_Equation2,memory_limit,resource_exhausted,resource_exhausted,False,False,False
exact_1b536288c68405e6,alps4141::alps_81398e1ae14b_to_Equation2,1,alps4141,alps4141::alps_81398e1ae14b_to_Equation2,memory_limit,resource_exhausted,resource_exhausted,False,False,False
exact_056cc41c1d80c264,alps4141::alps_7bea4cbf46a6_to_Equation2,1,alps4141,alps4141::alps_7bea4cbf46a6_to_Equation2,memory_limit,resource_exhausted,resource_exhausted,False,False,False
exact_3bf5985ab529a187,alps4141::alps_a8ed9119de90_to_Equation2,1,alps4141,alps4141::alps_a8ed9119de90_to_Equation2,memory_limit,resource_exhausted,resource_exhausted,False,False,False
exact_6b86c538fb565ebb,alps4141::alps_ce967abdc297_to_Equation2,1,alps4141,alps4141::alps_ce967abdc297_to_Equation2,memory_limit,resource_exhausted,resource_exhausted,False,False,False
exact_9063bb925193a4e9,alps4141::alps_b88217bcc8f6_to_Equation2,1,alps4141,alps4141::alps_b88217bcc8f6_to_Equation2,memory_limit,resource_exhausted,resource_exhausted,False,False,False
exact_3b1a8d13e97a7394,alps4141::alps_c543db9fc11c_to_Equation2,1,alps4141,alps4141::alps_c543db9fc11c_to_Equation2,memory_limit,resource_exhausted,resource_exhausted,False,False,False
exact_aebdb66445b2dc02,alps4141::alps_ec80078a1146_to_Equation2,1,alps4141,alps4141::alps_ec80078a1146_to_Equation2,memory_limit,resource_exhausted,resource_exhausted,False,False,False
exact_864300da9333c799,alps4141::alps_e71c6d5128c3_to_Equation2,1,alps4141,alps4141::alps_e71c6d5128c3_to_Equation2,memory_limit,resource_exhausted,resource_exhausted,False,False,False
exact_681b0bf418480756,alps4141::alps_87b8169305d1_to_Equation2,1,alps4141,alps4141::alps_87b8169305d1_to_Equation2,memory_limit,resource_exhausted,memory_limit,False,False,False
exact_c79ee99f785fdba7,alps4141::alps_69dc9b302e96_to_Equation2,1,alps4141,alps4141::alps_69dc9b302e96_to_Equation2,completed_no_decisive_result,resource_exhausted,memory_limit,False,False,False
exact_7b21c84baca0aac2,alps4141::alps_d6280b42cf1e_to_Equation2,1,alps4141,alps4141::alps_d6280b42cf1e_to_Equation2,memory_limit,resource_exhausted,memory_limit,False,False,False
exact_d8cc7794db319143,alps4141::alps_75695f7581cc_to_Equation2,1,alps4141,alps4141::alps_75695f7581cc_to_Equation2,memory_limit,resource_exhausted,memory_limit,False,False,False
exact_067c70e3815c91d1,alps4141::alps_b987262e647c_to_Equation2,1,alps4141,alps4141::alps_b987262e647c_to_Equation2,memory_limit,resource_exhausted,memory_limit,False,False,False
exact_dddc78d05765546d,alps4141::alps_ca1102910b52_to_Equation2,1,alps4141,alps4141::alps_ca1102910b52_to_Equation2,memory_limit,resource_exhausted,memory_limit,False,False,False
exact_4f953c12a5fd0d73,alps4141::alps_b5c6a8db3168_to_Equation2,1,alps4141,alps4141::alps_b5c6a8db3168_to_Equation2,memory_limit,resource_exhausted,resource_exhausted,False,False,False
exact_7e6b556f6a947be5,alps4141::alps_0abf49aab9aa_to_Equation2,1,alps4141,alps4141::alps_0abf49aab9aa_to_Equation2,memory_limit,resource_exhausted,memory_limit,False,False,False
exact_bf263369deeeeccf,alps4141::alps_49ddfc741e8c_to_Equation2,1,alps4141,alps4141::alps_49ddfc741e8c_to_Equation2,memory_limit,resource_exhausted,memory_limit,False,False,False
exact_d015ac404ea15082,alps4141::alps_acf9c4439d0e_to_Equation2,1,alps4141,alps4141::alps_acf9c4439d0e_to_Equation2,memory_limit,resource_exhausted,memory_limit,False,False,False
exact_8e32c0cce6eec1c4,alps4141::alps_81da55700389_to_Equation2,1,alps4141,alps4141::alps_81da55700389_to_Equation2,memory_limit,resource_exhausted,memory_limit,False,False,False
exact_b8d69dd7d6a873c3,alps4141::alps_a6952a0bde9c_to_Equation2,1,alps4141,alps4141::alps_a6952a0bde9c_to_Equation2,memory_limit,resource_exhausted,memory_limit,False,False,False
exact_c7e482d3ec14e783,alps4141::alps_b7ceaa792724_to_Equation2,1,alps4141,alps4141::alps_b7ceaa792724_to_Equation2,memory_limit,resource_exhausted,resource_exhausted,False,False,False
exact_bd659a3d04df399b,alps4141::alps_b5726b02a4a5_to_Equation2,1,alps4141,alps4141::alps_b5726b02a4a5_to_Equation2,memory_limit,resource_exhausted,memory_limit,False,False,False
exact_0992279e623f8e41,alps4141::alps_f8b82faf10e4_to_Equation2,1,alps4141,alps4141::alps_f8b82faf10e4_to_Equation2,completed_no_decisive_result,resource_exhausted,memory_limit,False,False,False
exact_8a392d4ca4c65407,alps4141::alps_0ca4caa5838e_to_Equation2,1,alps4141,alps4141::alps_0ca4caa5838e_to_Equation2,memory_limit,resource_exhausted,memory_limit,False,False,False
exact_36d360f8aab07fa4,alps4141::alps_562f06e1846f_to_Equation2,1,alps4141,alps4141::alps_562f06e1846f_to_Equation2,memory_limit,resource_exhausted,memory_limit,False,False,False
exact_ded383f37e52ac93,alps4141::alps_5ff294c954eb_to_Equation2,1,alps4141,alps4141::alps_5ff294c954eb_to_Equation2,completed_no_decisive_result,resource_exhausted,memory_limit,False,False,False
exact_3eb33ce64f08971a,alps4141::alps_8e7696049342_to_Equation2,1,alps4141,alps4141::alps_8e7696049342_to_Equation2,completed_no_decisive_result,resource_exhausted,memory_limit,False,False,False
exact_001d739a2f0c2368,alps4141::alps_a18a85ad3dd7_to_Equation2,1,alps4141,alps4141::alps_a18a85ad3dd7_to_Equation2,memory_limit,resource_exhausted,memory_limit,False,False,False
exact_e7834824e4d2558a,alps4141::alps_c5ca90743645_to_Equation2,1,alps4141,alps4141::alps_c5ca90743645_to_Equation2,memory_limit,resource_exhausted,memory_limit,False,False,False
exact_abb0d2a6cef76b3e,alps4141::alps_8aa73774f5dd_to_Equation2,1,alps4141,alps4141::alps_8aa73774f5dd_to_Equation2,memory_limit,resource_exhausted,memory_limit,False,False,False
exact_ab94587013f9f49e,alps4141::alps_a7da396a386a_to_Equation2,1,alps4141,alps4141::alps_a7da396a386a_to_Equation2,memory_limit,resource_exhausted,memory_limit,False,False,False
exact_59fee708141aab41,alps4141::alps_e6c87ade1bb1_to_Equation2,1,alps4141,alps4141::alps_e6c87ade1bb1_to_Equation2,memory_limit,resource_exhausted,memory_limit,False,False,False
exact_9cf12b884903cb67,alps4141::alps_28d7faa06118_to_Equation2,1,alps4141,alps4141::alps_28d7faa06118_to_Equation2,memory_limit,resource_exhausted,memory_limit,False,False,False
exact_922793f1731705c6,alps4141::alps_2549de292dd5_to_Equation2,1,alps4141,alps4141::alps_2549de292dd5_to_Equation2,completed_no_decisive_result,resource_exhausted,memory_limit,False,False,False
exact_44dd4a2be2ba623c,alps4141::alps_e88b554bab2d_to_Equation2,1,alps4141,alps4141::alps_e88b554bab2d_to_Equation2,memory_limit,resource_exhausted,resource_exhausted,False,False,False
exact_6c79650686a3544d,alps4141::alps_4c50884032f8_to_Equation2,1,alps4141,alps4141::alps_4c50884032f8_to_Equation2,memory_limit,resource_exhausted,memory_limit,False,False,False
exact_a6d4d79f807338ef,alps4141::alps_b03cbd5c16c0_to_Equation2,1,alps4141,alps4141::alps_b03cbd5c16c0_to_Equation2,memory_limit,resource_exhausted,resource_exhausted,False,False,False
exact_eb4407af08b4367c,alps4141::alps_4863b77bc3c3_to_Equation2,1,alps4141,alps4141::alps_4863b77bc3c3_to_Equation2,memory_limit,resource_exhausted,resource_exhausted,False,False,False
exact_359922bbe4f83bf8,alps4141::alps_6491206feab3_to_Equation2,1,alps4141,alps4141::alps_6491206feab3_to_Equation2,resource_exhausted,resource_exhausted,resource_exhausted,False,False,False
exact_920a087d2600e522,alps4141::alps_154ad6814fa9_to_Equation2,1,alps4141,alps4141::alps_154ad6814fa9_to_Equation2,resource_exhausted,resource_exhausted,resource_exhausted,False,False,False
exact_aaf516eb30790610,alps4141::alps_fe887d19f258_to_Equation2,1,alps4141,alps4141::alps_fe887d19f258_to_Equation2,resource_exhausted,resource_exhausted,resource_exhausted,False,False,False
exact_57211e07a5ae7324,alps4141::alps_cf1a4470bcaa_to_Equation2,1,alps4141,alps4141::alps_cf1a4470bcaa_to_Equation2,resource_exhausted,resource_exhausted,resource_exhausted,False,False,False
exact_8443c8b46d366d3b,alps4141::alps_a52381a65377_to_Equation2,1,alps4141,alps4141::alps_a52381a65377_to_Equation2,memory_limit,resource_exhausted,resource_exhausted,False,False,False
exact_9b7d35c48c4acb2a,alps4141::alps_191cabf7c5c2_to_Equation2,1,alps4141,alps4141::alps_191cabf7c5c2_to_Equation2,resource_exhausted,resource_exhausted,resource_exhausted,False,False,False
exact_a6782d40f9addfcf,alps4141::alps_5df2db350edb_to_Equation2,1,alps4141,alps4141::alps_5df2db350edb_to_Equation2,resource_exhausted,resource_exhausted,resource_exhausted,False,False,False
exact_12f2de993b37b76a,alps4141::alps_6a66ebf2a89a_to_Equation2,1,alps4141,alps4141::alps_6a66ebf2a89a_to_Equation2,memory_limit,resource_exhausted,resource_exhausted,False,False,False
exact_6d91b88ee8e2d771,alps4141::alps_069708d5496b_to_Equation2,1,alps4141,alps4141::alps_069708d5496b_to_Equation2,memory_limit,resource_exhausted,resource_exhausted,False,False,False
exact_50f9cfbc74955919,alps4141::alps_c26de2c2cf3c_to_Equation2,1,alps4141,alps4141::alps_c26de2c2cf3c_to_Equation2,memory_limit,resource_exhausted,resource_exhausted,False,False,False
exact_509fbfcc53827959,alps4141::alps_6dc9a2250ad5_to_Equation2,1,alps4141,alps4141::alps_6dc9a2250ad5_to_Equation2,memory_limit,resource_exhausted,resource_exhausted,False,False,False
exact_eab0f2e38f07d362,alps4141::alps_e8c2bd7a43b5_to_Equation2,1,alps4141,alps4141::alps_e8c2bd7a43b5_to_Equation2,resource_exhausted,resource_exhausted,resource_exhausted,False,False,False
exact_b395bc0028ab105a,alps4141::alps_80fe96a730d7_to_Equation2,1,alps4141,alps4141::alps_80fe96a730d7_to_Equation2,memory_limit,resource_exhausted,resource_exhausted,False,False,False
exact_dc3e55b32353037e,alps4141::alps_cff361b1fcb5_to_Equation2,1,alps4141,alps4141::alps_cff361b1fcb5_to_Equation2,memory_limit,resource_exhausted,resource_exhausted,False,False,False
exact_ccece5d50969dc60,alps4141::alps_2b2629505916_to_Equation2,1,alps4141,alps4141::alps_2b2629505916_to_Equation2,memory_limit,resource_exhausted,resource_exhausted,False,False,False
exact_3371cf8666d01218,alps4141::alps_0c296f924429_to_Equation2,1,alps4141,alps4141::alps_0c296f924429_to_Equation2,resource_exhausted,resource_exhausted,resource_exhausted,False,False,False
exact_a8c07ab02ae3a7f8,alps4141::alps_b4432be7118f_to_Equation2,1,alps4141,alps4141::alps_b4432be7118f_to_Equation2,resource_exhausted,resource_exhausted,resource_exhausted,False,False,False
exact_b2d20c9a2df5cc68,alps4141::alps_13198f31bffe_to_Equation2,1,alps4141,alps4141::alps_13198f31bffe_to_Equation2,memory_limit,resource_exhausted,resource_exhausted,False,False,False
exact_c5fd41f4650799b2,alps4141::alps_d5df25a6ca54_to_Equation2,1,alps4141,alps4141::alps_d5df25a6ca54_to_Equation2,memory_limit,resource_exhausted,resource_exhausted,False,False,False
exact_edf435cba4d11976,alps4141::alps_534f85156b8b_to_Equation2,1,alps4141,alps4141::alps_534f85156b8b_to_Equation2,memory_limit,resource_exhausted,resource_exhausted,False,False,False
exact_f6f99727c3b95168,alps4141::alps_d42a90405f15_to_Equation2,1,alps4141,alps4141::alps_d42a90405f15_to_Equation2,resource_exhausted,resource_exhausted,resource_exhausted,False,False,False
exact_c04de6814f196552,alps4141::alps_1941fed09982_to_Equation2,1,alps4141,alps4141::alps_1941fed09982_to_Equation2,resource_exhausted,resource_exhausted,resource_exhausted,False,False,False
exact_53ccd3dcf0264e74,alps4141::alps_5431295fbacc_to_Equation2,1,alps4141,alps4141::alps_5431295fbacc_to_Equation2,resource_exhausted,resource_exhausted,resource_exhausted,False,False,False
exact_03f29cfde6ee3072,alps4141::alps_3f8cb0afade6_to_Equation2,1,alps4141,alps4141::alps_3f8cb0afade6_to_Equation2,resource_exhausted,resource_exhausted,resource_exhausted,False,False,False
exact_ddae475168c266fe,alps4141::alps_94e2a5c30f2f_to_Equation2,1,alps4141,alps4141::alps_94e2a5c30f2f_to_Equation2,resource_exhausted,resource_exhausted,resource_exhausted,False,False,False
exact_56f931c353677db1,alps4141::alps_a31f1d4a07d9_to_Equation2,1,alps4141,alps4141::alps_a31f1d4a07d9_to_Equation2,memory_limit,resource_exhausted,resource_exhausted,False,False,False
exact_425118fedc15634f,alps4141::alps_87024a107cbf_to_Equation2,1,alps4141,alps4141::alps_87024a107cbf_to_Equation2,memory_limit,resource_exhausted,memory_limit,False,False,False
exact_50902a8ca7e8ca3b,alps4141::alps_10c35e440bdb_to_Equation2,1,alps4141,alps4141::alps_10c35e440bdb_to_Equation2,memory_limit,resource_exhausted,resource_exhausted,False,False,False
exact_84b94d5a8e54fdde,alps4141::alps_e4fdf2ae9e1e_to_Equation2,1,alps4141,alps4141::alps_e4fdf2ae9e1e_to_Equation2,memory_limit,resource_exhausted,resource_exhausted,False,False,False
exact_9c42cf73eaf7109b,alps4141::alps_6f7aff7b5564_to_Equation2,1,alps4141,alps4141::alps_6f7aff7b5564_to_Equation2,resource_exhausted,resource_exhausted,resource_exhausted,False,False,False
exact_971deb515b543f30,alps4141::alps_d22b3f8047de_to_Equation2,1,alps4141,alps4141::alps_d22b3f8047de_to_Equation2,resource_exhausted,resource_exhausted,resource_exhausted,False,False,False
exact_61697c9ed871841a,alps4141::alps_0b3cb0cfb186_to_Equation2,1,alps4141,alps4141::alps_0b3cb0cfb186_to_Equation2,memory_limit,resource_exhausted,resource_exhausted,False,False,False
exact_c0ffb766d4d2344f,alps4141::alps_5be636291d0e_to_Equation2,1,alps4141,alps4141::alps_5be636291d0e_to_Equation2,memory_limit,resource_exhausted,resource_exhausted,False,False,False
exact_70a8d994c38b2931,alps4141::alps_cca70f5c3ee5_to_Equation2,1,alps4141,alps4141::alps_cca70f5c3ee5_to_Equation2,memory_limit,resource_exhausted,resource_exhausted,False,False,False
exact_61001a5ce9648100,alps4141::alps_a1f40ef76e4c_to_Equation2,1,alps4141,alps4141::alps_a1f40ef76e4c_to_Equation2,memory_limit,resource_exhausted,resource_exhausted,False,False,False
exact_cfbc18c25f70ede3,alps4141::alps_422385b3b3d5_to_Equation2,1,alps4141,alps4141::alps_422385b3b3d5_to_Equation2,memory_limit,resource_exhausted,resource_exhausted,False,False,False
exact_9fce2932dff8db06,alps4141::alps_39eee2e56fe5_to_Equation2,1,alps4141,alps4141::alps_39eee2e56fe5_to_Equation2,memory_limit,resource_exhausted,resource_exhausted,False,False,False
exact_158b7eddc46b885d,alps4141::alps_2391bcf862c7_to_Equation2,1,alps4141,alps4141::alps_2391bcf862c7_to_Equation2,memory_limit,resource_exhausted,resource_exhausted,False,False,False
exact_e698ca6062ecacc8,alps4141::alps_bf20b2d10382_to_Equation2,1,alps4141,alps4141::alps_bf20b2d10382_to_Equation2,memory_limit,resource_exhausted,resource_exhausted,False,False,False
exact_7d740458d8b69cad,alps4141::alps_5965f33483b6_to_Equation2,1,alps4141,alps4141::alps_5965f33483b6_to_Equation2,memory_limit,resource_exhausted,resource_exhausted,False,False,False
exact_a5ebf08ce20bf8c0,alps4141::alps_3526a8b869d3_to_Equation2,1,alps4141,alps4141::alps_3526a8b869d3_to_Equation2,memory_limit,resource_exhausted,resource_exhausted,False,False,False
exact_e1293e822b337b0d,alps4141::alps_8534fe25a82a_to_Equation2,1,alps4141,alps4141::alps_8534fe25a82a_to_Equation2,memory_limit,resource_exhausted,resource_exhausted,False,False,False
exact_d17a51d67531c6ac,alps4141::alps_e0c5835b0a42_to_Equation2,1,alps4141,alps4141::alps_e0c5835b0a42_to_Equation2,memory_limit,resource_exhausted,resource_exhausted,False,False,False
exact_049ab25231ee0fc7,alps4141::alps_68682cc3b8ea_to_Equation2,1,alps4141,alps4141::alps_68682cc3b8ea_to_Equation2,memory_limit,resource_exhausted,resource_exhausted,False,False,False
exact_b5650924de04dc94,alps4141::alps_f35ccf259b1b_to_Equation2,1,alps4141,alps4141::alps_f35ccf259b1b_to_Equation2,memory_limit,resource_exhausted,resource_exhausted,False,False,False
exact_b42fcc67479de4de,alps4141::alps_c9a07e8843ab_to_Equation2,1,alps4141,alps4141::alps_c9a07e8843ab_to_Equation2,memory_limit,resource_exhausted,resource_exhausted,False,False,False
exact_aba91b717e17375f,alps4141::alps_8ab3173fcc69_to_Equation2,1,alps4141,alps4141::alps_8ab3173fcc69_to_Equation2,memory_limit,resource_exhausted,resource_exhausted,False,False,False
exact_88c45d75e4cc8b4f,alps4141::alps_437a7a21d5a4_to_Equation2,1,alps4141,alps4141::alps_437a7a21d5a4_to_Equation2,memory_limit,resource_exhausted,memory_limit,False,False,False
exact_444c98fe6e9f565c,alps4141::alps_1809fde83cbf_to_Equation2,1,alps4141,alps4141::alps_1809fde83cbf_to_Equation2,memory_limit,resource_exhausted,resource_exhausted,False,False,False
exact_913df1dbce5493c2,alps4141::alps_70a293d8e6e6_to_Equation2,1,alps4141,alps4141::alps_70a293d8e6e6_to_Equation2,memory_limit,resource_exhausted,memory_limit,False,False,False
exact_dcd501f4e70941d3,alps4141::alps_ddb4d873a16b_to_Equation2,1,alps4141,alps4141::alps_ddb4d873a16b_to_Equation2,memory_limit,resource_exhausted,resource_exhausted,False,False,False
exact_3b3e72fe1a7f41d3,alps4141::alps_4dd33876df60_to_Equation2,1,alps4141,alps4141::alps_4dd33876df60_to_Equation2,memory_limit,resource_exhausted,resource_exhausted,False,False,False
exact_25231c127965e719,alps4141::alps_82a1c8da4888_to_Equation2,1,alps4141,alps4141::alps_82a1c8da4888_to_Equation2,memory_limit,resource_exhausted,memory_limit,False,False,False
exact_67a808219a3f5534,alps4141::alps_9da9671c7cdf_to_Equation2,1,alps4141,alps4141::alps_9da9671c7cdf_to_Equation2,memory_limit,resource_exhausted,memory_limit,False,False,False
exact_a4450fe88d93a5be,alps4141::alps_7a410311639f_to_Equation2,1,alps4141,alps4141::alps_7a410311639f_to_Equation2,resource_exhausted,resource_exhausted,theorem,True,False,False
exact_88eeb7001e50f1d2,alps4141::alps_97b417d5dd66_to_Equation2,1,alps4141,alps4141::alps_97b417d5dd66_to_Equation2,memory_limit,resource_exhausted,memory_limit,False,False,False
exact_575d62b6cdce269e,alps4141::alps_a71227a9e87a_to_Equation2,1,alps4141,alps4141::alps_a71227a9e87a_to_Equation2,resource_exhausted,resource_exhausted,resource_exhausted,False,False,False
exact_a9172446badaa2fd,alps4141::alps_cf554eb0ed22_to_Equation2,1,alps4141,alps4141::alps_cf554eb0ed22_to_Equation2,resource_exhausted,resource_exhausted,resource_exhausted,False,False,False
exact_8b1380c7e8147544,alps4141::alps_48d4f82d90ca_to_Equation2,1,alps4141,alps4141::alps_48d4f82d90ca_to_Equation2,resource_exhausted,resource_exhausted,resource_exhausted,False,False,False
exact_e3e30a726382447d,alps4141::alps_8aa7f62a526f_to_Equation2,1,alps4141,alps4141::alps_8aa7f62a526f_to_Equation2,memory_limit,theorem,theorem,True,False,False
exact_38540beddb0e5c6c,alps4141::alps_c8474c452fb9_to_Equation2,1,alps4141,alps4141::alps_c8474c452fb9_to_Equation2,memory_limit,resource_exhausted,memory_limit,False,False,False
exact_2f7724f9a2651438,alps4141::alps_874c2d429690_to_Equation2,1,alps4141,alps4141::alps_874c2d429690_to_Equation2,resource_exhausted,resource_exhausted,resource_exhausted,False,False,False
exact_6d83841a1fac7b8a,alps4141::alps_fdba9cfb8df0_to_Equation2,1,alps4141,alps4141::alps_fdba9cfb8df0_to_Equation2,resource_exhausted,resource_exhausted,resource_exhausted,False,False,False
exact_521f3b1893873731,alps4141::alps_e1b26837033b_to_Equation2,1,alps4141,alps4141::alps_e1b26837033b_to_Equation2,resource_exhausted,resource_exhausted,resource_exhausted,False,False,False
exact_c2d34e7667f87b7b,alps4141::alps_cd7d18f9c3a4_to_Equation2,1,alps4141,alps4141::alps_cd7d18f9c3a4_to_Equation2,resource_exhausted,resource_exhausted,resource_exhausted,False,False,False
exact_203839868064ab41,alps4141::alps_f4062af4588e_to_Equation2,1,alps4141,alps4141::alps_f4062af4588e_to_Equation2,memory_limit,resource_exhausted,resource_exhausted,False,False,False
exact_e4b2e41db70aebd4,alps4141::alps_23c9313d97c3_to_Equation2,1,alps4141,alps4141::alps_23c9313d97c3_to_Equation2,memory_limit,resource_exhausted,resource_exhausted,False,False,False
exact_3cc97cab8ec0a97b,alps4141::alps_b685a7059ff6_to_Equation2,1,alps4141,alps4141::alps_b685a7059ff6_to_Equation2,memory_limit,resource_exhausted,resource_exhausted,False,False,False
exact_fc7d88abbf8f7a8e,alps4141::alps_c95bf2e7dc78_to_Equation2,1,alps4141,alps4141::alps_c95bf2e7dc78_to_Equation2,memory_limit,resource_exhausted,resource_exhausted,False,False,False
exact_af9cab6e2c4a31f0,alps4141::alps_d7173b94bcd1_to_Equation2,1,alps4141,alps4141::alps_d7173b94bcd1_to_Equation2,memory_limit,resource_exhausted,memory_limit,False,False,False
exact_e8fc050ee452c296,alps4141::alps_428e97fa175e_to_Equation2,1,alps4141,alps4141::alps_428e97fa175e_to_Equation2,memory_limit,resource_exhausted,resource_exhausted,False,False,False
exact_a63b0fbdcf2dbb7a,alps4141::alps_dad844c5ebed_to_Equation2,1,alps4141,alps4141::alps_dad844c5ebed_to_Equation2,memory_limit,resource_exhausted,resource_exhausted,False,False,False
exact_68a910a4456ab6ac,alps4141::alps_2613a83e6a82_to_Equation2,1,alps4141,alps4141::alps_2613a83e6a82_to_Equation2,memory_limit,resource_exhausted,resource_exhausted,False,False,False
exact_f5bafd1e4c141f15,alps4141::alps_0899c907cd5a_to_Equation2,1,alps4141,alps4141::alps_0899c907cd5a_to_Equation2,memory_limit,resource_exhausted,resource_exhausted,False,False,False
exact_23e570c828f18081,alps4141::alps_8ba116409890_to_Equation2,1,alps4141,alps4141::alps_8ba116409890_to_Equation2,resource_exhausted,resource_exhausted,resource_exhausted,False,False,False
exact_e19c7698ed8e7efb,alps4141::alps_ad7a05432392_to_Equation2,1,alps4141,alps4141::alps_ad7a05432392_to_Equation2,memory_limit,resource_exhausted,resource_exhausted,False,False,False
exact_bf6ba804bfd5b799,alps4141::alps_4a8fd30c46fe_to_Equation2,1,alps4141,alps4141::alps_4a8fd30c46fe_to_Equation2,memory_limit,resource_exhausted,resource_exhausted,False,False,False
exact_448c2bc4b6155cdf,alps4141::alps_4cf821036248_to_Equation2,1,alps4141,alps4141::alps_4cf821036248_to_Equation2,memory_limit,resource_exhausted,resource_exhausted,False,False,False
exact_81c8e50ae7a9e767,alps4141::alps_895984d48e2b_to_Equation2,1,alps4141,alps4141::alps_895984d48e2b_to_Equation2,memory_limit,resource_exhausted,resource_exhausted,False,False,False
exact_f9c434125160f58e,alps4141::alps_016035fae918_to_Equation2,1,alps4141,alps4141::alps_016035fae918_to_Equation2,memory_limit,resource_exhausted,resource_exhausted,False,False,False
exact_23c699c870c3e666,alps4141::alps_6fc3f7b31647_to_Equation2,1,alps4141,alps4141::alps_6fc3f7b31647_to_Equation2,memory_limit,resource_exhausted,resource_exhausted,False,False,False
exact_85a101c2cf0e4409,alps4141::alps_bb2496c16e9f_to_Equation2,1,alps4141,alps4141::alps_bb2496c16e9f_to_Equation2,theorem,resource_exhausted,theorem,True,False,False
exact_46d313735f68ffdc,alps4141::alps_120a35a815d9_to_Equation2,1,alps4141,alps4141::alps_120a35a815d9_to_Equation2,resource_exhausted,resource_exhausted,resource_exhausted,False,False,False
exact_5e7ed913b6f180e5,alps4141::alps_be789e816894_to_Equation2,1,alps4141,alps4141::alps_be789e816894_to_Equation2,resource_exhausted,resource_exhausted,resource_exhausted,False,False,False
exact_fadbc409fb98332b,alps4141::alps_229034b0283f_to_Equation2,1,alps4141,alps4141::alps_229034b0283f_to_Equation2,memory_limit,resource_exhausted,resource_exhausted,False,False,False
exact_b7cd924c564704b3,alps4141::alps_07c81857ce2b_to_Equation2,1,alps4141,alps4141::alps_07c81857ce2b_to_Equation2,resource_exhausted,resource_exhausted,resource_exhausted,False,False,False
exact_f9c22726c268c775,alps4141::alps_146512b77260_to_Equation2,1,alps4141,alps4141::alps_146512b77260_to_Equation2,memory_limit,resource_exhausted,resource_exhausted,False,False,False
exact_b003f705db4461fd,alps4141::alps_a4ed45ba81ef_to_Equation2,1,alps4141,alps4141::alps_a4ed45ba81ef_to_Equation2,resource_exhausted,resource_exhausted,resource_exhausted,False,False,False
exact_97b48ebb3ab87877,alps4141::alps_d7c6c21821af_to_Equation2,1,alps4141,alps4141::alps_d7c6c21821af_to_Equation2,resource_exhausted,resource_exhausted,resource_exhausted,False,False,False
exact_691c6e11437818f6,alps4141::alps_dae6b636d623_to_Equation2,1,alps4141,alps4141::alps_dae6b636d623_to_Equation2,memory_limit,resource_exhausted,resource_exhausted,False,False,False
exact_7c0c0042fe836bd9,alps4141::alps_08c404b5a6f2_to_Equation2,1,alps4141,alps4141::alps_08c404b5a6f2_to_Equation2,resource_exhausted,resource_exhausted,resource_exhausted,False,False,False
exact_f4edc21fcc8d19a1,alps4141::alps_e3e8dbe4fc9f_to_Equation2,1,alps4141,alps4141::alps_e3e8dbe4fc9f_to_Equation2,memory_limit,resource_exhausted,resource_exhausted,False,False,False
exact_6224f814f1c9b388,alps4141::alps_7c606647a444_to_Equation2,1,alps4141,alps4141::alps_7c606647a444_to_Equation2,resource_exhausted,resource_exhausted,resource_exhausted,False,False,False
exact_07c00bebf4c78752,alps4141::alps_8619ab4494a6_to_Equation2,1,alps4141,alps4141::alps_8619ab4494a6_to_Equation2,memory_limit,resource_exhausted,resource_exhausted,False,False,False
exact_ad1e95ce66136e2f,alps4141::alps_5980bdae117e_to_Equation2,1,alps4141,alps4141::alps_5980bdae117e_to_Equation2,memory_limit,resource_exhausted,resource_exhausted,False,False,False
exact_8f76b3f1ddb017f1,alps4141::alps_c301d80600bd_to_Equation2,1,alps4141,alps4141::alps_c301d80600bd_to_Equation2,memory_limit,resource_exhausted,resource_exhausted,False,False,False
exact_dbec7daffc2f90c1,alps4141::alps_4cccd5bca506_to_Equation2,1,alps4141,alps4141::alps_4cccd5bca506_to_Equation2,resource_exhausted,resource_exhausted,resource_exhausted,False,False,False
exact_0f31c73cacb0d280,alps4141::alps_715bfc4ad84f_to_Equation2,1,alps4141,alps4141::alps_715bfc4ad84f_to_Equation2,memory_limit,resource_exhausted,resource_exhausted,False,False,False
exact_c5d9769066710178,alps4141::alps_bef6642fc277_to_Equation2,1,alps4141,alps4141::alps_bef6642fc277_to_Equation2,memory_limit,resource_exhausted,resource_exhausted,False,False,False
exact_df784f70f4ee1f20,alps4141::alps_f3ba71311766_to_Equation2,1,alps4141,alps4141::alps_f3ba71311766_to_Equation2,memory_limit,resource_exhausted,resource_exhausted,False,False,False
exact_1d23fe0ad1b41a6c,alps4141::alps_c330973a2561_to_Equation2,1,alps4141,alps4141::alps_c330973a2561_to_Equation2,memory_limit,resource_exhausted,resource_exhausted,False,False,False
exact_9408bea2887efea9,alps4141::alps_5b9231463bee_to_Equation2,1,alps4141,alps4141::alps_5b9231463bee_to_Equation2,memory_limit,resource_exhausted,resource_exhausted,False,False,False
exact_688897f5833a8adf,alps4141::alps_58e36a9b564c_to_Equation2,1,alps4141,alps4141::alps_58e36a9b564c_to_Equation2,memory_limit,resource_exhausted,resource_exhausted,False,False,False
exact_871c77b1bfd35325,alps4141::alps_38fe829ac951_to_Equation2,1,alps4141,alps4141::alps_38fe829ac951_to_Equation2,memory_limit,resource_exhausted,resource_exhausted,False,False,False
exact_6d4bc2e7dd70c82c,alps4141::alps_a45780552d62_to_Equation2,1,alps4141,alps4141::alps_a45780552d62_to_Equation2,memory_limit,resource_exhausted,resource_exhausted,False,False,False
exact_3b3c7c56acff32f3,alps4141::alps_fe59c4d866e4_to_Equation2,1,alps4141,alps4141::alps_fe59c4d866e4_to_Equation2,memory_limit,resource_exhausted,resource_exhausted,False,False,False
exact_87c4d78e64cc667e,alps4141::alps_ecb61a275ccf_to_Equation2,1,alps4141,alps4141::alps_ecb61a275ccf_to_Equation2,completed_no_decisive_result,resource_exhausted,memory_limit,False,False,False
exact_feac799a4e4283bf,alps4141::alps_ab7f1c71e664_to_Equation2,1,alps4141,alps4141::alps_ab7f1c71e664_to_Equation2,memory_limit,resource_exhausted,memory_limit,False,False,False
exact_31da096d8c07c694,alps4141::alps_bfaab3e66b01_to_Equation2,1,alps4141,alps4141::alps_bfaab3e66b01_to_Equation2,memory_limit,resource_exhausted,resource_exhausted,False,False,False
exact_f531bb8508f5a1a3,alps4141::alps_5f82f1e1fb7b_to_Equation2,1,alps4141,alps4141::alps_5f82f1e1fb7b_to_Equation2,memory_limit,resource_exhausted,memory_limit,False,False,False
exact_2eec17e7aa1535a2,alps4141::alps_fb2e94eb4f73_to_Equation2,1,alps4141,alps4141::alps_fb2e94eb4f73_to_Equation2,resource_exhausted,resource_exhausted,resource_exhausted,False,False,False
exact_46e4767b8a40c911,alps4141::alps_5163bc937a3e_to_Equation2,1,alps4141,alps4141::alps_5163bc937a3e_to_Equation2,memory_limit,resource_exhausted,resource_exhausted,False,False,False
exact_f7d39a2897c38e28,alps4141::alps_90d8d3a44d4a_to_Equation2,1,alps4141,alps4141::alps_90d8d3a44d4a_to_Equation2,memory_limit,resource_exhausted,resource_exhausted,False,False,False
exact_6ec7146ce13e53f1,alps4141::alps_2ed47c0f8d38_to_Equation2,1,alps4141,alps4141::alps_2ed47c0f8d38_to_Equation2,memory_limit,resource_exhausted,memory_limit,False,False,False
exact_da16b6ac1b302358,alps4141::alps_cf7f1c87d1de_to_Equation2,1,alps4141,alps4141::alps_cf7f1c87d1de_to_Equation2,memory_limit,resource_exhausted,resource_exhausted,False,False,False
exact_b486787f4ddd2fc3,alps4141::alps_810659c84472_to_Equation2,1,alps4141,alps4141::alps_810659c84472_to_Equation2,memory_limit,resource_exhausted,resource_exhausted,False,False,False
exact_441f36a88f9127c5,alps4141::alps_1d31d922d304_to_Equation2,1,alps4141,alps4141::alps_1d31d922d304_to_Equation2,memory_limit,resource_exhausted,resource_exhausted,False,False,False
exact_11072d800f354dcf,alps4141::alps_d6209df8cc09_to_Equation2,1,alps4141,alps4141::alps_d6209df8cc09_to_Equation2,memory_limit,resource_exhausted,resource_exhausted,False,False,False
exact_5d16ee7719c3da45,alps4141::alps_c328ba6d6325_to_Equation2,1,alps4141,alps4141::alps_c328ba6d6325_to_Equation2,memory_limit,resource_exhausted,memory_limit,False,False,False
exact_4b8eafae762c27d0,alps4141::alps_a36767381a55_to_Equation2,1,alps4141,alps4141::alps_a36767381a55_to_Equation2,memory_limit,resource_exhausted,resource_exhausted,False,False,False
exact_14e77524cc5fab7e,alps4141::alps_3e4e7d9ca901_to_Equation2,1,alps4141,alps4141::alps_3e4e7d9ca901_to_Equation2,memory_limit,resource_exhausted,resource_exhausted,False,False,False
exact_99e436d6799db8fb,alps4141::alps_995cdf4a170d_to_Equation2,1,alps4141,alps4141::alps_995cdf4a170d_to_Equation2,memory_limit,resource_exhausted,resource_exhausted,False,False,False
exact_373213f38a28504d,alps4141::alps_7150e56f2461_to_Equation2,1,alps4141,alps4141::alps_7150e56f2461_to_Equation2,memory_limit,resource_exhausted,resource_exhausted,False,False,False
exact_a176c9170f5bb4ba,alps4141::alps_a70c7130dc59_to_Equation2,1,alps4141,alps4141::alps_a70c7130dc59_to_Equation2,memory_limit,resource_exhausted,memory_limit,False,False,False
exact_03bcd105e32bd17b,alps4141::alps_9a19b35ecadd_to_Equation2,1,alps4141,alps4141::alps_9a19b35ecadd_to_Equation2,memory_limit,resource_exhausted,memory_limit,False,False,False
exact_b6c70b7d5bcce9a4,alps4141::alps_89350e5ce68a_to_Equation2,1,alps4141,alps4141::alps_89350e5ce68a_to_Equation2,memory_limit,resource_exhausted,resource_exhausted,False,False,False
exact_c76a10478e5b82c8,alps4141::alps_ea61af3a419f_to_Equation2,1,alps4141,alps4141::alps_ea61af3a419f_to_Equation2,memory_limit,resource_exhausted,memory_limit,False,False,False
exact_f9156b4b333241dc,alps4141::alps_4fb75a5578f5_to_Equation2,1,alps4141,alps4141::alps_4fb75a5578f5_to_Equation2,memory_limit,resource_exhausted,resource_exhausted,False,False,False
exact_f4f9a25a0224f6b5,alps4141::alps_a89cf9a39630_to_Equation2,1,alps4141,alps4141::alps_a89cf9a39630_to_Equation2,memory_limit,resource_exhausted,memory_limit,False,False,False
exact_705b8dc9cd6e8966,alps4141::alps_7183a7825cb7_to_Equation2,1,alps4141,alps4141::alps_7183a7825cb7_to_Equation2,memory_limit,resource_exhausted,memory_limit,False,False,False
exact_7e9f7cc9a23a0fa2,alps4141::alps_2910d88911ab_to_Equation2,1,alps4141,alps4141::alps_2910d88911ab_to_Equation2,memory_limit,resource_exhausted,memory_limit,False,False,False
exact_ab68f37d62f010ec,alps4141::alps_fb63fd009d79_to_Equation2,1,alps4141,alps4141::alps_fb63fd009d79_to_Equation2,memory_limit,resource_exhausted,resource_exhausted,False,False,False
exact_b981ba4bbc9f0dde,alps4141::alps_e1dd01d6cb9a_to_Equation2,1,alps4141,alps4141::alps_e1dd01d6cb9a_to_Equation2,memory_limit,resource_exhausted,memory_limit,False,False,False
exact_b14b6a4a82ca2e01,alps4141::alps_5a6b7dc57a3c_to_Equation2,1,alps4141,alps4141::alps_5a6b7dc57a3c_to_Equation2,memory_limit,resource_exhausted,resource_exhausted,False,False,False
exact_7f904e3390a9c0f7,alps4141::alps_8817e0f850fc_to_Equation2,1,alps4141,alps4141::alps_8817e0f850fc_to_Equation2,resource_exhausted,resource_exhausted,resource_exhausted,False,False,False
exact_e896ea3e14b90d25,alps4141::alps_d487230a4dd5_to_Equation2,1,alps4141,alps4141::alps_d487230a4dd5_to_Equation2,resource_exhausted,resource_exhausted,resource_exhausted,False,False,False
exact_ff49e99a060d2d83,alps4141::alps_8e7320e9c2f4_to_Equation2,1,alps4141,alps4141::alps_8e7320e9c2f4_to_Equation2,resource_exhausted,resource_exhausted,resource_exhausted,False,False,False
exact_406b853ea3ecde80,alps4141::alps_287312e35737_to_Equation2,1,alps4141,alps4141::alps_287312e35737_to_Equation2,memory_limit,resource_exhausted,memory_limit,False,False,False
exact_7ca3181818e38e73,alps4141::alps_3875e9285aaf_to_Equation2,1,alps4141,alps4141::alps_3875e9285aaf_to_Equation2,resource_exhausted,resource_exhausted,resource_exhausted,False,False,False
exact_ece34dc2080516c3,alps4141::alps_5a32b29bc6e7_to_Equation2,1,alps4141,alps4141::alps_5a32b29bc6e7_to_Equation2,memory_limit,resource_exhausted,resource_exhausted,False,False,False
exact_fb0652890edc12cd,alps4141::alps_3b773ba1407a_to_Equation2,1,alps4141,alps4141::alps_3b773ba1407a_to_Equation2,resource_exhausted,resource_exhausted,resource_exhausted,False,False,False
exact_0407377df981a1ee,alps4141::alps_863784dd575a_to_Equation2,1,alps4141,alps4141::alps_863784dd575a_to_Equation2,memory_limit,resource_exhausted,resource_exhausted,False,False,False
exact_0a58a09dc22407bb,alps4141::alps_25e0c673ed97_to_Equation2,1,alps4141,alps4141::alps_25e0c673ed97_to_Equation2,resource_exhausted,resource_exhausted,resource_exhausted,False,False,False
exact_3b629309a7d1cb0e,alps4141::alps_f01c4ea7e98e_to_Equation2,1,alps4141,alps4141::alps_f01c4ea7e98e_to_Equation2,memory_limit,resource_exhausted,resource_exhausted,False,False,False
exact_bda801f589ea1f60,alps4141::alps_8b21c63d0fdc_to_Equation2,1,alps4141,alps4141::alps_8b21c63d0fdc_to_Equation2,resource_exhausted,resource_exhausted,resource_exhausted,False,False,False
exact_111f23cd38f32c74,alps4141::alps_d45aaed7facf_to_Equation2,1,alps4141,alps4141::alps_d45aaed7facf_to_Equation2,memory_limit,resource_exhausted,resource_exhausted,False,False,False
exact_95ff06e5c34c115f,alps4141::alps_7ed3bba17b63_to_Equation2,1,alps4141,alps4141::alps_7ed3bba17b63_to_Equation2,memory_limit,resource_exhausted,resource_exhausted,False,False,False
exact_55ea84368cea2389,alps4141::alps_305d6f1f7ace_to_Equation2,1,alps4141,alps4141::alps_305d6f1f7ace_to_Equation2,resource_exhausted,resource_exhausted,resource_exhausted,False,False,False
exact_1ca0360181695834,alps4141::alps_226daf30b36c_to_Equation2,1,alps4141,alps4141::alps_226daf30b36c_to_Equation2,memory_limit,resource_exhausted,memory_limit,False,False,False
exact_4ad34870bb33d9c3,alps4141::alps_e6ace1558ff9_to_Equation2,1,alps4141,alps4141::alps_e6ace1558ff9_to_Equation2,memory_limit,resource_exhausted,resource_exhausted,False,False,False
exact_d2f7ea72b9aada31,alps4141::alps_f01abcc873fc_to_Equation2,1,alps4141,alps4141::alps_f01abcc873fc_to_Equation2,memory_limit,resource_exhausted,resource_exhausted,False,False,False
exact_0398a1e5f1918a53,alps4141::alps_0ac263608ebb_to_Equation2,1,alps4141,alps4141::alps_0ac263608ebb_to_Equation2,resource_exhausted,resource_exhausted,resource_exhausted,False,False,False
exact_e3013b4ae2e640ad,alps4141::alps_7ec89b52d27c_to_Equation2,1,alps4141,alps4141::alps_7ec89b52d27c_to_Equation2,memory_limit,resource_exhausted,memory_limit,False,False,False
exact_f70bf4a0d5611d20,alps4141::alps_d5d1b71dd2f2_to_Equation2,1,alps4141,alps4141::alps_d5d1b71dd2f2_to_Equation2,memory_limit,resource_exhausted,resource_exhausted,False,False,False
exact_9c255092f3fb6518,alps4141::alps_5a91626df356_to_Equation2,1,alps4141,alps4141::alps_5a91626df356_to_Equation2,memory_limit,resource_exhausted,resource_exhausted,False,False,False
exact_a8ff8ecc62c9400b,alps4141::alps_63ba7f22ab81_to_Equation2,1,alps4141,alps4141::alps_63ba7f22ab81_to_Equation2,memory_limit,resource_exhausted,resource_exhausted,False,False,False
exact_d37fc9f5c3b88abc,alps4141::alps_682d87ae582e_to_Equation2,1,alps4141,alps4141::alps_682d87ae582e_to_Equation2,memory_limit,resource_exhausted,resource_exhausted,False,False,False
exact_682ae38f1d08039f,alps4141::alps_860ef5839dfc_to_Equation2,1,alps4141,alps4141::alps_860ef5839dfc_to_Equation2,memory_limit,resource_exhausted,memory_limit,False,False,False
exact_bd7322bec2348ef2,alps4141::alps_d075f52a2087_to_Equation2,1,alps4141,alps4141::alps_d075f52a2087_to_Equation2,memory_limit,resource_exhausted,resource_exhausted,False,False,False
exact_50e1f7a880a67bbb,alps4141::alps_bb84431e699f_to_Equation2,1,alps4141,alps4141::alps_bb84431e699f_to_Equation2,memory_limit,resource_exhausted,memory_limit,False,False,False
exact_e3e7663402a7b62c,alps4141::alps_545e89f913d3_to_Equation2,1,alps4141,alps4141::alps_545e89f913d3_to_Equation2,memory_limit,resource_exhausted,resource_exhausted,False,False,False
exact_dfcc836081cbbe6f,alps4141::alps_52d4f8d186ea_to_Equation2,1,alps4141,alps4141::alps_52d4f8d186ea_to_Equation2,memory_limit,resource_exhausted,memory_limit,False,False,False
exact_7d590d65331a13e9,alps4141::alps_fcdda0fff993_to_Equation2,1,alps4141,alps4141::alps_fcdda0fff993_to_Equation2,memory_limit,resource_exhausted,memory_limit,False,False,False
exact_8a966c15c6dcb12d,alps4141::alps_71fbbdc5a941_to_Equation2,1,alps4141,alps4141::alps_71fbbdc5a941_to_Equation2,memory_limit,resource_exhausted,resource_exhausted,False,False,False
exact_079b08dad880cddf,alps4141::alps_be1d2d0415b8_to_Equation2,1,alps4141,alps4141::alps_be1d2d0415b8_to_Equation2,resource_exhausted,resource_exhausted,resource_exhausted,False,False,False
exact_3eb2217891f52d4a,alps4141::alps_dc8c35e966ce_to_Equation2,1,alps4141,alps4141::alps_dc8c35e966ce_to_Equation2,memory_limit,resource_exhausted,resource_exhausted,False,False,False
exact_974bd9ee43a2a265,alps4141::alps_54b4e6cf333a_to_Equation2,1,alps4141,alps4141::alps_54b4e6cf333a_to_Equation2,memory_limit,resource_exhausted,resource_exhausted,False,False,False
exact_6d9edd1492d6e1f6,alps4141::alps_e319eb5a5ee2_to_Equation2,1,alps4141,alps4141::alps_e319eb5a5ee2_to_Equation2,memory_limit,resource_exhausted,resource_exhausted,False,False,False
exact_4af06c8701291281,alps4141::alps_17264f8817bd_to_Equation2,1,alps4141,alps4141::alps_17264f8817bd_to_Equation2,memory_limit,resource_exhausted,resource_exhausted,False,False,False
exact_270a79d81cdc4f05,alps4141::alps_222942d5abd5_to_Equation2,1,alps4141,alps4141::alps_222942d5abd5_to_Equation2,memory_limit,resource_exhausted,memory_limit,False,False,False
exact_9e0f66de6fe1cbb6,alps4141::alps_37737aaced19_to_Equation2,1,alps4141,alps4141::alps_37737aaced19_to_Equation2,resource_exhausted,resource_exhausted,memory_limit,False,False,False
exact_d3912b386d481f0c,alps4141::alps_2fe58b83ad0d_to_Equation2,1,alps4141,alps4141::alps_2fe58b83ad0d_to_Equation2,memory_limit,resource_exhausted,memory_limit,False,False,False
exact_63c85aae294941a6,alps4141::alps_cddc54592289_to_Equation2,1,alps4141,alps4141::alps_cddc54592289_to_Equation2,memory_limit,resource_exhausted,memory_limit,False,False,False
exact_cbddd25e596da6b2,alps4141::alps_b664c95fd7e3_to_Equation2,1,alps4141,alps4141::alps_b664c95fd7e3_to_Equation2,memory_limit,resource_exhausted,resource_exhausted,False,False,False
exact_0fd34871a4eb69f7,alps4141::alps_7f8f9d2576c1_to_Equation2,1,alps4141,alps4141::alps_7f8f9d2576c1_to_Equation2,memory_limit,resource_exhausted,memory_limit,False,False,False
exact_7e7d8af6d0923c24,alps4141::alps_26a26c84fdfb_to_Equation2,1,alps4141,alps4141::alps_26a26c84fdfb_to_Equation2,memory_limit,resource_exhausted,memory_limit,False,False,False
exact_3371ca0fdb013bd6,alps4141::alps_a52c5648f154_to_Equation2,1,alps4141,alps4141::alps_a52c5648f154_to_Equation2,memory_limit,resource_exhausted,memory_limit,False,False,False
exact_b0e4200a77e54d69,alps4141::alps_b4a9d1615d85_to_Equation2,1,alps4141,alps4141::alps_b4a9d1615d85_to_Equation2,memory_limit,resource_exhausted,memory_limit,False,False,False
exact_3b3bcd3fa9c47d4c,alps4141::alps_c9798b971d67_to_Equation2,1,alps4141,alps4141::alps_c9798b971d67_to_Equation2,memory_limit,resource_exhausted,memory_limit,False,False,False
exact_27adc2ac1c444d79,alps4141::alps_b0d105a15a48_to_Equation2,1,alps4141,alps4141::alps_b0d105a15a48_to_Equation2,resource_exhausted,resource_exhausted,resource_exhausted,False,False,False
exact_106680c79189a8f5,alps4141::alps_24af85b7acb4_to_Equation2,1,alps4141,alps4141::alps_24af85b7acb4_to_Equation2,memory_limit,resource_exhausted,resource_exhausted,False,False,False
exact_010d31379fd56b64,alps4141::alps_c2af704f7af8_to_Equation2,1,alps4141,alps4141::alps_c2af704f7af8_to_Equation2,memory_limit,resource_exhausted,memory_limit,False,False,False
exact_76cc18950c29c62d,alps4141::alps_ada05c510429_to_Equation2,1,alps4141,alps4141::alps_ada05c510429_to_Equation2,memory_limit,resource_exhausted,memory_limit,False,False,False
exact_14f7c8dc3d3ff30e,alps4141::alps_193f51676385_to_Equation2,1,alps4141,alps4141::alps_193f51676385_to_Equation2,resource_exhausted,theorem,resource_exhausted,True,False,False
exact_1751f90a40fdd403,alps4141::alps_97bb6447329a_to_Equation2,1,alps4141,alps4141::alps_97bb6447329a_to_Equation2,memory_limit,resource_exhausted,resource_exhausted,False,False,False
exact_d16d85aea3b55315,alps4141::alps_a9b515255f70_to_Equation2,1,alps4141,alps4141::alps_a9b515255f70_to_Equation2,resource_exhausted,resource_exhausted,resource_exhausted,False,False,False
exact_a928964b5532f617,alps4141::alps_7ca27d3adb49_to_Equation2,1,alps4141,alps4141::alps_7ca27d3adb49_to_Equation2,memory_limit,resource_exhausted,resource_exhausted,False,False,False
exact_a6dec23e6c6a8e35,alps4141::alps_3569cde50536_to_Equation2,1,alps4141,alps4141::alps_3569cde50536_to_Equation2,memory_limit,resource_exhausted,memory_limit,False,False,False
exact_34df191790e2296c,alps4141::alps_0c63ba7dc2ff_to_Equation2,1,alps4141,alps4141::alps_0c63ba7dc2ff_to_Equation2,memory_limit,resource_exhausted,resource_exhausted,False,False,False
exact_c315a2c35f41bf3b,alps4141::alps_37906c69549c_to_Equation2,1,alps4141,alps4141::alps_37906c69549c_to_Equation2,memory_limit,resource_exhausted,resource_exhausted,False,False,False
exact_1e528711a3b7557f,alps4141::alps_ddd660bb2f5e_to_Equation2,1,alps4141,alps4141::alps_ddd660bb2f5e_to_Equation2,memory_limit,resource_exhausted,resource_exhausted,False,False,False
exact_26f18312230e019b,alps4141::alps_c7a29bf823d5_to_Equation2,1,alps4141,alps4141::alps_c7a29bf823d5_to_Equation2,memory_limit,theorem,theorem,True,False,False
exact_595dd1569bc3d869,alps4141::alps_70eecd0139e4_to_Equation2,1,alps4141,alps4141::alps_70eecd0139e4_to_Equation2,memory_limit,resource_exhausted,resource_exhausted,False,False,False
exact_805915d27b7be57e,alps4141::alps_6dd10e249231_to_Equation2,1,alps4141,alps4141::alps_6dd10e249231_to_Equation2,memory_limit,resource_exhausted,resource_exhausted,False,False,False
exact_1055b41473e9af71,alps4141::alps_337fc5773860_to_Equation2,1,alps4141,alps4141::alps_337fc5773860_to_Equation2,memory_limit,resource_exhausted,theorem,True,False,False
exact_fa7d33cd8c4f625d,alps4141::alps_7a71bcff40d1_to_Equation2,1,alps4141,alps4141::alps_7a71bcff40d1_to_Equation2,resource_exhausted,resource_exhausted,resource_exhausted,False,False,False
exact_113e4979dffac5c3,alps4141::alps_70b6c7ef2ec6_to_Equation2,1,alps4141,alps4141::alps_70b6c7ef2ec6_to_Equation2,resource_exhausted,resource_exhausted,theorem,True,False,False
exact_643aca7606ddb52d,alps4141::alps_8d85b048e194_to_Equation2,1,alps4141,alps4141::alps_8d85b048e194_to_Equation2,resource_exhausted,resource_exhausted,resource_exhausted,False,False,False
exact_96086ad3d3379de6,alps4141::alps_5779b8f67104_to_Equation2,1,alps4141,alps4141::alps_5779b8f67104_to_Equation2,resource_exhausted,theorem,resource_exhausted,True,False,False
exact_fea771bef00f5540,alps4141::alps_97b63cc6153e_to_Equation2,1,alps4141,alps4141::alps_97b63cc6153e_to_Equation2,resource_exhausted,resource_exhausted,resource_exhausted,False,False,False
exact_5bf2468d44a78786,alps4141::alps_81e33ffae3bd_to_Equation2,1,alps4141,alps4141::alps_81e33ffae3bd_to_Equation2,resource_exhausted,resource_exhausted,resource_exhausted,False,False,False
exact_ba197f51ea919ed8,alps4141::alps_0689dc91724a_to_Equation2,1,alps4141,alps4141::alps_0689dc91724a_to_Equation2,memory_limit,resource_exhausted,resource_exhausted,False,False,False
exact_9ad96b3ad98b3a1a,alps4141::alps_8ed2e59a6c0e_to_Equation2,1,alps4141,alps4141::alps_8ed2e59a6c0e_to_Equation2,memory_limit,resource_exhausted,resource_exhausted,False,False,False
exact_98d8d70b9f40a2df,alps4141::alps_e285187c7ea1_to_Equation2,1,alps4141,alps4141::alps_e285187c7ea1_to_Equation2,resource_exhausted,resource_exhausted,resource_exhausted,False,False,False
exact_1d319f532158b9b2,alps4141::alps_b5bf4662b882_to_Equation2,1,alps4141,alps4141::alps_b5bf4662b882_to_Equation2,memory_limit,resource_exhausted,memory_limit,False,False,False
exact_49393cb52475f0ce,alps4141::alps_a16a7ae174b7_to_Equation2,1,alps4141,alps4141::alps_a16a7ae174b7_to_Equation2,memory_limit,resource_exhausted,resource_exhausted,False,False,False
exact_612aba4ee7b8e4e5,alps4141::alps_c92681882dbb_to_Equation2,1,alps4141,alps4141::alps_c92681882dbb_to_Equation2,memory_limit,resource_exhausted,memory_limit,False,False,False
exact_139e47323e07718b,alps4141::alps_c15559966716_to_Equation2,1,alps4141,alps4141::alps_c15559966716_to_Equation2,memory_limit,resource_exhausted,resource_exhausted,False,False,False
exact_98f242c6dc1661b2,alps4141::alps_b14026136645_to_Equation2,1,alps4141,alps4141::alps_b14026136645_to_Equation2,memory_limit,resource_exhausted,resource_exhausted,False,False,False
exact_0904cc89b73d117b,alps4141::alps_ea18473ea455_to_Equation2,1,alps4141,alps4141::alps_ea18473ea455_to_Equation2,memory_limit,resource_exhausted,resource_exhausted,False,False,False
exact_bb1d596ff76b8fa2,alps4141::alps_f62544508c7b_to_Equation2,1,alps4141,alps4141::alps_f62544508c7b_to_Equation2,resource_exhausted,resource_exhausted,resource_exhausted,False,False,False
exact_c9a736ea9ceaf8c7,alps4141::alps_1a9bb4936833_to_Equation2,1,alps4141,alps4141::alps_1a9bb4936833_to_Equation2,memory_limit,resource_exhausted,resource_exhausted,False,False,False
exact_e21191efe91c5ecb,alps4141::alps_b655d4ac943d_to_Equation2,1,alps4141,alps4141::alps_b655d4ac943d_to_Equation2,memory_limit,resource_exhausted,resource_exhausted,False,False,False
exact_940f7d483def1ea7,alps4141::alps_097989f4f7dd_to_Equation2,1,alps4141,alps4141::alps_097989f4f7dd_to_Equation2,memory_limit,resource_exhausted,resource_exhausted,False,False,False
exact_ca41dafb1378b23a,alps4141::alps_d382eb462967_to_Equation2,1,alps4141,alps4141::alps_d382eb462967_to_Equation2,memory_limit,resource_exhausted,resource_exhausted,False,False,False
exact_37a867acba3f0056,alps4141::alps_0179bef394b9_to_Equation2,1,alps4141,alps4141::alps_0179bef394b9_to_Equation2,memory_limit,resource_exhausted,memory_limit,False,False,False
exact_1585bdeb12247c85,alps4141::alps_2e294bb00be8_to_Equation2,1,alps4141,alps4141::alps_2e294bb00be8_to_Equation2,memory_limit,resource_exhausted,resource_exhausted,False,False,False
exact_2978632d287aaa58,alps4141::alps_115259e625c9_to_Equation2,1,alps4141,alps4141::alps_115259e625c9_to_Equation2,memory_limit,resource_exhausted,memory_limit,False,False,False
exact_f2c6d27152fb8860,alps4141::alps_e4f8b4a6419d_to_Equation2,1,alps4141,alps4141::alps_e4f8b4a6419d_to_Equation2,memory_limit,resource_exhausted,resource_exhausted,False,False,False
exact_530ec900958b47a4,alps4141::alps_8bd6b13db3c8_to_Equation2,1,alps4141,alps4141::alps_8bd6b13db3c8_to_Equation2,memory_limit,resource_exhausted,resource_exhausted,False,False,False
exact_ff6f51c55452658c,alps4141::alps_159ed30898a9_to_Equation2,1,alps4141,alps4141::alps_159ed30898a9_to_Equation2,memory_limit,resource_exhausted,resource_exhausted,False,False,False
exact_e165b30c1a04f111,alps4141::alps_088569524c29_to_Equation2,1,alps4141,alps4141::alps_088569524c29_to_Equation2,memory_limit,resource_exhausted,resource_exhausted,False,False,False
exact_cace404a847c5440,alps4141::alps_6881b2b024cb_to_Equation2,1,alps4141,alps4141::alps_6881b2b024cb_to_Equation2,memory_limit,resource_exhausted,resource_exhausted,False,False,False
exact_ac4da7e11c19136b,alps4141::alps_94e649da70b5_to_Equation2,1,alps4141,alps4141::alps_94e649da70b5_to_Equation2,memory_limit,resource_exhausted,resource_exhausted,False,False,False
exact_999524f0f3691438,alps4141::alps_4ede7787afe3_to_Equation2,1,alps4141,alps4141::alps_4ede7787afe3_to_Equation2,memory_limit,resource_exhausted,resource_exhausted,False,False,False
exact_73ef8bd41dd8721d,alps4141::alps_0e56653a5b12_to_Equation2,1,alps4141,alps4141::alps_0e56653a5b12_to_Equation2,memory_limit,resource_exhausted,resource_exhausted,False,False,False
exact_eb16734251b413a3,alps4141::alps_9b4f7b013951_to_Equation2,1,alps4141,alps4141::alps_9b4f7b013951_to_Equation2,resource_exhausted,resource_exhausted,theorem,True,False,False
exact_8e6ea4eefd330175,alps4141::alps_bee4363d9e00_to_Equation2,1,alps4141,alps4141::alps_bee4363d9e00_to_Equation2,memory_limit,resource_exhausted,resource_exhausted,False,False,False
exact_9d788a3679aab64f,alps4141::alps_b8ef3522ae0a_to_Equation2,1,alps4141,alps4141::alps_b8ef3522ae0a_to_Equation2,memory_limit,resource_exhausted,resource_exhausted,False,False,False
exact_8df2864f1d276190,alps4141::alps_c5686f54e160_to_Equation2,1,alps4141,alps4141::alps_c5686f54e160_to_Equation2,memory_limit,resource_exhausted,resource_exhausted,False,False,False
exact_beaf2146456b7937,alps4141::alps_5c0a709f5220_to_Equation2,1,alps4141,alps4141::alps_5c0a709f5220_to_Equation2,memory_limit,resource_exhausted,resource_exhausted,False,False,False
exact_db5e3c40ad72aa47,alps4141::alps_da58817fcfe2_to_Equation2,1,alps4141,alps4141::alps_da58817fcfe2_to_Equation2,memory_limit,resource_exhausted,resource_exhausted,False,False,False
exact_cc97ecf6f2de5685,alps4141::alps_b3325c742677_to_Equation2,1,alps4141,alps4141::alps_b3325c742677_to_Equation2,memory_limit,resource_exhausted,resource_exhausted,False,False,False
exact_1fef310ea260a23f,alps4141::alps_5f1ea2f9050f_to_Equation2,1,alps4141,alps4141::alps_5f1ea2f9050f_to_Equation2,resource_exhausted,resource_exhausted,resource_exhausted,False,False,False
exact_b42c09bdd5167c1f,alps4141::alps_5d3f9b11d610_to_Equation2,1,alps4141,alps4141::alps_5d3f9b11d610_to_Equation2,memory_limit,resource_exhausted,resource_exhausted,False,False,False
exact_1dd69a1ef9482323,alps4141::alps_a9ad03636dda_to_Equation2,1,alps4141,alps4141::alps_a9ad03636dda_to_Equation2,memory_limit,resource_exhausted,resource_exhausted,False,False,False
exact_f91c6a9f4ef51648,alps4141::alps_ff10a33c20bd_to_Equation2,1,alps4141,alps4141::alps_ff10a33c20bd_to_Equation2,memory_limit,resource_exhausted,resource_exhausted,False,False,False
exact_4d673be63c3e3de3,alps4141::alps_636e32bfc8ac_to_Equation2,1,alps4141,alps4141::alps_636e32bfc8ac_to_Equation2,memory_limit,resource_exhausted,resource_exhausted,False,False,False
exact_b1e05e1b0b0c1bb8,alps4141::alps_56bd88a54179_to_Equation2,1,alps4141,alps4141::alps_56bd88a54179_to_Equation2,memory_limit,resource_exhausted,resource_exhausted,False,False,False
exact_47e213ba05c73912,alps4141::alps_ad849cc9aaa5_to_Equation2,1,alps4141,alps4141::alps_ad849cc9aaa5_to_Equation2,memory_limit,resource_exhausted,resource_exhausted,False,False,False
exact_6e66a8c94359f6a6,alps4141::alps_9d8c58336537_to_Equation2,1,alps4141,alps4141::alps_9d8c58336537_to_Equation2,memory_limit,resource_exhausted,resource_exhausted,False,False,False
exact_7c3f8115fcb2c1a9,alps4141::alps_37a16fa23ff7_to_Equation2,1,alps4141,alps4141::alps_37a16fa23ff7_to_Equation2,memory_limit,resource_exhausted,resource_exhausted,False,False,False
exact_7bf16417bceba68e,alps4141::alps_021e4be09f06_to_Equation2,1,alps4141,alps4141::alps_021e4be09f06_to_Equation2,memory_limit,resource_exhausted,memory_limit,False,False,False
exact_2e4b8d5134686ff3,alps4141::alps_0f38371e4100_to_Equation2,1,alps4141,alps4141::alps_0f38371e4100_to_Equation2,memory_limit,resource_exhausted,resource_exhausted,False,False,False
exact_60ddfd3d66e07932,alps4141::alps_2c781a39f09b_to_Equation2,1,alps4141,alps4141::alps_2c781a39f09b_to_Equation2,memory_limit,resource_exhausted,resource_exhausted,False,False,False
exact_73bfa4c13bd9b180,alps4141::alps_da30d1a167d0_to_Equation2,1,alps4141,alps4141::alps_da30d1a167d0_to_Equation2,memory_limit,resource_exhausted,resource_exhausted,False,False,False
exact_f5a3599603802f63,alps4141::alps_52bffcfd3a63_to_Equation2,1,alps4141,alps4141::alps_52bffcfd3a63_to_Equation2,memory_limit,resource_exhausted,resource_exhausted,False,False,False
exact_ad3e36a2ad71a88c,alps4141::alps_41486307ecf8_to_Equation2,1,alps4141,alps4141::alps_41486307ecf8_to_Equation2,memory_limit,resource_exhausted,resource_exhausted,False,False,False
exact_d40c7eb9a115efc2,alps4141::alps_4157d5c4afbb_to_Equation2,1,alps4141,alps4141::alps_4157d5c4afbb_to_Equation2,memory_limit,resource_exhausted,resource_exhausted,False,False,False
exact_ee0a5417e7a5952c,alps4141::alps_f35c9e6cb3ec_to_Equation2,1,alps4141,alps4141::alps_f35c9e6cb3ec_to_Equation2,memory_limit,resource_exhausted,resource_exhausted,False,False,False
exact_71c119dfec74eb40,alps4141::alps_82f6a6e93738_to_Equation2,1,alps4141,alps4141::alps_82f6a6e93738_to_Equation2,memory_limit,resource_exhausted,resource_exhausted,False,False,False
exact_5bdc5767792f6be5,alps4141::alps_381728836ed2_to_Equation2,1,alps4141,alps4141::alps_381728836ed2_to_Equation2,memory_limit,resource_exhausted,resource_exhausted,False,False,False
exact_693d810a86ba47dc,alps4141::alps_1638a4666f75_to_Equation2,1,alps4141,alps4141::alps_1638a4666f75_to_Equation2,memory_limit,resource_exhausted,resource_exhausted,False,False,False
exact_e42842f26b32a51e,alps4141::alps_a882532a4380_to_Equation2,1,alps4141,alps4141::alps_a882532a4380_to_Equation2,memory_limit,resource_exhausted,resource_exhausted,False,False,False
exact_57db2ae8fed80430,alps4141::alps_15d81e65c77d_to_Equation2,1,alps4141,alps4141::alps_15d81e65c77d_to_Equation2,memory_limit,resource_exhausted,resource_exhausted,False,False,False
exact_08725922850c8bc3,alps4141::alps_fd75733323d3_to_Equation2,1,alps4141,alps4141::alps_fd75733323d3_to_Equation2,memory_limit,resource_exhausted,memory_limit,False,False,False
exact_560286d2f83df450,alps4141::alps_fb7290389a23_to_Equation2,1,alps4141,alps4141::alps_fb7290389a23_to_Equation2,memory_limit,resource_exhausted,memory_limit,False,False,False
exact_d532a20c49948036,alps4141::alps_5e57a0f5e46b_to_Equation2,1,alps4141,alps4141::alps_5e57a0f5e46b_to_Equation2,memory_limit,resource_exhausted,resource_exhausted,False,False,False
exact_4023369d46576d26,alps4141::alps_3c57c5e72e24_to_Equation2,1,alps4141,alps4141::alps_3c57c5e72e24_to_Equation2,memory_limit,resource_exhausted,resource_exhausted,False,False,False
exact_37d49e617130c7d6,alps4141::alps_1758f55f1a98_to_Equation2,1,alps4141,alps4141::alps_1758f55f1a98_to_Equation2,memory_limit,resource_exhausted,memory_limit,False,False,False
exact_65bc2e5b8f0eb7c7,alps4141::alps_4b5d86c33ce0_to_Equation2,1,alps4141,alps4141::alps_4b5d86c33ce0_to_Equation2,memory_limit,resource_exhausted,memory_limit,False,False,False
exact_396810165263ba43,alps4141::alps_d316b817514b_to_Equation2,1,alps4141,alps4141::alps_d316b817514b_to_Equation2,memory_limit,resource_exhausted,memory_limit,False,False,False
exact_cb87bb592b590cac,alps4141::alps_8bdb2bb855d0_to_Equation2,1,alps4141,alps4141::alps_8bdb2bb855d0_to_Equation2,memory_limit,resource_exhausted,resource_exhausted,False,False,False
exact_32f2ee6681a28644,alps4141::alps_1c3218092cd7_to_Equation2,1,alps4141,alps4141::alps_1c3218092cd7_to_Equation2,memory_limit,resource_exhausted,memory_limit,False,False,False
exact_c1d93bb3c42c17b2,alps4141::alps_49a28942c13b_to_Equation2,1,alps4141,alps4141::alps_49a28942c13b_to_Equation2,memory_limit,resource_exhausted,resource_exhausted,False,False,False
exact_479c8519dfc365a4,alps4141::alps_cdeb43f8b709_to_Equation2,1,alps4141,alps4141::alps_cdeb43f8b709_to_Equation2,memory_limit,resource_exhausted,resource_exhausted,False,False,False
exact_7a937407cadd557a,alps4141::alps_00dd4cdee0cf_to_Equation2,1,alps4141,alps4141::alps_00dd4cdee0cf_to_Equation2,memory_limit,resource_exhausted,resource_exhausted,False,False,False
exact_07468d2350eb925f,alps4141::alps_dd5bfdb99e34_to_Equation2,1,alps4141,alps4141::alps_dd5bfdb99e34_to_Equation2,memory_limit,resource_exhausted,resource_exhausted,False,False,False
exact_547880def24c3418,alps4141::alps_1d032705dc31_to_Equation2,1,alps4141,alps4141::alps_1d032705dc31_to_Equation2,memory_limit,resource_exhausted,resource_exhausted,False,False,False
exact_cecd4315b1cee76c,alps4141::alps_1fae9dbd79aa_to_Equation2,1,alps4141,alps4141::alps_1fae9dbd79aa_to_Equation2,memory_limit,resource_exhausted,resource_exhausted,False,False,False
exact_af60c0f3c918bbf4,alps4141::alps_ff3f851a0dd1_to_Equation2,1,alps4141,alps4141::alps_ff3f851a0dd1_to_Equation2,memory_limit,resource_exhausted,resource_exhausted,False,False,False
exact_4e5a81bdd9d89f19,alps4141::alps_00721eaa0376_to_Equation2,1,alps4141,alps4141::alps_00721eaa0376_to_Equation2,memory_limit,resource_exhausted,resource_exhausted,False,False,False
exact_270e9a597a0d7a2c,alps4141::alps_d890e85bbbeb_to_Equation2,1,alps4141,alps4141::alps_d890e85bbbeb_to_Equation2,memory_limit,resource_exhausted,resource_exhausted,False,False,False
exact_3bd01a8b9d9d7bc0,alps4141::alps_0ac68ea8a286_to_Equation2,1,alps4141,alps4141::alps_0ac68ea8a286_to_Equation2,memory_limit,resource_exhausted,resource_exhausted,False,False,False
exact_cd324cb1c24973f8,alps4141::alps_a8eeb6f18045_to_Equation2,1,alps4141,alps4141::alps_a8eeb6f18045_to_Equation2,memory_limit,resource_exhausted,resource_exhausted,False,False,False
exact_c6f9276835a4f47e,alps4141::alps_7204111c314d_to_Equation2,1,alps4141,alps4141::alps_7204111c314d_to_Equation2,memory_limit,resource_exhausted,resource_exhausted,False,False,False
exact_9a7b112abbb56d9f,alps4141::alps_0da7a086ee3f_to_Equation2,1,alps4141,alps4141::alps_0da7a086ee3f_to_Equation2,memory_limit,resource_exhausted,memory_limit,False,False,False
exact_3e18c70ae90a37e3,alps4141::alps_dc9e7fb1f12f_to_Equation2,1,alps4141,alps4141::alps_dc9e7fb1f12f_to_Equation2,memory_limit,resource_exhausted,memory_limit,False,False,False
exact_4a386172e37499e1,alps4141::alps_fd60b30b86a2_to_Equation2,1,alps4141,alps4141::alps_fd60b30b86a2_to_Equation2,memory_limit,resource_exhausted,memory_limit,False,False,False
exact_c8e27d43ebe79d8b,alps4141::alps_0b6a13d45dce_to_Equation2,1,alps4141,alps4141::alps_0b6a13d45dce_to_Equation2,memory_limit,resource_exhausted,memory_limit,False,False,False
exact_f3478e2d93399eec,alps4141::alps_c6a2a74e3922_to_Equation2,1,alps4141,alps4141::alps_c6a2a74e3922_to_Equation2,memory_limit,resource_exhausted,memory_limit,False,False,False
exact_7556638ed577ff3f,alps4141::alps_7cdeb76670b7_to_Equation2,1,alps4141,alps4141::alps_7cdeb76670b7_to_Equation2,memory_limit,resource_exhausted,resource_exhausted,False,False,False
exact_75403111042a84c1,alps4141::alps_f5a215d24511_to_Equation2,1,alps4141,alps4141::alps_f5a215d24511_to_Equation2,memory_limit,resource_exhausted,resource_exhausted,False,False,False
exact_5130b7636f1de3c8,alps4141::alps_b43fe1832bf3_to_Equation2,1,alps4141,alps4141::alps_b43fe1832bf3_to_Equation2,memory_limit,resource_exhausted,resource_exhausted,False,False,False
exact_8ddd88cbe24cb45d,alps4141::alps_820dae26d317_to_Equation2,1,alps4141,alps4141::alps_820dae26d317_to_Equation2,memory_limit,resource_exhausted,memory_limit,False,False,False
exact_02868ef51f7d94af,alps4141::alps_a21b6d6baa7a_to_Equation2,1,alps4141,alps4141::alps_a21b6d6baa7a_to_Equation2,memory_limit,resource_exhausted,resource_exhausted,False,False,False
exact_978cebf61c07cf21,alps4141::alps_169adaa8ea12_to_Equation2,1,alps4141,alps4141::alps_169adaa8ea12_to_Equation2,memory_limit,resource_exhausted,resource_exhausted,False,False,False
exact_6cf894064e3ac4b5,alps4141::alps_08111ceae2d9_to_Equation2,1,alps4141,alps4141::alps_08111ceae2d9_to_Equation2,memory_limit,resource_exhausted,memory_limit,False,False,False
exact_4600bd02911e7c28,alps4141::alps_887f7c3c16b6_to_Equation2,1,alps4141,alps4141::alps_887f7c3c16b6_to_Equation2,memory_limit,resource_exhausted,memory_limit,False,False,False
exact_68eb362421ac35d0,alps4141::alps_fcc2ea5f9622_to_Equation2,1,alps4141,alps4141::alps_fcc2ea5f9622_to_Equation2,memory_limit,resource_exhausted,memory_limit,False,False,False
exact_9566001cda30bde1,alps4141::alps_d1c77aa7acef_to_Equation2,1,alps4141,alps4141::alps_d1c77aa7acef_to_Equation2,memory_limit,resource_exhausted,resource_exhausted,False,False,False
exact_4eb417e3efba399e,alps4141::alps_e016901af261_to_Equation2,1,alps4141,alps4141::alps_e016901af261_to_Equation2,memory_limit,resource_exhausted,memory_limit,False,False,False
exact_49c12c18d5845ae8,alps4141::alps_2403ff419da3_to_Equation2,1,alps4141,alps4141::alps_2403ff419da3_to_Equation2,memory_limit,resource_exhausted,memory_limit,False,False,False
exact_4e77db0bb8824e66,alps4141::alps_55e347656987_to_Equation2,1,alps4141,alps4141::alps_55e347656987_to_Equation2,completed_no_decisive_result,resource_exhausted,memory_limit,False,False,False
exact_b82542a45e535a73,alps4141::alps_ed9d4fa5fa30_to_Equation2,1,alps4141,alps4141::alps_ed9d4fa5fa30_to_Equation2,completed_no_decisive_result,resource_exhausted,resource_exhausted,False,False,False
exact_06b9a2ebd3cc5858,alps4141::alps_2e7c6c65a512_to_Equation2,1,alps4141,alps4141::alps_2e7c6c65a512_to_Equation2,memory_limit,resource_exhausted,memory_limit,False,False,False
exact_2590998598a02a4d,alps4141::alps_3278715764e6_to_Equation2,1,alps4141,alps4141::alps_3278715764e6_to_Equation2,memory_limit,resource_exhausted,memory_limit,False,False,False
exact_be468a05e7665a9d,alps4141::alps_23c26a4bba91_to_Equation2,1,alps4141,alps4141::alps_23c26a4bba91_to_Equation2,memory_limit,resource_exhausted,memory_limit,False,False,False
exact_834977d3904f220e,alps4141::alps_227de7111698_to_Equation2,1,alps4141,alps4141::alps_227de7111698_to_Equation2,memory_limit,resource_exhausted,memory_limit,False,False,False
exact_343eacc22458b43a,alps4141::alps_cc2b3582dd38_to_Equation2,1,alps4141,alps4141::alps_cc2b3582dd38_to_Equation2,memory_limit,resource_exhausted,memory_limit,False,False,False
exact_a8b458d04159b683,alps4141::alps_a1ee56ec1a96_to_Equation2,1,alps4141,alps4141::alps_a1ee56ec1a96_to_Equation2,memory_limit,resource_exhausted,memory_limit,False,False,False
exact_c98fc255f1813552,alps4141::alps_6d5974ffb304_to_Equation2,1,alps4141,alps4141::alps_6d5974ffb304_to_Equation2,memory_limit,resource_exhausted,resource_exhausted,False,False,False
exact_f633a309277e7299,alps4141::alps_5e130d009555_to_Equation2,1,alps4141,alps4141::alps_5e130d009555_to_Equation2,memory_limit,resource_exhausted,resource_exhausted,False,False,False
exact_4e523149bb9247d5,alps4141::alps_beb1c64803fd_to_Equation2,1,alps4141,alps4141::alps_beb1c64803fd_to_Equation2,memory_limit,resource_exhausted,memory_limit,False,False,False
exact_8f8c21bf91b0a9f3,alps4141::alps_02165b925f75_to_Equation2,1,alps4141,alps4141::alps_02165b925f75_to_Equation2,memory_limit,resource_exhausted,memory_limit,False,False,False
exact_3c79be63c47b02fe,alps4141::alps_108517b9da6f_to_Equation2,1,alps4141,alps4141::alps_108517b9da6f_to_Equation2,memory_limit,resource_exhausted,memory_limit,False,False,False
exact_458a77b1f2807482,alps4141::alps_f7d34353edea_to_Equation2,1,alps4141,alps4141::alps_f7d34353edea_to_Equation2,memory_limit,resource_exhausted,memory_limit,False,False,False
exact_d9595867137b0dbb,alps4141::alps_5d84bdc7fbcf_to_Equation2,1,alps4141,alps4141::alps_5d84bdc7fbcf_to_Equation2,completed_no_decisive_result,resource_exhausted,resource_exhausted,False,False,False
exact_85376a68dbc105e3,alps4141::alps_96b0e935c43e_to_Equation2,1,alps4141,alps4141::alps_96b0e935c43e_to_Equation2,memory_limit,resource_exhausted,resource_exhausted,False,False,False
exact_6c584c79a7534065,alps4141::alps_77aea1f78cdf_to_Equation2,1,alps4141,alps4141::alps_77aea1f78cdf_to_Equation2,memory_limit,resource_exhausted,resource_exhausted,False,False,False
exact_e4c02e52f7b7895f,alps4141::alps_3845db8d8ed1_to_Equation2,1,alps4141,alps4141::alps_3845db8d8ed1_to_Equation2,memory_limit,resource_exhausted,memory_limit,False,False,False
exact_58b770f54ea795bb,alps4141::alps_57737fa6742a_to_Equation2,1,alps4141,alps4141::alps_57737fa6742a_to_Equation2,memory_limit,resource_exhausted,memory_limit,False,False,False
exact_d34240cf70677e33,alps4141::alps_9509fd1d794c_to_Equation2,1,alps4141,alps4141::alps_9509fd1d794c_to_Equation2,completed_no_decisive_result,resource_exhausted,memory_limit,False,False,False
exact_0fc52e645e7fc1f2,alps4141::alps_1f33354b668b_to_Equation2,1,alps4141,alps4141::alps_1f33354b668b_to_Equation2,memory_limit,resource_exhausted,memory_limit,False,False,False
exact_b9d76c53dc64b54a,alps4141::alps_be43ba7c2918_to_Equation2,1,alps4141,alps4141::alps_be43ba7c2918_to_Equation2,resource_exhausted,resource_exhausted,resource_exhausted,False,False,False
exact_eb00835cd41cac5a,alps4141::alps_6793dd0b1159_to_Equation2,1,alps4141,alps4141::alps_6793dd0b1159_to_Equation2,memory_limit,resource_exhausted,resource_exhausted,False,False,False
exact_fcf34b0d421551b5,alps4141::alps_525747d82f56_to_Equation2,1,alps4141,alps4141::alps_525747d82f56_to_Equation2,memory_limit,resource_exhausted,resource_exhausted,False,False,False
exact_c40e758a38c9287e,alps4141::alps_12c88b997c5a_to_Equation2,1,alps4141,alps4141::alps_12c88b997c5a_to_Equation2,memory_limit,resource_exhausted,memory_limit,False,False,False
exact_c9a3fe5c20644842,alps4141::alps_0f4491ac0ec8_to_Equation2,1,alps4141,alps4141::alps_0f4491ac0ec8_to_Equation2,memory_limit,resource_exhausted,memory_limit,False,False,False
exact_d40715e2060af2fe,alps4141::alps_2680c44cda1f_to_Equation2,1,alps4141,alps4141::alps_2680c44cda1f_to_Equation2,memory_limit,resource_exhausted,resource_exhausted,False,False,False
exact_5651458c8ba55438,alps4141::alps_54a0da9ca56b_to_Equation2,1,alps4141,alps4141::alps_54a0da9ca56b_to_Equation2,memory_limit,resource_exhausted,memory_limit,False,False,False
exact_1b58e346e91b3fa0,alps4141::alps_1de42c747b2e_to_Equation2,1,alps4141,alps4141::alps_1de42c747b2e_to_Equation2,memory_limit,resource_exhausted,resource_exhausted,False,False,False
exact_f4d22c84b827af33,alps4141::alps_722c4026cd26_to_Equation2,1,alps4141,alps4141::alps_722c4026cd26_to_Equation2,resource_exhausted,resource_exhausted,resource_exhausted,False,False,False
exact_0caa721852ec5479,alps4141::alps_af5b1344f950_to_Equation2,1,alps4141,alps4141::alps_af5b1344f950_to_Equation2,memory_limit,resource_exhausted,memory_limit,False,False,False
exact_8708d5e14a397f6e,alps4141::alps_1b6cdb9895b7_to_Equation2,1,alps4141,alps4141::alps_1b6cdb9895b7_to_Equation2,memory_limit,resource_exhausted,resource_exhausted,False,False,False
exact_03033e0ed64fcd8a,alps4141::alps_e9cd4226bcb2_to_Equation2,1,alps4141,alps4141::alps_e9cd4226bcb2_to_Equation2,memory_limit,resource_exhausted,memory_limit,False,False,False
exact_62800e03a054e7fc,alps4141::alps_244c35b73ee8_to_Equation2,1,alps4141,alps4141::alps_244c35b73ee8_to_Equation2,completed_no_decisive_result,resource_exhausted,memory_limit,False,False,False
exact_fefa09ab1c3b09e3,alps4141::alps_c79812334f92_to_Equation2,1,alps4141,alps4141::alps_c79812334f92_to_Equation2,memory_limit,resource_exhausted,resource_exhausted,False,False,False
exact_bc5acaf72a25fe6e,alps4141::alps_54b2c9d01c89_to_Equation2,1,alps4141,alps4141::alps_54b2c9d01c89_to_Equation2,completed_no_decisive_result,resource_exhausted,resource_exhausted,False,False,False
exact_54124b081f95fc4a,alps4141::alps_68b18fb0402b_to_Equation2,1,alps4141,alps4141::alps_68b18fb0402b_to_Equation2,memory_limit,resource_exhausted,memory_limit,False,False,False
exact_906cc77868a6c25d,alps4141::alps_a743f391cc8a_to_Equation2,1,alps4141,alps4141::alps_a743f391cc8a_to_Equation2,memory_limit,resource_exhausted,memory_limit,False,False,False
exact_98e517fc98652e35,alps4141::alps_ba904e0f667e_to_Equation2,1,alps4141,alps4141::alps_ba904e0f667e_to_Equation2,memory_limit,resource_exhausted,memory_limit,False,False,False
exact_e991877061ec4985,alps4141::alps_73c8192ae8a8_to_Equation2,1,alps4141,alps4141::alps_73c8192ae8a8_to_Equation2,memory_limit,resource_exhausted,memory_limit,False,False,False
exact_2b75c5271172591f,alps4141::alps_1a1e4dc61942_to_Equation2,1,alps4141,alps4141::alps_1a1e4dc61942_to_Equation2,resource_exhausted,resource_exhausted,resource_exhausted,False,False,False
exact_3aca8aebfd83d780,alps4141::alps_8c2859a2c1c9_to_Equation2,1,alps4141,alps4141::alps_8c2859a2c1c9_to_Equation2,memory_limit,resource_exhausted,resource_exhausted,False,False,False
exact_400980620283fddc,alps4141::alps_bc3f3921bdd1_to_Equation2,1,alps4141,alps4141::alps_bc3f3921bdd1_to_Equation2,memory_limit,resource_exhausted,resource_exhausted,False,False,False
exact_5c188404027c318e,alps4141::alps_8e0b080172a5_to_Equation2,1,alps4141,alps4141::alps_8e0b080172a5_to_Equation2,memory_limit,resource_exhausted,resource_exhausted,False,False,False
exact_54490ac2d99561ab,alps4141::alps_017615da39f0_to_Equation2,1,alps4141,alps4141::alps_017615da39f0_to_Equation2,memory_limit,resource_exhausted,resource_exhausted,False,False,False
exact_ae8a863baa8ef73c,alps4141::alps_abeacdede0cf_to_Equation2,1,alps4141,alps4141::alps_abeacdede0cf_to_Equation2,memory_limit,resource_exhausted,resource_exhausted,False,False,False
exact_f575cd889d308fea,alps4141::alps_b67940562552_to_Equation2,1,alps4141,alps4141::alps_b67940562552_to_Equation2,completed_no_decisive_result,resource_exhausted,memory_limit,False,False,False
exact_2e2b0c0cca54d810,alps4141::alps_3e1aac74f6af_to_Equation2,1,alps4141,alps4141::alps_3e1aac74f6af_to_Equation2,memory_limit,resource_exhausted,resource_exhausted,False,False,False
exact_94adfc6f3f739d5f,alps4141::alps_2a42c5266055_to_Equation2,1,alps4141,alps4141::alps_2a42c5266055_to_Equation2,memory_limit,resource_exhausted,resource_exhausted,False,False,False
exact_d8c1e62bf568c479,alps4141::alps_bae67b1a9de0_to_Equation2,1,alps4141,alps4141::alps_bae67b1a9de0_to_Equation2,completed_no_decisive_result,resource_exhausted,memory_limit,False,False,False
exact_e00f4fcf287fa8c9,alps4141::alps_b963d1eb0666_to_Equation2,1,alps4141,alps4141::alps_b963d1eb0666_to_Equation2,memory_limit,resource_exhausted,resource_exhausted,False,False,False
exact_4c0e5837e55231b6,alps4141::alps_46735379c455_to_Equation2,1,alps4141,alps4141::alps_46735379c455_to_Equation2,memory_limit,resource_exhausted,resource_exhausted,False,False,False
exact_d66d52a78d8fb647,alps4141::alps_6aaf3a9575d2_to_Equation2,1,alps4141,alps4141::alps_6aaf3a9575d2_to_Equation2,memory_limit,resource_exhausted,memory_limit,False,False,False
exact_a2762e46c4331ade,alps4141::alps_a7d192610c6d_to_Equation2,1,alps4141,alps4141::alps_a7d192610c6d_to_Equation2,memory_limit,resource_exhausted,memory_limit,False,False,False
exact_8060763af2db9eb2,alps4141::alps_d0a3bc89bd15_to_Equation2,1,alps4141,alps4141::alps_d0a3bc89bd15_to_Equation2,memory_limit,resource_exhausted,memory_limit,False,False,False
exact_84ac11fa83da98be,alps4141::alps_328eab5852d1_to_Equation2,1,alps4141,alps4141::alps_328eab5852d1_to_Equation2,memory_limit,resource_exhausted,memory_limit,False,False,False
exact_d5286d4e44551fc4,alps4141::alps_a095f6918df8_to_Equation2,1,alps4141,alps4141::alps_a095f6918df8_to_Equation2,memory_limit,resource_exhausted,memory_limit,False,False,False
exact_88fbe58d9ef7adb1,alps4141::alps_839287f8e2b1_to_Equation2,1,alps4141,alps4141::alps_839287f8e2b1_to_Equation2,memory_limit,resource_exhausted,memory_limit,False,False,False
exact_99d2cf56d83b6e27,alps4141::alps_d19d3ebd99b5_to_Equation2,1,alps4141,alps4141::alps_d19d3ebd99b5_to_Equation2,resource_exhausted,resource_exhausted,resource_exhausted,False,False,False
exact_624334176e51127e,alps4141::alps_81b952cc455f_to_Equation2,1,alps4141,alps4141::alps_81b952cc455f_to_Equation2,memory_limit,resource_exhausted,memory_limit,False,False,False
exact_b413903c9d7d9ce8,alps4141::alps_3b0e2a2b75d7_to_Equation2,1,alps4141,alps4141::alps_3b0e2a2b75d7_to_Equation2,memory_limit,resource_exhausted,memory_limit,False,False,False
exact_cfb9274c5d662cc7,alps4141::alps_c7f863817e00_to_Equation2,1,alps4141,alps4141::alps_c7f863817e00_to_Equation2,memory_limit,resource_exhausted,memory_limit,False,False,False
exact_e7880026d09be601,alps4141::alps_db4237f2e0a6_to_Equation2,1,alps4141,alps4141::alps_db4237f2e0a6_to_Equation2,memory_limit,resource_exhausted,memory_limit,False,False,False
exact_d07cb7914abf5dbd,alps4141::alps_de3fc59310ca_to_Equation2,1,alps4141,alps4141::alps_de3fc59310ca_to_Equation2,memory_limit,resource_exhausted,memory_limit,False,False,False
exact_9f591fe9b2e79d68,alps4141::alps_08511125a79f_to_Equation2,1,alps4141,alps4141::alps_08511125a79f_to_Equation2,memory_limit,resource_exhausted,resource_exhausted,False,False,False
exact_f327e06b963fd1de,alps4141::alps_42fddd77d48c_to_Equation2,1,alps4141,alps4141::alps_42fddd77d48c_to_Equation2,memory_limit,resource_exhausted,memory_limit,False,False,False
exact_d6a6fbe55c3c906e,alps4141::alps_0f288298ee1e_to_Equation2,1,alps4141,alps4141::alps_0f288298ee1e_to_Equation2,memory_limit,resource_exhausted,memory_limit,False,False,False
exact_ced9a626a023ab40,alps4141::alps_6dd0c1bc8f26_to_Equation2,1,alps4141,alps4141::alps_6dd0c1bc8f26_to_Equation2,memory_limit,resource_exhausted,memory_limit,False,False,False
exact_100c7701f7ec9581,alps4141::alps_fa46a61fadea_to_Equation2,1,alps4141,alps4141::alps_fa46a61fadea_to_Equation2,memory_limit,resource_exhausted,memory_limit,False,False,False
exact_3db175010260ea3e,alps4141::alps_8e5a8dc1e76f_to_Equation2,1,alps4141,alps4141::alps_8e5a8dc1e76f_to_Equation2,resource_exhausted,resource_exhausted,resource_exhausted,False,False,False
exact_7c9ad78cd0bbcb46,alps4141::alps_eb30001d3b0c_to_Equation2,1,alps4141,alps4141::alps_eb30001d3b0c_to_Equation2,memory_limit,resource_exhausted,memory_limit,False,False,False
exact_37633009850522f8,alps4141::alps_237235f764c1_to_Equation2,1,alps4141,alps4141::alps_237235f764c1_to_Equation2,memory_limit,resource_exhausted,resource_exhausted,False,False,False
exact_d14c5bd8cb243ad2,alps4141::alps_b44f282f7e94_to_Equation2,1,alps4141,alps4141::alps_b44f282f7e94_to_Equation2,resource_exhausted,resource_exhausted,resource_exhausted,False,False,False
exact_faaa4ab982f2f4c7,alps4141::alps_eb4797f05160_to_Equation2,1,alps4141,alps4141::alps_eb4797f05160_to_Equation2,memory_limit,resource_exhausted,memory_limit,False,False,False
exact_fe4a36d066c93b17,alps4141::alps_2fcfbcdff676_to_Equation2,1,alps4141,alps4141::alps_2fcfbcdff676_to_Equation2,memory_limit,resource_exhausted,memory_limit,False,False,False
exact_33ac4c07f044e6a1,alps4141::alps_0e8b16c58c5d_to_Equation2,1,alps4141,alps4141::alps_0e8b16c58c5d_to_Equation2,memory_limit,resource_exhausted,memory_limit,False,False,False
exact_a29e14ad5c12e37a,alps4141::alps_0a8d9b2393fd_to_Equation2,1,alps4141,alps4141::alps_0a8d9b2393fd_to_Equation2,resource_exhausted,resource_exhausted,resource_exhausted,False,False,False
exact_15066fcb8b71831a,alps4141::alps_4158e1a4dfc5_to_Equation2,1,alps4141,alps4141::alps_4158e1a4dfc5_to_Equation2,resource_exhausted,resource_exhausted,resource_exhausted,False,False,False
exact_bf0dddf063319989,alps4141::alps_b61598af334a_to_Equation2,1,alps4141,alps4141::alps_b61598af334a_to_Equation2,resource_exhausted,resource_exhausted,resource_exhausted,False,False,False
exact_9ba117ff4ddc42b7,alps4141::alps_54ee6f30d18c_to_Equation2,1,alps4141,alps4141::alps_54ee6f30d18c_to_Equation2,memory_limit,resource_exhausted,resource_exhausted,False,False,False
exact_d514354f0579e013,alps4141::alps_4b410aa3ccf4_to_Equation2,1,alps4141,alps4141::alps_4b410aa3ccf4_to_Equation2,memory_limit,resource_exhausted,memory_limit,False,False,False
exact_8a8129c813db741a,alps4141::alps_74dc8560e765_to_Equation2,1,alps4141,alps4141::alps_74dc8560e765_to_Equation2,memory_limit,resource_exhausted,resource_exhausted,False,False,False
exact_b9e6e1c368c79414,alps4141::alps_a125b107b931_to_Equation2,1,alps4141,alps4141::alps_a125b107b931_to_Equation2,resource_exhausted,resource_exhausted,resource_exhausted,False,False,False
exact_062f4e8d3bfb011f,alps4141::alps_ee0f23684435_to_Equation2,1,alps4141,alps4141::alps_ee0f23684435_to_Equation2,memory_limit,resource_exhausted,resource_exhausted,False,False,False
exact_2b0f9dfcce378618,alps4141::alps_22d298d90e13_to_Equation2,1,alps4141,alps4141::alps_22d298d90e13_to_Equation2,memory_limit,resource_exhausted,resource_exhausted,False,False,False
exact_a54071a70017abd4,alps4141::alps_daaec7ce656d_to_Equation2,1,alps4141,alps4141::alps_daaec7ce656d_to_Equation2,memory_limit,resource_exhausted,resource_exhausted,False,False,False
exact_2e8527183a172e22,alps4141::alps_c321e4bda7ab_to_Equation2,1,alps4141,alps4141::alps_c321e4bda7ab_to_Equation2,memory_limit,resource_exhausted,resource_exhausted,False,False,False
exact_65c9c7be6ac7ccb7,alps4141::alps_c6d941013b90_to_Equation2,1,alps4141,alps4141::alps_c6d941013b90_to_Equation2,memory_limit,resource_exhausted,resource_exhausted,False,False,False
exact_7650fc40124d8349,alps4141::alps_c6da654cb862_to_Equation2,1,alps4141,alps4141::alps_c6da654cb862_to_Equation2,memory_limit,resource_exhausted,resource_exhausted,False,False,False
exact_3e2d68c2e476a2e7,alps4141::alps_79b00185d28e_to_Equation2,1,alps4141,alps4141::alps_79b00185d28e_to_Equation2,memory_limit,resource_exhausted,resource_exhausted,False,False,False
exact_1e079816570d1b7c,alps4141::alps_3509cc1b89fd_to_Equation2,1,alps4141,alps4141::alps_3509cc1b89fd_to_Equation2,memory_limit,resource_exhausted,resource_exhausted,False,False,False
exact_617ececdb3974c0d,alps4141::alps_192a92ccbb03_to_Equation2,1,alps4141,alps4141::alps_192a92ccbb03_to_Equation2,memory_limit,resource_exhausted,resource_exhausted,False,False,False
exact_36ed2d4c5d847bc3,alps4141::alps_1518d629ddfe_to_Equation2,1,alps4141,alps4141::alps_1518d629ddfe_to_Equation2,memory_limit,resource_exhausted,resource_exhausted,False,False,False
exact_53122111226278f6,alps4141::alps_20b4f5cca53f_to_Equation2,1,alps4141,alps4141::alps_20b4f5cca53f_to_Equation2,memory_limit,resource_exhausted,memory_limit,False,False,False
exact_74c77349a0126f1d,alps4141::alps_ebdab870e00b_to_Equation2,1,alps4141,alps4141::alps_ebdab870e00b_to_Equation2,memory_limit,resource_exhausted,memory_limit,False,False,False
exact_e2d56d3606c0b915,alps4141::alps_ddf396bce5ff_to_Equation2,1,alps4141,alps4141::alps_ddf396bce5ff_to_Equation2,memory_limit,resource_exhausted,resource_exhausted,False,False,False
exact_2432d2f834407574,alps4141::alps_87b99148dc6e_to_Equation2,1,alps4141,alps4141::alps_87b99148dc6e_to_Equation2,memory_limit,resource_exhausted,resource_exhausted,False,False,False
exact_c033adbf7c6f2794,alps4141::alps_3cbc595f90f3_to_Equation2,1,alps4141,alps4141::alps_3cbc595f90f3_to_Equation2,memory_limit,resource_exhausted,resource_exhausted,False,False,False
exact_8ae323305d420be6,alps4141::alps_30d868262edd_to_Equation2,1,alps4141,alps4141::alps_30d868262edd_to_Equation2,resource_exhausted,resource_exhausted,resource_exhausted,False,False,False
exact_a0fedda42ad70dc4,alps4141::alps_8bbdb6a3b7fb_to_Equation2,1,alps4141,alps4141::alps_8bbdb6a3b7fb_to_Equation2,memory_limit,resource_exhausted,resource_exhausted,False,False,False
exact_a8198c614cf653bf,alps4141::alps_fb4472e5477a_to_Equation2,1,alps4141,alps4141::alps_fb4472e5477a_to_Equation2,resource_exhausted,resource_exhausted,resource_exhausted,False,False,False
exact_4d64baeed68f3e16,alps4141::alps_ecb3a262e500_to_Equation2,1,alps4141,alps4141::alps_ecb3a262e500_to_Equation2,memory_limit,resource_exhausted,resource_exhausted,False,False,False
exact_ddcc96599e020e9a,alps4141::alps_192ee5e9c156_to_Equation2,1,alps4141,alps4141::alps_192ee5e9c156_to_Equation2,memory_limit,resource_exhausted,resource_exhausted,False,False,False
exact_4450afb99db5b08b,alps4141::alps_d065de338c07_to_Equation2,1,alps4141,alps4141::alps_d065de338c07_to_Equation2,memory_limit,resource_exhausted,resource_exhausted,False,False,False
exact_68b26d463e2783eb,alps4141::alps_2c934d1fb009_to_Equation2,1,alps4141,alps4141::alps_2c934d1fb009_to_Equation2,memory_limit,resource_exhausted,resource_exhausted,False,False,False
exact_2b82abe791dac9dd,alps4141::alps_064efece1b07_to_Equation2,1,alps4141,alps4141::alps_064efece1b07_to_Equation2,memory_limit,resource_exhausted,resource_exhausted,False,False,False
exact_d030696b9615c13d,alps4141::alps_83a4ab6417c8_to_Equation2,1,alps4141,alps4141::alps_83a4ab6417c8_to_Equation2,memory_limit,resource_exhausted,resource_exhausted,False,False,False
exact_9a006c91754958c5,alps4141::alps_c77404faca02_to_Equation2,1,alps4141,alps4141::alps_c77404faca02_to_Equation2,memory_limit,resource_exhausted,resource_exhausted,False,False,False
exact_b1438236bc3c8cff,alps4141::alps_b3aee3980a5a_to_Equation2,1,alps4141,alps4141::alps_b3aee3980a5a_to_Equation2,memory_limit,resource_exhausted,resource_exhausted,False,False,False
exact_b6891b68b092d694,alps4141::alps_1f5a0be4e36f_to_Equation2,1,alps4141,alps4141::alps_1f5a0be4e36f_to_Equation2,resource_exhausted,resource_exhausted,resource_exhausted,False,False,False
exact_ab9a6e28fb20967f,alps4141::alps_18aa3d95787d_to_Equation2,1,alps4141,alps4141::alps_18aa3d95787d_to_Equation2,memory_limit,resource_exhausted,resource_exhausted,False,False,False
exact_62deb6d6214c01e5,alps4141::alps_2c61fdaaf420_to_Equation2,1,alps4141,alps4141::alps_2c61fdaaf420_to_Equation2,resource_exhausted,resource_exhausted,resource_exhausted,False,False,False
exact_0d5a8d421f653ef8,alps4141::alps_4796554cb725_to_Equation2,1,alps4141,alps4141::alps_4796554cb725_to_Equation2,memory_limit,resource_exhausted,resource_exhausted,False,False,False
exact_9bbf82a69d00210c,alps4141::alps_73f498d67c29_to_Equation2,1,alps4141,alps4141::alps_73f498d67c29_to_Equation2,resource_exhausted,resource_exhausted,resource_exhausted,False,False,False
exact_6b4e884f2d206cfe,alps4141::alps_a35bb5bcc2ae_to_Equation2,1,alps4141,alps4141::alps_a35bb5bcc2ae_to_Equation2,resource_exhausted,resource_exhausted,resource_exhausted,False,False,False
exact_5601853fd50729dc,alps4141::alps_6f0a787563cf_to_Equation2,1,alps4141,alps4141::alps_6f0a787563cf_to_Equation2,resource_exhausted,resource_exhausted,resource_exhausted,False,False,False
exact_a2f0bd999e02340e,alps4141::alps_97861b2a24f2_to_Equation2,1,alps4141,alps4141::alps_97861b2a24f2_to_Equation2,resource_exhausted,resource_exhausted,resource_exhausted,False,False,False
exact_8bf0244cebcf6933,alps4141::alps_3c31f0521afd_to_Equation2,1,alps4141,alps4141::alps_3c31f0521afd_to_Equation2,resource_exhausted,resource_exhausted,resource_exhausted,False,False,False
exact_7ceb15d599fdc525,alps4141::alps_d555fd26489c_to_Equation2,1,alps4141,alps4141::alps_d555fd26489c_to_Equation2,resource_exhausted,resource_exhausted,resource_exhausted,False,False,False
exact_11bdd5038d809bff,alps4141::alps_b6dfd23be7bd_to_Equation2,1,alps4141,alps4141::alps_b6dfd23be7bd_to_Equation2,memory_limit,resource_exhausted,resource_exhausted,False,False,False
exact_da33e67e4261ff87,alps4141::alps_10abe9cd1986_to_Equation2,1,alps4141,alps4141::alps_10abe9cd1986_to_Equation2,memory_limit,resource_exhausted,resource_exhausted,False,False,False
exact_3ddc974c0fa257f1,alps4141::alps_a3187a246efc_to_Equation2,1,alps4141,alps4141::alps_a3187a246efc_to_Equation2,memory_limit,resource_exhausted,resource_exhausted,False,False,False
exact_fc55bfccadfd16c7,alps4141::alps_e0b9cee718dc_to_Equation2,1,alps4141,alps4141::alps_e0b9cee718dc_to_Equation2,memory_limit,resource_exhausted,resource_exhausted,False,False,False
exact_29d3352296c041b3,alps4141::alps_2d7be9463d15_to_Equation2,1,alps4141,alps4141::alps_2d7be9463d15_to_Equation2,memory_limit,resource_exhausted,resource_exhausted,False,False,False
exact_5208d28de68298bf,alps4141::alps_41c8cf556bd7_to_Equation2,1,alps4141,alps4141::alps_41c8cf556bd7_to_Equation2,memory_limit,resource_exhausted,resource_exhausted,False,False,False
exact_a3509669de759895,alps4141::alps_c0611f5dca5d_to_Equation2,1,alps4141,alps4141::alps_c0611f5dca5d_to_Equation2,memory_limit,resource_exhausted,resource_exhausted,False,False,False
exact_70c068b576aadd30,alps4141::alps_31d829f6394e_to_Equation2,1,alps4141,alps4141::alps_31d829f6394e_to_Equation2,memory_limit,resource_exhausted,resource_exhausted,False,False,False
exact_019ec072f3b57104,alps4141::alps_3bcbebce868d_to_Equation2,1,alps4141,alps4141::alps_3bcbebce868d_to_Equation2,resource_exhausted,resource_exhausted,resource_exhausted,False,False,False
exact_761aa6e4e1f32910,alps4141::alps_e3c3615f0ad9_to_Equation2,1,alps4141,alps4141::alps_e3c3615f0ad9_to_Equation2,memory_limit,resource_exhausted,resource_exhausted,False,False,False
exact_a914bd106f60d896,alps4141::alps_06042e035135_to_Equation2,1,alps4141,alps4141::alps_06042e035135_to_Equation2,memory_limit,resource_exhausted,resource_exhausted,False,False,False
exact_f2d46f04379a3606,alps4141::alps_3cd6ff2ebcc8_to_Equation2,1,alps4141,alps4141::alps_3cd6ff2ebcc8_to_Equation2,memory_limit,resource_exhausted,resource_exhausted,False,False,False
exact_6b42bf54e5ca5137,alps4141::alps_0a3baaa39742_to_Equation2,1,alps4141,alps4141::alps_0a3baaa39742_to_Equation2,memory_limit,resource_exhausted,resource_exhausted,False,False,False
exact_b08862840b0db2fa,alps4141::alps_3c65cda392fd_to_Equation2,1,alps4141,alps4141::alps_3c65cda392fd_to_Equation2,memory_limit,resource_exhausted,resource_exhausted,False,False,False
exact_e7c4536f241f1516,alps4141::alps_50d025b45015_to_Equation2,1,alps4141,alps4141::alps_50d025b45015_to_Equation2,memory_limit,resource_exhausted,memory_limit,False,False,False
exact_161c6d82e179ba2d,alps4141::alps_fb7cab0e60ab_to_Equation2,1,alps4141,alps4141::alps_fb7cab0e60ab_to_Equation2,memory_limit,resource_exhausted,resource_exhausted,False,False,False
exact_4ddd667016b343cc,alps4141::alps_3f841e0041bf_to_Equation2,1,alps4141,alps4141::alps_3f841e0041bf_to_Equation2,memory_limit,resource_exhausted,memory_limit,False,False,False
exact_9b3e80e3131d5176,alps4141::alps_e01bf1ef6f8e_to_Equation2,1,alps4141,alps4141::alps_e01bf1ef6f8e_to_Equation2,memory_limit,resource_exhausted,memory_limit,False,False,False
exact_95c7eb92d67749c1,alps4141::alps_c62e3cfad4c4_to_Equation2,1,alps4141,alps4141::alps_c62e3cfad4c4_to_Equation2,memory_limit,resource_exhausted,memory_limit,False,False,False
exact_2ef3cbf91e8d45ea,alps4141::alps_eed19ade7a3c_to_Equation2,1,alps4141,alps4141::alps_eed19ade7a3c_to_Equation2,memory_limit,resource_exhausted,resource_exhausted,False,False,False
exact_56ba4963dfcec49d,alps4141::alps_ed354dc6ca9d_to_Equation2,1,alps4141,alps4141::alps_ed354dc6ca9d_to_Equation2,resource_exhausted,resource_exhausted,resource_exhausted,False,False,False
exact_2321b278a099d677,alps4141::alps_b2aaae91463e_to_Equation2,1,alps4141,alps4141::alps_b2aaae91463e_to_Equation2,resource_exhausted,resource_exhausted,resource_exhausted,False,False,False
exact_12a78a3d35b8204f,alps4141::alps_32131eff4d72_to_Equation2,1,alps4141,alps4141::alps_32131eff4d72_to_Equation2,resource_exhausted,resource_exhausted,resource_exhausted,False,False,False
exact_90350d12b04eb123,alps4141::alps_57686d88e720_to_Equation2,1,alps4141,alps4141::alps_57686d88e720_to_Equation2,resource_exhausted,resource_exhausted,resource_exhausted,False,False,False
exact_8d7528556dbce0e2,alps4141::alps_a8344bbfdba2_to_Equation2,1,alps4141,alps4141::alps_a8344bbfdba2_to_Equation2,memory_limit,resource_exhausted,resource_exhausted,False,False,False
exact_7b5795386e4f1284,alps4141::alps_cfe8c2b483f6_to_Equation2,1,alps4141,alps4141::alps_cfe8c2b483f6_to_Equation2,resource_exhausted,resource_exhausted,resource_exhausted,False,False,False
exact_0755398d0ea51ed5,alps4141::alps_ce606a8c7161_to_Equation2,1,alps4141,alps4141::alps_ce606a8c7161_to_Equation2,memory_limit,resource_exhausted,resource_exhausted,False,False,False
exact_c8f3f80e96bdd3cc,alps4141::alps_955b104a6074_to_Equation2,1,alps4141,alps4141::alps_955b104a6074_to_Equation2,memory_limit,resource_exhausted,resource_exhausted,False,False,False
exact_879a54a88856315e,alps4141::alps_c8c4ae44b0f7_to_Equation2,1,alps4141,alps4141::alps_c8c4ae44b0f7_to_Equation2,memory_limit,resource_exhausted,resource_exhausted,False,False,False
exact_c89294d2f9d21614,alps4141::alps_0170001d64af_to_Equation2,1,alps4141,alps4141::alps_0170001d64af_to_Equation2,memory_limit,resource_exhausted,resource_exhausted,False,False,False
exact_e6f53b70f009ad93,alps4141::alps_03efda3a3835_to_Equation2,1,alps4141,alps4141::alps_03efda3a3835_to_Equation2,memory_limit,resource_exhausted,resource_exhausted,False,False,False
exact_37840457163176da,alps4141::alps_407b08a67dea_to_Equation2,1,alps4141,alps4141::alps_407b08a67dea_to_Equation2,memory_limit,resource_exhausted,resource_exhausted,False,False,False
exact_63e8a6cd79835fbe,alps4141::alps_23506c54fa12_to_Equation2,1,alps4141,alps4141::alps_23506c54fa12_to_Equation2,memory_limit,resource_exhausted,resource_exhausted,False,False,False
exact_0966e3172eca08e0,alps4141::alps_24c58f8b4c2e_to_Equation2,1,alps4141,alps4141::alps_24c58f8b4c2e_to_Equation2,memory_limit,resource_exhausted,resource_exhausted,False,False,False
exact_5007ccc95ae81809,alps4141::alps_db0d3d77a44a_to_Equation2,1,alps4141,alps4141::alps_db0d3d77a44a_to_Equation2,memory_limit,resource_exhausted,resource_exhausted,False,False,False
exact_0004cd2dfd52ed4c,alps4141::alps_78c11d64a0cc_to_Equation2,1,alps4141,alps4141::alps_78c11d64a0cc_to_Equation2,memory_limit,resource_exhausted,resource_exhausted,False,False,False
exact_4d7a2018d754df3d,alps4141::alps_8052a4673d40_to_Equation2,1,alps4141,alps4141::alps_8052a4673d40_to_Equation2,memory_limit,resource_exhausted,resource_exhausted,False,False,False
exact_ff3860515e9123ac,alps4141::alps_cd0b5622a634_to_Equation2,1,alps4141,alps4141::alps_cd0b5622a634_to_Equation2,memory_limit,resource_exhausted,resource_exhausted,False,False,False
exact_6aa5f7c39c48a15a,alps4141::alps_e4b1caedb025_to_Equation2,1,alps4141,alps4141::alps_e4b1caedb025_to_Equation2,memory_limit,resource_exhausted,resource_exhausted,False,False,False
exact_78b17926c379eaf7,alps4141::alps_299936a16cbf_to_Equation2,1,alps4141,alps4141::alps_299936a16cbf_to_Equation2,memory_limit,resource_exhausted,resource_exhausted,False,False,False
exact_35d04b1aab6ae27f,alps4141::alps_0506aeb99cc6_to_Equation2,1,alps4141,alps4141::alps_0506aeb99cc6_to_Equation2,memory_limit,resource_exhausted,resource_exhausted,False,False,False
exact_75feee0f13525d7c,alps4141::alps_3c7442098687_to_Equation2,1,alps4141,alps4141::alps_3c7442098687_to_Equation2,memory_limit,resource_exhausted,resource_exhausted,False,False,False
exact_bcf68855d0badc73,alps4141::alps_332d495ea054_to_Equation2,1,alps4141,alps4141::alps_332d495ea054_to_Equation2,memory_limit,resource_exhausted,memory_limit,False,False,False
exact_001efc790fa2d4de,alps4141::alps_1f9099634a14_to_Equation2,1,alps4141,alps4141::alps_1f9099634a14_to_Equation2,memory_limit,resource_exhausted,resource_exhausted,False,False,False
exact_763088836a3318b2,alps4141::alps_0e40cbd46ad5_to_Equation2,1,alps4141,alps4141::alps_0e40cbd46ad5_to_Equation2,memory_limit,resource_exhausted,resource_exhausted,False,False,False
exact_b52ab85b1e6358bf,alps4141::alps_fdaa4e1fb0f2_to_Equation2,1,alps4141,alps4141::alps_fdaa4e1fb0f2_to_Equation2,memory_limit,resource_exhausted,resource_exhausted,False,False,False
exact_738cc30015fab98a,alps4141::alps_0529a2c9fe3b_to_Equation2,1,alps4141,alps4141::alps_0529a2c9fe3b_to_Equation2,memory_limit,resource_exhausted,resource_exhausted,False,False,False
exact_c1567b1771943383,alps4141::alps_3cb522dcec2e_to_Equation2,1,alps4141,alps4141::alps_3cb522dcec2e_to_Equation2,memory_limit,resource_exhausted,resource_exhausted,False,False,False
exact_57a85c2ef8f08601,alps4141::alps_e59e6de3fd80_to_Equation2,1,alps4141,alps4141::alps_e59e6de3fd80_to_Equation2,memory_limit,resource_exhausted,resource_exhausted,False,False,False
exact_0daa62605f9030f3,alps4141::alps_719c9e40d23b_to_Equation2,1,alps4141,alps4141::alps_719c9e40d23b_to_Equation2,memory_limit,resource_exhausted,resource_exhausted,False,False,False
exact_43efb476033f256f,alps4141::alps_aaa9a0af8e86_to_Equation2,1,alps4141,alps4141::alps_aaa9a0af8e86_to_Equation2,memory_limit,resource_exhausted,resource_exhausted,False,False,False
exact_d1e3e44937d3ad50,alps4141::alps_90b24c42357b_to_Equation2,1,alps4141,alps4141::alps_90b24c42357b_to_Equation2,memory_limit,resource_exhausted,resource_exhausted,False,False,False
exact_f1615b69c661c3a4,alps4141::alps_999577ae9e8d_to_Equation2,1,alps4141,alps4141::alps_999577ae9e8d_to_Equation2,theorem,resource_exhausted,theorem,True,False,False
exact_97bf49dab295b62b,alps4141::alps_6285b27d36df_to_Equation2,1,alps4141,alps4141::alps_6285b27d36df_to_Equation2,memory_limit,resource_exhausted,resource_exhausted,False,False,False
exact_574f3ea5fd5b9e45,alps4141::alps_2ccc99ccc5a9_to_Equation2,1,alps4141,alps4141::alps_2ccc99ccc5a9_to_Equation2,memory_limit,resource_exhausted,resource_exhausted,False,False,False
exact_5ee758949ed64740,alps4141::alps_fe79c1dc7999_to_Equation2,1,alps4141,alps4141::alps_fe79c1dc7999_to_Equation2,memory_limit,resource_exhausted,resource_exhausted,False,False,False
exact_a3b5a99e1a6dd9f7,alps4141::alps_4d539d9e4790_to_Equation2,1,alps4141,alps4141::alps_4d539d9e4790_to_Equation2,memory_limit,resource_exhausted,resource_exhausted,False,False,False
exact_2caa32aa3a9217bf,alps4141::alps_e42071a7a7ce_to_Equation2,1,alps4141,alps4141::alps_e42071a7a7ce_to_Equation2,memory_limit,resource_exhausted,resource_exhausted,False,False,False
exact_eaf739f01014970e,alps4141::alps_12b6910627f8_to_Equation2,1,alps4141,alps4141::alps_12b6910627f8_to_Equation2,memory_limit,resource_exhausted,resource_exhausted,False,False,False
exact_a530419ae22cd866,alps4141::alps_9bed69f7afad_to_Equation2,1,alps4141,alps4141::alps_9bed69f7afad_to_Equation2,resource_exhausted,theorem,theorem,True,False,False
exact_00cfad3ea42c39d3,alps4141::alps_b4e3db8a0428_to_Equation2,1,alps4141,alps4141::alps_b4e3db8a0428_to_Equation2,memory_limit,resource_exhausted,resource_exhausted,False,False,False
exact_bef0352d5c3b75e2,alps4141::alps_89ded59e2486_to_Equation2,1,alps4141,alps4141::alps_89ded59e2486_to_Equation2,memory_limit,resource_exhausted,resource_exhausted,False,False,False
exact_b603bb02c0fdaf13,alps4141::alps_d3ac389db550_to_Equation2,1,alps4141,alps4141::alps_d3ac389db550_to_Equation2,resource_exhausted,resource_exhausted,resource_exhausted,False,False,False
exact_f0dabcd9a9341ca6,alps4141::alps_3f3653926a5d_to_Equation2,1,alps4141,alps4141::alps_3f3653926a5d_to_Equation2,memory_limit,resource_exhausted,resource_exhausted,False,False,False
exact_450bb2eddf119b6f,alps4141::alps_bb9f823fac9c_to_Equation2,1,alps4141,alps4141::alps_bb9f823fac9c_to_Equation2,memory_limit,resource_exhausted,resource_exhausted,False,False,False
exact_8b08e855093881ec,alps4141::alps_810d1f1b1616_to_Equation2,1,alps4141,alps4141::alps_810d1f1b1616_to_Equation2,memory_limit,resource_exhausted,resource_exhausted,False,False,False
exact_e7a936ef17a5e569,alps4141::alps_9f2748c4422b_to_Equation2,1,alps4141,alps4141::alps_9f2748c4422b_to_Equation2,memory_limit,resource_exhausted,resource_exhausted,False,False,False
exact_f4b1f6e9c29d4a9a,alps4141::alps_358660e19595_to_Equation2,1,alps4141,alps4141::alps_358660e19595_to_Equation2,memory_limit,resource_exhausted,resource_exhausted,False,False,False
exact_c3d4618bb6a164ff,alps4141::alps_ab317517b756_to_Equation2,1,alps4141,alps4141::alps_ab317517b756_to_Equation2,resource_exhausted,theorem,resource_exhausted,True,False,False
exact_54c4ba94f2467652,alps4141::alps_ee83dfb837a2_to_Equation2,1,alps4141,alps4141::alps_ee83dfb837a2_to_Equation2,memory_limit,resource_exhausted,resource_exhausted,False,False,False
exact_aceaf9af7ca55c04,alps4141::alps_93f6c0da4ca1_to_Equation2,1,alps4141,alps4141::alps_93f6c0da4ca1_to_Equation2,memory_limit,resource_exhausted,resource_exhausted,False,False,False
exact_2eaa362dc950100e,alps4141::alps_402de3b736b8_to_Equation2,1,alps4141,alps4141::alps_402de3b736b8_to_Equation2,memory_limit,resource_exhausted,resource_exhausted,False,False,False
exact_ca9d3df49896e921,alps4141::alps_c977d5069437_to_Equation2,1,alps4141,alps4141::alps_c977d5069437_to_Equation2,memory_limit,resource_exhausted,resource_exhausted,False,False,False
exact_9cc601b66d95bb3f,alps4141::alps_4f0e6016989b_to_Equation2,1,alps4141,alps4141::alps_4f0e6016989b_to_Equation2,memory_limit,resource_exhausted,resource_exhausted,False,False,False
exact_0a691fd91748fcb1,alps4141::alps_4465e4a8826a_to_Equation2,1,alps4141,alps4141::alps_4465e4a8826a_to_Equation2,memory_limit,resource_exhausted,resource_exhausted,False,False,False
exact_2addc59998905917,alps4141::alps_17e729ad1c3a_to_Equation2,1,alps4141,alps4141::alps_17e729ad1c3a_to_Equation2,memory_limit,resource_exhausted,memory_limit,False,False,False
exact_43d7582e3a7225db,alps4141::alps_72e1f5460530_to_Equation2,1,alps4141,alps4141::alps_72e1f5460530_to_Equation2,memory_limit,resource_exhausted,resource_exhausted,False,False,False
exact_22c57bdd996496eb,alps4141::alps_37290525a4d6_to_Equation2,1,alps4141,alps4141::alps_37290525a4d6_to_Equation2,memory_limit,resource_exhausted,resource_exhausted,False,False,False
exact_622d50544446a5a8,alps4141::alps_a82f7ef94fa6_to_Equation2,1,alps4141,alps4141::alps_a82f7ef94fa6_to_Equation2,memory_limit,resource_exhausted,memory_limit,False,False,False
exact_ec1bf8b6aea98e55,alps4141::alps_45b9218bfe64_to_Equation2,1,alps4141,alps4141::alps_45b9218bfe64_to_Equation2,memory_limit,resource_exhausted,resource_exhausted,False,False,False
exact_294c706100b7c628,alps4141::alps_9f3a82631d0a_to_Equation2,1,alps4141,alps4141::alps_9f3a82631d0a_to_Equation2,memory_limit,resource_exhausted,memory_limit,False,False,False
exact_7fe8a8c502ef4a42,alps4141::alps_fbe5a8a6811f_to_Equation2,1,alps4141,alps4141::alps_fbe5a8a6811f_to_Equation2,memory_limit,resource_exhausted,resource_exhausted,False,False,False
exact_f6893a0f47e12787,alps4141::alps_1e9590bf6dbb_to_Equation2,1,alps4141,alps4141::alps_1e9590bf6dbb_to_Equation2,memory_limit,resource_exhausted,memory_limit,False,False,False
exact_377fdee6f6067991,alps4141::alps_ca58dc0647e2_to_Equation2,1,alps4141,alps4141::alps_ca58dc0647e2_to_Equation2,memory_limit,resource_exhausted,memory_limit,False,False,False
exact_a86bdb214716236d,alps4141::alps_62842786bbe1_to_Equation2,1,alps4141,alps4141::alps_62842786bbe1_to_Equation2,memory_limit,resource_exhausted,memory_limit,False,False,False
exact_8c0410db1fc9d8ed,alps4141::alps_b811c2eae27d_to_Equation2,1,alps4141,alps4141::alps_b811c2eae27d_to_Equation2,resource_exhausted,resource_exhausted,resource_exhausted,False,False,False
exact_36470249a6b0f744,alps4141::alps_dc0b07519d84_to_Equation2,1,alps4141,alps4141::alps_dc0b07519d84_to_Equation2,memory_limit,resource_exhausted,resource_exhausted,False,False,False
exact_0988c531dfaa3c49,alps4141::alps_992ad2b3613f_to_Equation2,1,alps4141,alps4141::alps_992ad2b3613f_to_Equation2,memory_limit,resource_exhausted,resource_exhausted,False,False,False
exact_77f2cd221c594e48,alps4141::alps_9ea4ed52f024_to_Equation2,1,alps4141,alps4141::alps_9ea4ed52f024_to_Equation2,memory_limit,resource_exhausted,resource_exhausted,False,False,False
exact_6350f36823be9c82,alps4141::alps_82e44ee11f61_to_Equation2,1,alps4141,alps4141::alps_82e44ee11f61_to_Equation2,memory_limit,resource_exhausted,resource_exhausted,False,False,False
exact_dfc33deb10ea86f5,alps4141::alps_ac8fadd3388b_to_Equation2,1,alps4141,alps4141::alps_ac8fadd3388b_to_Equation2,memory_limit,resource_exhausted,memory_limit,False,False,False
exact_48bd53bb6c52acc5,alps4141::alps_5e8d7decf81b_to_Equation2,1,alps4141,alps4141::alps_5e8d7decf81b_to_Equation2,memory_limit,resource_exhausted,memory_limit,False,False,False
exact_b9c72b51c0ae0494,alps4141::alps_22515697cc6b_to_Equation2,1,alps4141,alps4141::alps_22515697cc6b_to_Equation2,memory_limit,resource_exhausted,resource_exhausted,False,False,False
exact_d7644e60691656c0,alps4141::alps_1fdc084df7be_to_Equation2,1,alps4141,alps4141::alps_1fdc084df7be_to_Equation2,memory_limit,resource_exhausted,resource_exhausted,False,False,False
exact_6bd6e9a1cf2ee148,alps4141::alps_5123fa15f632_to_Equation2,1,alps4141,alps4141::alps_5123fa15f632_to_Equation2,memory_limit,resource_exhausted,resource_exhausted,False,False,False
exact_89047936a3bb68b7,alps4141::alps_1a3db0f49896_to_Equation2,1,alps4141,alps4141::alps_1a3db0f49896_to_Equation2,memory_limit,resource_exhausted,resource_exhausted,False,False,False
exact_271672ba6c00b756,alps4141::alps_1327b8b932cd_to_Equation2,1,alps4141,alps4141::alps_1327b8b932cd_to_Equation2,memory_limit,resource_exhausted,memory_limit,False,False,False
exact_3c7ff6f12e615574,alps4141::alps_dfa46f1defcf_to_Equation2,1,alps4141,alps4141::alps_dfa46f1defcf_to_Equation2,memory_limit,resource_exhausted,resource_exhausted,False,False,False
exact_232ff41152f1f834,alps4141::alps_045cef1b920b_to_Equation2,1,alps4141,alps4141::alps_045cef1b920b_to_Equation2,memory_limit,resource_exhausted,resource_exhausted,False,False,False
exact_4d81de375ce293ec,alps4141::alps_b68d3d4e8bed_to_Equation2,1,alps4141,alps4141::alps_b68d3d4e8bed_to_Equation2,resource_exhausted,resource_exhausted,resource_exhausted,False,False,False
exact_e451989243e8c65f,alps4141::alps_0482b4a2e3a0_to_Equation2,1,alps4141,alps4141::alps_0482b4a2e3a0_to_Equation2,memory_limit,resource_exhausted,memory_limit,False,False,False
exact_fcbe3c6baec31128,alps4141::alps_c5bbe4e82753_to_Equation2,1,alps4141,alps4141::alps_c5bbe4e82753_to_Equation2,memory_limit,resource_exhausted,resource_exhausted,False,False,False
exact_28c7b2aa16a87e2e,alps4141::alps_6c835d50a320_to_Equation2,1,alps4141,alps4141::alps_6c835d50a320_to_Equation2,memory_limit,resource_exhausted,resource_exhausted,False,False,False
exact_0f6ee065748a6335,alps4141::alps_77383748b78b_to_Equation2,1,alps4141,alps4141::alps_77383748b78b_to_Equation2,memory_limit,resource_exhausted,resource_exhausted,False,False,False
exact_ace9988b23247fd6,alps4141::alps_e4f61ff7cbda_to_Equation2,1,alps4141,alps4141::alps_e4f61ff7cbda_to_Equation2,memory_limit,resource_exhausted,memory_limit,False,False,False
exact_76d61591a59b6727,alps4141::alps_62ae352640a0_to_Equation2,1,alps4141,alps4141::alps_62ae352640a0_to_Equation2,resource_exhausted,resource_exhausted,resource_exhausted,False,False,False
exact_ae6ed57a9d3d65c7,alps4141::alps_88e2f1b54a5b_to_Equation2,1,alps4141,alps4141::alps_88e2f1b54a5b_to_Equation2,memory_limit,resource_exhausted,resource_exhausted,False,False,False
exact_25ab088a99e1c42e,alps4141::alps_6d1633d95725_to_Equation2,1,alps4141,alps4141::alps_6d1633d95725_to_Equation2,memory_limit,resource_exhausted,memory_limit,False,False,False
exact_80bede7fe4301bf9,alps4141::alps_0fe3bd2f0c52_to_Equation2,1,alps4141,alps4141::alps_0fe3bd2f0c52_to_Equation2,resource_exhausted,resource_exhausted,resource_exhausted,False,False,False
exact_eaec4eca76fc8ae7,alps4141::alps_2e45e03cee00_to_Equation2,1,alps4141,alps4141::alps_2e45e03cee00_to_Equation2,memory_limit,resource_exhausted,resource_exhausted,False,False,False
exact_e5d3303b1da6c5a7,alps4141::alps_eda6fa906f2e_to_Equation2,1,alps4141,alps4141::alps_eda6fa906f2e_to_Equation2,resource_exhausted,resource_exhausted,resource_exhausted,False,False,False
exact_0dc0e3b41665a0ed,alps4141::alps_e4c8a0d63626_to_Equation2,1,alps4141,alps4141::alps_e4c8a0d63626_to_Equation2,memory_limit,resource_exhausted,resource_exhausted,False,False,False
exact_fc8be5677f18ab7d,alps4141::alps_f3ce6b551587_to_Equation2,1,alps4141,alps4141::alps_f3ce6b551587_to_Equation2,memory_limit,resource_exhausted,resource_exhausted,False,False,False
exact_d0c53fb38ab395e6,alps4141::alps_c288118f3516_to_Equation2,1,alps4141,alps4141::alps_c288118f3516_to_Equation2,memory_limit,resource_exhausted,memory_limit,False,False,False
exact_08ecf1a4c5101f60,alps4141::alps_6e70e4849e94_to_Equation2,1,alps4141,alps4141::alps_6e70e4849e94_to_Equation2,memory_limit,resource_exhausted,resource_exhausted,False,False,False
exact_d8078e98326b9b45,alps4141::alps_23c0373ac0be_to_Equation2,1,alps4141,alps4141::alps_23c0373ac0be_to_Equation2,memory_limit,resource_exhausted,resource_exhausted,False,False,False
exact_b644a5136f8a5a1e,alps4141::alps_dd615f942c2b_to_Equation2,1,alps4141,alps4141::alps_dd615f942c2b_to_Equation2,memory_limit,resource_exhausted,resource_exhausted,False,False,False
exact_9079e1cd5621b055,alps4141::alps_2519fff9389b_to_Equation2,1,alps4141,alps4141::alps_2519fff9389b_to_Equation2,memory_limit,resource_exhausted,resource_exhausted,False,False,False
exact_dc784c3ff4ed46b4,alps4141::alps_8f74aa9601e1_to_Equation2,1,alps4141,alps4141::alps_8f74aa9601e1_to_Equation2,memory_limit,resource_exhausted,resource_exhausted,False,False,False
exact_61cb32e98b0c5aca,alps4141::alps_ed8ee5c0166c_to_Equation2,1,alps4141,alps4141::alps_ed8ee5c0166c_to_Equation2,memory_limit,resource_exhausted,resource_exhausted,False,False,False
exact_5a7f4fe1407ee40d,alps4141::alps_2a2feaef35e7_to_Equation2,1,alps4141,alps4141::alps_2a2feaef35e7_to_Equation2,memory_limit,resource_exhausted,resource_exhausted,False,False,False
exact_9cf797c2051ad71c,alps4141::alps_796fccf802ea_to_Equation2,1,alps4141,alps4141::alps_796fccf802ea_to_Equation2,memory_limit,resource_exhausted,memory_limit,False,False,False
exact_c4e53a9fef606ec3,alps4141::alps_5122844a4419_to_Equation2,1,alps4141,alps4141::alps_5122844a4419_to_Equation2,memory_limit,resource_exhausted,resource_exhausted,False,False,False
exact_d5130a3babcb6b7d,alps4141::alps_d03c039146aa_to_Equation2,1,alps4141,alps4141::alps_d03c039146aa_to_Equation2,memory_limit,resource_exhausted,resource_exhausted,False,False,False
exact_37b0f174e421ac7c,alps4141::alps_811248c830e3_to_Equation2,1,alps4141,alps4141::alps_811248c830e3_to_Equation2,memory_limit,resource_exhausted,resource_exhausted,False,False,False
exact_50a5298d38f228b8,alps4141::alps_6c3b999aeb45_to_Equation2,1,alps4141,alps4141::alps_6c3b999aeb45_to_Equation2,memory_limit,resource_exhausted,memory_limit,False,False,False
exact_175b3a43c3ea2dc6,alps4141::alps_bdc2b9ae5bb8_to_Equation2,1,alps4141,alps4141::alps_bdc2b9ae5bb8_to_Equation2,memory_limit,resource_exhausted,memory_limit,False,False,False
exact_c67a15e5de52d6d1,alps4141::alps_14e5fc2e6792_to_Equation2,1,alps4141,alps4141::alps_14e5fc2e6792_to_Equation2,memory_limit,resource_exhausted,resource_exhausted,False,False,False
exact_b946094202fe1a0e,alps4141::alps_eba597d1a5d3_to_Equation2,1,alps4141,alps4141::alps_eba597d1a5d3_to_Equation2,memory_limit,resource_exhausted,resource_exhausted,False,False,False
exact_57010433e79c1ff9,alps4141::alps_db60fa2f5d23_to_Equation2,1,alps4141,alps4141::alps_db60fa2f5d23_to_Equation2,memory_limit,resource_exhausted,resource_exhausted,False,False,False
exact_8738291974166e2e,alps4141::alps_ec12e330efc4_to_Equation2,1,alps4141,alps4141::alps_ec12e330efc4_to_Equation2,memory_limit,resource_exhausted,resource_exhausted,False,False,False
exact_dbde8210443c2814,alps4141::alps_857544a51822_to_Equation2,1,alps4141,alps4141::alps_857544a51822_to_Equation2,resource_exhausted,resource_exhausted,resource_exhausted,False,False,False
exact_529da3288ee45a46,alps4141::alps_528485b554ee_to_Equation2,1,alps4141,alps4141::alps_528485b554ee_to_Equation2,memory_limit,resource_exhausted,resource_exhausted,False,False,False
exact_0acc09bbf01b472a,alps4141::alps_04d8923625c1_to_Equation2,1,alps4141,alps4141::alps_04d8923625c1_to_Equation2,memory_limit,resource_exhausted,memory_limit,False,False,False
exact_05634642cbb068b1,alps4141::alps_3a14abe1f807_to_Equation2,1,alps4141,alps4141::alps_3a14abe1f807_to_Equation2,memory_limit,resource_exhausted,resource_exhausted,False,False,False
exact_da8ea0ecdeb22f98,alps4141::alps_bbe6fb6aa1a5_to_Equation2,1,alps4141,alps4141::alps_bbe6fb6aa1a5_to_Equation2,memory_limit,resource_exhausted,resource_exhausted,False,False,False
exact_da73c151c684047e,alps4141::alps_b8922ca6701e_to_Equation2,1,alps4141,alps4141::alps_b8922ca6701e_to_Equation2,memory_limit,resource_exhausted,resource_exhausted,False,False,False
exact_790d0ec9715bb8f2,alps4141::alps_ab9e26a66e6c_to_Equation2,1,alps4141,alps4141::alps_ab9e26a66e6c_to_Equation2,memory_limit,resource_exhausted,memory_limit,False,False,False
exact_975f6c5e67554e53,alps4141::alps_1aca03bb6b05_to_Equation2,1,alps4141,alps4141::alps_1aca03bb6b05_to_Equation2,resource_exhausted,resource_exhausted,resource_exhausted,False,False,False
exact_12535204e53e45b1,alps4141::alps_d4777ee0edcc_to_Equation2,1,alps4141,alps4141::alps_d4777ee0edcc_to_Equation2,memory_limit,resource_exhausted,memory_limit,False,False,False
exact_a01fdd9778e2e27f,alps4141::alps_144538f5defd_to_Equation2,1,alps4141,alps4141::alps_144538f5defd_to_Equation2,memory_limit,resource_exhausted,resource_exhausted,False,False,False
exact_b03b12d9f3a68443,alps4141::alps_b88bbec85d96_to_Equation2,1,alps4141,alps4141::alps_b88bbec85d96_to_Equation2,memory_limit,resource_exhausted,resource_exhausted,False,False,False
exact_de4879be5615e4a4,alps4141::alps_2cdb4d50eb89_to_Equation2,1,alps4141,alps4141::alps_2cdb4d50eb89_to_Equation2,memory_limit,resource_exhausted,resource_exhausted,False,False,False
exact_fb84061506531eab,alps4141::alps_a71ca07d858f_to_Equation2,1,alps4141,alps4141::alps_a71ca07d858f_to_Equation2,memory_limit,resource_exhausted,resource_exhausted,False,False,False
exact_33f9f5aae5166eff,alps4141::alps_04e4f4423508_to_Equation2,1,alps4141,alps4141::alps_04e4f4423508_to_Equation2,memory_limit,resource_exhausted,resource_exhausted,False,False,False
exact_e7cc2798de868445,alps4141::alps_4a3fb206b906_to_Equation2,1,alps4141,alps4141::alps_4a3fb206b906_to_Equation2,resource_exhausted,resource_exhausted,resource_exhausted,False,False,False
exact_1662ad0a6e5fc5f1,alps4141::alps_9d09deeb03ca_to_Equation2,1,alps4141,alps4141::alps_9d09deeb03ca_to_Equation2,resource_exhausted,resource_exhausted,resource_exhausted,False,False,False
exact_6e6f0fad17dbe457,alps4141::alps_5ac7489dcb39_to_Equation2,1,alps4141,alps4141::alps_5ac7489dcb39_to_Equation2,memory_limit,resource_exhausted,resource_exhausted,False,False,False
exact_31c5b803beac7754,alps4141::alps_bd01e2ea60b3_to_Equation2,1,alps4141,alps4141::alps_bd01e2ea60b3_to_Equation2,memory_limit,resource_exhausted,resource_exhausted,False,False,False
exact_65151681301d82c7,alps4141::alps_5b55506bc467_to_Equation2,1,alps4141,alps4141::alps_5b55506bc467_to_Equation2,theorem,theorem,theorem,True,False,False
exact_626988e68d14ceb6,alps4141::alps_dbc36d5b996b_to_Equation2,1,alps4141,alps4141::alps_dbc36d5b996b_to_Equation2,memory_limit,resource_exhausted,resource_exhausted,False,False,False
exact_284c48432d087f98,alps4141::alps_80b9d8c21186_to_Equation2,1,alps4141,alps4141::alps_80b9d8c21186_to_Equation2,resource_exhausted,resource_exhausted,resource_exhausted,False,False,False
exact_7ec34188dea76034,alps4141::alps_3e6766b7a311_to_Equation2,1,alps4141,alps4141::alps_3e6766b7a311_to_Equation2,resource_exhausted,resource_exhausted,resource_exhausted,False,False,False
exact_e94406128fa0644f,alps4141::alps_0ecd02292543_to_Equation2,1,alps4141,alps4141::alps_0ecd02292543_to_Equation2,memory_limit,resource_exhausted,memory_limit,False,False,False
exact_92d8957e8e89d38b,alps4141::alps_bed55bae3a6f_to_Equation2,1,alps4141,alps4141::alps_bed55bae3a6f_to_Equation2,resource_exhausted,resource_exhausted,resource_exhausted,False,False,False
exact_58e043272ea4f032,alps4141::alps_024a7cb2b493_to_Equation2,1,alps4141,alps4141::alps_024a7cb2b493_to_Equation2,memory_limit,resource_exhausted,resource_exhausted,False,False,False
exact_2cf26d6872ed150b,alps4141::alps_764356d469dd_to_Equation2,1,alps4141,alps4141::alps_764356d469dd_to_Equation2,memory_limit,resource_exhausted,resource_exhausted,False,False,False
exact_d5f397ef5ce6b0f8,alps4141::alps_7de66d4cab3f_to_Equation2,1,alps4141,alps4141::alps_7de66d4cab3f_to_Equation2,memory_limit,resource_exhausted,resource_exhausted,False,False,False
exact_59ad41002d7b5afa,alps4141::alps_0e805afbe32a_to_Equation2,1,alps4141,alps4141::alps_0e805afbe32a_to_Equation2,memory_limit,resource_exhausted,resource_exhausted,False,False,False
exact_48c01b0686b57569,alps4141::alps_196cb5c811d8_to_Equation2,1,alps4141,alps4141::alps_196cb5c811d8_to_Equation2,memory_limit,resource_exhausted,resource_exhausted,False,False,False
exact_53e0ea0bb9c5fc4d,alps4141::alps_2f7409c99b0e_to_Equation2,1,alps4141,alps4141::alps_2f7409c99b0e_to_Equation2,memory_limit,resource_exhausted,memory_limit,False,False,False
exact_3fdc00797d4f8f3f,alps4141::alps_919427d04aae_to_Equation2,1,alps4141,alps4141::alps_919427d04aae_to_Equation2,memory_limit,resource_exhausted,resource_exhausted,False,False,False
exact_db79139108855136,alps4141::alps_e4eb77a69abf_to_Equation2,1,alps4141,alps4141::alps_e4eb77a69abf_to_Equation2,memory_limit,resource_exhausted,resource_exhausted,False,False,False
exact_9327aa6fe51cb227,alps4141::alps_98aa516c2d48_to_Equation2,1,alps4141,alps4141::alps_98aa516c2d48_to_Equation2,resource_exhausted,resource_exhausted,resource_exhausted,False,False,False
exact_a4a2e0477e1b1b7e,alps4141::alps_d714f43098c8_to_Equation2,1,alps4141,alps4141::alps_d714f43098c8_to_Equation2,memory_limit,resource_exhausted,resource_exhausted,False,False,False
exact_f916388abf5a9c95,alps4141::alps_08cae1f5a3eb_to_Equation2,1,alps4141,alps4141::alps_08cae1f5a3eb_to_Equation2,memory_limit,resource_exhausted,resource_exhausted,False,False,False
exact_8821c9d532835218,alps4141::alps_5967a09d58d8_to_Equation2,1,alps4141,alps4141::alps_5967a09d58d8_to_Equation2,resource_exhausted,resource_exhausted,resource_exhausted,False,False,False
exact_c73a0ae75e26cccc,alps4141::alps_9b9134cd4d27_to_Equation2,1,alps4141,alps4141::alps_9b9134cd4d27_to_Equation2,memory_limit,resource_exhausted,resource_exhausted,False,False,False
exact_067623afadc0a6ac,alps4141::alps_cd5b5ce24fa8_to_Equation2,1,alps4141,alps4141::alps_cd5b5ce24fa8_to_Equation2,memory_limit,resource_exhausted,resource_exhausted,False,False,False
exact_3ec28375eb66c17c,alps4141::alps_689ae573c44f_to_Equation2,1,alps4141,alps4141::alps_689ae573c44f_to_Equation2,memory_limit,resource_exhausted,memory_limit,False,False,False
exact_a2c2cc896d012bb1,alps4141::alps_69b999bb5d34_to_Equation2,1,alps4141,alps4141::alps_69b999bb5d34_to_Equation2,memory_limit,resource_exhausted,memory_limit,False,False,False
exact_8fe0143a4f83ea5d,alps4141::alps_f69f9077dacc_to_Equation2,1,alps4141,alps4141::alps_f69f9077dacc_to_Equation2,memory_limit,resource_exhausted,resource_exhausted,False,False,False
exact_9ded13b764ee6946,alps4141::alps_2527bdd184ff_to_Equation2,1,alps4141,alps4141::alps_2527bdd184ff_to_Equation2,memory_limit,resource_exhausted,resource_exhausted,False,False,False
exact_fd8f9c9b1ed31c03,alps4141::alps_8b9b42dc26f4_to_Equation2,1,alps4141,alps4141::alps_8b9b42dc26f4_to_Equation2,resource_exhausted,resource_exhausted,resource_exhausted,False,False,False
exact_12a1a084570b8bbb,alps4141::alps_ca941f9f79b8_to_Equation2,1,alps4141,alps4141::alps_ca941f9f79b8_to_Equation2,resource_exhausted,resource_exhausted,resource_exhausted,False,False,False
exact_1af086f59c418109,alps4141::alps_ff32978b3885_to_Equation2,1,alps4141,alps4141::alps_ff32978b3885_to_Equation2,resource_exhausted,resource_exhausted,resource_exhausted,False,False,False
exact_aa571eed238df0bf,alps4141::alps_afa72f740267_to_Equation2,1,alps4141,alps4141::alps_afa72f740267_to_Equation2,resource_exhausted,resource_exhausted,resource_exhausted,False,False,False
exact_9f7a26735683f512,alps4141::alps_a50a445b05bf_to_Equation2,1,alps4141,alps4141::alps_a50a445b05bf_to_Equation2,resource_exhausted,resource_exhausted,resource_exhausted,False,False,False
exact_592709b3eb739204,alps4141::alps_c45a150943ba_to_Equation2,1,alps4141,alps4141::alps_c45a150943ba_to_Equation2,resource_exhausted,resource_exhausted,resource_exhausted,False,False,False
exact_2f2cf3680fda02c0,alps4141::alps_0c266fc35c0d_to_Equation2,1,alps4141,alps4141::alps_0c266fc35c0d_to_Equation2,resource_exhausted,resource_exhausted,resource_exhausted,False,False,False
exact_fe7b2e5abf82d0d0,alps4141::alps_0a4d5872316b_to_Equation2,1,alps4141,alps4141::alps_0a4d5872316b_to_Equation2,memory_limit,resource_exhausted,resource_exhausted,False,False,False
exact_c448169a7b24f70d,alps4141::alps_98dd1eff8dc9_to_Equation2,1,alps4141,alps4141::alps_98dd1eff8dc9_to_Equation2,memory_limit,resource_exhausted,resource_exhausted,False,False,False
exact_59a1679f4baf62fa,alps4141::alps_7e4305a24365_to_Equation2,1,alps4141,alps4141::alps_7e4305a24365_to_Equation2,resource_exhausted,resource_exhausted,resource_exhausted,False,False,False
exact_d0091f7b42e87127,alps4141::alps_5d24e034e921_to_Equation2,1,alps4141,alps4141::alps_5d24e034e921_to_Equation2,resource_exhausted,resource_exhausted,resource_exhausted,False,False,False
exact_acefa36a7be48f24,alps4141::alps_cf8592c6a991_to_Equation2,1,alps4141,alps4141::alps_cf8592c6a991_to_Equation2,memory_limit,resource_exhausted,memory_limit,False,False,False
exact_edb1e0f79c96b6b3,alps4141::alps_a56cbf25e57d_to_Equation2,1,alps4141,alps4141::alps_a56cbf25e57d_to_Equation2,memory_limit,resource_exhausted,memory_limit,False,False,False
exact_75160ab5df290117,alps4141::alps_e34aa7688006_to_Equation2,1,alps4141,alps4141::alps_e34aa7688006_to_Equation2,memory_limit,resource_exhausted,memory_limit,False,False,False
exact_ee85b529811d54fd,alps4141::alps_e7825160d417_to_Equation2,1,alps4141,alps4141::alps_e7825160d417_to_Equation2,memory_limit,resource_exhausted,resource_exhausted,False,False,False
exact_4378072dfecb08e7,alps4141::alps_1985a41731af_to_Equation2,1,alps4141,alps4141::alps_1985a41731af_to_Equation2,memory_limit,resource_exhausted,memory_limit,False,False,False
exact_4d3d0810c4ad23cb,alps4141::alps_3d196e592cfe_to_Equation2,1,alps4141,alps4141::alps_3d196e592cfe_to_Equation2,memory_limit,resource_exhausted,memory_limit,False,False,False
exact_8716323045e33bca,alps4141::alps_8d7cf877c38e_to_Equation2,1,alps4141,alps4141::alps_8d7cf877c38e_to_Equation2,memory_limit,resource_exhausted,memory_limit,False,False,False
exact_2a7a02d1120d6a79,alps4141::alps_deacef119475_to_Equation2,1,alps4141,alps4141::alps_deacef119475_to_Equation2,memory_limit,resource_exhausted,theorem,True,False,False
exact_8957e3382eebc25e,alps4141::alps_33392112bbb5_to_Equation2,1,alps4141,alps4141::alps_33392112bbb5_to_Equation2,memory_limit,resource_exhausted,memory_limit,False,False,False
exact_59f648646594c226,alps4141::alps_844619cd68bc_to_Equation2,1,alps4141,alps4141::alps_844619cd68bc_to_Equation2,memory_limit,resource_exhausted,memory_limit,False,False,False
exact_01198cd04f18aed1,alps4141::alps_67b346a6e989_to_Equation2,1,alps4141,alps4141::alps_67b346a6e989_to_Equation2,memory_limit,resource_exhausted,resource_exhausted,False,False,False
exact_0e2c252ea32dd1bb,alps4141::alps_b0fd08af8b11_to_Equation2,1,alps4141,alps4141::alps_b0fd08af8b11_to_Equation2,memory_limit,resource_exhausted,memory_limit,False,False,False
exact_632b075bb08258b5,alps4141::alps_266cfbe4fa7d_to_Equation2,1,alps4141,alps4141::alps_266cfbe4fa7d_to_Equation2,memory_limit,resource_exhausted,memory_limit,False,False,False
exact_619a867e87d7dc0d,alps4141::alps_64d1ac354c29_to_Equation2,1,alps4141,alps4141::alps_64d1ac354c29_to_Equation2,memory_limit,resource_exhausted,memory_limit,False,False,False
exact_fac6fb318c081716,alps4141::alps_a24b2736213b_to_Equation2,1,alps4141,alps4141::alps_a24b2736213b_to_Equation2,memory_limit,resource_exhausted,resource_exhausted,False,False,False
exact_07eefaf4c0558851,alps4141::alps_e65abdf95b77_to_Equation2,1,alps4141,alps4141::alps_e65abdf95b77_to_Equation2,memory_limit,resource_exhausted,resource_exhausted,False,False,False
exact_f461d29da929603f,alps4141::alps_6a98d79e9f9b_to_Equation2,1,alps4141,alps4141::alps_6a98d79e9f9b_to_Equation2,memory_limit,resource_exhausted,resource_exhausted,False,False,False
exact_005858dd3dda2211,alps4141::alps_0af3d21787d7_to_Equation2,1,alps4141,alps4141::alps_0af3d21787d7_to_Equation2,resource_exhausted,resource_exhausted,resource_exhausted,False,False,False
exact_bd6263205cf85b66,alps4141::alps_30773d52e501_to_Equation2,1,alps4141,alps4141::alps_30773d52e501_to_Equation2,memory_limit,resource_exhausted,resource_exhausted,False,False,False
exact_da36394d5364a416,alps4141::alps_4a6e016e637c_to_Equation2,1,alps4141,alps4141::alps_4a6e016e637c_to_Equation2,memory_limit,resource_exhausted,resource_exhausted,False,False,False
exact_25f20f5547c1c117,alps4141::alps_1ac44e0fe778_to_Equation2,1,alps4141,alps4141::alps_1ac44e0fe778_to_Equation2,memory_limit,resource_exhausted,resource_exhausted,False,False,False
exact_e0ef6517f2af31f7,alps4141::alps_7e26394ea8e5_to_Equation2,1,alps4141,alps4141::alps_7e26394ea8e5_to_Equation2,resource_exhausted,resource_exhausted,resource_exhausted,False,False,False
exact_a815f7dcf460b361,alps4141::alps_7cec2b82a40e_to_Equation2,1,alps4141,alps4141::alps_7cec2b82a40e_to_Equation2,memory_limit,resource_exhausted,resource_exhausted,False,False,False
exact_a15f9f8dca161b14,alps4141::alps_55b2feb40814_to_Equation2,1,alps4141,alps4141::alps_55b2feb40814_to_Equation2,memory_limit,resource_exhausted,resource_exhausted,False,False,False
exact_d1f7971181b649a9,alps4141::alps_fc1c5af1f5c5_to_Equation2,1,alps4141,alps4141::alps_fc1c5af1f5c5_to_Equation2,memory_limit,resource_exhausted,resource_exhausted,False,False,False
exact_a2133b1c05832de1,alps4141::alps_0c415a734047_to_Equation2,1,alps4141,alps4141::alps_0c415a734047_to_Equation2,resource_exhausted,resource_exhausted,resource_exhausted,False,False,False
exact_e924d37301faf165,alps4141::alps_55e794ba5ac6_to_Equation2,1,alps4141,alps4141::alps_55e794ba5ac6_to_Equation2,resource_exhausted,resource_exhausted,resource_exhausted,False,False,False
exact_82280b08e39cc337,alps4141::alps_95275e16ddc3_to_Equation2,1,alps4141,alps4141::alps_95275e16ddc3_to_Equation2,memory_limit,resource_exhausted,resource_exhausted,False,False,False
exact_c1e7ea7e8fe21bbe,alps4141::alps_58a3b7b1af03_to_Equation2,1,alps4141,alps4141::alps_58a3b7b1af03_to_Equation2,memory_limit,resource_exhausted,resource_exhausted,False,False,False
exact_aff159f99e9833dd,alps4141::alps_8874c65b6c1b_to_Equation2,1,alps4141,alps4141::alps_8874c65b6c1b_to_Equation2,memory_limit,resource_exhausted,resource_exhausted,False,False,False
exact_eaf361ae50d01579,alps4141::alps_df821aef9b55_to_Equation2,1,alps4141,alps4141::alps_df821aef9b55_to_Equation2,memory_limit,resource_exhausted,resource_exhausted,False,False,False
exact_f4db7b9b5f4a79f0,alps4141::alps_e39593a1cba5_to_Equation2,1,alps4141,alps4141::alps_e39593a1cba5_to_Equation2,completed_no_decisive_result,resource_exhausted,memory_limit,False,False,False
exact_67096d19631aa252,alps4141::alps_4c00457a46e2_to_Equation2,1,alps4141,alps4141::alps_4c00457a46e2_to_Equation2,resource_exhausted,resource_exhausted,resource_exhausted,False,False,False
exact_9dd5ba6aa53df7db,alps4141::alps_6b285062647f_to_Equation2,1,alps4141,alps4141::alps_6b285062647f_to_Equation2,memory_limit,resource_exhausted,resource_exhausted,False,False,False
exact_390d10a699167b24,alps4141::alps_0d92e33ead74_to_Equation2,1,alps4141,alps4141::alps_0d92e33ead74_to_Equation2,memory_limit,resource_exhausted,resource_exhausted,False,False,False
exact_9372f30082886bb0,alps4141::alps_85fb2b93c94c_to_Equation2,1,alps4141,alps4141::alps_85fb2b93c94c_to_Equation2,memory_limit,resource_exhausted,resource_exhausted,False,False,False
exact_7d2e9281169706ca,alps4141::alps_bf366b2ecf4b_to_Equation2,1,alps4141,alps4141::alps_bf366b2ecf4b_to_Equation2,memory_limit,resource_exhausted,resource_exhausted,False,False,False
exact_d0d8fb595f4d7f9c,alps4141::alps_1f08771c04d9_to_Equation2,1,alps4141,alps4141::alps_1f08771c04d9_to_Equation2,memory_limit,resource_exhausted,resource_exhausted,False,False,False
exact_3fdbdba3b8199f5d,alps4141::alps_6bf8e025e590_to_Equation2,1,alps4141,alps4141::alps_6bf8e025e590_to_Equation2,memory_limit,resource_exhausted,resource_exhausted,False,False,False
exact_83fccfa43a467456,alps4141::alps_22173f2012d0_to_Equation2,1,alps4141,alps4141::alps_22173f2012d0_to_Equation2,memory_limit,resource_exhausted,resource_exhausted,False,False,False
exact_279baefada5a2548,alps4141::alps_1aa5a2353a01_to_Equation2,1,alps4141,alps4141::alps_1aa5a2353a01_to_Equation2,resource_exhausted,resource_exhausted,resource_exhausted,False,False,False
exact_7796ab4d247f29cc,alps4141::alps_ca3992c13540_to_Equation2,1,alps4141,alps4141::alps_ca3992c13540_to_Equation2,resource_exhausted,resource_exhausted,resource_exhausted,False,False,False
exact_0e4e4a0ff1e924a0,alps4141::alps_ca419c943a4e_to_Equation2,1,alps4141,alps4141::alps_ca419c943a4e_to_Equation2,resource_exhausted,resource_exhausted,resource_exhausted,False,False,False
exact_3fdb3a2fb277f933,alps4141::alps_0b4c0ba8cab4_to_Equation2,1,alps4141,alps4141::alps_0b4c0ba8cab4_to_Equation2,memory_limit,resource_exhausted,resource_exhausted,False,False,False
exact_b47ff41caca9eda2,alps4141::alps_6f1d595a9699_to_Equation2,1,alps4141,alps4141::alps_6f1d595a9699_to_Equation2,memory_limit,resource_exhausted,resource_exhausted,False,False,False
exact_1810172d5bb0eb26,alps4141::alps_075ebc0575ef_to_Equation2,1,alps4141,alps4141::alps_075ebc0575ef_to_Equation2,memory_limit,resource_exhausted,resource_exhausted,False,False,False
exact_a1f23c217239d795,alps4141::alps_c739c8d6280a_to_Equation2,1,alps4141,alps4141::alps_c739c8d6280a_to_Equation2,memory_limit,resource_exhausted,resource_exhausted,False,False,False
exact_f506e5c4d7bd1c10,alps4141::alps_9fbd9f3c40d9_to_Equation2,1,alps4141,alps4141::alps_9fbd9f3c40d9_to_Equation2,resource_exhausted,resource_exhausted,resource_exhausted,False,False,False
exact_291bb748895077b7,alps4141::alps_6cf6cf76a5ee_to_Equation2,1,alps4141,alps4141::alps_6cf6cf76a5ee_to_Equation2,memory_limit,resource_exhausted,resource_exhausted,False,False,False
exact_adf9e8453c24e4b2,alps4141::alps_869eca9827a7_to_Equation2,1,alps4141,alps4141::alps_869eca9827a7_to_Equation2,memory_limit,resource_exhausted,memory_limit,False,False,False
exact_98f7ad7d2b25f1b7,alps4141::alps_44b6a488afdb_to_Equation2,1,alps4141,alps4141::alps_44b6a488afdb_to_Equation2,memory_limit,resource_exhausted,memory_limit,False,False,False
exact_321f59fa56cf73f4,alps4141::alps_d13b892ca53e_to_Equation2,1,alps4141,alps4141::alps_d13b892ca53e_to_Equation2,completed_no_decisive_result,resource_exhausted,memory_limit,False,False,False
exact_7b25ba0681ee8de9,alps4141::alps_1cd2ac55df08_to_Equation2,1,alps4141,alps4141::alps_1cd2ac55df08_to_Equation2,completed_no_decisive_result,resource_exhausted,resource_exhausted,False,False,False
exact_52fd857a7e7bd2b0,alps4141::alps_465b8b5e654c_to_Equation2,1,alps4141,alps4141::alps_465b8b5e654c_to_Equation2,completed_no_decisive_result,resource_exhausted,memory_limit,False,False,False
exact_328117fdb46df29b,alps4141::alps_03b535d5ff1a_to_Equation2,1,alps4141,alps4141::alps_03b535d5ff1a_to_Equation2,memory_limit,resource_exhausted,resource_exhausted,False,False,False
exact_92735d154266776d,alps4141::alps_a545e74c942c_to_Equation2,1,alps4141,alps4141::alps_a545e74c942c_to_Equation2,memory_limit,resource_exhausted,resource_exhausted,False,False,False
exact_851a578636387049,alps4141::alps_74e5eb80954d_to_Equation2,1,alps4141,alps4141::alps_74e5eb80954d_to_Equation2,memory_limit,resource_exhausted,resource_exhausted,False,False,False
exact_65a85d99d4b3902e,alps4141::alps_b64c197ce140_to_Equation2,1,alps4141,alps4141::alps_b64c197ce140_to_Equation2,memory_limit,resource_exhausted,resource_exhausted,False,False,False
exact_ce57016d008232ee,alps4141::alps_05c5c964b268_to_Equation2,1,alps4141,alps4141::alps_05c5c964b268_to_Equation2,memory_limit,resource_exhausted,resource_exhausted,False,False,False
exact_2632df4e0955ab21,alps4141::alps_4ec929c0f2de_to_Equation2,1,alps4141,alps4141::alps_4ec929c0f2de_to_Equation2,memory_limit,resource_exhausted,resource_exhausted,False,False,False
exact_d355c5d00fba2bcf,alps4141::alps_9454691330ec_to_Equation2,1,alps4141,alps4141::alps_9454691330ec_to_Equation2,memory_limit,resource_exhausted,resource_exhausted,False,False,False
exact_1d5537810a388c22,alps4141::alps_4a2683e8d4a6_to_Equation2,1,alps4141,alps4141::alps_4a2683e8d4a6_to_Equation2,memory_limit,resource_exhausted,memory_limit,False,False,False
exact_64d48c7c4bc61458,alps4141::alps_4471b68bdbac_to_Equation2,1,alps4141,alps4141::alps_4471b68bdbac_to_Equation2,memory_limit,resource_exhausted,resource_exhausted,False,False,False
exact_e41385b279435a08,alps4141::alps_ce7bcf9f6279_to_Equation2,1,alps4141,alps4141::alps_ce7bcf9f6279_to_Equation2,memory_limit,resource_exhausted,resource_exhausted,False,False,False
exact_bf9fdca95dc57322,alps4141::alps_03f7d098e96f_to_Equation2,1,alps4141,alps4141::alps_03f7d098e96f_to_Equation2,memory_limit,resource_exhausted,resource_exhausted,False,False,False
exact_0d73712dbd5b6c28,alps4141::alps_4b0ca227a01d_to_Equation2,1,alps4141,alps4141::alps_4b0ca227a01d_to_Equation2,memory_limit,resource_exhausted,resource_exhausted,False,False,False
exact_ec8de48c9c5a5842,alps4141::alps_33a0206a72f9_to_Equation2,1,alps4141,alps4141::alps_33a0206a72f9_to_Equation2,memory_limit,resource_exhausted,resource_exhausted,False,False,False
exact_e91cd92932fddd20,alps4141::alps_9b4d7c3e3c6c_to_Equation2,1,alps4141,alps4141::alps_9b4d7c3e3c6c_to_Equation2,memory_limit,resource_exhausted,resource_exhausted,False,False,False
exact_436457103dc9556f,alps4141::alps_44d3ead1faf4_to_Equation2,1,alps4141,alps4141::alps_44d3ead1faf4_to_Equation2,memory_limit,resource_exhausted,resource_exhausted,False,False,False
exact_f3289fab8133fe2e,alps4141::alps_185f89168ed7_to_Equation2,1,alps4141,alps4141::alps_185f89168ed7_to_Equation2,resource_exhausted,resource_exhausted,resource_exhausted,False,False,False
exact_9cf4ae3561aa71ae,alps4141::alps_65e22845dd96_to_Equation2,1,alps4141,alps4141::alps_65e22845dd96_to_Equation2,resource_exhausted,resource_exhausted,memory_limit,False,False,False
exact_bd96907b6cd2f456,alps4141::alps_861f966984ea_to_Equation2,1,alps4141,alps4141::alps_861f966984ea_to_Equation2,resource_exhausted,resource_exhausted,resource_exhausted,False,False,False
exact_99538b67d0caf5db,alps4141::alps_b49a351fa14a_to_Equation2,1,alps4141,alps4141::alps_b49a351fa14a_to_Equation2,resource_exhausted,resource_exhausted,resource_exhausted,False,False,False
exact_1ac0144b01a1ffc4,alps4141::alps_b69f55fdabc2_to_Equation2,1,alps4141,alps4141::alps_b69f55fdabc2_to_Equation2,resource_exhausted,resource_exhausted,resource_exhausted,False,False,False
exact_9478a4a121f8f620,alps4141::alps_496e439ecbea_to_Equation2,1,alps4141,alps4141::alps_496e439ecbea_to_Equation2,resource_exhausted,resource_exhausted,resource_exhausted,False,False,False
exact_3e27216d12ca8d40,alps4141::alps_f6f94614eaf0_to_Equation2,1,alps4141,alps4141::alps_f6f94614eaf0_to_Equation2,resource_exhausted,resource_exhausted,resource_exhausted,False,False,False
exact_f3baa6f656a74065,alps4141::alps_4d73a13e5dde_to_Equation2,1,alps4141,alps4141::alps_4d73a13e5dde_to_Equation2,resource_exhausted,resource_exhausted,resource_exhausted,False,False,False
exact_3fecaddf490cc690,alps4141::alps_240b449d3d05_to_Equation2,1,alps4141,alps4141::alps_240b449d3d05_to_Equation2,resource_exhausted,resource_exhausted,resource_exhausted,False,False,False
exact_4b91877bc0aaf9bf,alps4141::alps_2312790296d1_to_Equation2,1,alps4141,alps4141::alps_2312790296d1_to_Equation2,memory_limit,resource_exhausted,resource_exhausted,False,False,False
exact_bfb2322a744b9b1c,alps4141::alps_736e406e4881_to_Equation2,1,alps4141,alps4141::alps_736e406e4881_to_Equation2,resource_exhausted,resource_exhausted,resource_exhausted,False,False,False
exact_15573bf04a83cc7a,alps4141::alps_58a4d45d67cd_to_Equation2,1,alps4141,alps4141::alps_58a4d45d67cd_to_Equation2,memory_limit,resource_exhausted,resource_exhausted,False,False,False
exact_2f44f20b866fa25a,alps4141::alps_6eeec50de4a4_to_Equation2,1,alps4141,alps4141::alps_6eeec50de4a4_to_Equation2,memory_limit,resource_exhausted,resource_exhausted,False,False,False
exact_1bc5ad8bf88c9d41,alps4141::alps_7a19f8fb77dd_to_Equation2,1,alps4141,alps4141::alps_7a19f8fb77dd_to_Equation2,memory_limit,resource_exhausted,resource_exhausted,False,False,False
exact_f98263ccdc6eb024,alps4141::alps_b531df65d0d4_to_Equation2,1,alps4141,alps4141::alps_b531df65d0d4_to_Equation2,memory_limit,resource_exhausted,resource_exhausted,False,False,False
exact_2774cfc0801764fc,alps4141::alps_8865e13fee52_to_Equation2,1,alps4141,alps4141::alps_8865e13fee52_to_Equation2,memory_limit,resource_exhausted,resource_exhausted,False,False,False
exact_4af928a6da191e5f,alps4141::alps_d28f4fb438ca_to_Equation2,1,alps4141,alps4141::alps_d28f4fb438ca_to_Equation2,memory_limit,resource_exhausted,resource_exhausted,False,False,False
exact_62da3c1e28b4f422,alps4141::alps_89be69847d5b_to_Equation2,1,alps4141,alps4141::alps_89be69847d5b_to_Equation2,memory_limit,resource_exhausted,resource_exhausted,False,False,False
exact_9f4e0f308359f156,alps4141::alps_7efb1c65bc00_to_Equation2,1,alps4141,alps4141::alps_7efb1c65bc00_to_Equation2,memory_limit,resource_exhausted,resource_exhausted,False,False,False
exact_1e78f3c6eae5ddb8,alps4141::alps_22f46cc7f16a_to_Equation2,1,alps4141,alps4141::alps_22f46cc7f16a_to_Equation2,memory_limit,resource_exhausted,resource_exhausted,False,False,False
exact_1a3256f8f55a88f6,alps4141::alps_cd7195494dab_to_Equation2,1,alps4141,alps4141::alps_cd7195494dab_to_Equation2,memory_limit,resource_exhausted,resource_exhausted,False,False,False
exact_710615c15f1a4579,alps4141::alps_d5fe22f7f76b_to_Equation2,1,alps4141,alps4141::alps_d5fe22f7f76b_to_Equation2,memory_limit,resource_exhausted,resource_exhausted,False,False,False
exact_d50d695fbde12d1d,alps4141::alps_7fa74093f352_to_Equation2,1,alps4141,alps4141::alps_7fa74093f352_to_Equation2,resource_exhausted,resource_exhausted,resource_exhausted,False,False,False
exact_55a4c59380208924,alps4141::alps_835a82ffdf55_to_Equation2,1,alps4141,alps4141::alps_835a82ffdf55_to_Equation2,memory_limit,resource_exhausted,resource_exhausted,False,False,False
exact_4a5b68efec77be5a,alps4141::alps_790ddcf65f40_to_Equation2,1,alps4141,alps4141::alps_790ddcf65f40_to_Equation2,memory_limit,resource_exhausted,resource_exhausted,False,False,False
exact_1e045a07d2fb3100,alps4141::alps_62057b3556b9_to_Equation2,1,alps4141,alps4141::alps_62057b3556b9_to_Equation2,resource_exhausted,resource_exhausted,resource_exhausted,False,False,False
exact_d914edc3603af80d,alps4141::alps_5ed9de8314a6_to_Equation2,1,alps4141,alps4141::alps_5ed9de8314a6_to_Equation2,memory_limit,resource_exhausted,resource_exhausted,False,False,False
exact_f441d1a337474cdd,alps4141::alps_1e2578b30976_to_Equation2,1,alps4141,alps4141::alps_1e2578b30976_to_Equation2,memory_limit,resource_exhausted,resource_exhausted,False,False,False
exact_20f126d2f2a281a2,alps4141::alps_fa58f6f0d849_to_Equation2,1,alps4141,alps4141::alps_fa58f6f0d849_to_Equation2,resource_exhausted,resource_exhausted,resource_exhausted,False,False,False
exact_f055c4afd0eb2c56,alps4141::alps_c897b50d7b49_to_Equation2,1,alps4141,alps4141::alps_c897b50d7b49_to_Equation2,resource_exhausted,resource_exhausted,resource_exhausted,False,False,False
exact_965bbfd04acc18ba,alps4141::alps_07928c99b7e1_to_Equation2,1,alps4141,alps4141::alps_07928c99b7e1_to_Equation2,memory_limit,resource_exhausted,resource_exhausted,False,False,False
exact_32a713372d520acd,alps4141::alps_5f307e47c106_to_Equation2,1,alps4141,alps4141::alps_5f307e47c106_to_Equation2,resource_exhausted,resource_exhausted,resource_exhausted,False,False,False
exact_35967e33abcbaad7,alps4141::alps_c4cfc8c94571_to_Equation2,1,alps4141,alps4141::alps_c4cfc8c94571_to_Equation2,resource_exhausted,resource_exhausted,resource_exhausted,False,False,False
exact_44bb7d4f7428ac0c,alps4141::alps_7534e6e00290_to_Equation2,1,alps4141,alps4141::alps_7534e6e00290_to_Equation2,resource_exhausted,resource_exhausted,resource_exhausted,False,False,False
exact_e77342c2eed229f4,alps4141::alps_5e9375b39c1c_to_Equation2,1,alps4141,alps4141::alps_5e9375b39c1c_to_Equation2,resource_exhausted,resource_exhausted,resource_exhausted,False,False,False
exact_4fdf96e99ac6b6dd,alps4141::alps_ca7c35dee51b_to_Equation2,1,alps4141,alps4141::alps_ca7c35dee51b_to_Equation2,resource_exhausted,resource_exhausted,resource_exhausted,False,False,False
exact_54630900d3a7fa0a,alps4141::alps_4356a91ba07d_to_Equation2,1,alps4141,alps4141::alps_4356a91ba07d_to_Equation2,resource_exhausted,resource_exhausted,resource_exhausted,False,False,False
exact_94e8b97e7189a6e4,alps4141::alps_0db1335ed2eb_to_Equation2,1,alps4141,alps4141::alps_0db1335ed2eb_to_Equation2,resource_exhausted,resource_exhausted,resource_exhausted,False,False,False
exact_fed3d7b73da92996,alps4141::alps_783011731a51_to_Equation2,1,alps4141,alps4141::alps_783011731a51_to_Equation2,memory_limit,resource_exhausted,resource_exhausted,False,False,False
exact_2dc866345a7172fe,alps4141::alps_19101bb0a089_to_Equation2,1,alps4141,alps4141::alps_19101bb0a089_to_Equation2,resource_exhausted,resource_exhausted,resource_exhausted,False,False,False
exact_aaa282d7f38846cc,alps4141::alps_9b800bb12069_to_Equation2,1,alps4141,alps4141::alps_9b800bb12069_to_Equation2,memory_limit,resource_exhausted,resource_exhausted,False,False,False
exact_d51be91dd4699c45,alps4141::alps_a04be0bd7d5b_to_Equation2,1,alps4141,alps4141::alps_a04be0bd7d5b_to_Equation2,theorem,resource_exhausted,resource_exhausted,True,False,False
exact_0e101cfd62a3dec7,alps4141::alps_6da7121988dd_to_Equation2,1,alps4141,alps4141::alps_6da7121988dd_to_Equation2,resource_exhausted,resource_exhausted,resource_exhausted,False,False,False
exact_b59ee8c32f48f285,alps4141::alps_d89cee0c197b_to_Equation2,1,alps4141,alps4141::alps_d89cee0c197b_to_Equation2,memory_limit,resource_exhausted,resource_exhausted,False,False,False
exact_0aa6f564583de0a7,alps4141::alps_b295910c1cf2_to_Equation2,1,alps4141,alps4141::alps_b295910c1cf2_to_Equation2,memory_limit,resource_exhausted,resource_exhausted,False,False,False
exact_778fe4846d47c1e8,alps4141::alps_4e53f89113b2_to_Equation2,1,alps4141,alps4141::alps_4e53f89113b2_to_Equation2,memory_limit,resource_exhausted,resource_exhausted,False,False,False
exact_f92ce04d702dc79d,alps4141::alps_7eab5699039a_to_Equation2,1,alps4141,alps4141::alps_7eab5699039a_to_Equation2,memory_limit,resource_exhausted,resource_exhausted,False,False,False
exact_05fff0d0b3e436de,alps4141::alps_8eb225e3320f_to_Equation2,1,alps4141,alps4141::alps_8eb225e3320f_to_Equation2,resource_exhausted,resource_exhausted,resource_exhausted,False,False,False
exact_e0e29f8fc0be7540,alps4141::alps_4829943fdc24_to_Equation2,1,alps4141,alps4141::alps_4829943fdc24_to_Equation2,memory_limit,resource_exhausted,resource_exhausted,False,False,False
exact_d71b723ad12c809b,alps4141::alps_03ea65509492_to_Equation2,1,alps4141,alps4141::alps_03ea65509492_to_Equation2,memory_limit,resource_exhausted,resource_exhausted,False,False,False
exact_65215283087ee466,alps4141::alps_ab97c383bd27_to_Equation2,1,alps4141,alps4141::alps_ab97c383bd27_to_Equation2,memory_limit,resource_exhausted,resource_exhausted,False,False,False
exact_2954e6e2c5ad8dea,alps4141::alps_c3e91fb5bed6_to_Equation2,1,alps4141,alps4141::alps_c3e91fb5bed6_to_Equation2,memory_limit,resource_exhausted,resource_exhausted,False,False,False
exact_220e37ae9e493db2,alps4141::alps_e950c3927baf_to_Equation2,1,alps4141,alps4141::alps_e950c3927baf_to_Equation2,memory_limit,resource_exhausted,resource_exhausted,False,False,False
exact_44080a3e70df9f4e,alps4141::alps_4999d2be7aec_to_Equation2,1,alps4141,alps4141::alps_4999d2be7aec_to_Equation2,memory_limit,resource_exhausted,resource_exhausted,False,False,False
exact_67b57973cc15a799,alps4141::alps_56f283bf2d24_to_Equation2,1,alps4141,alps4141::alps_56f283bf2d24_to_Equation2,memory_limit,resource_exhausted,resource_exhausted,False,False,False
exact_cf8bb689565ca356,alps4141::alps_1fbeee688761_to_Equation2,1,alps4141,alps4141::alps_1fbeee688761_to_Equation2,memory_limit,resource_exhausted,resource_exhausted,False,False,False
exact_ca2355250fb80d53,alps4141::alps_68682feb95c3_to_Equation2,1,alps4141,alps4141::alps_68682feb95c3_to_Equation2,resource_exhausted,resource_exhausted,resource_exhausted,False,False,False
exact_a0a5f1b1aba88398,alps4141::alps_804ad8c08a93_to_Equation2,1,alps4141,alps4141::alps_804ad8c08a93_to_Equation2,memory_limit,resource_exhausted,resource_exhausted,False,False,False
exact_28f0b19aa536423b,alps4141::alps_627e1821f349_to_Equation2,1,alps4141,alps4141::alps_627e1821f349_to_Equation2,memory_limit,resource_exhausted,resource_exhausted,False,False,False
exact_45785c7be9226335,alps4141::alps_bdd9988cfadc_to_Equation2,1,alps4141,alps4141::alps_bdd9988cfadc_to_Equation2,memory_limit,resource_exhausted,resource_exhausted,False,False,False
exact_2038415ea4fd57ef,alps4141::alps_5fd47def8795_to_Equation2,1,alps4141,alps4141::alps_5fd47def8795_to_Equation2,memory_limit,resource_exhausted,resource_exhausted,False,False,False
exact_f84c3bfa8a1941d0,alps4141::alps_0f6572d18beb_to_Equation2,1,alps4141,alps4141::alps_0f6572d18beb_to_Equation2,memory_limit,resource_exhausted,resource_exhausted,False,False,False
exact_1093f16f1af3607c,alps4141::alps_e2999edefd62_to_Equation2,1,alps4141,alps4141::alps_e2999edefd62_to_Equation2,memory_limit,resource_exhausted,resource_exhausted,False,False,False
exact_daf848b7be440642,alps4141::alps_b11109962c99_to_Equation2,1,alps4141,alps4141::alps_b11109962c99_to_Equation2,resource_exhausted,resource_exhausted,resource_exhausted,False,False,False
exact_62d064566c09fb21,alps4141::alps_1d519f392557_to_Equation2,1,alps4141,alps4141::alps_1d519f392557_to_Equation2,memory_limit,resource_exhausted,resource_exhausted,False,False,False
exact_784c6f61c0fff736,alps4141::alps_fe5ba14d5b16_to_Equation2,1,alps4141,alps4141::alps_fe5ba14d5b16_to_Equation2,memory_limit,resource_exhausted,resource_exhausted,False,False,False
exact_7b55dfbd230c43ea,alps4141::alps_799f64dde599_to_Equation2,1,alps4141,alps4141::alps_799f64dde599_to_Equation2,memory_limit,resource_exhausted,resource_exhausted,False,False,False
exact_3fb8e98ee06eb2b1,alps4141::alps_0117c003e8a8_to_Equation2,1,alps4141,alps4141::alps_0117c003e8a8_to_Equation2,memory_limit,resource_exhausted,resource_exhausted,False,False,False
exact_0e843321ff6e0d1b,alps4141::alps_894e11900435_to_Equation2,1,alps4141,alps4141::alps_894e11900435_to_Equation2,memory_limit,resource_exhausted,resource_exhausted,False,False,False
exact_e8b99d4db4d43387,alps4141::alps_2371e596ac6b_to_Equation2,1,alps4141,alps4141::alps_2371e596ac6b_to_Equation2,memory_limit,resource_exhausted,resource_exhausted,False,False,False
exact_4dded0c7e8983fc6,alps4141::alps_9f60a3c1d404_to_Equation2,1,alps4141,alps4141::alps_9f60a3c1d404_to_Equation2,memory_limit,resource_exhausted,resource_exhausted,False,False,False
exact_7b5ff4d32d2e181c,alps4141::alps_5e7f3a43c805_to_Equation2,1,alps4141,alps4141::alps_5e7f3a43c805_to_Equation2,memory_limit,resource_exhausted,resource_exhausted,False,False,False
exact_465564198c266c81,alps4141::alps_b92a0917bd8f_to_Equation2,1,alps4141,alps4141::alps_b92a0917bd8f_to_Equation2,memory_limit,resource_exhausted,resource_exhausted,False,False,False
exact_ece2574ba6264400,alps4141::alps_5808d8a8e925_to_Equation2,1,alps4141,alps4141::alps_5808d8a8e925_to_Equation2,memory_limit,resource_exhausted,resource_exhausted,False,False,False
exact_5801be571df8bf42,alps4141::alps_7eec725c6377_to_Equation2,1,alps4141,alps4141::alps_7eec725c6377_to_Equation2,memory_limit,resource_exhausted,resource_exhausted,False,False,False
exact_c24565ee7eff745a,alps4141::alps_094883b23c19_to_Equation2,1,alps4141,alps4141::alps_094883b23c19_to_Equation2,memory_limit,resource_exhausted,resource_exhausted,False,False,False
exact_c6ac8519257d5664,alps4141::alps_b2b292efb93e_to_Equation2,1,alps4141,alps4141::alps_b2b292efb93e_to_Equation2,memory_limit,resource_exhausted,resource_exhausted,False,False,False
exact_150de285e5c08434,alps4141::alps_5fb651d14a58_to_Equation2,1,alps4141,alps4141::alps_5fb651d14a58_to_Equation2,memory_limit,resource_exhausted,resource_exhausted,False,False,False
exact_94ff4f3897f1012f,alps4141::alps_5c8fe750c80b_to_Equation2,1,alps4141,alps4141::alps_5c8fe750c80b_to_Equation2,memory_limit,resource_exhausted,resource_exhausted,False,False,False
exact_80aeef7631cbbae3,alps4141::alps_7f7159fbeeda_to_Equation2,1,alps4141,alps4141::alps_7f7159fbeeda_to_Equation2,memory_limit,resource_exhausted,resource_exhausted,False,False,False
exact_dbe53bb88330202e,alps4141::alps_3ca7417d822e_to_Equation2,1,alps4141,alps4141::alps_3ca7417d822e_to_Equation2,memory_limit,resource_exhausted,resource_exhausted,False,False,False
exact_4be4f08e82d0b856,alps4141::alps_e715ace2c486_to_Equation2,1,alps4141,alps4141::alps_e715ace2c486_to_Equation2,memory_limit,resource_exhausted,resource_exhausted,False,False,False
exact_80e01ac086339814,alps4141::alps_b568c05c04cb_to_Equation2,1,alps4141,alps4141::alps_b568c05c04cb_to_Equation2,memory_limit,resource_exhausted,resource_exhausted,False,False,False
exact_d669971730923b94,alps4141::alps_03d68ef9a8ef_to_Equation2,1,alps4141,alps4141::alps_03d68ef9a8ef_to_Equation2,memory_limit,resource_exhausted,resource_exhausted,False,False,False
exact_223cf3d850f3db34,alps4141::alps_6ef661c2e07c_to_Equation2,1,alps4141,alps4141::alps_6ef661c2e07c_to_Equation2,memory_limit,resource_exhausted,resource_exhausted,False,False,False
exact_2550530616899a64,alps4141::alps_6dfebc48d433_to_Equation2,1,alps4141,alps4141::alps_6dfebc48d433_to_Equation2,memory_limit,resource_exhausted,resource_exhausted,False,False,False
exact_ec37e027703393cc,alps4141::alps_f3dd4ab25d09_to_Equation2,1,alps4141,alps4141::alps_f3dd4ab25d09_to_Equation2,memory_limit,resource_exhausted,resource_exhausted,False,False,False
exact_994e691b8f8b475b,alps4141::alps_15b503772b22_to_Equation2,1,alps4141,alps4141::alps_15b503772b22_to_Equation2,memory_limit,resource_exhausted,resource_exhausted,False,False,False
exact_b93ab4efa06eebbd,alps4141::alps_3dbf2ee0f6a5_to_Equation2,1,alps4141,alps4141::alps_3dbf2ee0f6a5_to_Equation2,memory_limit,resource_exhausted,resource_exhausted,False,False,False
exact_66d95c726fc9280a,alps4141::alps_681873325404_to_Equation2,1,alps4141,alps4141::alps_681873325404_to_Equation2,memory_limit,resource_exhausted,resource_exhausted,False,False,False
exact_2581bc2056f6d344,alps4141::alps_265d4eddd50a_to_Equation2,1,alps4141,alps4141::alps_265d4eddd50a_to_Equation2,memory_limit,resource_exhausted,resource_exhausted,False,False,False
exact_5d28fbb0efaacbfc,alps4141::alps_7df6ee90fe45_to_Equation2,1,alps4141,alps4141::alps_7df6ee90fe45_to_Equation2,memory_limit,resource_exhausted,resource_exhausted,False,False,False
exact_7d1f30365fa08cdf,alps4141::alps_997c621cfacf_to_Equation2,1,alps4141,alps4141::alps_997c621cfacf_to_Equation2,memory_limit,resource_exhausted,resource_exhausted,False,False,False
exact_187b16fb8419bfe1,alps4141::alps_088c4367cfe6_to_Equation2,1,alps4141,alps4141::alps_088c4367cfe6_to_Equation2,memory_limit,resource_exhausted,resource_exhausted,False,False,False
exact_8f8355e6502a3820,alps4141::alps_3c3e34162cc2_to_Equation2,1,alps4141,alps4141::alps_3c3e34162cc2_to_Equation2,resource_exhausted,resource_exhausted,resource_exhausted,False,False,False
exact_8d1d211fa4c6166c,alps4141::alps_fce9f9a7fda6_to_Equation2,1,alps4141,alps4141::alps_fce9f9a7fda6_to_Equation2,resource_exhausted,resource_exhausted,resource_exhausted,False,False,False
exact_48a1ad92b987e6f8,alps4141::alps_c752bd4f91be_to_Equation2,1,alps4141,alps4141::alps_c752bd4f91be_to_Equation2,resource_exhausted,resource_exhausted,theorem,True,False,False
exact_06203af7e90a6505,alps4141::alps_5da44af77bbd_to_Equation2,1,alps4141,alps4141::alps_5da44af77bbd_to_Equation2,memory_limit,resource_exhausted,resource_exhausted,False,False,False
exact_b1b99664452d9cdc,alps4141::alps_d1c6260e2c7f_to_Equation2,1,alps4141,alps4141::alps_d1c6260e2c7f_to_Equation2,theorem,resource_exhausted,resource_exhausted,True,False,False
exact_3183b4b293056a18,alps4141::alps_801fe17df697_to_Equation2,1,alps4141,alps4141::alps_801fe17df697_to_Equation2,resource_exhausted,resource_exhausted,resource_exhausted,False,False,False
exact_7824a7f646901224,alps4141::alps_50e43369562d_to_Equation2,1,alps4141,alps4141::alps_50e43369562d_to_Equation2,memory_limit,resource_exhausted,resource_exhausted,False,False,False
exact_3c64b13f2d130ba2,alps4141::alps_ff357e01f930_to_Equation2,1,alps4141,alps4141::alps_ff357e01f930_to_Equation2,resource_exhausted,resource_exhausted,resource_exhausted,False,False,False
exact_5299585d197771a2,alps4141::alps_58ba583b941f_to_Equation2,1,alps4141,alps4141::alps_58ba583b941f_to_Equation2,memory_limit,resource_exhausted,resource_exhausted,False,False,False
exact_d181cbeae33180c5,alps4141::alps_954635482cf4_to_Equation2,1,alps4141,alps4141::alps_954635482cf4_to_Equation2,memory_limit,resource_exhausted,resource_exhausted,False,False,False
exact_2d960484f69a8016,alps4141::alps_1de10adb1b2b_to_Equation2,1,alps4141,alps4141::alps_1de10adb1b2b_to_Equation2,memory_limit,resource_exhausted,memory_limit,False,False,False
exact_75154d2d43d70539,alps4141::alps_89949acad5d7_to_Equation2,1,alps4141,alps4141::alps_89949acad5d7_to_Equation2,memory_limit,resource_exhausted,resource_exhausted,False,False,False
exact_76667e1288202ecc,alps4141::alps_05a2dca4b8b5_to_Equation2,1,alps4141,alps4141::alps_05a2dca4b8b5_to_Equation2,memory_limit,resource_exhausted,resource_exhausted,False,False,False
exact_3a8880f9b08d85e4,alps4141::alps_aa84877beeca_to_Equation2,1,alps4141,alps4141::alps_aa84877beeca_to_Equation2,memory_limit,resource_exhausted,resource_exhausted,False,False,False
exact_b1c3da249f6ffdf2,alps4141::alps_04c3d8136f92_to_Equation2,1,alps4141,alps4141::alps_04c3d8136f92_to_Equation2,memory_limit,resource_exhausted,resource_exhausted,False,False,False
exact_ef0343a489e14bfc,alps4141::alps_897f21a62d11_to_Equation2,1,alps4141,alps4141::alps_897f21a62d11_to_Equation2,memory_limit,resource_exhausted,resource_exhausted,False,False,False
exact_14321eac718946fb,alps4141::alps_7bc0647dbfe9_to_Equation2,1,alps4141,alps4141::alps_7bc0647dbfe9_to_Equation2,memory_limit,resource_exhausted,resource_exhausted,False,False,False
exact_ec2ed4c3e5bdb657,alps4141::alps_8bd12786aa37_to_Equation2,1,alps4141,alps4141::alps_8bd12786aa37_to_Equation2,memory_limit,resource_exhausted,resource_exhausted,False,False,False
exact_5f64caf05a3dca48,alps4141::alps_064728da2932_to_Equation2,1,alps4141,alps4141::alps_064728da2932_to_Equation2,memory_limit,resource_exhausted,resource_exhausted,False,False,False
exact_2f827f6e9d0505f4,alps4141::alps_84a1dcfaf80e_to_Equation2,1,alps4141,alps4141::alps_84a1dcfaf80e_to_Equation2,memory_limit,resource_exhausted,resource_exhausted,False,False,False
exact_1674e1636414bba2,alps4141::alps_7be6aa4d3eb8_to_Equation2,1,alps4141,alps4141::alps_7be6aa4d3eb8_to_Equation2,memory_limit,resource_exhausted,resource_exhausted,False,False,False
exact_a4a3ab09407dcb61,alps4141::alps_239db08a4d06_to_Equation2,1,alps4141,alps4141::alps_239db08a4d06_to_Equation2,memory_limit,resource_exhausted,resource_exhausted,False,False,False
exact_67292a37ae7a2845,alps4141::alps_d09d6b9492eb_to_Equation2,1,alps4141,alps4141::alps_d09d6b9492eb_to_Equation2,memory_limit,resource_exhausted,resource_exhausted,False,False,False
exact_d677d9c9b84d3946,alps4141::alps_e0be1a2a35c8_to_Equation2,1,alps4141,alps4141::alps_e0be1a2a35c8_to_Equation2,memory_limit,resource_exhausted,resource_exhausted,False,False,False
exact_5070e62df8b92fa6,alps4141::alps_6f840e94faee_to_Equation2,1,alps4141,alps4141::alps_6f840e94faee_to_Equation2,memory_limit,resource_exhausted,resource_exhausted,False,False,False
exact_ca22ef699221d08c,alps4141::alps_f56c75a636fc_to_Equation2,1,alps4141,alps4141::alps_f56c75a636fc_to_Equation2,memory_limit,resource_exhausted,resource_exhausted,False,False,False
exact_ecf5e18647ef2bcc,alps4141::alps_c597f1c9db0d_to_Equation2,1,alps4141,alps4141::alps_c597f1c9db0d_to_Equation2,memory_limit,resource_exhausted,resource_exhausted,False,False,False
exact_9518be6cee0308b5,alps4141::alps_58932893e377_to_Equation2,1,alps4141,alps4141::alps_58932893e377_to_Equation2,memory_limit,resource_exhausted,resource_exhausted,False,False,False
exact_7d0fcea70e3c989e,alps4141::alps_7a3abce20ed1_to_Equation2,1,alps4141,alps4141::alps_7a3abce20ed1_to_Equation2,memory_limit,resource_exhausted,resource_exhausted,False,False,False
exact_65886357a312fe9b,alps4141::alps_44a4e6c5d556_to_Equation2,1,alps4141,alps4141::alps_44a4e6c5d556_to_Equation2,memory_limit,resource_exhausted,resource_exhausted,False,False,False
exact_1f2d5169c9e66c57,alps4141::alps_954fd6b80c5b_to_Equation2,1,alps4141,alps4141::alps_954fd6b80c5b_to_Equation2,memory_limit,resource_exhausted,resource_exhausted,False,False,False
exact_887c0ecb6f22e635,alps4141::alps_94af45869e7c_to_Equation2,1,alps4141,alps4141::alps_94af45869e7c_to_Equation2,memory_limit,resource_exhausted,resource_exhausted,False,False,False
exact_e37d844fdd2660b0,alps4141::alps_9a64a50c9f50_to_Equation2,1,alps4141,alps4141::alps_9a64a50c9f50_to_Equation2,memory_limit,resource_exhausted,resource_exhausted,False,False,False
exact_156af51812878cb5,alps4141::alps_8953b536df9a_to_Equation2,1,alps4141,alps4141::alps_8953b536df9a_to_Equation2,memory_limit,resource_exhausted,resource_exhausted,False,False,False
exact_36deba1f12c916ec,alps4141::alps_cebc586ee566_to_Equation2,1,alps4141,alps4141::alps_cebc586ee566_to_Equation2,memory_limit,resource_exhausted,resource_exhausted,False,False,False
exact_23ba16d09d0cae89,alps4141::alps_646184bb7db9_to_Equation2,1,alps4141,alps4141::alps_646184bb7db9_to_Equation2,memory_limit,resource_exhausted,memory_limit,False,False,False
exact_a8867ae7b9ffddb9,alps4141::alps_1c3f50c7d087_to_Equation2,1,alps4141,alps4141::alps_1c3f50c7d087_to_Equation2,memory_limit,resource_exhausted,resource_exhausted,False,False,False
exact_e68727b03ed4174c,alps4141::alps_a2f6dc4a1691_to_Equation2,1,alps4141,alps4141::alps_a2f6dc4a1691_to_Equation2,memory_limit,resource_exhausted,resource_exhausted,False,False,False
exact_366f2c8fa5b3a8e2,alps4141::alps_85282b1d1e1f_to_Equation2,1,alps4141,alps4141::alps_85282b1d1e1f_to_Equation2,memory_limit,resource_exhausted,resource_exhausted,False,False,False
exact_561d90166dfbc8e0,alps4141::alps_ff790af8edc2_to_Equation2,1,alps4141,alps4141::alps_ff790af8edc2_to_Equation2,memory_limit,resource_exhausted,resource_exhausted,False,False,False
exact_7bcc65568ee1c117,alps4141::alps_2c20e985c128_to_Equation2,1,alps4141,alps4141::alps_2c20e985c128_to_Equation2,memory_limit,resource_exhausted,resource_exhausted,False,False,False
exact_c4df1f8d5853a481,alps4141::alps_ce8d0113ec20_to_Equation2,1,alps4141,alps4141::alps_ce8d0113ec20_to_Equation2,memory_limit,resource_exhausted,resource_exhausted,False,False,False
exact_7331d29219feba1c,alps4141::alps_e953e9c5f6fe_to_Equation2,1,alps4141,alps4141::alps_e953e9c5f6fe_to_Equation2,memory_limit,resource_exhausted,resource_exhausted,False,False,False
exact_e72120cd6112fec0,alps4141::alps_1e2d93ec0b83_to_Equation2,1,alps4141,alps4141::alps_1e2d93ec0b83_to_Equation2,memory_limit,resource_exhausted,resource_exhausted,False,False,False
exact_ae5f78ca23209390,alps4141::alps_50311bbe8ba7_to_Equation2,1,alps4141,alps4141::alps_50311bbe8ba7_to_Equation2,memory_limit,resource_exhausted,memory_limit,False,False,False
exact_25ff569a5a4b54f6,alps4141::alps_8f305d979ada_to_Equation2,1,alps4141,alps4141::alps_8f305d979ada_to_Equation2,resource_exhausted,resource_exhausted,resource_exhausted,False,False,False
exact_dc514873dc75fd9a,alps4141::alps_262b9721b234_to_Equation2,1,alps4141,alps4141::alps_262b9721b234_to_Equation2,memory_limit,resource_exhausted,resource_exhausted,False,False,False
exact_893c90ef0218920d,alps4141::alps_66ea80ef45f0_to_Equation2,1,alps4141,alps4141::alps_66ea80ef45f0_to_Equation2,resource_exhausted,resource_exhausted,resource_exhausted,False,False,False
exact_e36c0b8164285d49,alps4141::alps_3c7e6fd654a1_to_Equation2,1,alps4141,alps4141::alps_3c7e6fd654a1_to_Equation2,memory_limit,resource_exhausted,memory_limit,False,False,False
exact_e0dccff2ab0794e8,alps4141::alps_54d251f49eb8_to_Equation2,1,alps4141,alps4141::alps_54d251f49eb8_to_Equation2,memory_limit,resource_exhausted,resource_exhausted,False,False,False
exact_867542ffa87bcacf,alps4141::alps_ebf8b24b178d_to_Equation2,1,alps4141,alps4141::alps_ebf8b24b178d_to_Equation2,memory_limit,resource_exhausted,memory_limit,False,False,False
exact_9ae2aa8787785f82,alps4141::alps_b89b9c69e7af_to_Equation2,1,alps4141,alps4141::alps_b89b9c69e7af_to_Equation2,memory_limit,resource_exhausted,resource_exhausted,False,False,False
exact_c0e51bb7000a7eff,alps4141::alps_19b54d610c4a_to_Equation2,1,alps4141,alps4141::alps_19b54d610c4a_to_Equation2,memory_limit,resource_exhausted,resource_exhausted,False,False,False
exact_bad999470ef16b11,alps4141::alps_eb61bb6b1e7d_to_Equation2,1,alps4141,alps4141::alps_eb61bb6b1e7d_to_Equation2,memory_limit,resource_exhausted,resource_exhausted,False,False,False
exact_059d5fbce9a1a75c,alps4141::alps_4b9c74e4301b_to_Equation2,1,alps4141,alps4141::alps_4b9c74e4301b_to_Equation2,memory_limit,resource_exhausted,resource_exhausted,False,False,False
exact_42f768582abb2a87,alps4141::alps_3c9610e48ca3_to_Equation2,1,alps4141,alps4141::alps_3c9610e48ca3_to_Equation2,memory_limit,resource_exhausted,resource_exhausted,False,False,False
exact_fdca4ed014847e13,alps4141::alps_ea644c62b1e8_to_Equation2,1,alps4141,alps4141::alps_ea644c62b1e8_to_Equation2,memory_limit,resource_exhausted,resource_exhausted,False,False,False
exact_1b17690b4b0cfe44,alps4141::alps_a3580399e25f_to_Equation2,1,alps4141,alps4141::alps_a3580399e25f_to_Equation2,memory_limit,resource_exhausted,resource_exhausted,False,False,False
exact_7ef9bc696d5175ec,alps4141::alps_582674752570_to_Equation2,1,alps4141,alps4141::alps_582674752570_to_Equation2,memory_limit,resource_exhausted,resource_exhausted,False,False,False
exact_4934f3c9b1968ee3,alps4141::alps_96bec39d0023_to_Equation2,1,alps4141,alps4141::alps_96bec39d0023_to_Equation2,memory_limit,resource_exhausted,memory_limit,False,False,False
exact_35fa0a00f656ac55,alps4141::alps_65a714165d44_to_Equation2,1,alps4141,alps4141::alps_65a714165d44_to_Equation2,memory_limit,resource_exhausted,resource_exhausted,False,False,False
exact_99e79c6ed4b880a5,alps4141::alps_1903dcbf5d68_to_Equation2,1,alps4141,alps4141::alps_1903dcbf5d68_to_Equation2,memory_limit,resource_exhausted,resource_exhausted,False,False,False
exact_540e55e531482b67,alps4141::alps_500c218de9aa_to_Equation2,1,alps4141,alps4141::alps_500c218de9aa_to_Equation2,memory_limit,resource_exhausted,resource_exhausted,False,False,False
exact_318a4f65c5c7978b,alps4141::alps_0ca6b07f6ae4_to_Equation2,1,alps4141,alps4141::alps_0ca6b07f6ae4_to_Equation2,memory_limit,resource_exhausted,resource_exhausted,False,False,False
exact_7b5628b2dda16494,alps4141::alps_b27c7bd29ae6_to_Equation2,1,alps4141,alps4141::alps_b27c7bd29ae6_to_Equation2,memory_limit,resource_exhausted,memory_limit,False,False,False
exact_a7909e6339a4ccbe,alps4141::alps_c8557c1eb8d4_to_Equation2,1,alps4141,alps4141::alps_c8557c1eb8d4_to_Equation2,memory_limit,resource_exhausted,resource_exhausted,False,False,False
exact_bb4517b631bcaddb,alps4141::alps_90e1231a8a67_to_Equation2,1,alps4141,alps4141::alps_90e1231a8a67_to_Equation2,memory_limit,resource_exhausted,resource_exhausted,False,False,False
exact_cf10f9e4b17b0001,alps4141::alps_b2846f63c1d0_to_Equation2,1,alps4141,alps4141::alps_b2846f63c1d0_to_Equation2,memory_limit,resource_exhausted,resource_exhausted,False,False,False
exact_6a0832ffc89bc92b,alps4141::alps_e8342dc399de_to_Equation2,1,alps4141,alps4141::alps_e8342dc399de_to_Equation2,resource_exhausted,resource_exhausted,resource_exhausted,False,False,False
exact_ea6cf90101ecd1e7,alps4141::alps_358816c4ead4_to_Equation2,1,alps4141,alps4141::alps_358816c4ead4_to_Equation2,resource_exhausted,resource_exhausted,resource_exhausted,False,False,False
exact_e0a8f6c6d8ce659f,alps4141::alps_e6f0cabb2e13_to_Equation2,1,alps4141,alps4141::alps_e6f0cabb2e13_to_Equation2,memory_limit,resource_exhausted,resource_exhausted,False,False,False
exact_8bcd02168f16fb74,alps4141::alps_162bb9c12d70_to_Equation2,1,alps4141,alps4141::alps_162bb9c12d70_to_Equation2,memory_limit,resource_exhausted,resource_exhausted,False,False,False
exact_9a6ec78957710993,alps4141::alps_f1e1404f46ff_to_Equation2,1,alps4141,alps4141::alps_f1e1404f46ff_to_Equation2,memory_limit,resource_exhausted,resource_exhausted,False,False,False
exact_4b8baec33a3b5096,alps4141::alps_8dffea7ffd61_to_Equation2,1,alps4141,alps4141::alps_8dffea7ffd61_to_Equation2,memory_limit,resource_exhausted,resource_exhausted,False,False,False
exact_123a830d3ca1fa97,alps4141::alps_0c9bbc702190_to_Equation2,1,alps4141,alps4141::alps_0c9bbc702190_to_Equation2,memory_limit,resource_exhausted,resource_exhausted,False,False,False
exact_35aded31c6c9cb61,alps4141::alps_8d070da39956_to_Equation2,1,alps4141,alps4141::alps_8d070da39956_to_Equation2,memory_limit,resource_exhausted,resource_exhausted,False,False,False
exact_6d7e00728004fc45,alps4141::alps_5449cf3b73ad_to_Equation2,1,alps4141,alps4141::alps_5449cf3b73ad_to_Equation2,completed_no_decisive_result,resource_exhausted,memory_limit,False,False,False
exact_f05382e2069d6857,alps4141::alps_e4900ace5b51_to_Equation2,1,alps4141,alps4141::alps_e4900ace5b51_to_Equation2,memory_limit,resource_exhausted,resource_exhausted,False,False,False
exact_3d7208f47e651626,alps4141::alps_2cf3edde421a_to_Equation2,1,alps4141,alps4141::alps_2cf3edde421a_to_Equation2,memory_limit,resource_exhausted,resource_exhausted,False,False,False
exact_c7b8fa8742771171,alps4141::alps_d20a964e6115_to_Equation2,1,alps4141,alps4141::alps_d20a964e6115_to_Equation2,memory_limit,resource_exhausted,memory_limit,False,False,False
exact_f97210b5490d0b5d,alps4141::alps_f26ba572130a_to_Equation2,1,alps4141,alps4141::alps_f26ba572130a_to_Equation2,memory_limit,resource_exhausted,memory_limit,False,False,False
exact_29e91511c8d5b1d9,alps4141::alps_838cc3769ec2_to_Equation2,1,alps4141,alps4141::alps_838cc3769ec2_to_Equation2,memory_limit,resource_exhausted,memory_limit,False,False,False
exact_71dd5133cb7072ad,alps4141::alps_512cb5b5ec2a_to_Equation2,1,alps4141,alps4141::alps_512cb5b5ec2a_to_Equation2,memory_limit,resource_exhausted,memory_limit,False,False,False
exact_cd1e3b93e5e4ab15,alps4141::alps_17065982552b_to_Equation2,1,alps4141,alps4141::alps_17065982552b_to_Equation2,completed_no_decisive_result,resource_exhausted,memory_limit,False,False,False
exact_b5bd95bc9b022456,alps4141::alps_49879125f712_to_Equation2,1,alps4141,alps4141::alps_49879125f712_to_Equation2,memory_limit,resource_exhausted,resource_exhausted,False,False,False
exact_4a68b3735bc860b7,alps4141::alps_775a7b9601f1_to_Equation2,1,alps4141,alps4141::alps_775a7b9601f1_to_Equation2,memory_limit,resource_exhausted,memory_limit,False,False,False
exact_a8257859d9df6408,alps4141::alps_8ad9402d02fb_to_Equation2,1,alps4141,alps4141::alps_8ad9402d02fb_to_Equation2,resource_exhausted,resource_exhausted,resource_exhausted,False,False,False
exact_62df41222490f2c1,alps4141::alps_8bb5d9ebd6c5_to_Equation2,1,alps4141,alps4141::alps_8bb5d9ebd6c5_to_Equation2,memory_limit,resource_exhausted,resource_exhausted,False,False,False
exact_7c5a809f8fe7a173,alps4141::alps_a31ffd41efa1_to_Equation2,1,alps4141,alps4141::alps_a31ffd41efa1_to_Equation2,memory_limit,resource_exhausted,resource_exhausted,False,False,False
exact_8ba915b19d894fb4,alps4141::alps_be1d9016c9fe_to_Equation2,1,alps4141,alps4141::alps_be1d9016c9fe_to_Equation2,memory_limit,resource_exhausted,resource_exhausted,False,False,False
exact_2177e7ddea752631,alps4141::alps_fa78f490cbd3_to_Equation2,1,alps4141,alps4141::alps_fa78f490cbd3_to_Equation2,memory_limit,resource_exhausted,resource_exhausted,False,False,False
exact_97176b7903df4dc6,alps4141::alps_6b646851a646_to_Equation2,1,alps4141,alps4141::alps_6b646851a646_to_Equation2,memory_limit,resource_exhausted,resource_exhausted,False,False,False
exact_00db2875352efd7f,alps4141::alps_d8b20a0a2239_to_Equation2,1,alps4141,alps4141::alps_d8b20a0a2239_to_Equation2,memory_limit,resource_exhausted,resource_exhausted,False,False,False
exact_0b0e58a0933025f0,alps4141::alps_b1afaaf9dcaf_to_Equation2,1,alps4141,alps4141::alps_b1afaaf9dcaf_to_Equation2,memory_limit,resource_exhausted,resource_exhausted,False,False,False
exact_053f06b68a74a378,alps4141::alps_2eb7d5a3ef01_to_Equation2,1,alps4141,alps4141::alps_2eb7d5a3ef01_to_Equation2,memory_limit,resource_exhausted,resource_exhausted,False,False,False
exact_7afd6242f61350c8,alps4141::alps_b50b5a8646ae_to_Equation2,1,alps4141,alps4141::alps_b50b5a8646ae_to_Equation2,memory_limit,resource_exhausted,resource_exhausted,False,False,False
exact_57a166e28d3f24f9,alps4141::alps_4e506b7dcb9a_to_Equation2,1,alps4141,alps4141::alps_4e506b7dcb9a_to_Equation2,memory_limit,resource_exhausted,resource_exhausted,False,False,False
exact_6f2d3d84f41e9348,alps4141::alps_30f3b0262ba3_to_Equation2,1,alps4141,alps4141::alps_30f3b0262ba3_to_Equation2,memory_limit,resource_exhausted,resource_exhausted,False,False,False
exact_8639d2b9319c35a8,alps4141::alps_ce7fb6af5e12_to_Equation2,1,alps4141,alps4141::alps_ce7fb6af5e12_to_Equation2,memory_limit,resource_exhausted,resource_exhausted,False,False,False
exact_fca96cedc125e18c,alps4141::alps_cc772b9a0721_to_Equation2,1,alps4141,alps4141::alps_cc772b9a0721_to_Equation2,memory_limit,resource_exhausted,resource_exhausted,False,False,False
exact_7649e99d1c1b5e4a,alps4141::alps_f4bac8b852be_to_Equation2,1,alps4141,alps4141::alps_f4bac8b852be_to_Equation2,memory_limit,resource_exhausted,resource_exhausted,False,False,False
exact_56a876275bd1b7b0,alps4141::alps_a3393dfe5044_to_Equation2,1,alps4141,alps4141::alps_a3393dfe5044_to_Equation2,memory_limit,resource_exhausted,memory_limit,False,False,False
exact_22ecbfe14f47c2b2,alps4141::alps_911cb1df6c3d_to_Equation2,1,alps4141,alps4141::alps_911cb1df6c3d_to_Equation2,theorem,resource_exhausted,theorem,True,False,False
exact_5f7e2c8a367ddc38,alps4141::alps_ca4a6a049c77_to_Equation2,1,alps4141,alps4141::alps_ca4a6a049c77_to_Equation2,memory_limit,resource_exhausted,resource_exhausted,False,False,False
exact_a5eb4e4f60aeaf79,alps4141::alps_ec57b09a994b_to_Equation2,1,alps4141,alps4141::alps_ec57b09a994b_to_Equation2,memory_limit,resource_exhausted,resource_exhausted,False,False,False
exact_3dec7cd378462762,alps4141::alps_f42bc8405e63_to_Equation2,1,alps4141,alps4141::alps_f42bc8405e63_to_Equation2,memory_limit,resource_exhausted,resource_exhausted,False,False,False
exact_8aa2527fa5a49bed,alps4141::alps_b3541458cd22_to_Equation2,1,alps4141,alps4141::alps_b3541458cd22_to_Equation2,memory_limit,resource_exhausted,resource_exhausted,False,False,False
exact_8afe4e1db67241ff,alps4141::alps_94f1e0c822f0_to_Equation2,1,alps4141,alps4141::alps_94f1e0c822f0_to_Equation2,memory_limit,resource_exhausted,resource_exhausted,False,False,False
exact_526ebc60d44655f4,alps4141::alps_a8b7facac7b3_to_Equation2,1,alps4141,alps4141::alps_a8b7facac7b3_to_Equation2,memory_limit,resource_exhausted,memory_limit,False,False,False
exact_742780ea1803e2b8,alps4141::alps_95ef8f70ead3_to_Equation2,1,alps4141,alps4141::alps_95ef8f70ead3_to_Equation2,completed_no_decisive_result,resource_exhausted,memory_limit,False,False,False
exact_3b98fae9bfbbec50,alps4141::alps_07266d38c625_to_Equation2,1,alps4141,alps4141::alps_07266d38c625_to_Equation2,memory_limit,resource_exhausted,resource_exhausted,False,False,False
exact_75debb74933460c3,alps4141::alps_fa3d32041560_to_Equation2,1,alps4141,alps4141::alps_fa3d32041560_to_Equation2,memory_limit,resource_exhausted,resource_exhausted,False,False,False
exact_85d5d6cb7a685eab,alps4141::alps_175f0236b99e_to_Equation2,1,alps4141,alps4141::alps_175f0236b99e_to_Equation2,completed_no_decisive_result,resource_exhausted,memory_limit,False,False,False
exact_e2c2ca285fea4055,alps4141::alps_f9e7dc9e2abc_to_Equation2,1,alps4141,alps4141::alps_f9e7dc9e2abc_to_Equation2,memory_limit,resource_exhausted,resource_exhausted,False,False,False
exact_dceb22dc56dd3e62,alps4141::alps_7d4eb3a6fa48_to_Equation2,1,alps4141,alps4141::alps_7d4eb3a6fa48_to_Equation2,completed_no_decisive_result,resource_exhausted,memory_limit,False,False,False
exact_efff7fad4587fd6c,alps4141::alps_4d126a01fd7b_to_Equation2,1,alps4141,alps4141::alps_4d126a01fd7b_to_Equation2,memory_limit,resource_exhausted,resource_exhausted,False,False,False
exact_5bdebcf246ffd04a,alps4141::alps_7f9440e01f3b_to_Equation2,1,alps4141,alps4141::alps_7f9440e01f3b_to_Equation2,memory_limit,resource_exhausted,resource_exhausted,False,False,False
exact_b8aac4f1deb85c42,alps4141::alps_8ebd0d5596b6_to_Equation2,1,alps4141,alps4141::alps_8ebd0d5596b6_to_Equation2,resource_exhausted,resource_exhausted,resource_exhausted,False,False,False
exact_f6b814a765ab4454,alps4141::alps_6e8647da749b_to_Equation2,1,alps4141,alps4141::alps_6e8647da749b_to_Equation2,memory_limit,resource_exhausted,resource_exhausted,False,False,False
exact_c4187b12fece50dc,alps4141::alps_684a02bd5852_to_Equation2,1,alps4141,alps4141::alps_684a02bd5852_to_Equation2,completed_no_decisive_result,resource_exhausted,memory_limit,False,False,False
exact_e3f925b5ee61ebe0,alps4141::alps_af9760b92145_to_Equation2,1,alps4141,alps4141::alps_af9760b92145_to_Equation2,completed_no_decisive_result,resource_exhausted,resource_exhausted,False,False,False
exact_246b8c1d7d3bad23,alps4141::alps_41750ae8594f_to_Equation2,1,alps4141,alps4141::alps_41750ae8594f_to_Equation2,completed_no_decisive_result,resource_exhausted,resource_exhausted,False,False,False
exact_7b95f41a3f67a55c,alps4141::alps_1ab9c53449a2_to_Equation2,1,alps4141,alps4141::alps_1ab9c53449a2_to_Equation2,memory_limit,resource_exhausted,resource_exhausted,False,False,False
exact_2a2d048b90762d41,alps4141::alps_6fb04ac03a02_to_Equation2,1,alps4141,alps4141::alps_6fb04ac03a02_to_Equation2,memory_limit,resource_exhausted,memory_limit,False,False,False
exact_e32c17cbe1f80db4,alps4141::alps_c586f46b7163_to_Equation2,1,alps4141,alps4141::alps_c586f46b7163_to_Equation2,memory_limit,resource_exhausted,resource_exhausted,False,False,False
exact_f9c4373dfcc06a34,alps4141::alps_aca720bb1611_to_Equation2,1,alps4141,alps4141::alps_aca720bb1611_to_Equation2,memory_limit,resource_exhausted,resource_exhausted,False,False,False
exact_7b195ceba42c9087,alps4141::alps_d2a7d1cae6fb_to_Equation2,1,alps4141,alps4141::alps_d2a7d1cae6fb_to_Equation2,memory_limit,resource_exhausted,resource_exhausted,False,False,False
exact_1402cd1b0a9e1432,alps4141::alps_5019f8dc1718_to_Equation2,1,alps4141,alps4141::alps_5019f8dc1718_to_Equation2,resource_exhausted,resource_exhausted,resource_exhausted,False,False,False
exact_a957c89d69e347e4,alps4141::alps_c815d4563e26_to_Equation2,1,alps4141,alps4141::alps_c815d4563e26_to_Equation2,resource_exhausted,resource_exhausted,resource_exhausted,False,False,False
exact_6a8f149f86a5afde,alps4141::alps_3d1a86236c87_to_Equation2,1,alps4141,alps4141::alps_3d1a86236c87_to_Equation2,memory_limit,resource_exhausted,resource_exhausted,False,False,False
exact_3eec82b97a7a487b,alps4141::alps_43df88086383_to_Equation2,1,alps4141,alps4141::alps_43df88086383_to_Equation2,memory_limit,resource_exhausted,resource_exhausted,False,False,False
exact_003739042984536c,alps4141::alps_abbf5595d7b5_to_Equation2,1,alps4141,alps4141::alps_abbf5595d7b5_to_Equation2,memory_limit,resource_exhausted,resource_exhausted,False,False,False
exact_11878dc1ccda1afb,alps4141::alps_a33879232bb0_to_Equation2,1,alps4141,alps4141::alps_a33879232bb0_to_Equation2,memory_limit,resource_exhausted,resource_exhausted,False,False,False
exact_077a3b3ed85f0e35,alps4141::alps_8a923ee9f831_to_Equation2,1,alps4141,alps4141::alps_8a923ee9f831_to_Equation2,memory_limit,resource_exhausted,resource_exhausted,False,False,False
exact_def90c46387f6e30,alps4141::alps_43fcef37494f_to_Equation2,1,alps4141,alps4141::alps_43fcef37494f_to_Equation2,memory_limit,resource_exhausted,resource_exhausted,False,False,False
exact_729ade5521c636b7,alps4141::alps_9c325ba4dc42_to_Equation2,1,alps4141,alps4141::alps_9c325ba4dc42_to_Equation2,memory_limit,resource_exhausted,resource_exhausted,False,False,False
exact_dd8c6fc77333e26f,alps4141::alps_d688f4b33c8f_to_Equation2,1,alps4141,alps4141::alps_d688f4b33c8f_to_Equation2,memory_limit,resource_exhausted,resource_exhausted,False,False,False
exact_b66b755ea21f7f54,alps4141::alps_0548b5d0df4e_to_Equation2,1,alps4141,alps4141::alps_0548b5d0df4e_to_Equation2,memory_limit,resource_exhausted,resource_exhausted,False,False,False
exact_2333aa82231ca87e,alps4141::alps_c6d5c73622d7_to_Equation2,1,alps4141,alps4141::alps_c6d5c73622d7_to_Equation2,memory_limit,resource_exhausted,resource_exhausted,False,False,False
exact_37f32bd8cb7f1fc8,alps4141::alps_87f40917e8cd_to_Equation2,1,alps4141,alps4141::alps_87f40917e8cd_to_Equation2,memory_limit,resource_exhausted,resource_exhausted,False,False,False
exact_eea2eba0cfbf6c1b,alps4141::alps_8b46d51e819a_to_Equation2,1,alps4141,alps4141::alps_8b46d51e819a_to_Equation2,memory_limit,resource_exhausted,resource_exhausted,False,False,False
exact_f4f058a006ab3b2d,alps4141::alps_dd015fb667a7_to_Equation2,1,alps4141,alps4141::alps_dd015fb667a7_to_Equation2,memory_limit,resource_exhausted,resource_exhausted,False,False,False
exact_9055df201e5e1878,alps4141::alps_609c6ae490e7_to_Equation2,1,alps4141,alps4141::alps_609c6ae490e7_to_Equation2,memory_limit,resource_exhausted,resource_exhausted,False,False,False
exact_60bb783eb1c5e9f9,alps4141::alps_fbe7fb6e09d0_to_Equation2,1,alps4141,alps4141::alps_fbe7fb6e09d0_to_Equation2,memory_limit,resource_exhausted,resource_exhausted,False,False,False
exact_b91fc556d715c7b5,alps4141::alps_98eac947cdec_to_Equation2,1,alps4141,alps4141::alps_98eac947cdec_to_Equation2,memory_limit,resource_exhausted,resource_exhausted,False,False,False
exact_6d3b30fbea18172c,alps4141::alps_d6b97e3a94ce_to_Equation2,1,alps4141,alps4141::alps_d6b97e3a94ce_to_Equation2,resource_exhausted,resource_exhausted,resource_exhausted,False,False,False
exact_fbc91c34e5e26c9d,alps4141::alps_a64160eac965_to_Equation2,1,alps4141,alps4141::alps_a64160eac965_to_Equation2,memory_limit,resource_exhausted,resource_exhausted,False,False,False
exact_392ecaaf865eb1d5,alps4141::alps_53020dbe9e98_to_Equation2,1,alps4141,alps4141::alps_53020dbe9e98_to_Equation2,memory_limit,resource_exhausted,resource_exhausted,False,False,False
exact_6879adfd3a4f8c9c,alps4141::alps_614f50e38e1c_to_Equation2,1,alps4141,alps4141::alps_614f50e38e1c_to_Equation2,resource_exhausted,resource_exhausted,resource_exhausted,False,False,False
exact_19ce63b2c7f804a2,alps4141::alps_2e38e4b6c3a1_to_Equation2,1,alps4141,alps4141::alps_2e38e4b6c3a1_to_Equation2,memory_limit,resource_exhausted,resource_exhausted,False,False,False
exact_a40763e489bfcf8f,alps4141::alps_962dd11c4adc_to_Equation2,1,alps4141,alps4141::alps_962dd11c4adc_to_Equation2,memory_limit,resource_exhausted,resource_exhausted,False,False,False
exact_490d617f32b0cad1,alps4141::alps_dcb62f1c65a7_to_Equation2,1,alps4141,alps4141::alps_dcb62f1c65a7_to_Equation2,resource_exhausted,resource_exhausted,resource_exhausted,False,False,False
exact_158c8556d519d689,alps4141::alps_f8a31ac97a17_to_Equation2,1,alps4141,alps4141::alps_f8a31ac97a17_to_Equation2,memory_limit,resource_exhausted,resource_exhausted,False,False,False
exact_3813b61b02d8722f,alps4141::alps_ac9211e812fd_to_Equation2,1,alps4141,alps4141::alps_ac9211e812fd_to_Equation2,memory_limit,resource_exhausted,resource_exhausted,False,False,False
exact_fcb84e66a2fd6ce4,alps4141::alps_a1993ba2fda0_to_Equation2,1,alps4141,alps4141::alps_a1993ba2fda0_to_Equation2,memory_limit,resource_exhausted,resource_exhausted,False,False,False
exact_ed59221cc4357ddf,alps4141::alps_3a401aa707f6_to_Equation2,1,alps4141,alps4141::alps_3a401aa707f6_to_Equation2,memory_limit,resource_exhausted,resource_exhausted,False,False,False
exact_cf8507debd95cd22,alps4141::alps_0ff65ffe4c5d_to_Equation2,1,alps4141,alps4141::alps_0ff65ffe4c5d_to_Equation2,memory_limit,resource_exhausted,resource_exhausted,False,False,False
exact_3c0453fe59bcbcb1,alps4141::alps_f2fbcfa931e2_to_Equation2,1,alps4141,alps4141::alps_f2fbcfa931e2_to_Equation2,resource_exhausted,resource_exhausted,resource_exhausted,False,False,False
exact_f2beae0d2d9f50a2,alps4141::alps_83bf95013ea1_to_Equation2,1,alps4141,alps4141::alps_83bf95013ea1_to_Equation2,resource_exhausted,theorem,theorem,True,False,False
exact_e16f1429cceb8d81,alps4141::alps_9c5a560492c8_to_Equation2,1,alps4141,alps4141::alps_9c5a560492c8_to_Equation2,memory_limit,resource_exhausted,resource_exhausted,False,False,False
exact_6d034c4e8ef16bfe,alps4141::alps_b8f7f95c5019_to_Equation2,1,alps4141,alps4141::alps_b8f7f95c5019_to_Equation2,resource_exhausted,resource_exhausted,resource_exhausted,False,False,False
exact_e3fdc0fd5721fa34,alps4141::alps_ff7c7772f814_to_Equation2,1,alps4141,alps4141::alps_ff7c7772f814_to_Equation2,memory_limit,resource_exhausted,resource_exhausted,False,False,False
exact_3992ba6b4c25a0c5,alps4141::alps_adabefa8a9ed_to_Equation2,1,alps4141,alps4141::alps_adabefa8a9ed_to_Equation2,memory_limit,resource_exhausted,resource_exhausted,False,False,False
exact_8ae46ee2fedda705,alps4141::alps_6a214b54047d_to_Equation2,1,alps4141,alps4141::alps_6a214b54047d_to_Equation2,resource_exhausted,resource_exhausted,theorem,True,False,False
exact_f1cb1f07c2e6f6ee,alps4141::alps_011664065340_to_Equation2,1,alps4141,alps4141::alps_011664065340_to_Equation2,memory_limit,resource_exhausted,resource_exhausted,False,False,False
exact_8a4232c17e7975ad,alps4141::alps_fbcfc5be49f8_to_Equation2,1,alps4141,alps4141::alps_fbcfc5be49f8_to_Equation2,memory_limit,resource_exhausted,resource_exhausted,False,False,False
exact_1dbea10658a938b9,alps4141::alps_5df534edf28e_to_Equation2,1,alps4141,alps4141::alps_5df534edf28e_to_Equation2,memory_limit,resource_exhausted,resource_exhausted,False,False,False
exact_85430e9180b5e5a7,alps4141::alps_53e9aeddf90f_to_Equation2,1,alps4141,alps4141::alps_53e9aeddf90f_to_Equation2,memory_limit,resource_exhausted,resource_exhausted,False,False,False
exact_1cf64d6a93395202,alps4141::alps_bb9e146245cc_to_Equation2,1,alps4141,alps4141::alps_bb9e146245cc_to_Equation2,memory_limit,resource_exhausted,resource_exhausted,False,False,False
exact_6e6dbba1dc45b3df,alps4141::alps_18ab5f4a0922_to_Equation2,1,alps4141,alps4141::alps_18ab5f4a0922_to_Equation2,memory_limit,resource_exhausted,resource_exhausted,False,False,False
exact_315c349a9caeac0b,alps4141::alps_4531e76a3bf2_to_Equation2,1,alps4141,alps4141::alps_4531e76a3bf2_to_Equation2,memory_limit,resource_exhausted,resource_exhausted,False,False,False
exact_1b25828f1651c480,alps4141::alps_ea31ee244df4_to_Equation2,1,alps4141,alps4141::alps_ea31ee244df4_to_Equation2,memory_limit,resource_exhausted,memory_limit,False,False,False
exact_bda495d428654dcc,alps4141::alps_1cbc6ff393a7_to_Equation2,1,alps4141,alps4141::alps_1cbc6ff393a7_to_Equation2,memory_limit,resource_exhausted,resource_exhausted,False,False,False
exact_466c251df34aa23a,alps4141::alps_409633667294_to_Equation2,1,alps4141,alps4141::alps_409633667294_to_Equation2,memory_limit,resource_exhausted,resource_exhausted,False,False,False
exact_b753eedc74da0b5b,alps4141::alps_55f837525b8e_to_Equation2,1,alps4141,alps4141::alps_55f837525b8e_to_Equation2,memory_limit,resource_exhausted,resource_exhausted,False,False,False
exact_7ee24b298820c391,alps4141::alps_9787c9ab791a_to_Equation2,1,alps4141,alps4141::alps_9787c9ab791a_to_Equation2,memory_limit,resource_exhausted,resource_exhausted,False,False,False
exact_e16d63153f5f8ca5,alps4141::alps_b30d5a80eca1_to_Equation2,1,alps4141,alps4141::alps_b30d5a80eca1_to_Equation2,memory_limit,resource_exhausted,resource_exhausted,False,False,False
exact_58e8d83c3b3ecad9,alps4141::alps_4ffd7e9e0acf_to_Equation2,1,alps4141,alps4141::alps_4ffd7e9e0acf_to_Equation2,memory_limit,resource_exhausted,resource_exhausted,False,False,False
exact_6937f601d2c6aed7,alps4141::alps_c0c7ab718a1b_to_Equation2,1,alps4141,alps4141::alps_c0c7ab718a1b_to_Equation2,memory_limit,resource_exhausted,resource_exhausted,False,False,False
exact_259af38ab61f7e64,alps4141::alps_d1b8fc4fc8a4_to_Equation2,1,alps4141,alps4141::alps_d1b8fc4fc8a4_to_Equation2,memory_limit,resource_exhausted,resource_exhausted,False,False,False
exact_769b8cc17d005c7a,alps4141::alps_9657025be5c4_to_Equation2,1,alps4141,alps4141::alps_9657025be5c4_to_Equation2,memory_limit,resource_exhausted,resource_exhausted,False,False,False
exact_8bb0910564de2b14,alps4141::alps_24cdab7db840_to_Equation2,1,alps4141,alps4141::alps_24cdab7db840_to_Equation2,memory_limit,resource_exhausted,resource_exhausted,False,False,False
exact_171710e6c8dc7281,alps4141::alps_ac17f03a64dd_to_Equation2,1,alps4141,alps4141::alps_ac17f03a64dd_to_Equation2,memory_limit,resource_exhausted,resource_exhausted,False,False,False
exact_3b83b2c6d58897af,alps4141::alps_b7a8b9b384ba_to_Equation2,1,alps4141,alps4141::alps_b7a8b9b384ba_to_Equation2,memory_limit,resource_exhausted,resource_exhausted,False,False,False
exact_a935c4291bc4d39a,alps4141::alps_e1c9210c3019_to_Equation2,1,alps4141,alps4141::alps_e1c9210c3019_to_Equation2,memory_limit,resource_exhausted,resource_exhausted,False,False,False
exact_cf14ec9423a17951,alps4141::alps_97c3bffdd615_to_Equation2,1,alps4141,alps4141::alps_97c3bffdd615_to_Equation2,memory_limit,resource_exhausted,resource_exhausted,False,False,False
exact_abafead437d4b2e2,alps4141::alps_b316d52ecaba_to_Equation2,1,alps4141,alps4141::alps_b316d52ecaba_to_Equation2,resource_exhausted,resource_exhausted,resource_exhausted,False,False,False
exact_00f36bf1477e98ac,alps4141::alps_867db9bdc5e0_to_Equation2,1,alps4141,alps4141::alps_867db9bdc5e0_to_Equation2,memory_limit,resource_exhausted,resource_exhausted,False,False,False
exact_c7b23fef6941d42a,alps4141::alps_149214e5831d_to_Equation2,1,alps4141,alps4141::alps_149214e5831d_to_Equation2,memory_limit,resource_exhausted,resource_exhausted,False,False,False
exact_3a0435422a033837,alps4141::alps_8a0caf1b15db_to_Equation2,1,alps4141,alps4141::alps_8a0caf1b15db_to_Equation2,memory_limit,resource_exhausted,resource_exhausted,False,False,False
exact_c6cfb3c9c8ae3a5e,alps4141::alps_24c2d15b90e9_to_Equation2,1,alps4141,alps4141::alps_24c2d15b90e9_to_Equation2,memory_limit,resource_exhausted,resource_exhausted,False,False,False
exact_e39200a2934bf178,alps4141::alps_65e852907433_to_Equation2,1,alps4141,alps4141::alps_65e852907433_to_Equation2,memory_limit,resource_exhausted,resource_exhausted,False,False,False
exact_77c962bfd12edea4,alps4141::alps_e07dd42cbe78_to_Equation2,1,alps4141,alps4141::alps_e07dd42cbe78_to_Equation2,resource_exhausted,resource_exhausted,resource_exhausted,False,False,False
exact_f828be5d37acc921,alps4141::alps_c2da8dda784c_to_Equation2,1,alps4141,alps4141::alps_c2da8dda784c_to_Equation2,memory_limit,resource_exhausted,resource_exhausted,False,False,False
exact_2e87641db5623898,alps4141::alps_7f2c618536e6_to_Equation2,1,alps4141,alps4141::alps_7f2c618536e6_to_Equation2,memory_limit,resource_exhausted,memory_limit,False,False,False
exact_30d9357094ed9385,alps4141::alps_ad889cd39f6f_to_Equation2,1,alps4141,alps4141::alps_ad889cd39f6f_to_Equation2,memory_limit,resource_exhausted,resource_exhausted,False,False,False
exact_555590c2af4a75b3,alps4141::alps_26f7bcf001ed_to_Equation2,1,alps4141,alps4141::alps_26f7bcf001ed_to_Equation2,memory_limit,resource_exhausted,resource_exhausted,False,False,False
exact_6fb91bd7957befa7,alps4141::alps_85730bfe9b6a_to_Equation2,1,alps4141,alps4141::alps_85730bfe9b6a_to_Equation2,memory_limit,resource_exhausted,resource_exhausted,False,False,False
exact_230d7bb9c67b7fab,alps4141::alps_4620b283dd60_to_Equation2,1,alps4141,alps4141::alps_4620b283dd60_to_Equation2,memory_limit,resource_exhausted,memory_limit,False,False,False
exact_cf0ddc70de286801,alps4141::alps_259c760de892_to_Equation2,1,alps4141,alps4141::alps_259c760de892_to_Equation2,memory_limit,resource_exhausted,resource_exhausted,False,False,False
exact_f76f342e57d30501,alps4141::alps_052b954ebc95_to_Equation2,1,alps4141,alps4141::alps_052b954ebc95_to_Equation2,memory_limit,resource_exhausted,memory_limit,False,False,False
exact_5b8481d1f63c5289,alps4141::alps_69ae0bc474f3_to_Equation2,1,alps4141,alps4141::alps_69ae0bc474f3_to_Equation2,memory_limit,resource_exhausted,resource_exhausted,False,False,False
exact_4cc8dd2caf999dde,alps4141::alps_239a8c0e2387_to_Equation2,1,alps4141,alps4141::alps_239a8c0e2387_to_Equation2,memory_limit,resource_exhausted,resource_exhausted,False,False,False
exact_c4333d8b13fcfd35,alps4141::alps_cc9c36e4db54_to_Equation2,1,alps4141,alps4141::alps_cc9c36e4db54_to_Equation2,memory_limit,theorem,theorem,True,False,False
exact_c2858603fb6912e4,alps4141::alps_4db901b3ed23_to_Equation2,1,alps4141,alps4141::alps_4db901b3ed23_to_Equation2,memory_limit,resource_exhausted,resource_exhausted,False,False,False
exact_cfdbf4d9861e2451,alps4141::alps_d0c5232b7137_to_Equation2,1,alps4141,alps4141::alps_d0c5232b7137_to_Equation2,resource_exhausted,resource_exhausted,resource_exhausted,False,False,False
exact_abf8a673740256f3,alps4141::alps_5f59412dbeaf_to_Equation2,1,alps4141,alps4141::alps_5f59412dbeaf_to_Equation2,resource_exhausted,theorem,resource_exhausted,True,False,False
exact_e27d0cd88dc324cb,alps4141::alps_d5f230fab00d_to_Equation2,1,alps4141,alps4141::alps_d5f230fab00d_to_Equation2,memory_limit,resource_exhausted,resource_exhausted,False,False,False
exact_3cd5012fa87386f8,alps4141::alps_9f14d4d62f0d_to_Equation2,1,alps4141,alps4141::alps_9f14d4d62f0d_to_Equation2,memory_limit,resource_exhausted,memory_limit,False,False,False
exact_08dcd94481bf8288,alps4141::alps_ca52eff5c1b7_to_Equation2,1,alps4141,alps4141::alps_ca52eff5c1b7_to_Equation2,memory_limit,resource_exhausted,memory_limit,False,False,False
exact_ab49fe59d4c40716,alps4141::alps_a0b53ffd0c19_to_Equation2,1,alps4141,alps4141::alps_a0b53ffd0c19_to_Equation2,memory_limit,resource_exhausted,memory_limit,False,False,False
exact_43358d6b26493750,alps4141::alps_532d98590423_to_Equation2,1,alps4141,alps4141::alps_532d98590423_to_Equation2,memory_limit,resource_exhausted,memory_limit,False,False,False
exact_b79d34f789ae1087,alps4141::alps_ab462c9918e0_to_Equation2,1,alps4141,alps4141::alps_ab462c9918e0_to_Equation2,memory_limit,resource_exhausted,memory_limit,False,False,False
exact_1987562961c43845,alps4141::alps_e60d1821224c_to_Equation2,1,alps4141,alps4141::alps_e60d1821224c_to_Equation2,memory_limit,resource_exhausted,resource_exhausted,False,False,False
exact_87101963f45b98f3,alps4141::alps_07d4513c876c_to_Equation2,1,alps4141,alps4141::alps_07d4513c876c_to_Equation2,memory_limit,resource_exhausted,resource_exhausted,False,False,False
exact_ca4fadb97e5e6565,alps4141::alps_0f85ff1e9f63_to_Equation2,1,alps4141,alps4141::alps_0f85ff1e9f63_to_Equation2,memory_limit,resource_exhausted,resource_exhausted,False,False,False
exact_f613977e00d6daa0,alps4141::alps_f9fc8fe60287_to_Equation2,1,alps4141,alps4141::alps_f9fc8fe60287_to_Equation2,memory_limit,resource_exhausted,resource_exhausted,False,False,False
exact_2142165bb80d4e55,alps4141::alps_ec8278061140_to_Equation2,1,alps4141,alps4141::alps_ec8278061140_to_Equation2,resource_exhausted,resource_exhausted,resource_exhausted,False,False,False
exact_b4b404a57b16356e,alps4141::alps_53ca54728592_to_Equation2,1,alps4141,alps4141::alps_53ca54728592_to_Equation2,resource_exhausted,resource_exhausted,resource_exhausted,False,False,False
exact_2bc0f1c2b684084a,alps4141::alps_92b269b522ed_to_Equation2,1,alps4141,alps4141::alps_92b269b522ed_to_Equation2,memory_limit,resource_exhausted,resource_exhausted,False,False,False
exact_65dcc362e8c3894e,alps4141::alps_706ce3e33acf_to_Equation2,1,alps4141,alps4141::alps_706ce3e33acf_to_Equation2,memory_limit,resource_exhausted,resource_exhausted,False,False,False
exact_67b604de45fb8085,alps4141::alps_5a7f706b21ee_to_Equation2,1,alps4141,alps4141::alps_5a7f706b21ee_to_Equation2,memory_limit,resource_exhausted,resource_exhausted,False,False,False
exact_ee8569e5cef7d7a2,alps4141::alps_a982cb6d16a1_to_Equation2,1,alps4141,alps4141::alps_a982cb6d16a1_to_Equation2,memory_limit,resource_exhausted,resource_exhausted,False,False,False
exact_9a7426d27c7ab343,alps4141::alps_8002b61986d9_to_Equation2,1,alps4141,alps4141::alps_8002b61986d9_to_Equation2,memory_limit,resource_exhausted,resource_exhausted,False,False,False
exact_0197b58cb9c24643,alps4141::alps_7e9003346a27_to_Equation2,1,alps4141,alps4141::alps_7e9003346a27_to_Equation2,memory_limit,resource_exhausted,resource_exhausted,False,False,False
exact_3076e1a009c65f90,alps4141::alps_b9555e662a4c_to_Equation2,1,alps4141,alps4141::alps_b9555e662a4c_to_Equation2,memory_limit,resource_exhausted,resource_exhausted,False,False,False
exact_c36db98d5610bc9a,alps4141::alps_c14443775608_to_Equation2,1,alps4141,alps4141::alps_c14443775608_to_Equation2,memory_limit,resource_exhausted,resource_exhausted,False,False,False
exact_3c0abf2dfd809736,alps4141::alps_f511fb062c26_to_Equation2,1,alps4141,alps4141::alps_f511fb062c26_to_Equation2,resource_exhausted,resource_exhausted,resource_exhausted,False,False,False
exact_e455d792184e03ea,alps4141::alps_d92adc1738b0_to_Equation2,1,alps4141,alps4141::alps_d92adc1738b0_to_Equation2,memory_limit,resource_exhausted,resource_exhausted,False,False,False
exact_36589bcaf52f4f32,alps4141::alps_10a4ccc6e689_to_Equation2,1,alps4141,alps4141::alps_10a4ccc6e689_to_Equation2,memory_limit,resource_exhausted,resource_exhausted,False,False,False
exact_23684c5203879ca7,alps4141::alps_4adf7d4e8298_to_Equation2,1,alps4141,alps4141::alps_4adf7d4e8298_to_Equation2,memory_limit,resource_exhausted,resource_exhausted,False,False,False
exact_33e0dab5844e44fb,alps4141::alps_64b43d4b4ce6_to_Equation2,1,alps4141,alps4141::alps_64b43d4b4ce6_to_Equation2,resource_exhausted,resource_exhausted,resource_exhausted,False,False,False
exact_5d5f29d22539e2cd,alps4141::alps_f1084b11d719_to_Equation2,1,alps4141,alps4141::alps_f1084b11d719_to_Equation2,memory_limit,resource_exhausted,resource_exhausted,False,False,False
exact_1d80f73457de0322,alps4141::alps_c44b844e8f28_to_Equation2,1,alps4141,alps4141::alps_c44b844e8f28_to_Equation2,memory_limit,resource_exhausted,resource_exhausted,False,False,False
exact_87df88cc9f0f42e0,alps4141::alps_98c061f8a845_to_Equation2,1,alps4141,alps4141::alps_98c061f8a845_to_Equation2,memory_limit,resource_exhausted,resource_exhausted,False,False,False
exact_dd034570b22aa329,alps4141::alps_81b6020778af_to_Equation2,1,alps4141,alps4141::alps_81b6020778af_to_Equation2,memory_limit,resource_exhausted,resource_exhausted,False,False,False
exact_1e1c3229d7cd9c4d,alps4141::alps_5a1d4edc2d0a_to_Equation2,1,alps4141,alps4141::alps_5a1d4edc2d0a_to_Equation2,memory_limit,resource_exhausted,resource_exhausted,False,False,False
exact_288a35250d034430,alps4141::alps_e00b2be726c7_to_Equation2,1,alps4141,alps4141::alps_e00b2be726c7_to_Equation2,memory_limit,resource_exhausted,resource_exhausted,False,False,False
exact_7ddb37dfd091b248,alps4141::alps_d3a4050c793c_to_Equation2,1,alps4141,alps4141::alps_d3a4050c793c_to_Equation2,memory_limit,resource_exhausted,resource_exhausted,False,False,False
exact_9032481dbb2990a3,alps4141::alps_ebb4c10372ae_to_Equation2,1,alps4141,alps4141::alps_ebb4c10372ae_to_Equation2,resource_exhausted,resource_exhausted,resource_exhausted,False,False,False
exact_0a4cefd3b8a3ed7a,alps4141::alps_7331fa8bfd86_to_Equation2,1,alps4141,alps4141::alps_7331fa8bfd86_to_Equation2,memory_limit,resource_exhausted,resource_exhausted,False,False,False
exact_ffdb5a4be05c95a7,alps4141::alps_e01a4e96cb4f_to_Equation2,1,alps4141,alps4141::alps_e01a4e96cb4f_to_Equation2,memory_limit,resource_exhausted,resource_exhausted,False,False,False
exact_5ae2a17cadab5dfb,alps4141::alps_77fcf562d6c4_to_Equation2,1,alps4141,alps4141::alps_77fcf562d6c4_to_Equation2,memory_limit,resource_exhausted,resource_exhausted,False,False,False
exact_1b6aff7724fa0189,alps4141::alps_bdb197250a82_to_Equation2,1,alps4141,alps4141::alps_bdb197250a82_to_Equation2,memory_limit,resource_exhausted,resource_exhausted,False,False,False
exact_3caefc8ed15a8658,alps4141::alps_07dae9c1edf4_to_Equation2,1,alps4141,alps4141::alps_07dae9c1edf4_to_Equation2,memory_limit,resource_exhausted,resource_exhausted,False,False,False
exact_34102b0d0a970bc3,alps4141::alps_d4e371f659a3_to_Equation2,1,alps4141,alps4141::alps_d4e371f659a3_to_Equation2,memory_limit,resource_exhausted,resource_exhausted,False,False,False
exact_e2c2b3a65f352723,alps4141::alps_69f341a6fc1e_to_Equation2,1,alps4141,alps4141::alps_69f341a6fc1e_to_Equation2,memory_limit,resource_exhausted,resource_exhausted,False,False,False
exact_28f055c0684aada2,alps4141::alps_53126a0188e9_to_Equation2,1,alps4141,alps4141::alps_53126a0188e9_to_Equation2,memory_limit,resource_exhausted,resource_exhausted,False,False,False
exact_8cac2b8c43406e6a,alps4141::alps_1c6e56b7e96e_to_Equation2,1,alps4141,alps4141::alps_1c6e56b7e96e_to_Equation2,memory_limit,resource_exhausted,resource_exhausted,False,False,False
exact_07445c16608468d0,alps4141::alps_21d691a2ec82_to_Equation2,1,alps4141,alps4141::alps_21d691a2ec82_to_Equation2,memory_limit,resource_exhausted,resource_exhausted,False,False,False
exact_a199629e50be3033,alps4141::alps_334987aca675_to_Equation2,1,alps4141,alps4141::alps_334987aca675_to_Equation2,memory_limit,resource_exhausted,resource_exhausted,False,False,False
exact_3f575ed675e3b5c9,alps4141::alps_c1fc336524a4_to_Equation2,1,alps4141,alps4141::alps_c1fc336524a4_to_Equation2,resource_exhausted,resource_exhausted,resource_exhausted,False,False,False
exact_fce6348ddc776498,alps4141::alps_3b22afcc8040_to_Equation2,1,alps4141,alps4141::alps_3b22afcc8040_to_Equation2,memory_limit,resource_exhausted,memory_limit,False,False,False
exact_f75ea8efd5fb24d5,alps4141::alps_1a4896021dc5_to_Equation2,1,alps4141,alps4141::alps_1a4896021dc5_to_Equation2,memory_limit,resource_exhausted,resource_exhausted,False,False,False
exact_2c798e5ad550f7f1,alps4141::alps_8626b4a5b338_to_Equation2,1,alps4141,alps4141::alps_8626b4a5b338_to_Equation2,resource_exhausted,resource_exhausted,theorem,True,False,False
exact_7736716e3619bec2,alps4141::alps_3d826194a944_to_Equation2,1,alps4141,alps4141::alps_3d826194a944_to_Equation2,memory_limit,resource_exhausted,resource_exhausted,False,False,False
exact_6bf5fd1334caf1dc,alps4141::alps_d340b60ca49f_to_Equation2,1,alps4141,alps4141::alps_d340b60ca49f_to_Equation2,memory_limit,resource_exhausted,resource_exhausted,False,False,False
exact_6e6232518a36cf6b,alps4141::alps_24fee88f84ee_to_Equation2,1,alps4141,alps4141::alps_24fee88f84ee_to_Equation2,resource_exhausted,resource_exhausted,resource_exhausted,False,False,False
exact_6afdd524a917c096,alps4141::alps_79e5732d2f7d_to_Equation2,1,alps4141,alps4141::alps_79e5732d2f7d_to_Equation2,memory_limit,resource_exhausted,resource_exhausted,False,False,False
exact_498a5eef877a37c8,alps4141::alps_9c5dadfcb7df_to_Equation2,1,alps4141,alps4141::alps_9c5dadfcb7df_to_Equation2,memory_limit,resource_exhausted,resource_exhausted,False,False,False
exact_de227e39b438eb7d,alps4141::alps_e9b0afe091a4_to_Equation2,1,alps4141,alps4141::alps_e9b0afe091a4_to_Equation2,memory_limit,resource_exhausted,resource_exhausted,False,False,False
exact_9cc7d3f6fbe5fa27,alps4141::alps_5cc3b4c39ed0_to_Equation2,1,alps4141,alps4141::alps_5cc3b4c39ed0_to_Equation2,memory_limit,resource_exhausted,resource_exhausted,False,False,False
exact_c2e7fada6ab8dc63,alps4141::alps_e4b10f99d585_to_Equation2,1,alps4141,alps4141::alps_e4b10f99d585_to_Equation2,memory_limit,resource_exhausted,resource_exhausted,False,False,False
exact_9ae578bc9d3e6946,alps4141::alps_4d938c3357b7_to_Equation2,1,alps4141,alps4141::alps_4d938c3357b7_to_Equation2,memory_limit,resource_exhausted,resource_exhausted,False,False,False
exact_642411d3d4e52210,alps4141::alps_29a38bb2683d_to_Equation2,1,alps4141,alps4141::alps_29a38bb2683d_to_Equation2,memory_limit,resource_exhausted,resource_exhausted,False,False,False
exact_9f7a19f463be01f3,alps4141::alps_b98a9930d8f2_to_Equation2,1,alps4141,alps4141::alps_b98a9930d8f2_to_Equation2,resource_exhausted,resource_exhausted,resource_exhausted,False,False,False
exact_cab51dbbb866fbd1,alps4141::alps_77c3116e1969_to_Equation2,1,alps4141,alps4141::alps_77c3116e1969_to_Equation2,memory_limit,resource_exhausted,resource_exhausted,False,False,False
exact_571934d06be234ac,alps4141::alps_2350fcc3c1f0_to_Equation2,1,alps4141,alps4141::alps_2350fcc3c1f0_to_Equation2,memory_limit,resource_exhausted,resource_exhausted,False,False,False
exact_d9108658c5b22476,alps4141::alps_86334693eb32_to_Equation2,1,alps4141,alps4141::alps_86334693eb32_to_Equation2,memory_limit,resource_exhausted,memory_limit,False,False,False
exact_999fe9a330b872bc,alps4141::alps_7f612b544d87_to_Equation2,1,alps4141,alps4141::alps_7f612b544d87_to_Equation2,resource_exhausted,resource_exhausted,resource_exhausted,False,False,False
exact_c612690be2299f01,alps4141::alps_02ca29b98f9c_to_Equation2,1,alps4141,alps4141::alps_02ca29b98f9c_to_Equation2,resource_exhausted,resource_exhausted,resource_exhausted,False,False,False
exact_75311a722202af34,alps4141::alps_c0e16ab180b1_to_Equation2,1,alps4141,alps4141::alps_c0e16ab180b1_to_Equation2,memory_limit,resource_exhausted,resource_exhausted,False,False,False
exact_20e8be2c8a6c4a70,alps4141::alps_e324e240b850_to_Equation2,1,alps4141,alps4141::alps_e324e240b850_to_Equation2,memory_limit,resource_exhausted,resource_exhausted,False,False,False
exact_633761dd372f86cd,alps4141::alps_3e9bde89cf9d_to_Equation2,1,alps4141,alps4141::alps_3e9bde89cf9d_to_Equation2,memory_limit,resource_exhausted,resource_exhausted,False,False,False
exact_b759727231816777,alps4141::alps_ad3e7888b66f_to_Equation2,1,alps4141,alps4141::alps_ad3e7888b66f_to_Equation2,memory_limit,resource_exhausted,memory_limit,False,False,False
exact_69b340bcd80a00a0,alps4141::alps_fb2a9dfa6dca_to_Equation2,1,alps4141,alps4141::alps_fb2a9dfa6dca_to_Equation2,memory_limit,resource_exhausted,resource_exhausted,False,False,False
exact_410ae43d0cc0a98b,alps4141::alps_5c51c636e873_to_Equation2,1,alps4141,alps4141::alps_5c51c636e873_to_Equation2,memory_limit,resource_exhausted,resource_exhausted,False,False,False
exact_7f6a58f883cac9d0,alps4141::alps_b0a7a31eb851_to_Equation2,1,alps4141,alps4141::alps_b0a7a31eb851_to_Equation2,resource_exhausted,resource_exhausted,resource_exhausted,False,False,False
exact_348936e3519efac6,alps4141::alps_17186a9af89b_to_Equation2,1,alps4141,alps4141::alps_17186a9af89b_to_Equation2,memory_limit,resource_exhausted,resource_exhausted,False,False,False
exact_096933e151065e94,alps4141::alps_6b12b56b3ce0_to_Equation2,1,alps4141,alps4141::alps_6b12b56b3ce0_to_Equation2,memory_limit,resource_exhausted,resource_exhausted,False,False,False
exact_f7a3796580915af4,alps4141::alps_df5b398261fb_to_Equation2,1,alps4141,alps4141::alps_df5b398261fb_to_Equation2,memory_limit,resource_exhausted,resource_exhausted,False,False,False
exact_32745b5522d26d2d,alps4141::alps_e53a8cc22779_to_Equation2,1,alps4141,alps4141::alps_e53a8cc22779_to_Equation2,resource_exhausted,resource_exhausted,resource_exhausted,False,False,False
exact_399d8b48080afe14,alps4141::alps_3caafc2b9e10_to_Equation2,1,alps4141,alps4141::alps_3caafc2b9e10_to_Equation2,resource_exhausted,resource_exhausted,resource_exhausted,False,False,False
exact_5ecd3f17d3b7a9bb,alps4141::alps_5869379771e2_to_Equation2,1,alps4141,alps4141::alps_5869379771e2_to_Equation2,memory_limit,resource_exhausted,resource_exhausted,False,False,False
exact_bc51098f38216f91,alps4141::alps_3e5a3ae4db28_to_Equation2,1,alps4141,alps4141::alps_3e5a3ae4db28_to_Equation2,memory_limit,resource_exhausted,resource_exhausted,False,False,False
exact_935ae55b6c2269e1,alps4141::alps_42af71fb68b8_to_Equation2,1,alps4141,alps4141::alps_42af71fb68b8_to_Equation2,memory_limit,resource_exhausted,memory_limit,False,False,False
exact_7b3657bbeec68968,alps4141::alps_2139db78c8ea_to_Equation2,1,alps4141,alps4141::alps_2139db78c8ea_to_Equation2,resource_exhausted,resource_exhausted,resource_exhausted,False,False,False
exact_28478f510ff1b9dc,alps4141::alps_9f67dc17a90a_to_Equation2,1,alps4141,alps4141::alps_9f67dc17a90a_to_Equation2,memory_limit,resource_exhausted,memory_limit,False,False,False
exact_09fe3f0dd9ba692a,alps4141::alps_202a78ff60b9_to_Equation2,1,alps4141,alps4141::alps_202a78ff60b9_to_Equation2,memory_limit,resource_exhausted,memory_limit,False,False,False
exact_22daefcd01a5e7f4,alps4141::alps_d7c135ffe584_to_Equation2,1,alps4141,alps4141::alps_d7c135ffe584_to_Equation2,resource_exhausted,resource_exhausted,resource_exhausted,False,False,False
exact_b7b0dec28ca9c09c,alps4141::alps_dcfabfb26e57_to_Equation2,1,alps4141,alps4141::alps_dcfabfb26e57_to_Equation2,memory_limit,resource_exhausted,resource_exhausted,False,False,False
exact_5f17a2bc51c11537,alps4141::alps_9a39c7a6f5c0_to_Equation2,1,alps4141,alps4141::alps_9a39c7a6f5c0_to_Equation2,memory_limit,resource_exhausted,resource_exhausted,False,False,False
exact_a0259431d809afc4,alps4141::alps_f1ef98ed488a_to_Equation2,1,alps4141,alps4141::alps_f1ef98ed488a_to_Equation2,memory_limit,resource_exhausted,resource_exhausted,False,False,False
exact_b06276157d52f4df,alps4141::alps_8cf6d48b4b45_to_Equation2,1,alps4141,alps4141::alps_8cf6d48b4b45_to_Equation2,memory_limit,resource_exhausted,resource_exhausted,False,False,False
exact_5c4a21a4a96c3452,alps4141::alps_68d817e87fce_to_Equation2,1,alps4141,alps4141::alps_68d817e87fce_to_Equation2,memory_limit,resource_exhausted,resource_exhausted,False,False,False
exact_6755aa2654ccf6a0,alps4141::alps_6cdeb75f1b09_to_Equation2,1,alps4141,alps4141::alps_6cdeb75f1b09_to_Equation2,resource_exhausted,resource_exhausted,resource_exhausted,False,False,False
exact_8e512b2d639dab19,alps4141::alps_d577661fb455_to_Equation2,1,alps4141,alps4141::alps_d577661fb455_to_Equation2,memory_limit,resource_exhausted,resource_exhausted,False,False,False
exact_540b2f9df38d6657,alps4141::alps_0168e8f5b473_to_Equation2,1,alps4141,alps4141::alps_0168e8f5b473_to_Equation2,memory_limit,resource_exhausted,resource_exhausted,False,False,False
exact_2efb82ed5060c00a,austin96::order5_austin_unknown_E40909_to_E2,2,alps4141+austin96,austin96::order5_austin_unknown_E40909_to_E2 | alps4141::alps_ef8ed96e525e_to_Equation2,memory_limit,resource_exhausted,memory_limit,False,False,False
exact_bcbc93f012dda352,austin96::order5_austin_unknown_E40914_to_E2,2,alps4141+austin96,austin96::order5_austin_unknown_E40914_to_E2 | alps4141::alps_1c0b64ba253c_to_Equation2,resource_exhausted,resource_exhausted,resource_exhausted,False,False,False
exact_4a16ef308678d8cc,austin96::order5_austin_unknown_E40917_to_E2,1,austin96,austin96::order5_austin_unknown_E40917_to_E2,memory_limit,resource_exhausted,memory_limit,False,False,False
exact_d415c9c0cefe644d,alps4141::alps_5669778a6eac_to_Equation2,1,alps4141,alps4141::alps_5669778a6eac_to_Equation2,memory_limit,resource_exhausted,resource_exhausted,False,False,False
exact_e0333708be024740,alps4141::alps_9444d04ef084_to_Equation2,1,alps4141,alps4141::alps_9444d04ef084_to_Equation2,memory_limit,resource_exhausted,resource_exhausted,False,False,False
exact_1e6b15a7f6238ef6,alps4141::alps_de56925acf86_to_Equation2,1,alps4141,alps4141::alps_de56925acf86_to_Equation2,memory_limit,resource_exhausted,resource_exhausted,False,False,False
exact_c0fb88b2d70bed54,austin96::order5_austin_unknown_E40951_to_E2,1,austin96,austin96::order5_austin_unknown_E40951_to_E2,memory_limit,resource_exhausted,resource_exhausted,False,False,False
exact_04ca348e845d167e,alps4141::alps_6a8cbdea75ab_to_Equation2,1,alps4141,alps4141::alps_6a8cbdea75ab_to_Equation2,memory_limit,resource_exhausted,memory_limit,False,False,False
exact_5b00e555bc99a34e,alps4141::alps_ebaaccf94f1e_to_Equation2,1,alps4141,alps4141::alps_ebaaccf94f1e_to_Equation2,memory_limit,resource_exhausted,resource_exhausted,False,False,False
exact_549c4bc466234670,alps4141::alps_321c957f313b_to_Equation2,1,alps4141,alps4141::alps_321c957f313b_to_Equation2,memory_limit,resource_exhausted,resource_exhausted,False,False,False
exact_a369c8e0c107fd7a,alps4141::alps_3ae79cc0f3bc_to_Equation2,1,alps4141,alps4141::alps_3ae79cc0f3bc_to_Equation2,memory_limit,resource_exhausted,resource_exhausted,False,False,False
exact_2160181083f14c51,alps4141::alps_d66056b22c67_to_Equation2,1,alps4141,alps4141::alps_d66056b22c67_to_Equation2,memory_limit,resource_exhausted,memory_limit,False,False,False
exact_8edbb0e3c1eddd63,alps4141::alps_9796edc3adb7_to_Equation2,1,alps4141,alps4141::alps_9796edc3adb7_to_Equation2,resource_exhausted,resource_exhausted,resource_exhausted,False,False,False
exact_f12e240f744dc97a,alps4141::alps_54dbfa8686f7_to_Equation2,1,alps4141,alps4141::alps_54dbfa8686f7_to_Equation2,memory_limit,resource_exhausted,memory_limit,False,False,False
exact_bf96e64ca814a9d9,alps4141::alps_90e2775de5b3_to_Equation2,1,alps4141,alps4141::alps_90e2775de5b3_to_Equation2,memory_limit,resource_exhausted,memory_limit,False,False,False
exact_c8eec749f25b9c02,alps4141::alps_954786ddaf01_to_Equation2,1,alps4141,alps4141::alps_954786ddaf01_to_Equation2,memory_limit,resource_exhausted,resource_exhausted,False,False,False
exact_a101c45d3313d095,alps4141::alps_f5961a29b695_to_Equation2,1,alps4141,alps4141::alps_f5961a29b695_to_Equation2,resource_exhausted,resource_exhausted,resource_exhausted,False,False,False
exact_2956dcbba26f1801,alps4141::alps_adc5914ba21c_to_Equation2,1,alps4141,alps4141::alps_adc5914ba21c_to_Equation2,memory_limit,resource_exhausted,memory_limit,False,False,False
exact_8ed467a0e55c75b1,alps4141::alps_ca436960d296_to_Equation2,1,alps4141,alps4141::alps_ca436960d296_to_Equation2,memory_limit,resource_exhausted,resource_exhausted,False,False,False
exact_3dddfb705441d439,alps4141::alps_473b748227b1_to_Equation2,1,alps4141,alps4141::alps_473b748227b1_to_Equation2,memory_limit,resource_exhausted,resource_exhausted,False,False,False
exact_b22f0f4596ffa185,alps4141::alps_32f630f5498f_to_Equation2,1,alps4141,alps4141::alps_32f630f5498f_to_Equation2,resource_exhausted,resource_exhausted,resource_exhausted,False,False,False
exact_e5f6ed54ebbf3443,alps4141::alps_db0a371877be_to_Equation2,1,alps4141,alps4141::alps_db0a371877be_to_Equation2,resource_exhausted,resource_exhausted,resource_exhausted,False,False,False
exact_22d069ae5a903630,alps4141::alps_8f32e7288c99_to_Equation2,1,alps4141,alps4141::alps_8f32e7288c99_to_Equation2,resource_exhausted,resource_exhausted,resource_exhausted,False,False,False
exact_ea69947cd0afb68e,alps4141::alps_87dd12eefbff_to_Equation2,1,alps4141,alps4141::alps_87dd12eefbff_to_Equation2,resource_exhausted,resource_exhausted,resource_exhausted,False,False,False
exact_4a18071ae5806f40,alps4141::alps_e686da9a4075_to_Equation2,1,alps4141,alps4141::alps_e686da9a4075_to_Equation2,memory_limit,resource_exhausted,memory_limit,False,False,False
exact_ee26263c5c6ffaf2,alps4141::alps_f1cdcb1eb5af_to_Equation2,1,alps4141,alps4141::alps_f1cdcb1eb5af_to_Equation2,resource_exhausted,resource_exhausted,resource_exhausted,False,False,False
exact_b1e434bf54d80705,alps4141::alps_59bee21f0bc6_to_Equation2,1,alps4141,alps4141::alps_59bee21f0bc6_to_Equation2,memory_limit,resource_exhausted,resource_exhausted,False,False,False
exact_deadf6e9e9052a45,alps4141::alps_85b324b1469c_to_Equation2,1,alps4141,alps4141::alps_85b324b1469c_to_Equation2,memory_limit,resource_exhausted,resource_exhausted,False,False,False
exact_57919649480673ba,alps4141::alps_d69d1fc5e354_to_Equation2,1,alps4141,alps4141::alps_d69d1fc5e354_to_Equation2,memory_limit,resource_exhausted,memory_limit,False,False,False
exact_057df7195f18965e,alps4141::alps_5c8ef576c2ad_to_Equation2,1,alps4141,alps4141::alps_5c8ef576c2ad_to_Equation2,memory_limit,resource_exhausted,memory_limit,False,False,False
exact_90852f0174216c9b,alps4141::alps_96eef6d62dc2_to_Equation2,1,alps4141,alps4141::alps_96eef6d62dc2_to_Equation2,memory_limit,resource_exhausted,memory_limit,False,False,False
exact_68da8f68cc3e7f75,alps4141::alps_188b58397753_to_Equation2,1,alps4141,alps4141::alps_188b58397753_to_Equation2,memory_limit,resource_exhausted,memory_limit,False,False,False
exact_5ea22a52b138452f,alps4141::alps_5d8ac15664dc_to_Equation2,1,alps4141,alps4141::alps_5d8ac15664dc_to_Equation2,memory_limit,resource_exhausted,memory_limit,False,False,False
exact_1c353c3ac8862ff7,alps4141::alps_5ad8d56ae64e_to_Equation2,1,alps4141,alps4141::alps_5ad8d56ae64e_to_Equation2,memory_limit,resource_exhausted,memory_limit,False,False,False
exact_03a07d17447b705b,alps4141::alps_49f75e163ba2_to_Equation2,1,alps4141,alps4141::alps_49f75e163ba2_to_Equation2,memory_limit,resource_exhausted,memory_limit,False,False,False
exact_0cb1698131d77751,alps4141::alps_f7eace621855_to_Equation2,1,alps4141,alps4141::alps_f7eace621855_to_Equation2,memory_limit,resource_exhausted,memory_limit,False,False,False
exact_ba4f1c13a921b572,alps4141::alps_2afecda2745a_to_Equation2,1,alps4141,alps4141::alps_2afecda2745a_to_Equation2,resource_exhausted,resource_exhausted,resource_exhausted,False,False,False
exact_efbaaaeba3890ef9,alps4141::alps_4d25a4f57d20_to_Equation2,1,alps4141,alps4141::alps_4d25a4f57d20_to_Equation2,memory_limit,resource_exhausted,resource_exhausted,False,False,False
exact_9bbcc23de7b7995e,alps4141::alps_c0dbbdacab13_to_Equation2,1,alps4141,alps4141::alps_c0dbbdacab13_to_Equation2,memory_limit,resource_exhausted,resource_exhausted,False,False,False
exact_7be8579d49b334fa,alps4141::alps_936afa69581d_to_Equation2,1,alps4141,alps4141::alps_936afa69581d_to_Equation2,resource_exhausted,resource_exhausted,memory_limit,False,False,False
exact_73ba006729331107,alps4141::alps_3694edcf9f48_to_Equation2,1,alps4141,alps4141::alps_3694edcf9f48_to_Equation2,memory_limit,resource_exhausted,resource_exhausted,False,False,False
exact_a1ce9cf7d7da836c,alps4141::alps_dbc4ea393f2a_to_Equation2,1,alps4141,alps4141::alps_dbc4ea393f2a_to_Equation2,memory_limit,resource_exhausted,memory_limit,False,False,False
exact_1a2755544d663565,alps4141::alps_855b255bd4b9_to_Equation2,1,alps4141,alps4141::alps_855b255bd4b9_to_Equation2,memory_limit,resource_exhausted,resource_exhausted,False,False,False
exact_8ff1842834282916,alps4141::alps_2084557676b5_to_Equation2,1,alps4141,alps4141::alps_2084557676b5_to_Equation2,memory_limit,resource_exhausted,resource_exhausted,False,False,False
exact_c02085631532566e,alps4141::alps_38708b9950cf_to_Equation2,1,alps4141,alps4141::alps_38708b9950cf_to_Equation2,memory_limit,resource_exhausted,resource_exhausted,False,False,False
exact_d764fd983a4d9f10,alps4141::alps_62659cee6708_to_Equation2,1,alps4141,alps4141::alps_62659cee6708_to_Equation2,memory_limit,resource_exhausted,memory_limit,False,False,False
exact_de3f33a125b315a3,alps4141::alps_8bee91f2a326_to_Equation2,1,alps4141,alps4141::alps_8bee91f2a326_to_Equation2,memory_limit,resource_exhausted,resource_exhausted,False,False,False
exact_51db8d2904dccbda,alps4141::alps_70284e1a1ef4_to_Equation2,1,alps4141,alps4141::alps_70284e1a1ef4_to_Equation2,memory_limit,resource_exhausted,memory_limit,False,False,False
exact_ff5f9fb50531d0ff,alps4141::alps_c8b15eed91f4_to_Equation2,1,alps4141,alps4141::alps_c8b15eed91f4_to_Equation2,memory_limit,resource_exhausted,resource_exhausted,False,False,False
exact_c1e2c99e95c94256,alps4141::alps_ce2be37e2cf7_to_Equation2,1,alps4141,alps4141::alps_ce2be37e2cf7_to_Equation2,memory_limit,resource_exhausted,resource_exhausted,False,False,False
exact_5ab35cb795db137f,alps4141::alps_8b019e4e1824_to_Equation2,1,alps4141,alps4141::alps_8b019e4e1824_to_Equation2,theorem,theorem,theorem,True,False,False
exact_b04331e90bbccf3d,alps4141::alps_9c22dfbeb929_to_Equation2,1,alps4141,alps4141::alps_9c22dfbeb929_to_Equation2,memory_limit,resource_exhausted,resource_exhausted,False,False,False
exact_5a188d51eac5dad8,alps4141::alps_8aa216aa1b27_to_Equation2,1,alps4141,alps4141::alps_8aa216aa1b27_to_Equation2,resource_exhausted,resource_exhausted,resource_exhausted,False,False,False
exact_3b70d0ad6466c278,alps4141::alps_3d4358af0145_to_Equation2,1,alps4141,alps4141::alps_3d4358af0145_to_Equation2,completed_no_decisive_result,resource_exhausted,memory_limit,False,False,False
exact_4b5209b602e7c9cd,alps4141::alps_53d23875b0c3_to_Equation2,1,alps4141,alps4141::alps_53d23875b0c3_to_Equation2,memory_limit,resource_exhausted,memory_limit,False,False,False
exact_9824ac5a99f8b64f,alps4141::alps_00a53c24b102_to_Equation2,1,alps4141,alps4141::alps_00a53c24b102_to_Equation2,resource_exhausted,resource_exhausted,memory_limit,False,False,False
exact_7fcc4b74b797eeda,alps4141::alps_8a2cb4853b85_to_Equation2,1,alps4141,alps4141::alps_8a2cb4853b85_to_Equation2,memory_limit,resource_exhausted,resource_exhausted,False,False,False
exact_d5b47e0efe82025b,alps4141::alps_bb7d1e09f4e4_to_Equation2,1,alps4141,alps4141::alps_bb7d1e09f4e4_to_Equation2,completed_no_decisive_result,resource_exhausted,memory_limit,False,False,False
exact_16b6b5fdfbfd9552,alps4141::alps_d6f067098ae5_to_Equation2,1,alps4141,alps4141::alps_d6f067098ae5_to_Equation2,memory_limit,resource_exhausted,resource_exhausted,False,False,False
exact_ada8a981f4e82b2f,alps4141::alps_7eafbc7021ee_to_Equation2,1,alps4141,alps4141::alps_7eafbc7021ee_to_Equation2,memory_limit,resource_exhausted,memory_limit,False,False,False
exact_1cf46c051cb83725,alps4141::alps_10ff545ea65c_to_Equation2,1,alps4141,alps4141::alps_10ff545ea65c_to_Equation2,memory_limit,resource_exhausted,memory_limit,False,False,False
exact_102ee88c7b339ce5,alps4141::alps_d1c4900aba84_to_Equation2,1,alps4141,alps4141::alps_d1c4900aba84_to_Equation2,memory_limit,resource_exhausted,memory_limit,False,False,False
exact_864df2017effccc8,alps4141::alps_596e0a5ce60b_to_Equation2,1,alps4141,alps4141::alps_596e0a5ce60b_to_Equation2,memory_limit,resource_exhausted,memory_limit,False,False,False
exact_3bdd1544be974aeb,alps4141::alps_cd2dda6de112_to_Equation2,1,alps4141,alps4141::alps_cd2dda6de112_to_Equation2,memory_limit,resource_exhausted,memory_limit,False,False,False
exact_8e2ceb016fcf8f85,alps4141::alps_d7dc36a4ccd0_to_Equation2,1,alps4141,alps4141::alps_d7dc36a4ccd0_to_Equation2,resource_exhausted,resource_exhausted,resource_exhausted,False,False,False
exact_96ff67666f42ba48,alps4141::alps_cb5eb3a9ae24_to_Equation2,1,alps4141,alps4141::alps_cb5eb3a9ae24_to_Equation2,memory_limit,resource_exhausted,resource_exhausted,False,False,False
exact_1ea2dcbd27f5cb5b,alps4141::alps_da73a36f44c5_to_Equation2,1,alps4141,alps4141::alps_da73a36f44c5_to_Equation2,memory_limit,resource_exhausted,resource_exhausted,False,False,False
exact_c025c61f93aa7eeb,alps4141::alps_9ee1f95fe5a3_to_Equation2,1,alps4141,alps4141::alps_9ee1f95fe5a3_to_Equation2,memory_limit,resource_exhausted,resource_exhausted,False,False,False
exact_64417ff37d381a78,alps4141::alps_b440115ebe88_to_Equation2,1,alps4141,alps4141::alps_b440115ebe88_to_Equation2,memory_limit,resource_exhausted,memory_limit,False,False,False
exact_541ae0d297fd92bf,alps4141::alps_59604d7dae9a_to_Equation2,1,alps4141,alps4141::alps_59604d7dae9a_to_Equation2,memory_limit,resource_exhausted,memory_limit,False,False,False
exact_44384f2c9795b863,alps4141::alps_ec0ca3853593_to_Equation2,1,alps4141,alps4141::alps_ec0ca3853593_to_Equation2,memory_limit,resource_exhausted,memory_limit,False,False,False
exact_6c37303d1b8dfb02,alps4141::alps_2d54380c54d4_to_Equation2,1,alps4141,alps4141::alps_2d54380c54d4_to_Equation2,memory_limit,resource_exhausted,memory_limit,False,False,False
exact_a148a32141eb543a,alps4141::alps_af064d4af4dc_to_Equation2,1,alps4141,alps4141::alps_af064d4af4dc_to_Equation2,memory_limit,resource_exhausted,memory_limit,False,False,False
exact_5130582fc2c2a99f,alps4141::alps_726975c0e595_to_Equation2,1,alps4141,alps4141::alps_726975c0e595_to_Equation2,memory_limit,resource_exhausted,resource_exhausted,False,False,False
exact_ca5d4d5f7a6872a2,alps4141::alps_de1404bdc4ca_to_Equation2,1,alps4141,alps4141::alps_de1404bdc4ca_to_Equation2,memory_limit,resource_exhausted,resource_exhausted,False,False,False
exact_c2bdac3e24ee7343,alps4141::alps_c0edffe34979_to_Equation2,1,alps4141,alps4141::alps_c0edffe34979_to_Equation2,memory_limit,resource_exhausted,memory_limit,False,False,False
exact_1d64a7c6819f6936,alps4141::alps_f120024973cb_to_Equation2,1,alps4141,alps4141::alps_f120024973cb_to_Equation2,memory_limit,resource_exhausted,memory_limit,False,False,False
exact_9e19cf9c376a52b1,alps4141::alps_ce2c47bbe89a_to_Equation2,1,alps4141,alps4141::alps_ce2c47bbe89a_to_Equation2,memory_limit,resource_exhausted,resource_exhausted,False,False,False
exact_b6d28c89e01279de,alps4141::alps_0af839ed4f16_to_Equation2,1,alps4141,alps4141::alps_0af839ed4f16_to_Equation2,memory_limit,resource_exhausted,memory_limit,False,False,False
exact_894087173260e2d3,alps4141::alps_f5739bb6ee85_to_Equation2,1,alps4141,alps4141::alps_f5739bb6ee85_to_Equation2,memory_limit,resource_exhausted,memory_limit,False,False,False
exact_54bfc92944aeae78,alps4141::alps_7f93d3e7674f_to_Equation2,1,alps4141,alps4141::alps_7f93d3e7674f_to_Equation2,memory_limit,resource_exhausted,resource_exhausted,False,False,False
exact_3abf9dd6a4ca261f,alps4141::alps_de5a659b4657_to_Equation2,1,alps4141,alps4141::alps_de5a659b4657_to_Equation2,memory_limit,resource_exhausted,resource_exhausted,False,False,False
exact_94f255b38a895e9e,alps4141::alps_af50264eab5e_to_Equation2,1,alps4141,alps4141::alps_af50264eab5e_to_Equation2,memory_limit,resource_exhausted,resource_exhausted,False,False,False
exact_21a303ec4e18b447,alps4141::alps_e9f0267af353_to_Equation2,1,alps4141,alps4141::alps_e9f0267af353_to_Equation2,memory_limit,resource_exhausted,memory_limit,False,False,False
exact_cc44bc8463ab9718,alps4141::alps_20afd6105b8d_to_Equation2,1,alps4141,alps4141::alps_20afd6105b8d_to_Equation2,memory_limit,resource_exhausted,memory_limit,False,False,False
exact_f2185f2d01d7aa8b,alps4141::alps_a08ea3612708_to_Equation2,1,alps4141,alps4141::alps_a08ea3612708_to_Equation2,memory_limit,resource_exhausted,memory_limit,False,False,False
exact_04934351f120a46b,alps4141::alps_f8fe49ab8dc8_to_Equation2,1,alps4141,alps4141::alps_f8fe49ab8dc8_to_Equation2,memory_limit,resource_exhausted,memory_limit,False,False,False
exact_93eb65d6d93ec167,alps4141::alps_bfc1aee214b8_to_Equation2,1,alps4141,alps4141::alps_bfc1aee214b8_to_Equation2,memory_limit,resource_exhausted,memory_limit,False,False,False
exact_416061e437ca6b9d,alps4141::alps_48259a099940_to_Equation2,1,alps4141,alps4141::alps_48259a099940_to_Equation2,memory_limit,resource_exhausted,memory_limit,False,False,False
exact_da313dac7cd15543,alps4141::alps_a6d43f83dfc5_to_Equation2,1,alps4141,alps4141::alps_a6d43f83dfc5_to_Equation2,resource_exhausted,resource_exhausted,memory_limit,False,False,False
exact_7e1bfbb07017f986,alps4141::alps_4dd7bec89c6b_to_Equation2,1,alps4141,alps4141::alps_4dd7bec89c6b_to_Equation2,memory_limit,resource_exhausted,resource_exhausted,False,False,False
exact_678edd1cf69b793b,alps4141::alps_57952d93f03f_to_Equation2,1,alps4141,alps4141::alps_57952d93f03f_to_Equation2,resource_exhausted,resource_exhausted,memory_limit,False,False,False
exact_d887097aa0a1be70,alps4141::alps_543673d787b6_to_Equation2,1,alps4141,alps4141::alps_543673d787b6_to_Equation2,memory_limit,resource_exhausted,memory_limit,False,False,False
exact_7d23c7246afe4b2b,alps4141::alps_f1c8df375339_to_Equation2,1,alps4141,alps4141::alps_f1c8df375339_to_Equation2,memory_limit,resource_exhausted,memory_limit,False,False,False
exact_5be18285ea937ff8,alps4141::alps_1b947b0059fe_to_Equation2,1,alps4141,alps4141::alps_1b947b0059fe_to_Equation2,memory_limit,resource_exhausted,memory_limit,False,False,False
exact_a3f47974f35843ac,alps4141::alps_f2a0a4a9ebc1_to_Equation2,1,alps4141,alps4141::alps_f2a0a4a9ebc1_to_Equation2,memory_limit,resource_exhausted,memory_limit,False,False,False
exact_f94bf8b7264a4955,alps4141::alps_9173a247c9c5_to_Equation2,1,alps4141,alps4141::alps_9173a247c9c5_to_Equation2,memory_limit,resource_exhausted,memory_limit,False,False,False
exact_601375db8b4826ef,alps4141::alps_5d387dc08efa_to_Equation2,1,alps4141,alps4141::alps_5d387dc08efa_to_Equation2,memory_limit,resource_exhausted,memory_limit,False,False,False
exact_41be3e71e5b28bbe,alps4141::alps_457e61d6873e_to_Equation2,1,alps4141,alps4141::alps_457e61d6873e_to_Equation2,memory_limit,resource_exhausted,memory_limit,False,False,False
exact_cf22380b42c31c0c,alps4141::alps_2c323a3fdd14_to_Equation2,1,alps4141,alps4141::alps_2c323a3fdd14_to_Equation2,memory_limit,resource_exhausted,memory_limit,False,False,False
exact_80b38437761fb0dc,alps4141::alps_83beeb5bbf44_to_Equation2,1,alps4141,alps4141::alps_83beeb5bbf44_to_Equation2,completed_no_decisive_result,resource_exhausted,memory_limit,False,False,False
exact_2a7affc1e49ee191,alps4141::alps_be80a3684fb8_to_Equation2,1,alps4141,alps4141::alps_be80a3684fb8_to_Equation2,memory_limit,resource_exhausted,resource_exhausted,False,False,False
exact_b2bf9eaf8a02c0fd,alps4141::alps_0dd2a20ad099_to_Equation2,1,alps4141,alps4141::alps_0dd2a20ad099_to_Equation2,memory_limit,resource_exhausted,resource_exhausted,False,False,False
exact_19d51e6e903e49db,alps4141::alps_6464f8b99ccd_to_Equation2,1,alps4141,alps4141::alps_6464f8b99ccd_to_Equation2,memory_limit,resource_exhausted,resource_exhausted,False,False,False
exact_659abbc2d2b2accd,alps4141::alps_6825bd7d18e7_to_Equation2,1,alps4141,alps4141::alps_6825bd7d18e7_to_Equation2,memory_limit,resource_exhausted,memory_limit,False,False,False
exact_a04905dd63431d0d,alps4141::alps_4f1c99427eee_to_Equation2,1,alps4141,alps4141::alps_4f1c99427eee_to_Equation2,memory_limit,resource_exhausted,memory_limit,False,False,False
exact_e7561b046214bfec,alps4141::alps_4ae83eac57c8_to_Equation2,1,alps4141,alps4141::alps_4ae83eac57c8_to_Equation2,completed_no_decisive_result,resource_exhausted,memory_limit,False,False,False
exact_42b3fcaf250dd730,alps4141::alps_c4e7d4843760_to_Equation2,1,alps4141,alps4141::alps_c4e7d4843760_to_Equation2,resource_exhausted,resource_exhausted,resource_exhausted,False,False,False
exact_f0795637af58e5ea,alps4141::alps_8f881756de91_to_Equation2,1,alps4141,alps4141::alps_8f881756de91_to_Equation2,memory_limit,resource_exhausted,resource_exhausted,False,False,False
exact_6a3dac573576392f,alps4141::alps_fc6bca1e72b5_to_Equation2,1,alps4141,alps4141::alps_fc6bca1e72b5_to_Equation2,memory_limit,resource_exhausted,memory_limit,False,False,False
exact_688276b05a5c72af,alps4141::alps_92b88400ef54_to_Equation2,1,alps4141,alps4141::alps_92b88400ef54_to_Equation2,memory_limit,resource_exhausted,memory_limit,False,False,False
exact_72e657e3f862806b,alps4141::alps_39edad141359_to_Equation2,1,alps4141,alps4141::alps_39edad141359_to_Equation2,memory_limit,resource_exhausted,memory_limit,False,False,False
exact_7f1004e7fc1659fa,alps4141::alps_4d26aab14b76_to_Equation2,1,alps4141,alps4141::alps_4d26aab14b76_to_Equation2,memory_limit,resource_exhausted,memory_limit,False,False,False
exact_e3b6a6789e604fec,alps4141::alps_4b4db861d8cd_to_Equation2,1,alps4141,alps4141::alps_4b4db861d8cd_to_Equation2,completed_no_decisive_result,resource_exhausted,memory_limit,False,False,False
exact_966f9926c1ae565b,generality34::order5_known_austin10_E41082_to_E2,1,generality34,generality34::order5_known_austin10_E41082_to_E2,completed_no_decisive_result,completed_no_proof,counter_satisfiable,False,True,False
exact_e9ea8d481d25bead,alps4141::alps_e6f5c3d0b61b_to_Equation2,1,alps4141,alps4141::alps_e6f5c3d0b61b_to_Equation2,memory_limit,resource_exhausted,memory_limit,False,False,False
exact_997103e5e61be5bb,alps4141::alps_62869252e301_to_Equation2,1,alps4141,alps4141::alps_62869252e301_to_Equation2,memory_limit,resource_exhausted,resource_exhausted,False,False,False
exact_3818fd4224847adc,alps4141::alps_54eca13724e0_to_Equation2,1,alps4141,alps4141::alps_54eca13724e0_to_Equation2,memory_limit,resource_exhausted,resource_exhausted,False,False,False
exact_a60b38aa015c5da8,alps4141::alps_452fe96fa72d_to_Equation2,1,alps4141,alps4141::alps_452fe96fa72d_to_Equation2,resource_exhausted,resource_exhausted,resource_exhausted,False,False,False
exact_9e1e5ed1005d3d6a,alps4141::alps_529bb81de33e_to_Equation2,1,alps4141,alps4141::alps_529bb81de33e_to_Equation2,resource_exhausted,resource_exhausted,resource_exhausted,False,False,False
exact_2143d9148c8e569c,alps4141::alps_834cb9c4e6b2_to_Equation2,1,alps4141,alps4141::alps_834cb9c4e6b2_to_Equation2,resource_exhausted,resource_exhausted,resource_exhausted,False,False,False
exact_670138214045128b,alps4141::alps_0c699b84eec8_to_Equation2,1,alps4141,alps4141::alps_0c699b84eec8_to_Equation2,memory_limit,resource_exhausted,resource_exhausted,False,False,False
exact_2ebeb71dd00c0548,alps4141::alps_4c95967f6b39_to_Equation2,1,alps4141,alps4141::alps_4c95967f6b39_to_Equation2,memory_limit,resource_exhausted,resource_exhausted,False,False,False
exact_c934611427753bc7,alps4141::alps_fecd0713dd64_to_Equation2,1,alps4141,alps4141::alps_fecd0713dd64_to_Equation2,memory_limit,resource_exhausted,resource_exhausted,False,False,False
exact_b176250bf5752fd4,alps4141::alps_3366cbced5f6_to_Equation2,1,alps4141,alps4141::alps_3366cbced5f6_to_Equation2,resource_exhausted,resource_exhausted,theorem,True,False,False
exact_966eaa3342e41a2d,alps4141::alps_b2d4795fab24_to_Equation2,1,alps4141,alps4141::alps_b2d4795fab24_to_Equation2,memory_limit,resource_exhausted,resource_exhausted,False,False,False
exact_915130b1bc266d29,alps4141::alps_1138cb530a6d_to_Equation2,1,alps4141,alps4141::alps_1138cb530a6d_to_Equation2,memory_limit,resource_exhausted,resource_exhausted,False,False,False
exact_eb3f03789b0b4c54,alps4141::alps_d286a86eb376_to_Equation2,1,alps4141,alps4141::alps_d286a86eb376_to_Equation2,memory_limit,resource_exhausted,resource_exhausted,False,False,False
exact_340e005447b0092b,alps4141::alps_ac9ac1d3e5b9_to_Equation2,1,alps4141,alps4141::alps_ac9ac1d3e5b9_to_Equation2,memory_limit,resource_exhausted,resource_exhausted,False,False,False
exact_51af96bc6abffa52,alps4141::alps_2174b5781b23_to_Equation2,1,alps4141,alps4141::alps_2174b5781b23_to_Equation2,memory_limit,resource_exhausted,resource_exhausted,False,False,False
exact_b0d58cad6d194047,alps4141::alps_417f32ff8173_to_Equation2,1,alps4141,alps4141::alps_417f32ff8173_to_Equation2,memory_limit,resource_exhausted,resource_exhausted,False,False,False
exact_929ee19aac791683,alps4141::alps_007d3d452b94_to_Equation2,1,alps4141,alps4141::alps_007d3d452b94_to_Equation2,memory_limit,resource_exhausted,resource_exhausted,False,False,False
exact_15e56f13ed16c095,alps4141::alps_8593ff8d8bbc_to_Equation2,1,alps4141,alps4141::alps_8593ff8d8bbc_to_Equation2,memory_limit,resource_exhausted,resource_exhausted,False,False,False
exact_29326a5d05e5c548,alps4141::alps_9e24b2dedfda_to_Equation2,1,alps4141,alps4141::alps_9e24b2dedfda_to_Equation2,memory_limit,resource_exhausted,resource_exhausted,False,False,False
exact_2dd1f72a1587108b,alps4141::alps_fc763d7ee3f6_to_Equation2,1,alps4141,alps4141::alps_fc763d7ee3f6_to_Equation2,memory_limit,resource_exhausted,resource_exhausted,False,False,False
exact_ca293280ab73c388,alps4141::alps_eca980b59607_to_Equation2,1,alps4141,alps4141::alps_eca980b59607_to_Equation2,memory_limit,resource_exhausted,resource_exhausted,False,False,False
exact_a2bf9ba9e06f3734,alps4141::alps_970a79d620d2_to_Equation2,1,alps4141,alps4141::alps_970a79d620d2_to_Equation2,memory_limit,resource_exhausted,memory_limit,False,False,False
exact_547ee2a947d050ad,alps4141::alps_3aa834dbbc6b_to_Equation2,1,alps4141,alps4141::alps_3aa834dbbc6b_to_Equation2,memory_limit,resource_exhausted,resource_exhausted,False,False,False
exact_e68c00922e253ea0,alps4141::alps_4d41b9466a30_to_Equation2,1,alps4141,alps4141::alps_4d41b9466a30_to_Equation2,memory_limit,resource_exhausted,resource_exhausted,False,False,False
exact_fc9532b7778a899b,alps4141::alps_df7890f4c54c_to_Equation2,1,alps4141,alps4141::alps_df7890f4c54c_to_Equation2,memory_limit,resource_exhausted,resource_exhausted,False,False,False
exact_7721c180d4494cb0,alps4141::alps_2543ea4d75ea_to_Equation2,1,alps4141,alps4141::alps_2543ea4d75ea_to_Equation2,memory_limit,resource_exhausted,resource_exhausted,False,False,False
exact_0d82873366f5cfef,alps4141::alps_5a6b57287d5f_to_Equation2,1,alps4141,alps4141::alps_5a6b57287d5f_to_Equation2,resource_exhausted,theorem,theorem,True,False,False
exact_a949d5962cadc4e0,alps4141::alps_4744e97a64ad_to_Equation2,1,alps4141,alps4141::alps_4744e97a64ad_to_Equation2,memory_limit,resource_exhausted,resource_exhausted,False,False,False
exact_3b6420d4c3fd5822,alps4141::alps_e7c5f5d34c5f_to_Equation2,1,alps4141,alps4141::alps_e7c5f5d34c5f_to_Equation2,memory_limit,resource_exhausted,resource_exhausted,False,False,False
exact_192b1489f7321ca6,alps4141::alps_b1e56eb11cdc_to_Equation2,1,alps4141,alps4141::alps_b1e56eb11cdc_to_Equation2,memory_limit,resource_exhausted,resource_exhausted,False,False,False
exact_2d5f8d1f82e78064,alps4141::alps_d00c4b2ba514_to_Equation2,1,alps4141,alps4141::alps_d00c4b2ba514_to_Equation2,memory_limit,resource_exhausted,resource_exhausted,False,False,False
exact_589f05b705642b2a,alps4141::alps_b2e6d0d6a91a_to_Equation2,1,alps4141,alps4141::alps_b2e6d0d6a91a_to_Equation2,memory_limit,resource_exhausted,resource_exhausted,False,False,False
exact_c27c843a7bfeaabc,alps4141::alps_9a4a13fa7775_to_Equation2,1,alps4141,alps4141::alps_9a4a13fa7775_to_Equation2,memory_limit,resource_exhausted,resource_exhausted,False,False,False
exact_b04383ccb4434659,alps4141::alps_c37888afb694_to_Equation2,1,alps4141,alps4141::alps_c37888afb694_to_Equation2,memory_limit,resource_exhausted,resource_exhausted,False,False,False
exact_ba1c50e65c246b8c,alps4141::alps_ac68bdda1a08_to_Equation2,1,alps4141,alps4141::alps_ac68bdda1a08_to_Equation2,resource_exhausted,resource_exhausted,resource_exhausted,False,False,False
exact_5eda421500f56a5b,alps4141::alps_afeb0623d47f_to_Equation2,1,alps4141,alps4141::alps_afeb0623d47f_to_Equation2,memory_limit,resource_exhausted,resource_exhausted,False,False,False
exact_23043ac67d03ac20,alps4141::alps_c4ad79847e75_to_Equation2,1,alps4141,alps4141::alps_c4ad79847e75_to_Equation2,memory_limit,resource_exhausted,resource_exhausted,False,False,False
exact_0363b79657342412,alps4141::alps_2f2a3c7596d4_to_Equation2,1,alps4141,alps4141::alps_2f2a3c7596d4_to_Equation2,memory_limit,resource_exhausted,resource_exhausted,False,False,False
exact_175ee0cb16b2ec57,alps4141::alps_7a29fc0e18f0_to_Equation2,1,alps4141,alps4141::alps_7a29fc0e18f0_to_Equation2,memory_limit,resource_exhausted,resource_exhausted,False,False,False
exact_f690717475090ec8,alps4141::alps_708d02d92851_to_Equation2,1,alps4141,alps4141::alps_708d02d92851_to_Equation2,memory_limit,resource_exhausted,resource_exhausted,False,False,False
exact_57ad59488d294ae7,alps4141::alps_e4cb06178496_to_Equation2,1,alps4141,alps4141::alps_e4cb06178496_to_Equation2,memory_limit,resource_exhausted,resource_exhausted,False,False,False
exact_463b50ef036911f7,alps4141::alps_4685b2a15ed2_to_Equation2,1,alps4141,alps4141::alps_4685b2a15ed2_to_Equation2,memory_limit,resource_exhausted,resource_exhausted,False,False,False
exact_1038203bf96f6aae,alps4141::alps_848233e3d068_to_Equation2,1,alps4141,alps4141::alps_848233e3d068_to_Equation2,memory_limit,resource_exhausted,resource_exhausted,False,False,False
exact_c0f1186f3d958143,alps4141::alps_12ee7391168f_to_Equation2,1,alps4141,alps4141::alps_12ee7391168f_to_Equation2,memory_limit,resource_exhausted,resource_exhausted,False,False,False
exact_09c9e236467adff0,alps4141::alps_ed50e68e62be_to_Equation2,1,alps4141,alps4141::alps_ed50e68e62be_to_Equation2,memory_limit,resource_exhausted,resource_exhausted,False,False,False
exact_53d5eb13e0698912,alps4141::alps_c61821bb8a08_to_Equation2,1,alps4141,alps4141::alps_c61821bb8a08_to_Equation2,memory_limit,resource_exhausted,resource_exhausted,False,False,False
exact_ade73fe9e9c9abe2,alps4141::alps_a11c45c66eae_to_Equation2,1,alps4141,alps4141::alps_a11c45c66eae_to_Equation2,memory_limit,resource_exhausted,resource_exhausted,False,False,False
exact_a341b2003dffce9c,alps4141::alps_dfac8b02cd68_to_Equation2,1,alps4141,alps4141::alps_dfac8b02cd68_to_Equation2,memory_limit,resource_exhausted,memory_limit,False,False,False
exact_9ccb2ca55efccb62,alps4141::alps_4cf0b633edba_to_Equation2,1,alps4141,alps4141::alps_4cf0b633edba_to_Equation2,memory_limit,resource_exhausted,resource_exhausted,False,False,False
exact_8e1ab8ec6e9df7a1,alps4141::alps_00ec8d391202_to_Equation2,1,alps4141,alps4141::alps_00ec8d391202_to_Equation2,memory_limit,resource_exhausted,resource_exhausted,False,False,False
exact_203c09ad593b32e9,alps4141::alps_234d0c418a5f_to_Equation2,1,alps4141,alps4141::alps_234d0c418a5f_to_Equation2,memory_limit,resource_exhausted,resource_exhausted,False,False,False
exact_c2026a855cdaef0f,alps4141::alps_2b977794b2b8_to_Equation2,1,alps4141,alps4141::alps_2b977794b2b8_to_Equation2,memory_limit,resource_exhausted,resource_exhausted,False,False,False
exact_f1f2a6a5f81f09d4,alps4141::alps_5e2667235f89_to_Equation2,1,alps4141,alps4141::alps_5e2667235f89_to_Equation2,memory_limit,resource_exhausted,resource_exhausted,False,False,False
exact_964dcd4223491157,austin96::order5_austin_unknown_E41179_to_E2,2,alps4141+austin96,austin96::order5_austin_unknown_E41179_to_E2 | alps4141::alps_65ea2cf821fc_to_Equation2,memory_limit,resource_exhausted,resource_exhausted,False,False,False
exact_b10751b88a631810,alps4141::alps_2105818320e0_to_Equation2,1,alps4141,alps4141::alps_2105818320e0_to_Equation2,memory_limit,resource_exhausted,resource_exhausted,False,False,False
exact_78ccdf3d6e4b5442,alps4141::alps_9f8e76fda024_to_Equation2,1,alps4141,alps4141::alps_9f8e76fda024_to_Equation2,memory_limit,resource_exhausted,resource_exhausted,False,False,False
exact_ce833ca60c91da0a,alps4141::alps_b3f62a598082_to_Equation2,1,alps4141,alps4141::alps_b3f62a598082_to_Equation2,memory_limit,resource_exhausted,resource_exhausted,False,False,False
exact_1f790bc180d48d2d,alps4141::alps_e17b72679b4b_to_Equation2,1,alps4141,alps4141::alps_e17b72679b4b_to_Equation2,memory_limit,resource_exhausted,memory_limit,False,False,False
exact_d2ed04b911be7319,alps4141::alps_24c85f5d4e5e_to_Equation2,1,alps4141,alps4141::alps_24c85f5d4e5e_to_Equation2,memory_limit,resource_exhausted,memory_limit,False,False,False
exact_fbeca03040e148b9,alps4141::alps_79728f28d53e_to_Equation2,1,alps4141,alps4141::alps_79728f28d53e_to_Equation2,memory_limit,resource_exhausted,memory_limit,False,False,False
exact_e40bffdc1bb247eb,alps4141::alps_657338193acb_to_Equation2,1,alps4141,alps4141::alps_657338193acb_to_Equation2,memory_limit,resource_exhausted,memory_limit,False,False,False
exact_3355ed84e51349f9,alps4141::alps_b84c8e2723a0_to_Equation2,1,alps4141,alps4141::alps_b84c8e2723a0_to_Equation2,memory_limit,resource_exhausted,resource_exhausted,False,False,False
exact_84b8dea7fb50488b,alps4141::alps_74ad5973d594_to_Equation2,1,alps4141,alps4141::alps_74ad5973d594_to_Equation2,memory_limit,resource_exhausted,resource_exhausted,False,False,False
exact_fc16e2b9a30f9baf,alps4141::alps_ed5b1b7c7a3f_to_Equation2,1,alps4141,alps4141::alps_ed5b1b7c7a3f_to_Equation2,memory_limit,resource_exhausted,memory_limit,False,False,False
exact_a30f0710f94ea138,alps4141::alps_7339a47dc3f6_to_Equation2,1,alps4141,alps4141::alps_7339a47dc3f6_to_Equation2,memory_limit,resource_exhausted,resource_exhausted,False,False,False
exact_289bb53c0eca475a,alps4141::alps_c38b8bfb5ce4_to_Equation2,1,alps4141,alps4141::alps_c38b8bfb5ce4_to_Equation2,memory_limit,resource_exhausted,resource_exhausted,False,False,False
exact_85b2ca43c061da29,alps4141::alps_d4038984ef37_to_Equation2,1,alps4141,alps4141::alps_d4038984ef37_to_Equation2,memory_limit,resource_exhausted,memory_limit,False,False,False
exact_f04f7058c0133b8d,alps4141::alps_81fdf572e329_to_Equation2,1,alps4141,alps4141::alps_81fdf572e329_to_Equation2,memory_limit,resource_exhausted,resource_exhausted,False,False,False
exact_dbbee4f2c273bb0e,alps4141::alps_ebb2fe026907_to_Equation2,1,alps4141,alps4141::alps_ebb2fe026907_to_Equation2,memory_limit,resource_exhausted,resource_exhausted,False,False,False
exact_f0532ebf976c47bd,alps4141::alps_976fb3a5f560_to_Equation2,1,alps4141,alps4141::alps_976fb3a5f560_to_Equation2,memory_limit,resource_exhausted,resource_exhausted,False,False,False
exact_9cb800b9805e346a,austin96::order5_austin_unknown_E41239_to_E2,2,alps4141+austin96,austin96::order5_austin_unknown_E41239_to_E2 | alps4141::alps_b053d2a06e12_to_Equation2,memory_limit,resource_exhausted,memory_limit,False,False,False
exact_2471301bd3500697,austin96::order5_austin_unknown_E41252_to_E2,1,austin96,austin96::order5_austin_unknown_E41252_to_E2,memory_limit,resource_exhausted,memory_limit,False,False,False
exact_f7820e9942425629,austin96::order5_austin_unknown_E41253_to_E2,2,alps4141+austin96,austin96::order5_austin_unknown_E41253_to_E2 | alps4141::alps_33e0f69d0242_to_Equation2,memory_limit,resource_exhausted,memory_limit,False,False,False
exact_b025fba410215ab1,alps4141::alps_99fdb19d22f2_to_Equation2,1,alps4141,alps4141::alps_99fdb19d22f2_to_Equation2,memory_limit,resource_exhausted,resource_exhausted,False,False,False
exact_b15ea626a9b91e53,alps4141::alps_e3d2e9596188_to_Equation2,1,alps4141,alps4141::alps_e3d2e9596188_to_Equation2,memory_limit,resource_exhausted,memory_limit,False,False,False
exact_f2e525446357a3f5,alps4141::alps_4685a49b2855_to_Equation2,1,alps4141,alps4141::alps_4685a49b2855_to_Equation2,resource_exhausted,resource_exhausted,resource_exhausted,False,False,False
exact_3135dc206b5955f6,alps4141::alps_d795f7e82cda_to_Equation2,1,alps4141,alps4141::alps_d795f7e82cda_to_Equation2,resource_exhausted,resource_exhausted,resource_exhausted,False,False,False
exact_75e97bc1231f67da,alps4141::alps_7777168b5125_to_Equation2,1,alps4141,alps4141::alps_7777168b5125_to_Equation2,resource_exhausted,resource_exhausted,resource_exhausted,False,False,False
exact_7ff62b49dfa6bbad,alps4141::alps_575a71178b8f_to_Equation2,1,alps4141,alps4141::alps_575a71178b8f_to_Equation2,memory_limit,resource_exhausted,resource_exhausted,False,False,False
exact_524770b5e46f3adc,alps4141::alps_5e23e57f5868_to_Equation2,1,alps4141,alps4141::alps_5e23e57f5868_to_Equation2,resource_exhausted,resource_exhausted,resource_exhausted,False,False,False
exact_bce150c11d3c454d,alps4141::alps_8f07abded7bd_to_Equation2,1,alps4141,alps4141::alps_8f07abded7bd_to_Equation2,resource_exhausted,resource_exhausted,resource_exhausted,False,False,False
exact_71461b7aa5b9d255,alps4141::alps_beb3a4082d1c_to_Equation2,1,alps4141,alps4141::alps_beb3a4082d1c_to_Equation2,memory_limit,resource_exhausted,memory_limit,False,False,False
exact_948c82c50ee34492,alps4141::alps_3e65153ab4c5_to_Equation2,1,alps4141,alps4141::alps_3e65153ab4c5_to_Equation2,resource_exhausted,resource_exhausted,resource_exhausted,False,False,False
exact_16964f7ff6182ad5,alps4141::alps_75baf8f53c4e_to_Equation2,1,alps4141,alps4141::alps_75baf8f53c4e_to_Equation2,memory_limit,resource_exhausted,resource_exhausted,False,False,False
exact_0946f3806bc285bd,alps4141::alps_707dcbab6176_to_Equation2,1,alps4141,alps4141::alps_707dcbab6176_to_Equation2,memory_limit,resource_exhausted,resource_exhausted,False,False,False
exact_81ada14aa2b6d7f9,alps4141::alps_db2de30ad65c_to_Equation2,1,alps4141,alps4141::alps_db2de30ad65c_to_Equation2,resource_exhausted,resource_exhausted,resource_exhausted,False,False,False
exact_89fb76d3ff8ea8fa,alps4141::alps_6eba0be502d9_to_Equation2,1,alps4141,alps4141::alps_6eba0be502d9_to_Equation2,resource_exhausted,resource_exhausted,resource_exhausted,False,False,False
exact_4e571ce8a6414966,alps4141::alps_3bb60f49b89e_to_Equation2,1,alps4141,alps4141::alps_3bb60f49b89e_to_Equation2,resource_exhausted,resource_exhausted,resource_exhausted,False,False,False
exact_9342c724f3b4b6de,alps4141::alps_57fba81eaf67_to_Equation2,1,alps4141,alps4141::alps_57fba81eaf67_to_Equation2,resource_exhausted,resource_exhausted,resource_exhausted,False,False,False
exact_93ca36570b7d7cd9,alps4141::alps_6a33c4ce8f4e_to_Equation2,1,alps4141,alps4141::alps_6a33c4ce8f4e_to_Equation2,resource_exhausted,resource_exhausted,resource_exhausted,False,False,False
exact_58f0b2fe0750ece9,alps4141::alps_d24506f5d4ec_to_Equation2,1,alps4141,alps4141::alps_d24506f5d4ec_to_Equation2,memory_limit,resource_exhausted,resource_exhausted,False,False,False
exact_251013b823487f64,alps4141::alps_faff456acd9b_to_Equation2,1,alps4141,alps4141::alps_faff456acd9b_to_Equation2,resource_exhausted,resource_exhausted,resource_exhausted,False,False,False
exact_30590df481d65e9e,alps4141::alps_e7e6c3e0aa3d_to_Equation2,1,alps4141,alps4141::alps_e7e6c3e0aa3d_to_Equation2,resource_exhausted,resource_exhausted,resource_exhausted,False,False,False
exact_e93c67421c3e5b33,alps4141::alps_6644ad9619e0_to_Equation2,1,alps4141,alps4141::alps_6644ad9619e0_to_Equation2,resource_exhausted,resource_exhausted,resource_exhausted,False,False,False
exact_858e84a7a624f2b6,alps4141::alps_32423cb18dcf_to_Equation2,1,alps4141,alps4141::alps_32423cb18dcf_to_Equation2,resource_exhausted,resource_exhausted,resource_exhausted,False,False,False
exact_1b81b5a6bc7150f7,alps4141::alps_787ae43ef02c_to_Equation2,1,alps4141,alps4141::alps_787ae43ef02c_to_Equation2,resource_exhausted,resource_exhausted,resource_exhausted,False,False,False
exact_25aa03c90cf1eea6,alps4141::alps_bab33d06b5f1_to_Equation2,1,alps4141,alps4141::alps_bab33d06b5f1_to_Equation2,memory_limit,resource_exhausted,resource_exhausted,False,False,False
exact_0caa695bbc33918e,alps4141::alps_4ec14b1b6de8_to_Equation2,1,alps4141,alps4141::alps_4ec14b1b6de8_to_Equation2,memory_limit,resource_exhausted,resource_exhausted,False,False,False
exact_692b63f99fdf2ea3,alps4141::alps_6ab3a981122b_to_Equation2,1,alps4141,alps4141::alps_6ab3a981122b_to_Equation2,resource_exhausted,resource_exhausted,resource_exhausted,False,False,False
exact_97f618bd03c82307,alps4141::alps_1d68375a1c3e_to_Equation2,1,alps4141,alps4141::alps_1d68375a1c3e_to_Equation2,memory_limit,resource_exhausted,resource_exhausted,False,False,False
exact_70790a333b5e009f,alps4141::alps_417b88167639_to_Equation2,1,alps4141,alps4141::alps_417b88167639_to_Equation2,resource_exhausted,resource_exhausted,resource_exhausted,False,False,False
exact_2cfc2892e6783c89,alps4141::alps_55a6ab1d5de3_to_Equation2,1,alps4141,alps4141::alps_55a6ab1d5de3_to_Equation2,memory_limit,resource_exhausted,resource_exhausted,False,False,False
exact_034bb8ed5b6c0c60,alps4141::alps_d8b9fce3006f_to_Equation2,1,alps4141,alps4141::alps_d8b9fce3006f_to_Equation2,memory_limit,resource_exhausted,memory_limit,False,False,False
exact_3a07e0518009f797,alps4141::alps_623d77321d7d_to_Equation2,1,alps4141,alps4141::alps_623d77321d7d_to_Equation2,memory_limit,resource_exhausted,memory_limit,False,False,False
exact_7617c1a3220eda24,alps4141::alps_394e4786ad26_to_Equation2,1,alps4141,alps4141::alps_394e4786ad26_to_Equation2,memory_limit,resource_exhausted,resource_exhausted,False,False,False
exact_7ae3b9fd6214cc89,alps4141::alps_984e35cd0eec_to_Equation2,1,alps4141,alps4141::alps_984e35cd0eec_to_Equation2,memory_limit,resource_exhausted,memory_limit,False,False,False
exact_2a95dc8df80db59c,alps4141::alps_882f1a6615b0_to_Equation2,1,alps4141,alps4141::alps_882f1a6615b0_to_Equation2,resource_exhausted,resource_exhausted,resource_exhausted,False,False,False
exact_9f00c8e10f005742,alps4141::alps_55c93d674b32_to_Equation2,1,alps4141,alps4141::alps_55c93d674b32_to_Equation2,memory_limit,resource_exhausted,resource_exhausted,False,False,False
exact_1ce18f95a2347ad2,alps4141::alps_dae743ec1702_to_Equation2,1,alps4141,alps4141::alps_dae743ec1702_to_Equation2,memory_limit,resource_exhausted,resource_exhausted,False,False,False
exact_3c3d6ee9531ee987,alps4141::alps_9f85380b1695_to_Equation2,1,alps4141,alps4141::alps_9f85380b1695_to_Equation2,memory_limit,resource_exhausted,memory_limit,False,False,False
exact_fd0040aa07cc040c,alps4141::alps_8446bd624130_to_Equation2,1,alps4141,alps4141::alps_8446bd624130_to_Equation2,memory_limit,resource_exhausted,resource_exhausted,False,False,False
exact_b97def18fb8b4b02,alps4141::alps_74202355d02b_to_Equation2,1,alps4141,alps4141::alps_74202355d02b_to_Equation2,completed_no_decisive_result,resource_exhausted,resource_exhausted,False,False,False
exact_78818754dd53e78c,alps4141::alps_24eb4247460d_to_Equation2,1,alps4141,alps4141::alps_24eb4247460d_to_Equation2,memory_limit,resource_exhausted,memory_limit,False,False,False
exact_5ca1470783d249b4,alps4141::alps_558e06c18165_to_Equation2,1,alps4141,alps4141::alps_558e06c18165_to_Equation2,memory_limit,resource_exhausted,memory_limit,False,False,False
exact_4f696140ab4e44af,alps4141::alps_c93b47baf284_to_Equation2,1,alps4141,alps4141::alps_c93b47baf284_to_Equation2,memory_limit,resource_exhausted,memory_limit,False,False,False
exact_705353d3f39db4a0,alps4141::alps_5341627dfe63_to_Equation2,1,alps4141,alps4141::alps_5341627dfe63_to_Equation2,memory_limit,resource_exhausted,resource_exhausted,False,False,False
exact_d4f9c1666804400a,alps4141::alps_3135b021c405_to_Equation2,1,alps4141,alps4141::alps_3135b021c405_to_Equation2,memory_limit,resource_exhausted,memory_limit,False,False,False
exact_5dd9bb47e81c6677,alps4141::alps_123bcf868d7f_to_Equation2,1,alps4141,alps4141::alps_123bcf868d7f_to_Equation2,memory_limit,resource_exhausted,memory_limit,False,False,False
exact_d01992503fbbba32,alps4141::alps_e1f90145dc57_to_Equation2,1,alps4141,alps4141::alps_e1f90145dc57_to_Equation2,memory_limit,resource_exhausted,resource_exhausted,False,False,False
exact_0b39cf00bb7c0d81,alps4141::alps_f7a667b40e8a_to_Equation2,1,alps4141,alps4141::alps_f7a667b40e8a_to_Equation2,memory_limit,resource_exhausted,resource_exhausted,False,False,False
exact_7a63075852cb12de,alps4141::alps_2c3a70b2ffd3_to_Equation2,1,alps4141,alps4141::alps_2c3a70b2ffd3_to_Equation2,completed_no_decisive_result,resource_exhausted,resource_exhausted,False,False,False
exact_396b7accd2046bb7,alps4141::alps_edc804ef647e_to_Equation2,1,alps4141,alps4141::alps_edc804ef647e_to_Equation2,memory_limit,resource_exhausted,resource_exhausted,False,False,False
exact_bdb6289e726ec322,alps4141::alps_4381e3ad8ceb_to_Equation2,1,alps4141,alps4141::alps_4381e3ad8ceb_to_Equation2,memory_limit,resource_exhausted,resource_exhausted,False,False,False
exact_74dea9c1255ef2b4,alps4141::alps_734a65afc1a7_to_Equation2,1,alps4141,alps4141::alps_734a65afc1a7_to_Equation2,memory_limit,resource_exhausted,resource_exhausted,False,False,False
exact_1d8b62bece472ab5,alps4141::alps_00b4eb2a185c_to_Equation2,1,alps4141,alps4141::alps_00b4eb2a185c_to_Equation2,memory_limit,resource_exhausted,resource_exhausted,False,False,False
exact_63d8a7f73f5f2328,alps4141::alps_a965cb36f808_to_Equation2,1,alps4141,alps4141::alps_a965cb36f808_to_Equation2,memory_limit,resource_exhausted,resource_exhausted,False,False,False
exact_15ed0e4e9f940d51,alps4141::alps_21caecbcb0e2_to_Equation2,1,alps4141,alps4141::alps_21caecbcb0e2_to_Equation2,resource_exhausted,theorem,theorem,True,False,False
exact_e5c69496f1a980ac,alps4141::alps_25e73bc8e5e9_to_Equation2,1,alps4141,alps4141::alps_25e73bc8e5e9_to_Equation2,memory_limit,resource_exhausted,memory_limit,False,False,False
exact_fa5e532ceb3dab60,alps4141::alps_e524cd4172c4_to_Equation2,1,alps4141,alps4141::alps_e524cd4172c4_to_Equation2,memory_limit,resource_exhausted,memory_limit,False,False,False
exact_f508969ad6872f5e,alps4141::alps_990ceaa2034c_to_Equation2,1,alps4141,alps4141::alps_990ceaa2034c_to_Equation2,resource_exhausted,resource_exhausted,memory_limit,False,False,False
exact_f51952da0b534c41,alps4141::alps_28ba26f10eec_to_Equation2,1,alps4141,alps4141::alps_28ba26f10eec_to_Equation2,resource_exhausted,resource_exhausted,memory_limit,False,False,False
exact_3a9d9e17e0a2c133,alps4141::alps_24b6093d8297_to_Equation2,1,alps4141,alps4141::alps_24b6093d8297_to_Equation2,resource_exhausted,resource_exhausted,memory_limit,False,False,False
exact_359ecbe85f380e39,alps4141::alps_8934719bc3aa_to_Equation2,1,alps4141,alps4141::alps_8934719bc3aa_to_Equation2,memory_limit,resource_exhausted,memory_limit,False,False,False
exact_f9bc2c70bf2e9ec9,alps4141::alps_325035560fc7_to_Equation2,1,alps4141,alps4141::alps_325035560fc7_to_Equation2,memory_limit,resource_exhausted,memory_limit,False,False,False
exact_fd66b3f00a7f4384,alps4141::alps_65d711950f74_to_Equation2,1,alps4141,alps4141::alps_65d711950f74_to_Equation2,resource_exhausted,resource_exhausted,memory_limit,False,False,False
exact_b53ee13b35466f6c,alps4141::alps_0bfce7a33eb3_to_Equation2,1,alps4141,alps4141::alps_0bfce7a33eb3_to_Equation2,completed_no_decisive_result,resource_exhausted,resource_exhausted,False,False,False
exact_4a4a6b1b909a6130,alps4141::alps_34c94f2fdb65_to_Equation2,1,alps4141,alps4141::alps_34c94f2fdb65_to_Equation2,memory_limit,resource_exhausted,resource_exhausted,False,False,False
exact_a9965966f87a6d5e,alps4141::alps_612e81d52359_to_Equation2,1,alps4141,alps4141::alps_612e81d52359_to_Equation2,resource_exhausted,resource_exhausted,resource_exhausted,False,False,False
exact_a26fa34293cb8c4d,alps4141::alps_412887ec62ba_to_Equation2,1,alps4141,alps4141::alps_412887ec62ba_to_Equation2,resource_exhausted,resource_exhausted,resource_exhausted,False,False,False
exact_0388ab2ad70c2ba0,alps4141::alps_00db50e94845_to_Equation2,1,alps4141,alps4141::alps_00db50e94845_to_Equation2,memory_limit,resource_exhausted,memory_limit,False,False,False
exact_6cb46115f3e9aee5,alps4141::alps_f05cc78665a8_to_Equation2,1,alps4141,alps4141::alps_f05cc78665a8_to_Equation2,memory_limit,resource_exhausted,memory_limit,False,False,False
exact_4817705f0bf4a32c,alps4141::alps_724fd8b0ea46_to_Equation2,1,alps4141,alps4141::alps_724fd8b0ea46_to_Equation2,memory_limit,resource_exhausted,resource_exhausted,False,False,False
exact_228c8a989fea819f,alps4141::alps_cb522dcca908_to_Equation2,1,alps4141,alps4141::alps_cb522dcca908_to_Equation2,memory_limit,resource_exhausted,resource_exhausted,False,False,False
exact_fe4f67eb91d0360c,alps4141::alps_309ca6ae4360_to_Equation2,1,alps4141,alps4141::alps_309ca6ae4360_to_Equation2,resource_exhausted,resource_exhausted,resource_exhausted,False,False,False
exact_e73207ac036c21fb,alps4141::alps_af55106531e8_to_Equation2,1,alps4141,alps4141::alps_af55106531e8_to_Equation2,memory_limit,resource_exhausted,memory_limit,False,False,False
exact_b621c44af41cd1dc,alps4141::alps_1a88c1791b0b_to_Equation2,1,alps4141,alps4141::alps_1a88c1791b0b_to_Equation2,memory_limit,resource_exhausted,resource_exhausted,False,False,False
exact_51f5d651f96800f3,alps4141::alps_7d1ff4c5d2a8_to_Equation2,1,alps4141,alps4141::alps_7d1ff4c5d2a8_to_Equation2,memory_limit,resource_exhausted,resource_exhausted,False,False,False
exact_5b454a975aa007e0,alps4141::alps_d4c76f9ccf5c_to_Equation2,1,alps4141,alps4141::alps_d4c76f9ccf5c_to_Equation2,memory_limit,resource_exhausted,resource_exhausted,False,False,False
exact_1fe5804c4ff46059,alps4141::alps_b02277ac4297_to_Equation2,1,alps4141,alps4141::alps_b02277ac4297_to_Equation2,memory_limit,resource_exhausted,memory_limit,False,False,False
exact_85e6ddb8a1b5ee1d,alps4141::alps_fcc0b5c39062_to_Equation2,1,alps4141,alps4141::alps_fcc0b5c39062_to_Equation2,memory_limit,resource_exhausted,resource_exhausted,False,False,False
exact_52b841b86b358fe1,alps4141::alps_6e2e1fa138fb_to_Equation2,1,alps4141,alps4141::alps_6e2e1fa138fb_to_Equation2,memory_limit,resource_exhausted,resource_exhausted,False,False,False
exact_17fe1d389e649cbf,alps4141::alps_a58dbc51fa78_to_Equation2,1,alps4141,alps4141::alps_a58dbc51fa78_to_Equation2,memory_limit,resource_exhausted,resource_exhausted,False,False,False
exact_c394754cfa7ff0c9,alps4141::alps_d49deb1dae87_to_Equation2,1,alps4141,alps4141::alps_d49deb1dae87_to_Equation2,memory_limit,resource_exhausted,resource_exhausted,False,False,False
exact_40136ad8562deab2,alps4141::alps_197e1a0aaebc_to_Equation2,1,alps4141,alps4141::alps_197e1a0aaebc_to_Equation2,resource_exhausted,resource_exhausted,resource_exhausted,False,False,False
exact_98ccb2af13c0f300,alps4141::alps_26f041348fa0_to_Equation2,1,alps4141,alps4141::alps_26f041348fa0_to_Equation2,memory_limit,resource_exhausted,resource_exhausted,False,False,False
exact_052e669cdb75d5d7,alps4141::alps_a28479a95936_to_Equation2,1,alps4141,alps4141::alps_a28479a95936_to_Equation2,memory_limit,resource_exhausted,resource_exhausted,False,False,False
exact_8c20e34be1262344,alps4141::alps_e45870897d39_to_Equation2,1,alps4141,alps4141::alps_e45870897d39_to_Equation2,resource_exhausted,resource_exhausted,resource_exhausted,False,False,False
exact_2eefa8b42f0a9a81,alps4141::alps_d4315b489c4b_to_Equation2,1,alps4141,alps4141::alps_d4315b489c4b_to_Equation2,memory_limit,resource_exhausted,memory_limit,False,False,False
exact_48180f2fad33b4ac,alps4141::alps_2a89191ae145_to_Equation2,1,alps4141,alps4141::alps_2a89191ae145_to_Equation2,memory_limit,resource_exhausted,memory_limit,False,False,False
exact_0b07163032cee848,alps4141::alps_f863f939adc8_to_Equation2,1,alps4141,alps4141::alps_f863f939adc8_to_Equation2,memory_limit,resource_exhausted,memory_limit,False,False,False
exact_6ade2bfce010f5c1,alps4141::alps_fdc9a34f4b0f_to_Equation2,1,alps4141,alps4141::alps_fdc9a34f4b0f_to_Equation2,memory_limit,resource_exhausted,resource_exhausted,False,False,False
exact_768a64eaef339c9a,alps4141::alps_ab400187c5b5_to_Equation2,1,alps4141,alps4141::alps_ab400187c5b5_to_Equation2,memory_limit,resource_exhausted,theorem,True,False,False
exact_188f17bed7e8fa95,alps4141::alps_7ac4ff536f4f_to_Equation2,1,alps4141,alps4141::alps_7ac4ff536f4f_to_Equation2,memory_limit,resource_exhausted,memory_limit,False,False,False
exact_c0034e5e5e1ca951,alps4141::alps_541c011fea33_to_Equation2,1,alps4141,alps4141::alps_541c011fea33_to_Equation2,memory_limit,resource_exhausted,memory_limit,False,False,False
exact_489bd0943ececf97,alps4141::alps_78952cb57d1f_to_Equation2,1,alps4141,alps4141::alps_78952cb57d1f_to_Equation2,memory_limit,resource_exhausted,memory_limit,False,False,False
exact_e03d0a0acf13922e,alps4141::alps_cc522aa16a7f_to_Equation2,1,alps4141,alps4141::alps_cc522aa16a7f_to_Equation2,memory_limit,resource_exhausted,resource_exhausted,False,False,False
exact_98260d0f13f82b75,alps4141::alps_d27a918c7ed3_to_Equation2,1,alps4141,alps4141::alps_d27a918c7ed3_to_Equation2,memory_limit,resource_exhausted,resource_exhausted,False,False,False
exact_4682446d8057e232,alps4141::alps_97718a700bf7_to_Equation2,1,alps4141,alps4141::alps_97718a700bf7_to_Equation2,memory_limit,resource_exhausted,resource_exhausted,False,False,False
exact_32094bbd63ed4164,alps4141::alps_a968f4b14ae7_to_Equation2,1,alps4141,alps4141::alps_a968f4b14ae7_to_Equation2,memory_limit,resource_exhausted,resource_exhausted,False,False,False
exact_6709de5a9f1d4c62,alps4141::alps_afa693daf601_to_Equation2,1,alps4141,alps4141::alps_afa693daf601_to_Equation2,memory_limit,resource_exhausted,resource_exhausted,False,False,False
exact_09f4e3c8172fc084,alps4141::alps_4e5c2585620e_to_Equation2,1,alps4141,alps4141::alps_4e5c2585620e_to_Equation2,memory_limit,resource_exhausted,resource_exhausted,False,False,False
exact_4981fadb706aed20,alps4141::alps_34374d08b74b_to_Equation2,1,alps4141,alps4141::alps_34374d08b74b_to_Equation2,memory_limit,resource_exhausted,resource_exhausted,False,False,False
exact_8104ab1666854018,alps4141::alps_d6f9338e3181_to_Equation2,1,alps4141,alps4141::alps_d6f9338e3181_to_Equation2,memory_limit,resource_exhausted,memory_limit,False,False,False
exact_cc3733e3a7d429d4,alps4141::alps_995ff5421fa4_to_Equation2,1,alps4141,alps4141::alps_995ff5421fa4_to_Equation2,resource_exhausted,resource_exhausted,resource_exhausted,False,False,False
exact_abd3f93c775f295b,alps4141::alps_71b2b06300c0_to_Equation2,1,alps4141,alps4141::alps_71b2b06300c0_to_Equation2,resource_exhausted,resource_exhausted,resource_exhausted,False,False,False
exact_65a04a5d6d85955c,alps4141::alps_44056ac965e6_to_Equation2,1,alps4141,alps4141::alps_44056ac965e6_to_Equation2,resource_exhausted,resource_exhausted,resource_exhausted,False,False,False
exact_d035b15c7713882e,alps4141::alps_a4b6022c88dc_to_Equation2,1,alps4141,alps4141::alps_a4b6022c88dc_to_Equation2,resource_exhausted,resource_exhausted,resource_exhausted,False,False,False
exact_8dfabe0d148bcf44,alps4141::alps_24f32b0e9acb_to_Equation2,1,alps4141,alps4141::alps_24f32b0e9acb_to_Equation2,resource_exhausted,resource_exhausted,resource_exhausted,False,False,False
exact_773a29d20c1c7471,alps4141::alps_9f94fb8c6f87_to_Equation2,1,alps4141,alps4141::alps_9f94fb8c6f87_to_Equation2,memory_limit,resource_exhausted,resource_exhausted,False,False,False
exact_61eab5e607bd24b8,alps4141::alps_12ee626a9a99_to_Equation2,1,alps4141,alps4141::alps_12ee626a9a99_to_Equation2,resource_exhausted,resource_exhausted,resource_exhausted,False,False,False
exact_53c3b0f785a56c89,alps4141::alps_213f28a62ba2_to_Equation2,1,alps4141,alps4141::alps_213f28a62ba2_to_Equation2,resource_exhausted,resource_exhausted,resource_exhausted,False,False,False
exact_7107b0a97b53d20b,alps4141::alps_45158462aef4_to_Equation2,1,alps4141,alps4141::alps_45158462aef4_to_Equation2,resource_exhausted,resource_exhausted,resource_exhausted,False,False,False
exact_35acef2e0978248b,alps4141::alps_1e4d5ae5dba9_to_Equation2,1,alps4141,alps4141::alps_1e4d5ae5dba9_to_Equation2,resource_exhausted,resource_exhausted,resource_exhausted,False,False,False
exact_c40292cd5d97fa7e,alps4141::alps_6eb351064611_to_Equation2,1,alps4141,alps4141::alps_6eb351064611_to_Equation2,resource_exhausted,resource_exhausted,resource_exhausted,False,False,False
exact_cd0c4677c908e8b6,alps4141::alps_cf9a07ee3cef_to_Equation2,1,alps4141,alps4141::alps_cf9a07ee3cef_to_Equation2,memory_limit,resource_exhausted,resource_exhausted,False,False,False
exact_cb1a335397f0b47f,alps4141::alps_577ada8cb8e2_to_Equation2,1,alps4141,alps4141::alps_577ada8cb8e2_to_Equation2,memory_limit,resource_exhausted,resource_exhausted,False,False,False
exact_9c1183dab4a9d796,alps4141::alps_8398806acbf8_to_Equation2,1,alps4141,alps4141::alps_8398806acbf8_to_Equation2,memory_limit,resource_exhausted,resource_exhausted,False,False,False
exact_c6fe37078b279c75,alps4141::alps_75e1306a5df0_to_Equation2,1,alps4141,alps4141::alps_75e1306a5df0_to_Equation2,resource_exhausted,resource_exhausted,resource_exhausted,False,False,False
exact_e8f57f743fffbe31,alps4141::alps_e3f861ed61a6_to_Equation2,1,alps4141,alps4141::alps_e3f861ed61a6_to_Equation2,memory_limit,resource_exhausted,resource_exhausted,False,False,False
exact_bcf489cd4bf4f07d,alps4141::alps_dd9be0919e81_to_Equation2,1,alps4141,alps4141::alps_dd9be0919e81_to_Equation2,resource_exhausted,resource_exhausted,resource_exhausted,False,False,False
exact_028ce19bd59f2aa4,alps4141::alps_cc58d75bc96c_to_Equation2,1,alps4141,alps4141::alps_cc58d75bc96c_to_Equation2,memory_limit,resource_exhausted,resource_exhausted,False,False,False
exact_11a2262f50b5201d,alps4141::alps_f4414408d28a_to_Equation2,1,alps4141,alps4141::alps_f4414408d28a_to_Equation2,resource_exhausted,resource_exhausted,resource_exhausted,False,False,False
exact_7dca5442047bd7d1,alps4141::alps_7ca010d7bc2d_to_Equation2,1,alps4141,alps4141::alps_7ca010d7bc2d_to_Equation2,memory_limit,resource_exhausted,resource_exhausted,False,False,False
exact_4bc102bc47d1713a,alps4141::alps_922779d5bb59_to_Equation2,1,alps4141,alps4141::alps_922779d5bb59_to_Equation2,resource_exhausted,resource_exhausted,resource_exhausted,False,False,False
exact_4c1a2466a9c11d83,alps4141::alps_e5861ef60978_to_Equation2,1,alps4141,alps4141::alps_e5861ef60978_to_Equation2,memory_limit,resource_exhausted,resource_exhausted,False,False,False
exact_32e5825c75b9897e,alps4141::alps_f25434483c45_to_Equation2,1,alps4141,alps4141::alps_f25434483c45_to_Equation2,memory_limit,resource_exhausted,resource_exhausted,False,False,False
exact_136b7ae043e8f508,alps4141::alps_b92e31c77e06_to_Equation2,1,alps4141,alps4141::alps_b92e31c77e06_to_Equation2,resource_exhausted,resource_exhausted,resource_exhausted,False,False,False
exact_bfbfac0f54e35e93,alps4141::alps_b2285ca5a725_to_Equation2,1,alps4141,alps4141::alps_b2285ca5a725_to_Equation2,resource_exhausted,resource_exhausted,resource_exhausted,False,False,False
exact_a4b40f7e83ab48d0,alps4141::alps_553ffcdb02cf_to_Equation2,1,alps4141,alps4141::alps_553ffcdb02cf_to_Equation2,resource_exhausted,resource_exhausted,resource_exhausted,False,False,False
exact_b4b3d83e19e370b8,alps4141::alps_e75a67142611_to_Equation2,1,alps4141,alps4141::alps_e75a67142611_to_Equation2,resource_exhausted,resource_exhausted,resource_exhausted,False,False,False
exact_6ca4bdd584c145c3,alps4141::alps_b86677ea00e2_to_Equation2,1,alps4141,alps4141::alps_b86677ea00e2_to_Equation2,memory_limit,resource_exhausted,resource_exhausted,False,False,False
exact_5ee02cb3be03249a,alps4141::alps_f4b5af06ecb1_to_Equation2,1,alps4141,alps4141::alps_f4b5af06ecb1_to_Equation2,memory_limit,resource_exhausted,resource_exhausted,False,False,False
exact_c27c5aeec3a8da15,alps4141::alps_3093c4527bd0_to_Equation2,1,alps4141,alps4141::alps_3093c4527bd0_to_Equation2,memory_limit,resource_exhausted,resource_exhausted,False,False,False
exact_6cf35a61e1c31a99,alps4141::alps_1c035970e35f_to_Equation2,1,alps4141,alps4141::alps_1c035970e35f_to_Equation2,resource_exhausted,resource_exhausted,resource_exhausted,False,False,False
exact_fb9b083be6f92f54,alps4141::alps_513c839ee190_to_Equation2,1,alps4141,alps4141::alps_513c839ee190_to_Equation2,memory_limit,resource_exhausted,resource_exhausted,False,False,False
exact_eab00536d27fb387,alps4141::alps_76e0c0d55e7b_to_Equation2,1,alps4141,alps4141::alps_76e0c0d55e7b_to_Equation2,resource_exhausted,resource_exhausted,resource_exhausted,False,False,False
exact_eab9d7a33f82ee66,alps4141::alps_a6c6efa951d8_to_Equation2,1,alps4141,alps4141::alps_a6c6efa951d8_to_Equation2,resource_exhausted,resource_exhausted,memory_limit,False,False,False
exact_d326149442444126,alps4141::alps_c19a9ac3ccad_to_Equation2,1,alps4141,alps4141::alps_c19a9ac3ccad_to_Equation2,resource_exhausted,resource_exhausted,memory_limit,False,False,False
exact_469897f975349fa0,alps4141::alps_09e207fcd138_to_Equation2,1,alps4141,alps4141::alps_09e207fcd138_to_Equation2,resource_exhausted,resource_exhausted,memory_limit,False,False,False
exact_0188b4e15001d345,alps4141::alps_d90afd14c10f_to_Equation2,1,alps4141,alps4141::alps_d90afd14c10f_to_Equation2,memory_limit,resource_exhausted,resource_exhausted,False,False,False
exact_a0bd18394ad6f4a2,alps4141::alps_c909970e9942_to_Equation2,1,alps4141,alps4141::alps_c909970e9942_to_Equation2,memory_limit,resource_exhausted,resource_exhausted,False,False,False
exact_6cfc1483234dd48d,alps4141::alps_699e0ff8d8d1_to_Equation2,1,alps4141,alps4141::alps_699e0ff8d8d1_to_Equation2,resource_exhausted,resource_exhausted,resource_exhausted,False,False,False
exact_f199cba005215c67,alps4141::alps_78ba7bc7e2e5_to_Equation2,1,alps4141,alps4141::alps_78ba7bc7e2e5_to_Equation2,memory_limit,resource_exhausted,resource_exhausted,False,False,False
exact_fe8401544cee90c4,alps4141::alps_fcf478066d99_to_Equation2,1,alps4141,alps4141::alps_fcf478066d99_to_Equation2,resource_exhausted,resource_exhausted,resource_exhausted,False,False,False
exact_d40faa917a34c6a6,alps4141::alps_81bf77be1f80_to_Equation2,1,alps4141,alps4141::alps_81bf77be1f80_to_Equation2,memory_limit,resource_exhausted,memory_limit,False,False,False
exact_87476622073947c4,alps4141::alps_64262e14e0c0_to_Equation2,1,alps4141,alps4141::alps_64262e14e0c0_to_Equation2,memory_limit,resource_exhausted,resource_exhausted,False,False,False
exact_cfb40795e52c07ac,alps4141::alps_f67fec423034_to_Equation2,1,alps4141,alps4141::alps_f67fec423034_to_Equation2,resource_exhausted,resource_exhausted,resource_exhausted,False,False,False
exact_6560d6d1976e996a,alps4141::alps_bd60db2fe289_to_Equation2,1,alps4141,alps4141::alps_bd60db2fe289_to_Equation2,memory_limit,resource_exhausted,resource_exhausted,False,False,False
exact_aa0abc36c1a5b7d5,alps4141::alps_4f3fbfadc1c3_to_Equation2,1,alps4141,alps4141::alps_4f3fbfadc1c3_to_Equation2,memory_limit,resource_exhausted,resource_exhausted,False,False,False
exact_3824a25a181369ba,alps4141::alps_0f0087cbb789_to_Equation2,1,alps4141,alps4141::alps_0f0087cbb789_to_Equation2,memory_limit,resource_exhausted,resource_exhausted,False,False,False
exact_c4df1a4e724f4c3a,alps4141::alps_053681416e9f_to_Equation2,1,alps4141,alps4141::alps_053681416e9f_to_Equation2,memory_limit,resource_exhausted,resource_exhausted,False,False,False
exact_7063f82c5e6ffe0d,alps4141::alps_a7eda6ce392d_to_Equation2,1,alps4141,alps4141::alps_a7eda6ce392d_to_Equation2,memory_limit,resource_exhausted,resource_exhausted,False,False,False
exact_35a8efbba781c4db,alps4141::alps_35e65fb365f8_to_Equation2,1,alps4141,alps4141::alps_35e65fb365f8_to_Equation2,memory_limit,resource_exhausted,resource_exhausted,False,False,False
exact_4117c6bd0c02fb7c,alps4141::alps_ad27be9cb3bd_to_Equation2,1,alps4141,alps4141::alps_ad27be9cb3bd_to_Equation2,resource_exhausted,resource_exhausted,resource_exhausted,False,False,False
exact_55ff3e2bb9a4ef02,alps4141::alps_b7651765861b_to_Equation2,1,alps4141,alps4141::alps_b7651765861b_to_Equation2,memory_limit,resource_exhausted,resource_exhausted,False,False,False
exact_f8a9326fc53972fd,alps4141::alps_ef680f450617_to_Equation2,1,alps4141,alps4141::alps_ef680f450617_to_Equation2,resource_exhausted,resource_exhausted,resource_exhausted,False,False,False
exact_3a5bdc87592bf902,alps4141::alps_3ab652812345_to_Equation2,1,alps4141,alps4141::alps_3ab652812345_to_Equation2,memory_limit,resource_exhausted,resource_exhausted,False,False,False
exact_4f1599542df77bec,alps4141::alps_b728f8456bbb_to_Equation2,1,alps4141,alps4141::alps_b728f8456bbb_to_Equation2,resource_exhausted,resource_exhausted,resource_exhausted,False,False,False
exact_e247d9ad23f0c58d,alps4141::alps_6f09c2101482_to_Equation2,1,alps4141,alps4141::alps_6f09c2101482_to_Equation2,resource_exhausted,resource_exhausted,resource_exhausted,False,False,False
exact_bf61333d15600661,alps4141::alps_43722ab0beb3_to_Equation2,1,alps4141,alps4141::alps_43722ab0beb3_to_Equation2,resource_exhausted,resource_exhausted,resource_exhausted,False,False,False
exact_4b91de014eb3fe1b,alps4141::alps_f4c89e59c5cc_to_Equation2,1,alps4141,alps4141::alps_f4c89e59c5cc_to_Equation2,memory_limit,resource_exhausted,resource_exhausted,False,False,False
exact_ba5aec2a37e9dd17,alps4141::alps_1f68a002a009_to_Equation2,1,alps4141,alps4141::alps_1f68a002a009_to_Equation2,resource_exhausted,resource_exhausted,resource_exhausted,False,False,False
exact_3ec9750a4310abd3,alps4141::alps_031810f72957_to_Equation2,1,alps4141,alps4141::alps_031810f72957_to_Equation2,resource_exhausted,resource_exhausted,resource_exhausted,False,False,False
exact_187b24764fb833c7,alps4141::alps_baf47e5a267d_to_Equation2,1,alps4141,alps4141::alps_baf47e5a267d_to_Equation2,resource_exhausted,resource_exhausted,resource_exhausted,False,False,False
exact_62665a356d361960,alps4141::alps_706348c92dd1_to_Equation2,1,alps4141,alps4141::alps_706348c92dd1_to_Equation2,resource_exhausted,resource_exhausted,resource_exhausted,False,False,False
exact_1a2b930740d513ed,alps4141::alps_3463e7e83805_to_Equation2,1,alps4141,alps4141::alps_3463e7e83805_to_Equation2,memory_limit,resource_exhausted,resource_exhausted,False,False,False
exact_5338016e1caf4ac6,alps4141::alps_084ed9371cdc_to_Equation2,1,alps4141,alps4141::alps_084ed9371cdc_to_Equation2,memory_limit,resource_exhausted,resource_exhausted,False,False,False
exact_defe892210dd3f17,alps4141::alps_3728d5a97838_to_Equation2,1,alps4141,alps4141::alps_3728d5a97838_to_Equation2,resource_exhausted,resource_exhausted,resource_exhausted,False,False,False
exact_e2208e9c0e3eacf0,alps4141::alps_54c6d565fe4d_to_Equation2,1,alps4141,alps4141::alps_54c6d565fe4d_to_Equation2,resource_exhausted,resource_exhausted,resource_exhausted,False,False,False
exact_9fb073cd8254125d,alps4141::alps_cb37ccfa1a8b_to_Equation2,1,alps4141,alps4141::alps_cb37ccfa1a8b_to_Equation2,resource_exhausted,resource_exhausted,resource_exhausted,False,False,False
exact_66461d4c7da1268f,alps4141::alps_601ec6f1ba38_to_Equation2,1,alps4141,alps4141::alps_601ec6f1ba38_to_Equation2,memory_limit,resource_exhausted,resource_exhausted,False,False,False
exact_c4bdc3f98cef308d,alps4141::alps_d42a43ae754e_to_Equation2,1,alps4141,alps4141::alps_d42a43ae754e_to_Equation2,memory_limit,resource_exhausted,resource_exhausted,False,False,False
exact_9e3af5a7362fcb71,alps4141::alps_f027da05a2b9_to_Equation2,1,alps4141,alps4141::alps_f027da05a2b9_to_Equation2,resource_exhausted,resource_exhausted,resource_exhausted,False,False,False
exact_5ac5d4e2dd2f7af9,alps4141::alps_3709b198a336_to_Equation2,1,alps4141,alps4141::alps_3709b198a336_to_Equation2,memory_limit,resource_exhausted,resource_exhausted,False,False,False
exact_32323d2ff8c534e8,alps4141::alps_57d11fdf626c_to_Equation2,1,alps4141,alps4141::alps_57d11fdf626c_to_Equation2,memory_limit,resource_exhausted,resource_exhausted,False,False,False
exact_92a9118df9e0b337,alps4141::alps_f1cc0f0c1481_to_Equation2,1,alps4141,alps4141::alps_f1cc0f0c1481_to_Equation2,memory_limit,resource_exhausted,resource_exhausted,False,False,False
exact_924c321d91636fdb,alps4141::alps_e272a21e27f4_to_Equation2,1,alps4141,alps4141::alps_e272a21e27f4_to_Equation2,resource_exhausted,resource_exhausted,resource_exhausted,False,False,False
exact_df7f9f511e6cf77c,alps4141::alps_5b6a61fc3a8b_to_Equation2,1,alps4141,alps4141::alps_5b6a61fc3a8b_to_Equation2,memory_limit,resource_exhausted,resource_exhausted,False,False,False
exact_0e5567b1ac168d15,alps4141::alps_fa47a75e5678_to_Equation2,1,alps4141,alps4141::alps_fa47a75e5678_to_Equation2,resource_exhausted,resource_exhausted,resource_exhausted,False,False,False
exact_76126f7ef94e031b,alps4141::alps_3997b4819563_to_Equation2,1,alps4141,alps4141::alps_3997b4819563_to_Equation2,memory_limit,resource_exhausted,resource_exhausted,False,False,False
exact_ace681ae74b8ca59,alps4141::alps_51d440a57304_to_Equation2,1,alps4141,alps4141::alps_51d440a57304_to_Equation2,memory_limit,resource_exhausted,resource_exhausted,False,False,False
exact_ff3af57b7f5b56d0,alps4141::alps_3f6750716efb_to_Equation2,1,alps4141,alps4141::alps_3f6750716efb_to_Equation2,resource_exhausted,resource_exhausted,resource_exhausted,False,False,False
exact_0c03c0bdee791479,alps4141::alps_33f7a168ae28_to_Equation2,1,alps4141,alps4141::alps_33f7a168ae28_to_Equation2,resource_exhausted,resource_exhausted,resource_exhausted,False,False,False
exact_95a22b68e0fc34c3,alps4141::alps_4f4739f67dbf_to_Equation2,1,alps4141,alps4141::alps_4f4739f67dbf_to_Equation2,memory_limit,resource_exhausted,resource_exhausted,False,False,False
exact_adcc5263e960b7b3,alps4141::alps_604cc83514b7_to_Equation2,1,alps4141,alps4141::alps_604cc83514b7_to_Equation2,resource_exhausted,resource_exhausted,resource_exhausted,False,False,False
exact_8aac1c1d4bdffe9f,alps4141::alps_d694e2876fc0_to_Equation2,1,alps4141,alps4141::alps_d694e2876fc0_to_Equation2,resource_exhausted,resource_exhausted,resource_exhausted,False,False,False
exact_03c899e24b833bb3,alps4141::alps_76d7db422975_to_Equation2,1,alps4141,alps4141::alps_76d7db422975_to_Equation2,memory_limit,resource_exhausted,resource_exhausted,False,False,False
exact_21c2348d8b5ae47f,alps4141::alps_039c0d5d9dff_to_Equation2,1,alps4141,alps4141::alps_039c0d5d9dff_to_Equation2,memory_limit,resource_exhausted,resource_exhausted,False,False,False
exact_597339a7ba3e361a,alps4141::alps_3122bfe3129e_to_Equation2,1,alps4141,alps4141::alps_3122bfe3129e_to_Equation2,completed_no_decisive_result,resource_exhausted,resource_exhausted,False,False,False
exact_a72e5b9110e55dc4,alps4141::alps_fc45f2e12701_to_Equation2,1,alps4141,alps4141::alps_fc45f2e12701_to_Equation2,memory_limit,resource_exhausted,resource_exhausted,False,False,False
exact_942b6c12d34c244a,alps4141::alps_00b9f6c0079c_to_Equation2,1,alps4141,alps4141::alps_00b9f6c0079c_to_Equation2,resource_exhausted,resource_exhausted,resource_exhausted,False,False,False
exact_65031030eacb5814,alps4141::alps_05a7013c694e_to_Equation2,1,alps4141,alps4141::alps_05a7013c694e_to_Equation2,memory_limit,resource_exhausted,resource_exhausted,False,False,False
exact_cb9d7a874ae55ff0,alps4141::alps_dfd8bb99d39f_to_Equation2,1,alps4141,alps4141::alps_dfd8bb99d39f_to_Equation2,resource_exhausted,resource_exhausted,memory_limit,False,False,False
exact_14a9ceb59342e74d,alps4141::alps_77b497fa6135_to_Equation2,1,alps4141,alps4141::alps_77b497fa6135_to_Equation2,resource_exhausted,resource_exhausted,memory_limit,False,False,False
exact_2f612a2a51e44c78,alps4141::alps_ac9ecf9f1cb6_to_Equation2,1,alps4141,alps4141::alps_ac9ecf9f1cb6_to_Equation2,resource_exhausted,resource_exhausted,theorem,True,False,False
exact_9600285aad3ebf1c,alps4141::alps_4392b0c81701_to_Equation2,1,alps4141,alps4141::alps_4392b0c81701_to_Equation2,resource_exhausted,resource_exhausted,memory_limit,False,False,False
exact_54d11d58bdf6f721,alps4141::alps_7792a9777946_to_Equation2,1,alps4141,alps4141::alps_7792a9777946_to_Equation2,memory_limit,resource_exhausted,memory_limit,False,False,False
exact_bd46c874388722e6,alps4141::alps_bbd3128f1496_to_Equation2,1,alps4141,alps4141::alps_bbd3128f1496_to_Equation2,memory_limit,resource_exhausted,resource_exhausted,False,False,False
exact_b789008ac03faf8b,alps4141::alps_d95d8937f2bc_to_Equation2,1,alps4141,alps4141::alps_d95d8937f2bc_to_Equation2,memory_limit,resource_exhausted,resource_exhausted,False,False,False
exact_5f6f8acfb7b079ef,alps4141::alps_c983d4e02a4c_to_Equation2,1,alps4141,alps4141::alps_c983d4e02a4c_to_Equation2,memory_limit,resource_exhausted,resource_exhausted,False,False,False
exact_19e4e42e008e671c,alps4141::alps_aa6c247393a2_to_Equation2,1,alps4141,alps4141::alps_aa6c247393a2_to_Equation2,memory_limit,resource_exhausted,resource_exhausted,False,False,False
exact_102f973eeed3057d,alps4141::alps_f3b9134412df_to_Equation2,1,alps4141,alps4141::alps_f3b9134412df_to_Equation2,resource_exhausted,resource_exhausted,memory_limit,False,False,False
exact_15e63c70f81fa133,alps4141::alps_9797be43e864_to_Equation2,1,alps4141,alps4141::alps_9797be43e864_to_Equation2,memory_limit,resource_exhausted,memory_limit,False,False,False
exact_f9b19bfcbec5bc1c,alps4141::alps_08006ece6035_to_Equation2,1,alps4141,alps4141::alps_08006ece6035_to_Equation2,memory_limit,resource_exhausted,resource_exhausted,False,False,False
exact_5d6d839d96fd6171,alps4141::alps_fb736895a144_to_Equation2,1,alps4141,alps4141::alps_fb736895a144_to_Equation2,memory_limit,resource_exhausted,memory_limit,False,False,False
exact_9a9e9b5e28e43999,alps4141::alps_ccd87a647f72_to_Equation2,1,alps4141,alps4141::alps_ccd87a647f72_to_Equation2,memory_limit,resource_exhausted,resource_exhausted,False,False,False
exact_731354f4ea0904ba,alps4141::alps_9818fbfeb9a3_to_Equation2,1,alps4141,alps4141::alps_9818fbfeb9a3_to_Equation2,memory_limit,resource_exhausted,resource_exhausted,False,False,False
exact_8754187e610c8438,alps4141::alps_f303159cf59f_to_Equation2,1,alps4141,alps4141::alps_f303159cf59f_to_Equation2,memory_limit,resource_exhausted,resource_exhausted,False,False,False
exact_f38396601bff81b8,alps4141::alps_82434cf08c3d_to_Equation2,1,alps4141,alps4141::alps_82434cf08c3d_to_Equation2,memory_limit,resource_exhausted,resource_exhausted,False,False,False
exact_7823e851d3e71957,alps4141::alps_488d45b357e9_to_Equation2,1,alps4141,alps4141::alps_488d45b357e9_to_Equation2,memory_limit,resource_exhausted,memory_limit,False,False,False
exact_3ec047b13ae22c51,alps4141::alps_3a514e3d9f55_to_Equation2,1,alps4141,alps4141::alps_3a514e3d9f55_to_Equation2,memory_limit,resource_exhausted,resource_exhausted,False,False,False
exact_44bd933e28b4b677,alps4141::alps_3b5eebf7f392_to_Equation2,1,alps4141,alps4141::alps_3b5eebf7f392_to_Equation2,memory_limit,resource_exhausted,resource_exhausted,False,False,False
exact_75a5bdcfa72e6cd2,alps4141::alps_096d4b21bbd9_to_Equation2,1,alps4141,alps4141::alps_096d4b21bbd9_to_Equation2,resource_exhausted,resource_exhausted,resource_exhausted,False,False,False
exact_20fc0d3371aeddfe,alps4141::alps_8174827a7e03_to_Equation2,1,alps4141,alps4141::alps_8174827a7e03_to_Equation2,resource_exhausted,resource_exhausted,resource_exhausted,False,False,False
exact_e19f75355e8afb69,alps4141::alps_7407ed3d305d_to_Equation2,1,alps4141,alps4141::alps_7407ed3d305d_to_Equation2,memory_limit,resource_exhausted,resource_exhausted,False,False,False
exact_6c261cb2d1399969,alps4141::alps_857ba3d7a58b_to_Equation2,1,alps4141,alps4141::alps_857ba3d7a58b_to_Equation2,memory_limit,resource_exhausted,resource_exhausted,False,False,False
exact_f46221c05ee4411d,alps4141::alps_2cd024f6056d_to_Equation2,1,alps4141,alps4141::alps_2cd024f6056d_to_Equation2,memory_limit,resource_exhausted,resource_exhausted,False,False,False
exact_0fc5f62e74a48fc5,alps4141::alps_743a06c002bd_to_Equation2,1,alps4141,alps4141::alps_743a06c002bd_to_Equation2,memory_limit,resource_exhausted,resource_exhausted,False,False,False
exact_d551af3ea4a09fca,alps4141::alps_7cf1cbe07d96_to_Equation2,1,alps4141,alps4141::alps_7cf1cbe07d96_to_Equation2,memory_limit,resource_exhausted,resource_exhausted,False,False,False
exact_a5f36a32f6ce3805,alps4141::alps_ec161154788b_to_Equation2,1,alps4141,alps4141::alps_ec161154788b_to_Equation2,memory_limit,resource_exhausted,resource_exhausted,False,False,False
exact_fdc69c14c5eb3116,alps4141::alps_d1eb546d83eb_to_Equation2,1,alps4141,alps4141::alps_d1eb546d83eb_to_Equation2,memory_limit,resource_exhausted,resource_exhausted,False,False,False
exact_ef4e1c6fedb4db32,alps4141::alps_4d9e0456728e_to_Equation2,1,alps4141,alps4141::alps_4d9e0456728e_to_Equation2,memory_limit,resource_exhausted,resource_exhausted,False,False,False
exact_8bc956a29e287357,alps4141::alps_0c9b93948646_to_Equation2,1,alps4141,alps4141::alps_0c9b93948646_to_Equation2,memory_limit,resource_exhausted,resource_exhausted,False,False,False
exact_4a17b43d1805fbb9,alps4141::alps_c8fad894d56f_to_Equation2,1,alps4141,alps4141::alps_c8fad894d56f_to_Equation2,memory_limit,resource_exhausted,resource_exhausted,False,False,False
exact_620fe32430cda76b,alps4141::alps_90db075c1d91_to_Equation2,1,alps4141,alps4141::alps_90db075c1d91_to_Equation2,memory_limit,resource_exhausted,resource_exhausted,False,False,False
exact_b4dc63c67ce70e7b,alps4141::alps_a67096f066e9_to_Equation2,1,alps4141,alps4141::alps_a67096f066e9_to_Equation2,memory_limit,resource_exhausted,resource_exhausted,False,False,False
exact_9e7ad48f557e4d3c,alps4141::alps_b449a4846784_to_Equation2,1,alps4141,alps4141::alps_b449a4846784_to_Equation2,memory_limit,resource_exhausted,resource_exhausted,False,False,False
exact_0e11b47325b792dc,alps4141::alps_0de8f3668bfa_to_Equation2,1,alps4141,alps4141::alps_0de8f3668bfa_to_Equation2,memory_limit,resource_exhausted,resource_exhausted,False,False,False
exact_4f4478438e6870b1,alps4141::alps_580f0d144a6e_to_Equation2,1,alps4141,alps4141::alps_580f0d144a6e_to_Equation2,memory_limit,resource_exhausted,resource_exhausted,False,False,False
exact_79268d4c63b91743,alps4141::alps_ba2335efd6d5_to_Equation2,1,alps4141,alps4141::alps_ba2335efd6d5_to_Equation2,memory_limit,resource_exhausted,resource_exhausted,False,False,False
exact_fc9e6687e0b9618d,alps4141::alps_54137ca21fac_to_Equation2,1,alps4141,alps4141::alps_54137ca21fac_to_Equation2,memory_limit,resource_exhausted,resource_exhausted,False,False,False
exact_ef3517b310931809,alps4141::alps_40d539b70223_to_Equation2,1,alps4141,alps4141::alps_40d539b70223_to_Equation2,resource_exhausted,resource_exhausted,resource_exhausted,False,False,False
exact_8ab40d863e980a51,alps4141::alps_1d9c10b6cfba_to_Equation2,1,alps4141,alps4141::alps_1d9c10b6cfba_to_Equation2,resource_exhausted,resource_exhausted,resource_exhausted,False,False,False
exact_2dde791127bcde85,alps4141::alps_78aceee7932b_to_Equation2,1,alps4141,alps4141::alps_78aceee7932b_to_Equation2,memory_limit,resource_exhausted,resource_exhausted,False,False,False
exact_e0b54948e24ddc8e,alps4141::alps_603d9debf1a9_to_Equation2,1,alps4141,alps4141::alps_603d9debf1a9_to_Equation2,resource_exhausted,resource_exhausted,resource_exhausted,False,False,False
exact_45f47c65613224c1,alps4141::alps_e5b43c0abb3b_to_Equation2,1,alps4141,alps4141::alps_e5b43c0abb3b_to_Equation2,memory_limit,resource_exhausted,resource_exhausted,False,False,False
exact_8d2f579b5dd69524,alps4141::alps_76fd7e6ef2b0_to_Equation2,1,alps4141,alps4141::alps_76fd7e6ef2b0_to_Equation2,memory_limit,resource_exhausted,resource_exhausted,False,False,False
exact_290cb40886cb2701,alps4141::alps_7b717100e6dd_to_Equation2,1,alps4141,alps4141::alps_7b717100e6dd_to_Equation2,memory_limit,resource_exhausted,resource_exhausted,False,False,False
exact_6ce6bd1ea0e065d0,alps4141::alps_c3b7015d2078_to_Equation2,1,alps4141,alps4141::alps_c3b7015d2078_to_Equation2,memory_limit,resource_exhausted,memory_limit,False,False,False
exact_5d67ae32c7755ced,alps4141::alps_111395390ed0_to_Equation2,1,alps4141,alps4141::alps_111395390ed0_to_Equation2,memory_limit,resource_exhausted,memory_limit,False,False,False
exact_300e374b78e1357d,alps4141::alps_79430380b5d1_to_Equation2,1,alps4141,alps4141::alps_79430380b5d1_to_Equation2,memory_limit,resource_exhausted,memory_limit,False,False,False
exact_dedd72abff6f49b8,alps4141::alps_75dc72797aaf_to_Equation2,1,alps4141,alps4141::alps_75dc72797aaf_to_Equation2,resource_exhausted,resource_exhausted,resource_exhausted,False,False,False
exact_a4164e1018f9906a,alps4141::alps_fd2168fb12bd_to_Equation2,1,alps4141,alps4141::alps_fd2168fb12bd_to_Equation2,memory_limit,resource_exhausted,resource_exhausted,False,False,False
exact_5ac5134582e21f6a,alps4141::alps_ca0ad794efaf_to_Equation2,1,alps4141,alps4141::alps_ca0ad794efaf_to_Equation2,theorem,theorem,theorem,True,False,False
exact_027003c917a0e839,alps4141::alps_4e04d1d04685_to_Equation2,1,alps4141,alps4141::alps_4e04d1d04685_to_Equation2,resource_exhausted,theorem,theorem,True,False,False
exact_941c726703a99484,alps4141::alps_89ae96bd145c_to_Equation2,1,alps4141,alps4141::alps_89ae96bd145c_to_Equation2,memory_limit,resource_exhausted,resource_exhausted,False,False,False
exact_85f08ef9bf5bb7ee,alps4141::alps_82a089a6bb18_to_Equation2,1,alps4141,alps4141::alps_82a089a6bb18_to_Equation2,memory_limit,resource_exhausted,resource_exhausted,False,False,False
exact_38aec066fe3026b5,alps4141::alps_6c0ee1713130_to_Equation2,1,alps4141,alps4141::alps_6c0ee1713130_to_Equation2,resource_exhausted,resource_exhausted,resource_exhausted,False,False,False
exact_13398c90fd38ea43,alps4141::alps_30dfff2b4d8e_to_Equation2,1,alps4141,alps4141::alps_30dfff2b4d8e_to_Equation2,memory_limit,resource_exhausted,memory_limit,False,False,False
exact_da58abe76e013d26,alps4141::alps_b799446f80c9_to_Equation2,1,alps4141,alps4141::alps_b799446f80c9_to_Equation2,memory_limit,resource_exhausted,resource_exhausted,False,False,False
exact_52371d905cace74e,alps4141::alps_81a88962193e_to_Equation2,1,alps4141,alps4141::alps_81a88962193e_to_Equation2,memory_limit,resource_exhausted,resource_exhausted,False,False,False
exact_2cbfe75858916120,alps4141::alps_9282b15754ee_to_Equation2,1,alps4141,alps4141::alps_9282b15754ee_to_Equation2,resource_exhausted,resource_exhausted,resource_exhausted,False,False,False
exact_6961cf0bc8d45903,alps4141::alps_ceab6b64d065_to_Equation2,1,alps4141,alps4141::alps_ceab6b64d065_to_Equation2,resource_exhausted,resource_exhausted,resource_exhausted,False,False,False
exact_f8c7fabd3189638b,alps4141::alps_bd6df4a587e3_to_Equation2,1,alps4141,alps4141::alps_bd6df4a587e3_to_Equation2,memory_limit,resource_exhausted,resource_exhausted,False,False,False
exact_6a8de51967fd3f6c,alps4141::alps_1714e7ceab4d_to_Equation2,1,alps4141,alps4141::alps_1714e7ceab4d_to_Equation2,resource_exhausted,resource_exhausted,resource_exhausted,False,False,False
exact_1e010e353e278700,alps4141::alps_3ab33601c955_to_Equation2,1,alps4141,alps4141::alps_3ab33601c955_to_Equation2,memory_limit,resource_exhausted,resource_exhausted,False,False,False
exact_73e40662e4403b34,alps4141::alps_0e62d7f68352_to_Equation2,1,alps4141,alps4141::alps_0e62d7f68352_to_Equation2,memory_limit,resource_exhausted,resource_exhausted,False,False,False
exact_21105ec12e344ee0,alps4141::alps_56887a313940_to_Equation2,1,alps4141,alps4141::alps_56887a313940_to_Equation2,resource_exhausted,resource_exhausted,resource_exhausted,False,False,False
exact_8d7b19676b4b40fd,alps4141::alps_d94c59ef1ca4_to_Equation2,1,alps4141,alps4141::alps_d94c59ef1ca4_to_Equation2,resource_exhausted,resource_exhausted,resource_exhausted,False,False,False
exact_f3d4cc2f9cc22c75,alps4141::alps_e4e0d9521b52_to_Equation2,1,alps4141,alps4141::alps_e4e0d9521b52_to_Equation2,resource_exhausted,resource_exhausted,resource_exhausted,False,False,False
exact_35efd512d53733da,alps4141::alps_11c6cc036f1f_to_Equation2,1,alps4141,alps4141::alps_11c6cc036f1f_to_Equation2,memory_limit,resource_exhausted,resource_exhausted,False,False,False
exact_266768dca8fddc1b,alps4141::alps_504f340f5c4c_to_Equation2,1,alps4141,alps4141::alps_504f340f5c4c_to_Equation2,memory_limit,resource_exhausted,resource_exhausted,False,False,False
exact_ee13e7c2b2c76857,alps4141::alps_9edad6ffd626_to_Equation2,1,alps4141,alps4141::alps_9edad6ffd626_to_Equation2,resource_exhausted,resource_exhausted,resource_exhausted,False,False,False
exact_f6d9db2fff464360,alps4141::alps_70f7500dd9ab_to_Equation2,1,alps4141,alps4141::alps_70f7500dd9ab_to_Equation2,resource_exhausted,resource_exhausted,resource_exhausted,False,False,False
exact_c384abd93d0a78c4,alps4141::alps_7bd29fdca606_to_Equation2,1,alps4141,alps4141::alps_7bd29fdca606_to_Equation2,memory_limit,resource_exhausted,resource_exhausted,False,False,False
exact_3afa19d63d236e3b,alps4141::alps_85d84d397ebc_to_Equation2,1,alps4141,alps4141::alps_85d84d397ebc_to_Equation2,memory_limit,resource_exhausted,resource_exhausted,False,False,False
exact_fbd38fd843ce52bc,alps4141::alps_a4969dbfc870_to_Equation2,1,alps4141,alps4141::alps_a4969dbfc870_to_Equation2,memory_limit,resource_exhausted,resource_exhausted,False,False,False
exact_c0a27b9c4a02e5e7,alps4141::alps_f23c8477705d_to_Equation2,1,alps4141,alps4141::alps_f23c8477705d_to_Equation2,memory_limit,resource_exhausted,resource_exhausted,False,False,False
exact_66267e0eb1f6eed5,alps4141::alps_12fcc045da5d_to_Equation2,1,alps4141,alps4141::alps_12fcc045da5d_to_Equation2,resource_exhausted,resource_exhausted,resource_exhausted,False,False,False
exact_d3e90576ff22511d,alps4141::alps_1a891b7b7e6b_to_Equation2,1,alps4141,alps4141::alps_1a891b7b7e6b_to_Equation2,memory_limit,resource_exhausted,resource_exhausted,False,False,False
exact_6c722293434e9529,alps4141::alps_9e5cc59ad2cd_to_Equation2,1,alps4141,alps4141::alps_9e5cc59ad2cd_to_Equation2,memory_limit,resource_exhausted,resource_exhausted,False,False,False
exact_a72087cd79a4d638,alps4141::alps_6b188e81f52f_to_Equation2,1,alps4141,alps4141::alps_6b188e81f52f_to_Equation2,memory_limit,resource_exhausted,resource_exhausted,False,False,False
exact_81fbd5df4cdc11a6,alps4141::alps_1a865f9b3e6d_to_Equation2,1,alps4141,alps4141::alps_1a865f9b3e6d_to_Equation2,memory_limit,resource_exhausted,resource_exhausted,False,False,False
exact_795094d97a6f90a1,alps4141::alps_3d00acb6e462_to_Equation2,1,alps4141,alps4141::alps_3d00acb6e462_to_Equation2,memory_limit,resource_exhausted,resource_exhausted,False,False,False
exact_745aef35cad58a35,alps4141::alps_db9b945c2824_to_Equation2,1,alps4141,alps4141::alps_db9b945c2824_to_Equation2,memory_limit,resource_exhausted,resource_exhausted,False,False,False
exact_62db920b8d44d790,alps4141::alps_e23747c5583b_to_Equation2,1,alps4141,alps4141::alps_e23747c5583b_to_Equation2,resource_exhausted,resource_exhausted,resource_exhausted,False,False,False
exact_cd24d84b2a9302b6,alps4141::alps_d3b26e8f2331_to_Equation2,1,alps4141,alps4141::alps_d3b26e8f2331_to_Equation2,resource_exhausted,resource_exhausted,resource_exhausted,False,False,False
exact_edb77f706cdd5446,alps4141::alps_38e2e1fef797_to_Equation2,1,alps4141,alps4141::alps_38e2e1fef797_to_Equation2,resource_exhausted,resource_exhausted,resource_exhausted,False,False,False
exact_7ed33a1d284a7c42,alps4141::alps_c5b5a9fd0c96_to_Equation2,1,alps4141,alps4141::alps_c5b5a9fd0c96_to_Equation2,resource_exhausted,resource_exhausted,resource_exhausted,False,False,False
exact_f45d19b9a5259743,alps4141::alps_126e296fba78_to_Equation2,1,alps4141,alps4141::alps_126e296fba78_to_Equation2,resource_exhausted,resource_exhausted,resource_exhausted,False,False,False
exact_da9ffe83d79a2a68,alps4141::alps_2026c1a50315_to_Equation2,1,alps4141,alps4141::alps_2026c1a50315_to_Equation2,resource_exhausted,resource_exhausted,resource_exhausted,False,False,False
exact_2bae793151c23486,alps4141::alps_0ce23a11b6c6_to_Equation2,1,alps4141,alps4141::alps_0ce23a11b6c6_to_Equation2,resource_exhausted,resource_exhausted,resource_exhausted,False,False,False
exact_d6427242b41ee1ba,alps4141::alps_dada00afe75f_to_Equation2,1,alps4141,alps4141::alps_dada00afe75f_to_Equation2,resource_exhausted,resource_exhausted,resource_exhausted,False,False,False
exact_25b877aeaae05e94,alps4141::alps_ec508c735518_to_Equation2,1,alps4141,alps4141::alps_ec508c735518_to_Equation2,resource_exhausted,resource_exhausted,resource_exhausted,False,False,False
exact_be83fdf62cd83e83,alps4141::alps_9fe43aca50d7_to_Equation2,1,alps4141,alps4141::alps_9fe43aca50d7_to_Equation2,resource_exhausted,resource_exhausted,resource_exhausted,False,False,False
exact_7b320eb1ef9e65f9,alps4141::alps_e26cc244e3da_to_Equation2,1,alps4141,alps4141::alps_e26cc244e3da_to_Equation2,resource_exhausted,resource_exhausted,resource_exhausted,False,False,False
exact_600706a0b5b6763f,alps4141::alps_83097f760b2d_to_Equation2,1,alps4141,alps4141::alps_83097f760b2d_to_Equation2,resource_exhausted,resource_exhausted,resource_exhausted,False,False,False
exact_c6b167cbf4b7d140,alps4141::alps_f88e12c2d108_to_Equation2,1,alps4141,alps4141::alps_f88e12c2d108_to_Equation2,resource_exhausted,resource_exhausted,resource_exhausted,False,False,False
exact_900b9d2cfd6e0e86,alps4141::alps_701c247bd5c0_to_Equation2,1,alps4141,alps4141::alps_701c247bd5c0_to_Equation2,resource_exhausted,resource_exhausted,resource_exhausted,False,False,False
exact_1e8b15b609ea8c34,alps4141::alps_426beb4a150d_to_Equation2,1,alps4141,alps4141::alps_426beb4a150d_to_Equation2,resource_exhausted,resource_exhausted,resource_exhausted,False,False,False
exact_8ad39654cd3560f8,alps4141::alps_97fb10caa314_to_Equation2,1,alps4141,alps4141::alps_97fb10caa314_to_Equation2,resource_exhausted,resource_exhausted,resource_exhausted,False,False,False
exact_abafa4d35edbf199,alps4141::alps_eb6aa2f755e6_to_Equation2,1,alps4141,alps4141::alps_eb6aa2f755e6_to_Equation2,resource_exhausted,resource_exhausted,resource_exhausted,False,False,False
exact_e66b3ec1291be066,alps4141::alps_607099b08c7e_to_Equation2,1,alps4141,alps4141::alps_607099b08c7e_to_Equation2,resource_exhausted,resource_exhausted,resource_exhausted,False,False,False
exact_65b3bec7cfe3c457,alps4141::alps_c1a668a85d61_to_Equation2,1,alps4141,alps4141::alps_c1a668a85d61_to_Equation2,memory_limit,resource_exhausted,resource_exhausted,False,False,False
exact_6729e1872124dc52,alps4141::alps_4e771d81594b_to_Equation2,1,alps4141,alps4141::alps_4e771d81594b_to_Equation2,resource_exhausted,resource_exhausted,resource_exhausted,False,False,False
exact_a7eca76d125997b1,alps4141::alps_2297e4fbee4d_to_Equation2,1,alps4141,alps4141::alps_2297e4fbee4d_to_Equation2,memory_limit,resource_exhausted,resource_exhausted,False,False,False
exact_e80c622ea5352b70,alps4141::alps_43fc8fe4783e_to_Equation2,1,alps4141,alps4141::alps_43fc8fe4783e_to_Equation2,resource_exhausted,resource_exhausted,resource_exhausted,False,False,False
exact_50e129c9527659c8,alps4141::alps_4fe0dab213f7_to_Equation2,1,alps4141,alps4141::alps_4fe0dab213f7_to_Equation2,memory_limit,resource_exhausted,resource_exhausted,False,False,False
exact_1d6bf43d1fea4455,alps4141::alps_d5e110065f27_to_Equation2,1,alps4141,alps4141::alps_d5e110065f27_to_Equation2,memory_limit,resource_exhausted,resource_exhausted,False,False,False
exact_756d65f129b484ba,alps4141::alps_aa3006dfdf7b_to_Equation2,1,alps4141,alps4141::alps_aa3006dfdf7b_to_Equation2,resource_exhausted,resource_exhausted,resource_exhausted,False,False,False
exact_2483cfdd0ece1b42,alps4141::alps_88980239530f_to_Equation2,1,alps4141,alps4141::alps_88980239530f_to_Equation2,memory_limit,resource_exhausted,resource_exhausted,False,False,False
exact_d44e54120ba42c9f,alps4141::alps_2eb34ed18017_to_Equation2,1,alps4141,alps4141::alps_2eb34ed18017_to_Equation2,resource_exhausted,resource_exhausted,resource_exhausted,False,False,False
exact_e3a661f14e2ac931,alps4141::alps_d646dcc0aa94_to_Equation2,1,alps4141,alps4141::alps_d646dcc0aa94_to_Equation2,resource_exhausted,resource_exhausted,resource_exhausted,False,False,False
exact_01d098b2765a538c,alps4141::alps_f7256eb8b48e_to_Equation2,1,alps4141,alps4141::alps_f7256eb8b48e_to_Equation2,resource_exhausted,resource_exhausted,resource_exhausted,False,False,False
exact_1f7a025bd20adffa,alps4141::alps_e453b6256a69_to_Equation2,1,alps4141,alps4141::alps_e453b6256a69_to_Equation2,resource_exhausted,resource_exhausted,resource_exhausted,False,False,False
exact_47ab0b365e6f32bb,alps4141::alps_9b6666b93d32_to_Equation2,1,alps4141,alps4141::alps_9b6666b93d32_to_Equation2,resource_exhausted,resource_exhausted,resource_exhausted,False,False,False
exact_8b1e9d587f2f4d19,austin96::order5_austin_unknown_E40037_to_E2,2,alps4141+austin96,austin96::order5_austin_unknown_E40037_to_E2 | alps4141::alps_f22c976b5a81_to_Equation2,resource_exhausted,resource_exhausted,theorem,True,False,False
exact_8324ae64eb01e0a5,alps4141::alps_377bdb90eada_to_Equation2,1,alps4141,alps4141::alps_377bdb90eada_to_Equation2,resource_exhausted,resource_exhausted,resource_exhausted,False,False,False
exact_3bca77babf207234,alps4141::alps_6c5004c298ad_to_Equation2,1,alps4141,alps4141::alps_6c5004c298ad_to_Equation2,memory_limit,resource_exhausted,resource_exhausted,False,False,False
exact_5040ceeffa36f0c0,alps4141::alps_2914f9483841_to_Equation2,1,alps4141,alps4141::alps_2914f9483841_to_Equation2,memory_limit,resource_exhausted,resource_exhausted,False,False,False
exact_d811d8f0ae88459c,alps4141::alps_e3115622aed2_to_Equation2,1,alps4141,alps4141::alps_e3115622aed2_to_Equation2,memory_limit,resource_exhausted,resource_exhausted,False,False,False
exact_68b75f99c2a69337,alps4141::alps_790ff416ddaf_to_Equation2,1,alps4141,alps4141::alps_790ff416ddaf_to_Equation2,memory_limit,resource_exhausted,resource_exhausted,False,False,False
exact_62ded6a26590e733,alps4141::alps_235282ad7316_to_Equation2,1,alps4141,alps4141::alps_235282ad7316_to_Equation2,memory_limit,resource_exhausted,resource_exhausted,False,False,False
exact_759ad7b2cf22b961,alps4141::alps_d28b93a43c3a_to_Equation2,1,alps4141,alps4141::alps_d28b93a43c3a_to_Equation2,memory_limit,resource_exhausted,resource_exhausted,False,False,False
exact_b974b91a36da0159,alps4141::alps_2081ef15fe26_to_Equation2,1,alps4141,alps4141::alps_2081ef15fe26_to_Equation2,memory_limit,resource_exhausted,resource_exhausted,False,False,False
exact_49e50d24037c78f3,alps4141::alps_1f10f96004f0_to_Equation2,1,alps4141,alps4141::alps_1f10f96004f0_to_Equation2,memory_limit,resource_exhausted,resource_exhausted,False,False,False
exact_442ad6c8c1d4b0d5,alps4141::alps_e63dcf0966c0_to_Equation2,1,alps4141,alps4141::alps_e63dcf0966c0_to_Equation2,memory_limit,resource_exhausted,resource_exhausted,False,False,False
exact_dedc36c12c14c949,alps4141::alps_0bb0f8194119_to_Equation2,1,alps4141,alps4141::alps_0bb0f8194119_to_Equation2,theorem,theorem,theorem,True,False,False
exact_5a5f73dc60acc19a,alps4141::alps_c22500452553_to_Equation2,1,alps4141,alps4141::alps_c22500452553_to_Equation2,memory_limit,resource_exhausted,resource_exhausted,False,False,False
exact_004a98ddf6400496,alps4141::alps_66b5d0461ac6_to_Equation2,1,alps4141,alps4141::alps_66b5d0461ac6_to_Equation2,memory_limit,resource_exhausted,resource_exhausted,False,False,False
exact_c82052551652040f,alps4141::alps_0ed7016a403b_to_Equation2,1,alps4141,alps4141::alps_0ed7016a403b_to_Equation2,resource_exhausted,resource_exhausted,resource_exhausted,False,False,False
exact_8b3db91c94743a01,alps4141::alps_2ced214ede97_to_Equation2,1,alps4141,alps4141::alps_2ced214ede97_to_Equation2,memory_limit,resource_exhausted,resource_exhausted,False,False,False
exact_e70146a79ad71c96,alps4141::alps_8e84ff11367b_to_Equation2,1,alps4141,alps4141::alps_8e84ff11367b_to_Equation2,resource_exhausted,resource_exhausted,resource_exhausted,False,False,False
exact_50835af38cb5a769,alps4141::alps_0620c9ec0a6a_to_Equation2,1,alps4141,alps4141::alps_0620c9ec0a6a_to_Equation2,memory_limit,resource_exhausted,resource_exhausted,False,False,False
exact_05969694d18c5244,alps4141::alps_a609d20f66fc_to_Equation2,1,alps4141,alps4141::alps_a609d20f66fc_to_Equation2,memory_limit,resource_exhausted,resource_exhausted,False,False,False
exact_5e3e8f50fb1d9540,alps4141::alps_0293c08da2e3_to_Equation2,1,alps4141,alps4141::alps_0293c08da2e3_to_Equation2,memory_limit,resource_exhausted,resource_exhausted,False,False,False
exact_28ae42f4e3ff8a51,alps4141::alps_d1ccfd7190ea_to_Equation2,1,alps4141,alps4141::alps_d1ccfd7190ea_to_Equation2,resource_exhausted,resource_exhausted,resource_exhausted,False,False,False
exact_da6413f339b34052,austin96::order5_austin_unknown_E40057_to_E2,2,alps4141+austin96,austin96::order5_austin_unknown_E40057_to_E2 | alps4141::alps_8f54e4f4ed21_to_Equation2,resource_exhausted,resource_exhausted,resource_exhausted,False,False,False
exact_59efe8d40e817ba9,austin96::order5_austin_unknown_E40070_to_E2,2,alps4141+austin96,austin96::order5_austin_unknown_E40070_to_E2 | alps4141::alps_37734d7c3058_to_Equation2,memory_limit,resource_exhausted,resource_exhausted,False,False,False
exact_9279a52a5de222c3,alps4141::alps_e7f1ee713cd5_to_Equation2,1,alps4141,alps4141::alps_e7f1ee713cd5_to_Equation2,memory_limit,resource_exhausted,resource_exhausted,False,False,False
exact_327dc44bb0de1566,alps4141::alps_56d4a05a4620_to_Equation2,1,alps4141,alps4141::alps_56d4a05a4620_to_Equation2,theorem,memory_limit,theorem,True,False,False
exact_a17e688ceecf8661,alps4141::alps_d517a789940d_to_Equation2,1,alps4141,alps4141::alps_d517a789940d_to_Equation2,memory_limit,resource_exhausted,resource_exhausted,False,False,False
exact_f5ccd52d33b42166,alps4141::alps_b668f904ff2e_to_Equation2,1,alps4141,alps4141::alps_b668f904ff2e_to_Equation2,memory_limit,resource_exhausted,resource_exhausted,False,False,False
exact_9401768e8a6a6a36,alps4141::alps_d4b5cb18129e_to_Equation2,1,alps4141,alps4141::alps_d4b5cb18129e_to_Equation2,resource_exhausted,resource_exhausted,resource_exhausted,False,False,False
exact_ff48e40acf120d56,alps4141::alps_8d62b8fe874b_to_Equation2,1,alps4141,alps4141::alps_8d62b8fe874b_to_Equation2,resource_exhausted,resource_exhausted,theorem,True,False,False
exact_59e3dfa1e9541dba,alps4141::alps_ccbb8f189b15_to_Equation2,1,alps4141,alps4141::alps_ccbb8f189b15_to_Equation2,memory_limit,resource_exhausted,resource_exhausted,False,False,False
exact_54d1bb7c219d6664,alps4141::alps_e2efc26a3fb8_to_Equation2,1,alps4141,alps4141::alps_e2efc26a3fb8_to_Equation2,memory_limit,resource_exhausted,resource_exhausted,False,False,False
exact_8b5f86b311e6936e,alps4141::alps_dca08f44e711_to_Equation2,1,alps4141,alps4141::alps_dca08f44e711_to_Equation2,theorem,theorem,theorem,True,False,False
exact_7a7fec92835e6243,alps4141::alps_bb8606ca8f65_to_Equation2,1,alps4141,alps4141::alps_bb8606ca8f65_to_Equation2,theorem,theorem,theorem,True,False,False
exact_6b782cad6390053a,alps4141::alps_c293cd0d4eed_to_Equation2,1,alps4141,alps4141::alps_c293cd0d4eed_to_Equation2,memory_limit,resource_exhausted,resource_exhausted,False,False,False
exact_87a9e64743dd315f,alps4141::alps_ad7f03b45539_to_Equation2,1,alps4141,alps4141::alps_ad7f03b45539_to_Equation2,memory_limit,resource_exhausted,resource_exhausted,False,False,False
exact_a37ec6b0fcf062aa,alps4141::alps_749bf234b29b_to_Equation2,1,alps4141,alps4141::alps_749bf234b29b_to_Equation2,theorem,theorem,theorem,True,False,False
exact_ca91ec3fd77273f0,alps4141::alps_b2924280a71a_to_Equation2,1,alps4141,alps4141::alps_b2924280a71a_to_Equation2,memory_limit,resource_exhausted,resource_exhausted,False,False,False
exact_0abd126e3f9c5f5a,alps4141::alps_d7df11d5ee1c_to_Equation2,1,alps4141,alps4141::alps_d7df11d5ee1c_to_Equation2,resource_exhausted,resource_exhausted,resource_exhausted,False,False,False
exact_fbe33803f80296d7,alps4141::alps_f5d5a5a573de_to_Equation2,1,alps4141,alps4141::alps_f5d5a5a573de_to_Equation2,theorem,theorem,theorem,True,False,False
exact_71d2097a6d3ac86c,alps4141::alps_f00833e1f0dd_to_Equation2,1,alps4141,alps4141::alps_f00833e1f0dd_to_Equation2,memory_limit,resource_exhausted,resource_exhausted,False,False,False
exact_48927374a89d991d,alps4141::alps_537c9f751748_to_Equation2,1,alps4141,alps4141::alps_537c9f751748_to_Equation2,theorem,theorem,theorem,True,False,False
exact_e1e0a634aacf6cd4,alps4141::alps_34b4aac2ccdf_to_Equation2,1,alps4141,alps4141::alps_34b4aac2ccdf_to_Equation2,resource_exhausted,resource_exhausted,resource_exhausted,False,False,False
exact_334f76c8b0ee17d3,alps4141::alps_91238e0e5380_to_Equation2,1,alps4141,alps4141::alps_91238e0e5380_to_Equation2,theorem,theorem,theorem,True,False,False
exact_41b8b335541b8d68,alps4141::alps_75cedb6a9203_to_Equation2,1,alps4141,alps4141::alps_75cedb6a9203_to_Equation2,memory_limit,resource_exhausted,resource_exhausted,False,False,False
exact_584612482789a5fd,alps4141::alps_14fef4e96ea2_to_Equation2,1,alps4141,alps4141::alps_14fef4e96ea2_to_Equation2,memory_limit,resource_exhausted,resource_exhausted,False,False,False
exact_65a46cf5c6518c10,alps4141::alps_fd0c59424c06_to_Equation2,1,alps4141,alps4141::alps_fd0c59424c06_to_Equation2,memory_limit,resource_exhausted,resource_exhausted,False,False,False
exact_2d284f0392372e1d,alps4141::alps_82c526712dd8_to_Equation2,1,alps4141,alps4141::alps_82c526712dd8_to_Equation2,memory_limit,resource_exhausted,resource_exhausted,False,False,False
exact_368336f42fc4ad18,alps4141::alps_75e416e92be7_to_Equation2,1,alps4141,alps4141::alps_75e416e92be7_to_Equation2,memory_limit,resource_exhausted,resource_exhausted,False,False,False
exact_a8c6f4cb9a75f4f0,alps4141::alps_730b1c641ac6_to_Equation2,1,alps4141,alps4141::alps_730b1c641ac6_to_Equation2,memory_limit,resource_exhausted,resource_exhausted,False,False,False
exact_9dfedce54a6ae440,alps4141::alps_df4de8e608b3_to_Equation2,1,alps4141,alps4141::alps_df4de8e608b3_to_Equation2,resource_exhausted,resource_exhausted,resource_exhausted,False,False,False
exact_d4afd23b33142461,alps4141::alps_b452db7c2acd_to_Equation2,1,alps4141,alps4141::alps_b452db7c2acd_to_Equation2,resource_exhausted,resource_exhausted,resource_exhausted,False,False,False
exact_854abc03d7ea35d5,alps4141::alps_46f226677cf0_to_Equation2,1,alps4141,alps4141::alps_46f226677cf0_to_Equation2,memory_limit,resource_exhausted,resource_exhausted,False,False,False
exact_fbced56f7b077305,alps4141::alps_a2fe5fb28c3b_to_Equation2,1,alps4141,alps4141::alps_a2fe5fb28c3b_to_Equation2,memory_limit,resource_exhausted,resource_exhausted,False,False,False
exact_d4d70e93f7da950c,alps4141::alps_d4975bec4113_to_Equation2,1,alps4141,alps4141::alps_d4975bec4113_to_Equation2,memory_limit,resource_exhausted,resource_exhausted,False,False,False
exact_3f370fe6704ff440,alps4141::alps_ac7c13fb671c_to_Equation2,1,alps4141,alps4141::alps_ac7c13fb671c_to_Equation2,memory_limit,resource_exhausted,resource_exhausted,False,False,False
exact_15bf1a2d7f0fdd30,alps4141::alps_d12c83dda105_to_Equation2,1,alps4141,alps4141::alps_d12c83dda105_to_Equation2,memory_limit,resource_exhausted,memory_limit,False,False,False
exact_465ac4ae92f85d58,alps4141::alps_4a826d96fd5b_to_Equation2,1,alps4141,alps4141::alps_4a826d96fd5b_to_Equation2,memory_limit,resource_exhausted,memory_limit,False,False,False
exact_e2776c3c1e6e5d5b,alps4141::alps_5ec4419d59b6_to_Equation2,1,alps4141,alps4141::alps_5ec4419d59b6_to_Equation2,memory_limit,resource_exhausted,resource_exhausted,False,False,False
exact_0145308726282fac,alps4141::alps_23a974ca0108_to_Equation2,1,alps4141,alps4141::alps_23a974ca0108_to_Equation2,memory_limit,resource_exhausted,resource_exhausted,False,False,False
exact_81234dcb58728476,alps4141::alps_354703d114ff_to_Equation2,1,alps4141,alps4141::alps_354703d114ff_to_Equation2,memory_limit,resource_exhausted,resource_exhausted,False,False,False
exact_b346d93f4dd16dad,alps4141::alps_0bbcb1fb09a8_to_Equation2,1,alps4141,alps4141::alps_0bbcb1fb09a8_to_Equation2,resource_exhausted,resource_exhausted,resource_exhausted,False,False,False
exact_e9f959d38c22d0e7,alps4141::alps_fb1d88585e48_to_Equation2,1,alps4141,alps4141::alps_fb1d88585e48_to_Equation2,memory_limit,resource_exhausted,resource_exhausted,False,False,False
exact_55f9040a84671ed8,alps4141::alps_be634bc5d291_to_Equation2,1,alps4141,alps4141::alps_be634bc5d291_to_Equation2,memory_limit,resource_exhausted,resource_exhausted,False,False,False
exact_dbe18e06cc7e02bf,alps4141::alps_cd84542a48ae_to_Equation2,1,alps4141,alps4141::alps_cd84542a48ae_to_Equation2,resource_exhausted,resource_exhausted,resource_exhausted,False,False,False
exact_1fdf535d6382dace,alps4141::alps_46648072f2c6_to_Equation2,1,alps4141,alps4141::alps_46648072f2c6_to_Equation2,memory_limit,resource_exhausted,resource_exhausted,False,False,False
exact_4ff9e13b53039516,alps4141::alps_f1b27ef0aabd_to_Equation2,1,alps4141,alps4141::alps_f1b27ef0aabd_to_Equation2,memory_limit,resource_exhausted,resource_exhausted,False,False,False
exact_410f761ff4223258,alps4141::alps_da47ae064970_to_Equation2,1,alps4141,alps4141::alps_da47ae064970_to_Equation2,memory_limit,resource_exhausted,resource_exhausted,False,False,False
exact_1505105f83ed94c4,alps4141::alps_0b07d6ee423c_to_Equation2,1,alps4141,alps4141::alps_0b07d6ee423c_to_Equation2,resource_exhausted,resource_exhausted,resource_exhausted,False,False,False
exact_5252721c1d70bc71,alps4141::alps_b347b4204852_to_Equation2,1,alps4141,alps4141::alps_b347b4204852_to_Equation2,memory_limit,resource_exhausted,resource_exhausted,False,False,False
exact_26eb28f99d20fbd3,alps4141::alps_a7d2e0260381_to_Equation2,1,alps4141,alps4141::alps_a7d2e0260381_to_Equation2,memory_limit,resource_exhausted,resource_exhausted,False,False,False
exact_b0337c23a45123f1,alps4141::alps_ea89bae6e78d_to_Equation2,1,alps4141,alps4141::alps_ea89bae6e78d_to_Equation2,memory_limit,resource_exhausted,resource_exhausted,False,False,False
exact_de118888aa8d9db8,alps4141::alps_6a6a285e5835_to_Equation2,1,alps4141,alps4141::alps_6a6a285e5835_to_Equation2,memory_limit,resource_exhausted,resource_exhausted,False,False,False
exact_97bbba803c960e1b,alps4141::alps_8adab8e5672c_to_Equation2,1,alps4141,alps4141::alps_8adab8e5672c_to_Equation2,memory_limit,resource_exhausted,resource_exhausted,False,False,False
exact_7d455632e064f149,alps4141::alps_bc8916882591_to_Equation2,1,alps4141,alps4141::alps_bc8916882591_to_Equation2,resource_exhausted,resource_exhausted,resource_exhausted,False,False,False
exact_ba0c17777a3c8b0a,alps4141::alps_7ce40a7112bc_to_Equation2,1,alps4141,alps4141::alps_7ce40a7112bc_to_Equation2,resource_exhausted,resource_exhausted,resource_exhausted,False,False,False
exact_bd4fd8c25dd2eefe,alps4141::alps_894b7bf4264a_to_Equation2,1,alps4141,alps4141::alps_894b7bf4264a_to_Equation2,resource_exhausted,resource_exhausted,resource_exhausted,False,False,False
exact_91d6b5b801ad915f,alps4141::alps_a7ed30e19e65_to_Equation2,1,alps4141,alps4141::alps_a7ed30e19e65_to_Equation2,resource_exhausted,resource_exhausted,resource_exhausted,False,False,False
exact_aac0316b8d4cd819,alps4141::alps_f7fac84cfb74_to_Equation2,1,alps4141,alps4141::alps_f7fac84cfb74_to_Equation2,memory_limit,resource_exhausted,resource_exhausted,False,False,False
exact_dee785c45a18bc5c,alps4141::alps_a077f7ebe33e_to_Equation2,1,alps4141,alps4141::alps_a077f7ebe33e_to_Equation2,memory_limit,resource_exhausted,resource_exhausted,False,False,False
exact_25a35651622c6442,alps4141::alps_dc60f103632d_to_Equation2,1,alps4141,alps4141::alps_dc60f103632d_to_Equation2,memory_limit,resource_exhausted,resource_exhausted,False,False,False
exact_b51702f714e21eaf,alps4141::alps_d3b3d9690edc_to_Equation2,1,alps4141,alps4141::alps_d3b3d9690edc_to_Equation2,memory_limit,resource_exhausted,memory_limit,False,False,False
exact_2a4b028073ca8f37,alps4141::alps_156fb6921745_to_Equation2,1,alps4141,alps4141::alps_156fb6921745_to_Equation2,memory_limit,resource_exhausted,resource_exhausted,False,False,False
exact_99e1e6cd901f8562,alps4141::alps_8fd3ccbee2c7_to_Equation2,1,alps4141,alps4141::alps_8fd3ccbee2c7_to_Equation2,memory_limit,resource_exhausted,resource_exhausted,False,False,False
exact_3b2a9707f07d263e,alps4141::alps_5f9015a0ebd4_to_Equation2,1,alps4141,alps4141::alps_5f9015a0ebd4_to_Equation2,memory_limit,resource_exhausted,resource_exhausted,False,False,False
exact_5638ff18fe64e9ad,alps4141::alps_0a4e9303fcad_to_Equation2,1,alps4141,alps4141::alps_0a4e9303fcad_to_Equation2,memory_limit,resource_exhausted,resource_exhausted,False,False,False
exact_df0f5ec32e9ed705,alps4141::alps_63ced13ebf91_to_Equation2,1,alps4141,alps4141::alps_63ced13ebf91_to_Equation2,memory_limit,resource_exhausted,resource_exhausted,False,False,False
exact_7b8846e51b91629d,alps4141::alps_93a39a9f40a0_to_Equation2,1,alps4141,alps4141::alps_93a39a9f40a0_to_Equation2,memory_limit,resource_exhausted,resource_exhausted,False,False,False
exact_138b4eb1f7f2fb08,alps4141::alps_299720305c8b_to_Equation2,1,alps4141,alps4141::alps_299720305c8b_to_Equation2,memory_limit,resource_exhausted,resource_exhausted,False,False,False
exact_3e14cb21ab84ea85,alps4141::alps_4ecf28725e54_to_Equation2,1,alps4141,alps4141::alps_4ecf28725e54_to_Equation2,completed_no_decisive_result,resource_exhausted,resource_exhausted,False,False,False
exact_8e6d71a5b3468642,alps4141::alps_1f68dce995ce_to_Equation2,1,alps4141,alps4141::alps_1f68dce995ce_to_Equation2,memory_limit,resource_exhausted,resource_exhausted,False,False,False
exact_3d42cf8ed647bc9f,alps4141::alps_2156a9dafc5f_to_Equation2,1,alps4141,alps4141::alps_2156a9dafc5f_to_Equation2,memory_limit,resource_exhausted,resource_exhausted,False,False,False
exact_7a96c97f4999706e,alps4141::alps_cc5a4f25c017_to_Equation2,1,alps4141,alps4141::alps_cc5a4f25c017_to_Equation2,memory_limit,resource_exhausted,resource_exhausted,False,False,False
exact_2028f4dfe353d77a,alps4141::alps_5c8f8b782078_to_Equation2,1,alps4141,alps4141::alps_5c8f8b782078_to_Equation2,memory_limit,resource_exhausted,resource_exhausted,False,False,False
exact_0be708a0b0d57181,alps4141::alps_63b84c78e81f_to_Equation2,1,alps4141,alps4141::alps_63b84c78e81f_to_Equation2,memory_limit,resource_exhausted,resource_exhausted,False,False,False
exact_628e35b031caa0c5,alps4141::alps_bf7c4f8a393e_to_Equation2,1,alps4141,alps4141::alps_bf7c4f8a393e_to_Equation2,memory_limit,resource_exhausted,resource_exhausted,False,False,False
exact_df131d509bc82e7d,alps4141::alps_f6384e0be87a_to_Equation2,1,alps4141,alps4141::alps_f6384e0be87a_to_Equation2,memory_limit,resource_exhausted,memory_limit,False,False,False
exact_06dd86319683c026,alps4141::alps_07248118b054_to_Equation2,1,alps4141,alps4141::alps_07248118b054_to_Equation2,memory_limit,resource_exhausted,memory_limit,False,False,False
exact_517dda77068c6d9e,alps4141::alps_437ae4313858_to_Equation2,1,alps4141,alps4141::alps_437ae4313858_to_Equation2,memory_limit,resource_exhausted,resource_exhausted,False,False,False
exact_83d2820122d33a80,alps4141::alps_e2b45feedc45_to_Equation2,1,alps4141,alps4141::alps_e2b45feedc45_to_Equation2,memory_limit,resource_exhausted,resource_exhausted,False,False,False
exact_971a8f2fdc5932b9,alps4141::alps_0a4142bf4922_to_Equation2,1,alps4141,alps4141::alps_0a4142bf4922_to_Equation2,memory_limit,resource_exhausted,resource_exhausted,False,False,False
exact_6601c732d94ab54c,alps4141::alps_ec35ef7c1fae_to_Equation2,1,alps4141,alps4141::alps_ec35ef7c1fae_to_Equation2,memory_limit,resource_exhausted,resource_exhausted,False,False,False
exact_4e90394c696e29ea,alps4141::alps_9e6f6de9d090_to_Equation2,1,alps4141,alps4141::alps_9e6f6de9d090_to_Equation2,memory_limit,resource_exhausted,resource_exhausted,False,False,False
exact_6cd7b4de1b8350e1,alps4141::alps_f9cf1462242c_to_Equation2,1,alps4141,alps4141::alps_f9cf1462242c_to_Equation2,memory_limit,resource_exhausted,resource_exhausted,False,False,False
exact_b0cb325c2915a6f2,alps4141::alps_ba6eec6df30a_to_Equation2,1,alps4141,alps4141::alps_ba6eec6df30a_to_Equation2,memory_limit,resource_exhausted,resource_exhausted,False,False,False
exact_dc7d67b532a68b3f,alps4141::alps_52a1da97a6ed_to_Equation2,1,alps4141,alps4141::alps_52a1da97a6ed_to_Equation2,memory_limit,resource_exhausted,resource_exhausted,False,False,False
exact_b8f0a5fd5656b30d,alps4141::alps_5f9873e80ff0_to_Equation2,1,alps4141,alps4141::alps_5f9873e80ff0_to_Equation2,memory_limit,resource_exhausted,memory_limit,False,False,False
exact_ea9b4fab23444387,alps4141::alps_47e1e314e663_to_Equation2,1,alps4141,alps4141::alps_47e1e314e663_to_Equation2,memory_limit,resource_exhausted,resource_exhausted,False,False,False
exact_a3e57c2e09f4d9a9,alps4141::alps_78303a23895a_to_Equation2,1,alps4141,alps4141::alps_78303a23895a_to_Equation2,memory_limit,resource_exhausted,resource_exhausted,False,False,False
exact_131ef8b6be3b873c,alps4141::alps_cf7145ef5dae_to_Equation2,1,alps4141,alps4141::alps_cf7145ef5dae_to_Equation2,memory_limit,resource_exhausted,resource_exhausted,False,False,False
exact_5830db2a21262dd1,alps4141::alps_af9c48c008d4_to_Equation2,1,alps4141,alps4141::alps_af9c48c008d4_to_Equation2,resource_exhausted,resource_exhausted,resource_exhausted,False,False,False
exact_02ed0df132f95411,alps4141::alps_43d421d91774_to_Equation2,1,alps4141,alps4141::alps_43d421d91774_to_Equation2,memory_limit,resource_exhausted,memory_limit,False,False,False
exact_553d935043428550,alps4141::alps_b7649a45bace_to_Equation2,1,alps4141,alps4141::alps_b7649a45bace_to_Equation2,memory_limit,resource_exhausted,resource_exhausted,False,False,False
exact_d82dbb378bd5da53,alps4141::alps_d196bc2b90a6_to_Equation2,1,alps4141,alps4141::alps_d196bc2b90a6_to_Equation2,memory_limit,resource_exhausted,resource_exhausted,False,False,False
exact_892c22459956b030,alps4141::alps_9cf648f343ff_to_Equation2,1,alps4141,alps4141::alps_9cf648f343ff_to_Equation2,resource_exhausted,resource_exhausted,resource_exhausted,False,False,False
exact_7626c173028e392c,alps4141::alps_8042f72b0a9c_to_Equation2,1,alps4141,alps4141::alps_8042f72b0a9c_to_Equation2,memory_limit,resource_exhausted,memory_limit,False,False,False
exact_0771b39531d19ec4,alps4141::alps_c0f2e7f78d2b_to_Equation2,1,alps4141,alps4141::alps_c0f2e7f78d2b_to_Equation2,memory_limit,resource_exhausted,memory_limit,False,False,False
exact_20ff5685222a80ed,alps4141::alps_7457adfca26b_to_Equation2,1,alps4141,alps4141::alps_7457adfca26b_to_Equation2,memory_limit,resource_exhausted,resource_exhausted,False,False,False
exact_0f10e95f11ae207f,alps4141::alps_6d36f9e03036_to_Equation2,1,alps4141,alps4141::alps_6d36f9e03036_to_Equation2,resource_exhausted,resource_exhausted,resource_exhausted,False,False,False
exact_4a980bc46ca140c4,alps4141::alps_5bc5487ead34_to_Equation2,1,alps4141,alps4141::alps_5bc5487ead34_to_Equation2,memory_limit,resource_exhausted,resource_exhausted,False,False,False
exact_72f111866088cf49,alps4141::alps_839d7bff21e3_to_Equation2,1,alps4141,alps4141::alps_839d7bff21e3_to_Equation2,memory_limit,resource_exhausted,memory_limit,False,False,False
exact_854a142490065cad,alps4141::alps_0a48af5dd242_to_Equation2,1,alps4141,alps4141::alps_0a48af5dd242_to_Equation2,memory_limit,resource_exhausted,resource_exhausted,False,False,False
exact_92e52c82c9079d9b,alps4141::alps_35c573a5ff4d_to_Equation2,1,alps4141,alps4141::alps_35c573a5ff4d_to_Equation2,memory_limit,resource_exhausted,resource_exhausted,False,False,False
exact_df66ba7138b8c749,alps4141::alps_7be82137b918_to_Equation2,1,alps4141,alps4141::alps_7be82137b918_to_Equation2,memory_limit,resource_exhausted,memory_limit,False,False,False
exact_e4f2c0f5c1a70e94,alps4141::alps_60c73bda0d25_to_Equation2,1,alps4141,alps4141::alps_60c73bda0d25_to_Equation2,memory_limit,resource_exhausted,resource_exhausted,False,False,False
exact_420db0ce84f9fc4f,alps4141::alps_304f4d0efd66_to_Equation2,1,alps4141,alps4141::alps_304f4d0efd66_to_Equation2,memory_limit,resource_exhausted,resource_exhausted,False,False,False
exact_c09410335f4dec89,alps4141::alps_89777d61417b_to_Equation2,1,alps4141,alps4141::alps_89777d61417b_to_Equation2,memory_limit,resource_exhausted,resource_exhausted,False,False,False
exact_60bd8437e465c9c2,alps4141::alps_99c850f9f71d_to_Equation2,1,alps4141,alps4141::alps_99c850f9f71d_to_Equation2,memory_limit,resource_exhausted,resource_exhausted,False,False,False
exact_26898181f2397693,alps4141::alps_4f5af4ac4c80_to_Equation2,1,alps4141,alps4141::alps_4f5af4ac4c80_to_Equation2,memory_limit,resource_exhausted,memory_limit,False,False,False
exact_0466790b68675dd6,alps4141::alps_ab1d9005204b_to_Equation2,1,alps4141,alps4141::alps_ab1d9005204b_to_Equation2,memory_limit,resource_exhausted,memory_limit,False,False,False
exact_3fd9f2e40341bc78,alps4141::alps_5937f08348cb_to_Equation2,1,alps4141,alps4141::alps_5937f08348cb_to_Equation2,resource_exhausted,resource_exhausted,resource_exhausted,False,False,False
exact_85303ff4f70eb5a7,alps4141::alps_250cf30fd35b_to_Equation2,1,alps4141,alps4141::alps_250cf30fd35b_to_Equation2,memory_limit,resource_exhausted,resource_exhausted,False,False,False
exact_dc6ac94b8ed80cb6,alps4141::alps_cd0bc3687761_to_Equation2,1,alps4141,alps4141::alps_cd0bc3687761_to_Equation2,resource_exhausted,resource_exhausted,resource_exhausted,False,False,False
exact_e20d70d80cdbefc9,alps4141::alps_36c35e386e29_to_Equation2,1,alps4141,alps4141::alps_36c35e386e29_to_Equation2,completed_no_decisive_result,resource_exhausted,resource_exhausted,False,False,False
exact_bf116781600458dd,alps4141::alps_c63916cadf7d_to_Equation2,1,alps4141,alps4141::alps_c63916cadf7d_to_Equation2,memory_limit,resource_exhausted,memory_limit,False,False,False
exact_870aa609c1bde2fa,alps4141::alps_59cef1d8f4ff_to_Equation2,1,alps4141,alps4141::alps_59cef1d8f4ff_to_Equation2,memory_limit,resource_exhausted,resource_exhausted,False,False,False
exact_ccec6e31438f6608,alps4141::alps_3179335ffcde_to_Equation2,1,alps4141,alps4141::alps_3179335ffcde_to_Equation2,memory_limit,resource_exhausted,resource_exhausted,False,False,False
exact_8938b55d06d8d688,alps4141::alps_c90a70bf09a2_to_Equation2,1,alps4141,alps4141::alps_c90a70bf09a2_to_Equation2,memory_limit,resource_exhausted,resource_exhausted,False,False,False
exact_b5f23ea25ceb6e74,alps4141::alps_72110f14a9bb_to_Equation2,1,alps4141,alps4141::alps_72110f14a9bb_to_Equation2,memory_limit,resource_exhausted,memory_limit,False,False,False
exact_c1426a6c2a7115cb,alps4141::alps_62af35140355_to_Equation2,1,alps4141,alps4141::alps_62af35140355_to_Equation2,memory_limit,resource_exhausted,resource_exhausted,False,False,False
exact_de758d5c7cff00e4,alps4141::alps_3ff0e30c3763_to_Equation2,1,alps4141,alps4141::alps_3ff0e30c3763_to_Equation2,memory_limit,resource_exhausted,resource_exhausted,False,False,False
exact_5709b7f5cee63d75,alps4141::alps_66612dc6ae93_to_Equation2,1,alps4141,alps4141::alps_66612dc6ae93_to_Equation2,memory_limit,resource_exhausted,resource_exhausted,False,False,False
exact_2a46c52d18f406f0,alps4141::alps_2ae9361e8c8a_to_Equation2,1,alps4141,alps4141::alps_2ae9361e8c8a_to_Equation2,memory_limit,resource_exhausted,resource_exhausted,False,False,False
exact_7cce39a0fb28008b,alps4141::alps_628692b3f355_to_Equation2,1,alps4141,alps4141::alps_628692b3f355_to_Equation2,memory_limit,resource_exhausted,memory_limit,False,False,False
exact_3d4f64bb2fd0cd84,alps4141::alps_a04a3c657e1e_to_Equation2,1,alps4141,alps4141::alps_a04a3c657e1e_to_Equation2,memory_limit,resource_exhausted,memory_limit,False,False,False
exact_dc67f2c0f84069bf,alps4141::alps_6ac25a6754cb_to_Equation2,1,alps4141,alps4141::alps_6ac25a6754cb_to_Equation2,memory_limit,resource_exhausted,memory_limit,False,False,False
exact_b9322ecfc236971f,alps4141::alps_46f4e3957b01_to_Equation2,1,alps4141,alps4141::alps_46f4e3957b01_to_Equation2,memory_limit,resource_exhausted,resource_exhausted,False,False,False
exact_a6ece564d038ef56,alps4141::alps_f073ca0c62bd_to_Equation2,1,alps4141,alps4141::alps_f073ca0c62bd_to_Equation2,memory_limit,resource_exhausted,resource_exhausted,False,False,False
exact_fbb1a42ce600dd1d,alps4141::alps_b2c8e7997e85_to_Equation2,1,alps4141,alps4141::alps_b2c8e7997e85_to_Equation2,memory_limit,resource_exhausted,memory_limit,False,False,False
exact_ff817933c4c3a306,alps4141::alps_d3db06b1b971_to_Equation2,1,alps4141,alps4141::alps_d3db06b1b971_to_Equation2,resource_exhausted,resource_exhausted,resource_exhausted,False,False,False
exact_3948b0a2b37c4e12,alps4141::alps_e586b0bbd43c_to_Equation2,1,alps4141,alps4141::alps_e586b0bbd43c_to_Equation2,resource_exhausted,resource_exhausted,resource_exhausted,False,False,False
exact_18d02d1ced9d01f7,alps4141::alps_620b3579b1b9_to_Equation2,1,alps4141,alps4141::alps_620b3579b1b9_to_Equation2,resource_exhausted,resource_exhausted,resource_exhausted,False,False,False
exact_87e351ad27fa4148,alps4141::alps_a54f6a8fe7ca_to_Equation2,1,alps4141,alps4141::alps_a54f6a8fe7ca_to_Equation2,completed_no_decisive_result,resource_exhausted,resource_exhausted,False,False,False
exact_683555d5fa8976c0,alps4141::alps_ea87be93068b_to_Equation2,1,alps4141,alps4141::alps_ea87be93068b_to_Equation2,resource_exhausted,resource_exhausted,resource_exhausted,False,False,False
exact_6a100a74bf7fe8c7,alps4141::alps_fe01e0c8f57e_to_Equation2,1,alps4141,alps4141::alps_fe01e0c8f57e_to_Equation2,memory_limit,resource_exhausted,resource_exhausted,False,False,False
exact_05ccf3fe811db971,alps4141::alps_ec77fa65fb36_to_Equation2,1,alps4141,alps4141::alps_ec77fa65fb36_to_Equation2,memory_limit,resource_exhausted,resource_exhausted,False,False,False
exact_367708c279b8eda3,austin96::order5_austin_unknown_E40208_to_E2,2,alps4141+austin96,austin96::order5_austin_unknown_E40208_to_E2 | alps4141::alps_24226510ea8d_to_Equation2,memory_limit,resource_exhausted,resource_exhausted,False,False,False
exact_5e9f21b82738931e,austin96::order5_austin_unknown_E40221_to_E2,2,alps4141+austin96,austin96::order5_austin_unknown_E40221_to_E2 | alps4141::alps_59c4d40203e1_to_Equation2,memory_limit,resource_exhausted,resource_exhausted,False,False,False
exact_6465af2bdd9ebb6e,alps4141::alps_97d0e5818832_to_Equation2,1,alps4141,alps4141::alps_97d0e5818832_to_Equation2,memory_limit,resource_exhausted,resource_exhausted,False,False,False
exact_b1e4c9e3003d1e26,alps4141::alps_f879c2e60614_to_Equation2,1,alps4141,alps4141::alps_f879c2e60614_to_Equation2,resource_exhausted,resource_exhausted,resource_exhausted,False,False,False
exact_9e94777397fa1a42,alps4141::alps_b8fb5c811481_to_Equation2,1,alps4141,alps4141::alps_b8fb5c811481_to_Equation2,memory_limit,resource_exhausted,resource_exhausted,False,False,False
exact_a5249999dd80dfb9,alps4141::alps_73505602fe63_to_Equation2,1,alps4141,alps4141::alps_73505602fe63_to_Equation2,memory_limit,resource_exhausted,resource_exhausted,False,False,False
exact_a476a094eae10ece,alps4141::alps_a9a7cf54efc7_to_Equation2,1,alps4141,alps4141::alps_a9a7cf54efc7_to_Equation2,memory_limit,resource_exhausted,memory_limit,False,False,False
exact_45a004ed1748a5ae,alps4141::alps_245f0d35ee3a_to_Equation2,1,alps4141,alps4141::alps_245f0d35ee3a_to_Equation2,resource_exhausted,resource_exhausted,resource_exhausted,False,False,False
exact_445bfc3643a9adbd,alps4141::alps_a0223804e58d_to_Equation2,1,alps4141,alps4141::alps_a0223804e58d_to_Equation2,memory_limit,resource_exhausted,resource_exhausted,False,False,False
exact_2cad5a67de10e05f,alps4141::alps_ded13b172765_to_Equation2,1,alps4141,alps4141::alps_ded13b172765_to_Equation2,memory_limit,resource_exhausted,resource_exhausted,False,False,False
exact_bcb19245ec08d06b,alps4141::alps_c1f6c09a3d2e_to_Equation2,1,alps4141,alps4141::alps_c1f6c09a3d2e_to_Equation2,resource_exhausted,resource_exhausted,resource_exhausted,False,False,False
exact_2ebca7b813d11a3a,alps4141::alps_aa109e5222e1_to_Equation2,1,alps4141,alps4141::alps_aa109e5222e1_to_Equation2,resource_exhausted,resource_exhausted,resource_exhausted,False,False,False
exact_580855e095505fab,alps4141::alps_b9ecaeaed0bf_to_Equation2,1,alps4141,alps4141::alps_b9ecaeaed0bf_to_Equation2,memory_limit,resource_exhausted,memory_limit,False,False,False
exact_3f219784d0204239,alps4141::alps_654e62915df5_to_Equation2,1,alps4141,alps4141::alps_654e62915df5_to_Equation2,memory_limit,resource_exhausted,resource_exhausted,False,False,False
exact_9718a78b9b506e8a,alps4141::alps_7ba9e8d97bac_to_Equation2,1,alps4141,alps4141::alps_7ba9e8d97bac_to_Equation2,memory_limit,resource_exhausted,resource_exhausted,False,False,False
exact_9ccf312bbcac96a6,alps4141::alps_64dbdf3c8d59_to_Equation2,1,alps4141,alps4141::alps_64dbdf3c8d59_to_Equation2,memory_limit,resource_exhausted,resource_exhausted,False,False,False
exact_98fa5ca66d9f010e,alps4141::alps_ba3f46608e3c_to_Equation2,1,alps4141,alps4141::alps_ba3f46608e3c_to_Equation2,memory_limit,resource_exhausted,memory_limit,False,False,False
exact_e7885cebda6ead0d,alps4141::alps_ea979349f818_to_Equation2,1,alps4141,alps4141::alps_ea979349f818_to_Equation2,resource_exhausted,resource_exhausted,resource_exhausted,False,False,False
exact_22af3c24dede7fd4,alps4141::alps_21069c6a5955_to_Equation2,1,alps4141,alps4141::alps_21069c6a5955_to_Equation2,resource_exhausted,resource_exhausted,resource_exhausted,False,False,False
exact_074fbe0b288869b4,alps4141::alps_4f987726f278_to_Equation2,1,alps4141,alps4141::alps_4f987726f278_to_Equation2,resource_exhausted,resource_exhausted,resource_exhausted,False,False,False
exact_a1273a4d99bb4e6f,alps4141::alps_58ea6b14e45a_to_Equation2,1,alps4141,alps4141::alps_58ea6b14e45a_to_Equation2,memory_limit,resource_exhausted,memory_limit,False,False,False
exact_197f5790a09d6953,alps4141::alps_e12da4d0abc7_to_Equation2,1,alps4141,alps4141::alps_e12da4d0abc7_to_Equation2,resource_exhausted,resource_exhausted,memory_limit,False,False,False
exact_6897f2e6caa243bb,alps4141::alps_9c173fe194ee_to_Equation2,1,alps4141,alps4141::alps_9c173fe194ee_to_Equation2,memory_limit,resource_exhausted,resource_exhausted,False,False,False
exact_0f59780424333054,alps4141::alps_dea7f23e1767_to_Equation2,1,alps4141,alps4141::alps_dea7f23e1767_to_Equation2,resource_exhausted,resource_exhausted,resource_exhausted,False,False,False
exact_47a3dbbfb5e4fe55,alps4141::alps_21d4dcef75b9_to_Equation2,1,alps4141,alps4141::alps_21d4dcef75b9_to_Equation2,resource_exhausted,resource_exhausted,resource_exhausted,False,False,False
exact_b7e7ba4b19e118ae,alps4141::alps_651604be6cad_to_Equation2,1,alps4141,alps4141::alps_651604be6cad_to_Equation2,resource_exhausted,resource_exhausted,resource_exhausted,False,False,False
exact_5f9fb699046f7a41,alps4141::alps_bdfdda87cb1a_to_Equation2,1,alps4141,alps4141::alps_bdfdda87cb1a_to_Equation2,memory_limit,resource_exhausted,resource_exhausted,False,False,False
exact_4b35109ac558b610,alps4141::alps_a1f990d01ca4_to_Equation2,1,alps4141,alps4141::alps_a1f990d01ca4_to_Equation2,resource_exhausted,resource_exhausted,resource_exhausted,False,False,False
exact_a384db96ea01de3f,alps4141::alps_73f0cedec778_to_Equation2,1,alps4141,alps4141::alps_73f0cedec778_to_Equation2,resource_exhausted,resource_exhausted,resource_exhausted,False,False,False
exact_bc9fffaad93b2558,alps4141::alps_0632b89c4d43_to_Equation2,1,alps4141,alps4141::alps_0632b89c4d43_to_Equation2,memory_limit,resource_exhausted,resource_exhausted,False,False,False
exact_bdb6f6d5510f3fdb,alps4141::alps_d92ece62410b_to_Equation2,1,alps4141,alps4141::alps_d92ece62410b_to_Equation2,resource_exhausted,resource_exhausted,resource_exhausted,False,False,False
exact_352a065824abc66c,alps4141::alps_54223dbe10db_to_Equation2,1,alps4141,alps4141::alps_54223dbe10db_to_Equation2,memory_limit,resource_exhausted,resource_exhausted,False,False,False
exact_c078630460649082,alps4141::alps_35153dcee969_to_Equation2,1,alps4141,alps4141::alps_35153dcee969_to_Equation2,memory_limit,resource_exhausted,resource_exhausted,False,False,False
exact_57121de7409621c8,alps4141::alps_18f201e150c7_to_Equation2,1,alps4141,alps4141::alps_18f201e150c7_to_Equation2,memory_limit,resource_exhausted,memory_limit,False,False,False
exact_cda1910145252314,alps4141::alps_8c6fb8cb5785_to_Equation2,1,alps4141,alps4141::alps_8c6fb8cb5785_to_Equation2,resource_exhausted,resource_exhausted,resource_exhausted,False,False,False
exact_24759ca61e3da339,alps4141::alps_fe8ccaad4c07_to_Equation2,1,alps4141,alps4141::alps_fe8ccaad4c07_to_Equation2,memory_limit,resource_exhausted,resource_exhausted,False,False,False
exact_7ae23e9b8f4f5a6f,alps4141::alps_187f9758167f_to_Equation2,1,alps4141,alps4141::alps_187f9758167f_to_Equation2,memory_limit,resource_exhausted,resource_exhausted,False,False,False
exact_f60eeac336253075,alps4141::alps_72e127cd1ae6_to_Equation2,1,alps4141,alps4141::alps_72e127cd1ae6_to_Equation2,memory_limit,resource_exhausted,resource_exhausted,False,False,False
exact_a66b79837dfb7cd7,alps4141::alps_d7b5f6fd5cd8_to_Equation2,1,alps4141,alps4141::alps_d7b5f6fd5cd8_to_Equation2,resource_exhausted,resource_exhausted,resource_exhausted,False,False,False
exact_41750736d1571d6f,alps4141::alps_e1129d245b44_to_Equation2,1,alps4141,alps4141::alps_e1129d245b44_to_Equation2,resource_exhausted,resource_exhausted,resource_exhausted,False,False,False
exact_4fe6e749449ae907,alps4141::alps_32b1383d2492_to_Equation2,1,alps4141,alps4141::alps_32b1383d2492_to_Equation2,memory_limit,resource_exhausted,resource_exhausted,False,False,False
exact_8a6bc501836f665c,alps4141::alps_35df33f30420_to_Equation2,1,alps4141,alps4141::alps_35df33f30420_to_Equation2,memory_limit,resource_exhausted,resource_exhausted,False,False,False
exact_331c1ce8b662bbd3,alps4141::alps_fc2a28aaa635_to_Equation2,1,alps4141,alps4141::alps_fc2a28aaa635_to_Equation2,memory_limit,resource_exhausted,resource_exhausted,False,False,False
exact_fd37536b04b5a0d2,alps4141::alps_5e5ec9464e53_to_Equation2,1,alps4141,alps4141::alps_5e5ec9464e53_to_Equation2,memory_limit,resource_exhausted,resource_exhausted,False,False,False
exact_9a311a7cf0469b71,alps4141::alps_3d8ac6ebe4c4_to_Equation2,1,alps4141,alps4141::alps_3d8ac6ebe4c4_to_Equation2,memory_limit,resource_exhausted,resource_exhausted,False,False,False
exact_7d5b121522502fb5,alps4141::alps_1bb6bf3c73f7_to_Equation2,1,alps4141,alps4141::alps_1bb6bf3c73f7_to_Equation2,memory_limit,resource_exhausted,resource_exhausted,False,False,False
exact_e35d91bd47522b60,alps4141::alps_6ccb5c724c79_to_Equation2,1,alps4141,alps4141::alps_6ccb5c724c79_to_Equation2,memory_limit,resource_exhausted,resource_exhausted,False,False,False
exact_44a214cacee92f5c,alps4141::alps_ba32b9798e3f_to_Equation2,1,alps4141,alps4141::alps_ba32b9798e3f_to_Equation2,memory_limit,resource_exhausted,resource_exhausted,False,False,False
exact_5d356c2f55f2930e,alps4141::alps_6a81e595cb16_to_Equation2,1,alps4141,alps4141::alps_6a81e595cb16_to_Equation2,memory_limit,resource_exhausted,resource_exhausted,False,False,False
exact_e7030da4967675d7,alps4141::alps_743fc10d41d3_to_Equation2,1,alps4141,alps4141::alps_743fc10d41d3_to_Equation2,resource_exhausted,resource_exhausted,theorem,True,False,False
exact_0ef7884709aa69a2,alps4141::alps_62470e5ae4e6_to_Equation2,1,alps4141,alps4141::alps_62470e5ae4e6_to_Equation2,resource_exhausted,resource_exhausted,resource_exhausted,False,False,False
exact_0b2eaefb4eb829c7,austin96::order5_austin_unknown_E39126_to_E2,2,alps4141+austin96,austin96::order5_austin_unknown_E39126_to_E2 | alps4141::alps_cfe08066ab0e_to_Equation2,resource_exhausted,resource_exhausted,resource_exhausted,False,False,False
exact_8cb65784d7dd33b3,alps4141::alps_1a838898392f_to_Equation2,1,alps4141,alps4141::alps_1a838898392f_to_Equation2,resource_exhausted,resource_exhausted,resource_exhausted,False,False,False
exact_071e2595705c59b1,alps4141::alps_92aa125c864e_to_Equation2,1,alps4141,alps4141::alps_92aa125c864e_to_Equation2,theorem,theorem,theorem,True,False,False
exact_04e2e5e82107e159,alps4141::alps_4a3e52854e2c_to_Equation2,1,alps4141,alps4141::alps_4a3e52854e2c_to_Equation2,resource_exhausted,resource_exhausted,resource_exhausted,False,False,False
exact_a9398c6f58a4f5bf,alps4141::alps_42f1c21637dd_to_Equation2,1,alps4141,alps4141::alps_42f1c21637dd_to_Equation2,resource_exhausted,theorem,theorem,True,False,False
exact_b7933e04b3cfbdcd,alps4141::alps_c70848cb3c9b_to_Equation2,1,alps4141,alps4141::alps_c70848cb3c9b_to_Equation2,resource_exhausted,theorem,theorem,True,False,False
exact_5885777c5b00211c,alps4141::alps_35077016bce9_to_Equation2,1,alps4141,alps4141::alps_35077016bce9_to_Equation2,resource_exhausted,theorem,theorem,True,False,False
exact_e090de6e53b9d8fa,alps4141::alps_2966ead125a5_to_Equation2,1,alps4141,alps4141::alps_2966ead125a5_to_Equation2,resource_exhausted,resource_exhausted,resource_exhausted,False,False,False
exact_7459a6c2b00a95aa,alps4141::alps_6563707d6bd6_to_Equation2,1,alps4141,alps4141::alps_6563707d6bd6_to_Equation2,resource_exhausted,resource_exhausted,resource_exhausted,False,False,False
exact_7a4e2fa37aa87912,alps4141::alps_af8e03710f9a_to_Equation2,1,alps4141,alps4141::alps_af8e03710f9a_to_Equation2,resource_exhausted,resource_exhausted,resource_exhausted,False,False,False
exact_2290c0e0c3da034a,alps4141::alps_0897e5f92731_to_Equation2,1,alps4141,alps4141::alps_0897e5f92731_to_Equation2,resource_exhausted,resource_exhausted,resource_exhausted,False,False,False
exact_3394585b6b5ce2d2,alps4141::alps_80ad3e5ef048_to_Equation2,1,alps4141,alps4141::alps_80ad3e5ef048_to_Equation2,resource_exhausted,resource_exhausted,resource_exhausted,False,False,False
exact_a9e45bb8721ba039,alps4141::alps_633555e6f791_to_Equation2,1,alps4141,alps4141::alps_633555e6f791_to_Equation2,memory_limit,resource_exhausted,memory_limit,False,False,False
exact_d9a68fc018c08eb0,alps4141::alps_5ff987cb63cb_to_Equation2,1,alps4141,alps4141::alps_5ff987cb63cb_to_Equation2,memory_limit,resource_exhausted,resource_exhausted,False,False,False
exact_2646ccffb486e2cc,alps4141::alps_bf2fb44fb865_to_Equation2,1,alps4141,alps4141::alps_bf2fb44fb865_to_Equation2,resource_exhausted,resource_exhausted,resource_exhausted,False,False,False
exact_dd33f6159b8a735e,alps4141::alps_d2ff7dd335e4_to_Equation2,1,alps4141,alps4141::alps_d2ff7dd335e4_to_Equation2,resource_exhausted,resource_exhausted,resource_exhausted,False,False,False
exact_f34a512f4805bfbb,alps4141::alps_1a130cb63ca0_to_Equation2,1,alps4141,alps4141::alps_1a130cb63ca0_to_Equation2,resource_exhausted,resource_exhausted,resource_exhausted,False,False,False
exact_da14ba515abc3240,alps4141::alps_bc6cdd04a017_to_Equation2,1,alps4141,alps4141::alps_bc6cdd04a017_to_Equation2,resource_exhausted,resource_exhausted,resource_exhausted,False,False,False
exact_5afcedf5c86b379c,alps4141::alps_a5e1fbce4f01_to_Equation2,1,alps4141,alps4141::alps_a5e1fbce4f01_to_Equation2,resource_exhausted,resource_exhausted,resource_exhausted,False,False,False
exact_fa9351ba2287a163,alps4141::alps_e3068ccdba18_to_Equation2,1,alps4141,alps4141::alps_e3068ccdba18_to_Equation2,resource_exhausted,resource_exhausted,resource_exhausted,False,False,False
exact_09c760588695667f,alps4141::alps_73978bc53239_to_Equation2,1,alps4141,alps4141::alps_73978bc53239_to_Equation2,resource_exhausted,resource_exhausted,resource_exhausted,False,False,False
exact_9e62bbb9a155edb0,austin96::order5_austin_unknown_E39163_to_E2,2,alps4141+austin96,austin96::order5_austin_unknown_E39163_to_E2 | alps4141::alps_f43e0e47fa62_to_Equation2,memory_limit,resource_exhausted,resource_exhausted,False,False,False
exact_82cfe8261c645c07,austin96::order5_austin_unknown_E39214_to_E2,2,alps4141+austin96,austin96::order5_austin_unknown_E39214_to_E2 | alps4141::alps_f7a8cca6e60b_to_Equation2,resource_exhausted,resource_exhausted,resource_exhausted,False,False,False
exact_0d0a2ef934cc9523,austin96::order5_austin_unknown_E36487_to_E2,2,alps4141+austin96,austin96::order5_austin_unknown_E36487_to_E2 | alps4141::alps_bb917a83c330_to_Equation2,resource_exhausted,resource_exhausted,resource_exhausted,False,False,False
exact_67fc236668b88733,austin96::order5_austin_unknown_E36514_to_E2,2,alps4141+austin96,austin96::order5_austin_unknown_E36514_to_E2 | alps4141::alps_6971ac9553e4_to_Equation2,memory_limit+resource_exhausted,resource_exhausted,resource_exhausted,False,False,False
exact_24b0a8b69b6ed3ff,austin96::order5_austin_unknown_E36524_to_E2,2,alps4141+austin96,austin96::order5_austin_unknown_E36524_to_E2 | alps4141::alps_a75197ba71c2_to_Equation2,memory_limit,resource_exhausted,resource_exhausted,False,False,False
exact_c99298d8ae15a0ea,generality34::order5_unknown_finite_status24_E28626_to_E2,1,generality34,generality34::order5_unknown_finite_status24_E28626_to_E2,resource_exhausted,resource_exhausted,resource_exhausted,False,False,False
exact_68d62cb860b015d5,alps4141::alps_d565c96b06c0_to_Equation2,1,alps4141,alps4141::alps_d565c96b06c0_to_Equation2,memory_limit,resource_exhausted,resource_exhausted,False,False,False
exact_f232036f0ee07e5c,alps4141::alps_eaa47442b4c3_to_Equation2,1,alps4141,alps4141::alps_eaa47442b4c3_to_Equation2,memory_limit,resource_exhausted,memory_limit,False,False,False
exact_273a90899804abb9,alps4141::alps_23f494be5851_to_Equation2,1,alps4141,alps4141::alps_23f494be5851_to_Equation2,memory_limit,resource_exhausted,resource_exhausted,False,False,False
exact_25a1b58ff05c7505,alps4141::alps_7b4207451503_to_Equation2,1,alps4141,alps4141::alps_7b4207451503_to_Equation2,memory_limit,resource_exhausted,resource_exhausted,False,False,False
exact_0e1f088113bc9a3e,alps4141::alps_573a96049227_to_Equation2,1,alps4141,alps4141::alps_573a96049227_to_Equation2,memory_limit,resource_exhausted,resource_exhausted,False,False,False
exact_07b24ab09a56dc5e,alps4141::alps_ab4563b57d8b_to_Equation2,1,alps4141,alps4141::alps_ab4563b57d8b_to_Equation2,completed_no_decisive_result,resource_exhausted,resource_exhausted,False,False,False
exact_f5bf38f023ca33d5,alps4141::alps_d02a67d8ea60_to_Equation2,1,alps4141,alps4141::alps_d02a67d8ea60_to_Equation2,memory_limit,resource_exhausted,memory_limit,False,False,False
exact_e619bec6421330fc,alps4141::alps_5c98e5726516_to_Equation2,1,alps4141,alps4141::alps_5c98e5726516_to_Equation2,memory_limit,resource_exhausted,memory_limit,False,False,False
exact_e821e2d4563e332b,alps4141::alps_8622f2600e4d_to_Equation2,1,alps4141,alps4141::alps_8622f2600e4d_to_Equation2,memory_limit,resource_exhausted,memory_limit,False,False,False
exact_fb437f80bba23d05,alps4141::alps_c2b7687a61f9_to_Equation2,1,alps4141,alps4141::alps_c2b7687a61f9_to_Equation2,memory_limit,resource_exhausted,resource_exhausted,False,False,False
exact_8f483cb1b83597b7,alps4141::alps_7fcef8b829a9_to_Equation2,1,alps4141,alps4141::alps_7fcef8b829a9_to_Equation2,memory_limit,resource_exhausted,memory_limit,False,False,False
exact_e317ea6ae9733a09,alps4141::alps_82fa607d944e_to_Equation2,1,alps4141,alps4141::alps_82fa607d944e_to_Equation2,memory_limit,resource_exhausted,resource_exhausted,False,False,False
exact_fe7ea2e6de917a4a,alps4141::alps_708ae1410fa6_to_Equation2,1,alps4141,alps4141::alps_708ae1410fa6_to_Equation2,memory_limit,resource_exhausted,memory_limit,False,False,False
exact_ff4f0a0aa3716bdf,alps4141::alps_791bfc616af9_to_Equation2,1,alps4141,alps4141::alps_791bfc616af9_to_Equation2,memory_limit,resource_exhausted,memory_limit,False,False,False
exact_7c2d61e4acddf72f,alps4141::alps_28402237cd27_to_Equation2,1,alps4141,alps4141::alps_28402237cd27_to_Equation2,memory_limit,resource_exhausted,resource_exhausted,False,False,False
exact_005bb5cabcc6f3f7,alps4141::alps_0c9997a66c07_to_Equation2,1,alps4141,alps4141::alps_0c9997a66c07_to_Equation2,memory_limit,resource_exhausted,resource_exhausted,False,False,False
exact_ed3a4861bcb16983,alps4141::alps_08ad2dd96694_to_Equation2,1,alps4141,alps4141::alps_08ad2dd96694_to_Equation2,memory_limit,resource_exhausted,resource_exhausted,False,False,False
exact_b37dca05aca664ef,alps4141::alps_95700b08d04c_to_Equation2,1,alps4141,alps4141::alps_95700b08d04c_to_Equation2,memory_limit,resource_exhausted,resource_exhausted,False,False,False
exact_bad713ff00a60d16,alps4141::alps_5c36ddb8a355_to_Equation2,1,alps4141,alps4141::alps_5c36ddb8a355_to_Equation2,memory_limit,resource_exhausted,resource_exhausted,False,False,False
exact_e5255681c02e5b2f,alps4141::alps_fb54d76f29eb_to_Equation2,1,alps4141,alps4141::alps_fb54d76f29eb_to_Equation2,memory_limit,resource_exhausted,resource_exhausted,False,False,False
exact_b32463d35e87c90d,alps4141::alps_fbb78f4afa9f_to_Equation2,1,alps4141,alps4141::alps_fbb78f4afa9f_to_Equation2,memory_limit,resource_exhausted,memory_limit,False,False,False
exact_1b36ee02fa7c4d85,alps4141::alps_8d1a15050d8c_to_Equation2,1,alps4141,alps4141::alps_8d1a15050d8c_to_Equation2,resource_exhausted,resource_exhausted,resource_exhausted,False,False,False
exact_92490996b4366f4f,alps4141::alps_85dc7f26cf66_to_Equation2,1,alps4141,alps4141::alps_85dc7f26cf66_to_Equation2,memory_limit,resource_exhausted,resource_exhausted,False,False,False
exact_66fb369664b56e91,alps4141::alps_4142cfced880_to_Equation2,1,alps4141,alps4141::alps_4142cfced880_to_Equation2,memory_limit,resource_exhausted,resource_exhausted,False,False,False
exact_97f0161d61376183,alps4141::alps_f288d94b5cd7_to_Equation2,1,alps4141,alps4141::alps_f288d94b5cd7_to_Equation2,memory_limit,resource_exhausted,memory_limit,False,False,False
exact_087d756129c75841,alps4141::alps_3e29847da32b_to_Equation2,1,alps4141,alps4141::alps_3e29847da32b_to_Equation2,memory_limit,resource_exhausted,memory_limit,False,False,False
exact_7b9372272f6dadc2,alps4141::alps_7641877446d9_to_Equation2,1,alps4141,alps4141::alps_7641877446d9_to_Equation2,memory_limit,resource_exhausted,memory_limit,False,False,False
exact_9e1b97bfd98073e4,alps4141::alps_4c7ab3217b3b_to_Equation2,1,alps4141,alps4141::alps_4c7ab3217b3b_to_Equation2,memory_limit,resource_exhausted,memory_limit,False,False,False
exact_2a1b036d09266b81,alps4141::alps_620a3ac5e07f_to_Equation2,1,alps4141,alps4141::alps_620a3ac5e07f_to_Equation2,memory_limit,resource_exhausted,memory_limit,False,False,False
exact_4985b9db1738508f,alps4141::alps_5ac4506c713e_to_Equation2,1,alps4141,alps4141::alps_5ac4506c713e_to_Equation2,resource_exhausted,resource_exhausted,resource_exhausted,False,False,False
exact_34fc532584b7d780,alps4141::alps_226d15c04b2b_to_Equation2,1,alps4141,alps4141::alps_226d15c04b2b_to_Equation2,memory_limit,resource_exhausted,memory_limit,False,False,False
exact_4ee50b62d27c28b8,alps4141::alps_3970ee3bc481_to_Equation2,1,alps4141,alps4141::alps_3970ee3bc481_to_Equation2,memory_limit,resource_exhausted,memory_limit,False,False,False
exact_20a18bf1a6935e00,alps4141::alps_c95a9eb48912_to_Equation2,1,alps4141,alps4141::alps_c95a9eb48912_to_Equation2,memory_limit,resource_exhausted,memory_limit,False,False,False
exact_2e78f4fd314bcf48,alps4141::alps_37b6c61edabd_to_Equation2,1,alps4141,alps4141::alps_37b6c61edabd_to_Equation2,resource_exhausted,resource_exhausted,resource_exhausted,False,False,False
exact_aca6e41c8b85904c,alps4141::alps_e0633477c46a_to_Equation2,1,alps4141,alps4141::alps_e0633477c46a_to_Equation2,memory_limit,resource_exhausted,memory_limit,False,False,False
exact_be96144956095fe6,alps4141::alps_1bcb74e0d182_to_Equation2,1,alps4141,alps4141::alps_1bcb74e0d182_to_Equation2,memory_limit,resource_exhausted,memory_limit,False,False,False
exact_58b48e0cbe135c94,alps4141::alps_2fa48d5e4d56_to_Equation2,1,alps4141,alps4141::alps_2fa48d5e4d56_to_Equation2,memory_limit,resource_exhausted,memory_limit,False,False,False
exact_bb83d9e2f7ef6b24,alps4141::alps_635b1c44ed30_to_Equation2,1,alps4141,alps4141::alps_635b1c44ed30_to_Equation2,memory_limit,resource_exhausted,memory_limit,False,False,False
exact_0710969e2b1d3c21,alps4141::alps_6ad198e48746_to_Equation2,1,alps4141,alps4141::alps_6ad198e48746_to_Equation2,memory_limit,resource_exhausted,memory_limit,False,False,False
exact_622c5b7f51bc9938,alps4141::alps_e92e357e7a14_to_Equation2,1,alps4141,alps4141::alps_e92e357e7a14_to_Equation2,memory_limit,resource_exhausted,memory_limit,False,False,False
exact_a4853ca296ec536d,alps4141::alps_6f387d184713_to_Equation2,1,alps4141,alps4141::alps_6f387d184713_to_Equation2,memory_limit,resource_exhausted,memory_limit,False,False,False
exact_e5ac6999f5972bae,alps4141::alps_274c687bf9e1_to_Equation2,1,alps4141,alps4141::alps_274c687bf9e1_to_Equation2,memory_limit,resource_exhausted,memory_limit,False,False,False
exact_4ea0166636e22594,alps4141::alps_8a5fec2cd457_to_Equation2,1,alps4141,alps4141::alps_8a5fec2cd457_to_Equation2,memory_limit,resource_exhausted,memory_limit,False,False,False
exact_9d5620e4919cfe61,alps4141::alps_28e1b7e90d90_to_Equation2,1,alps4141,alps4141::alps_28e1b7e90d90_to_Equation2,memory_limit,resource_exhausted,memory_limit,False,False,False
exact_600e11465bf44bb2,alps4141::alps_910d41970626_to_Equation2,1,alps4141,alps4141::alps_910d41970626_to_Equation2,resource_exhausted,resource_exhausted,resource_exhausted,False,False,False
exact_8ad1eb9f87f088a4,alps4141::alps_37cb60c11a33_to_Equation2,1,alps4141,alps4141::alps_37cb60c11a33_to_Equation2,memory_limit,resource_exhausted,memory_limit,False,False,False
exact_91338dc39afd7a6a,alps4141::alps_45d59e679129_to_Equation2,1,alps4141,alps4141::alps_45d59e679129_to_Equation2,memory_limit,resource_exhausted,memory_limit,False,False,False
exact_630d4165a4a179a1,alps4141::alps_b738c88218a7_to_Equation2,1,alps4141,alps4141::alps_b738c88218a7_to_Equation2,completed_no_decisive_result,resource_exhausted,memory_limit,False,False,False
exact_e40a8862f9784450,alps4141::alps_30b2cea89f3b_to_Equation2,1,alps4141,alps4141::alps_30b2cea89f3b_to_Equation2,memory_limit,resource_exhausted,resource_exhausted,False,False,False
exact_37d01ce6e2409f43,alps4141::alps_12d85ffe7e72_to_Equation2,1,alps4141,alps4141::alps_12d85ffe7e72_to_Equation2,memory_limit,resource_exhausted,resource_exhausted,False,False,False
exact_5c622db49c0bc7d4,alps4141::alps_7388dd17dc3c_to_Equation2,1,alps4141,alps4141::alps_7388dd17dc3c_to_Equation2,memory_limit,resource_exhausted,resource_exhausted,False,False,False
exact_4301291856754f4b,alps4141::alps_fda5409ff900_to_Equation2,1,alps4141,alps4141::alps_fda5409ff900_to_Equation2,memory_limit,resource_exhausted,resource_exhausted,False,False,False
exact_42b02e0e9b8843b2,alps4141::alps_e2e2573ff68c_to_Equation2,1,alps4141,alps4141::alps_e2e2573ff68c_to_Equation2,memory_limit,resource_exhausted,resource_exhausted,False,False,False
exact_81a52c572ac2ea87,alps4141::alps_013190e1894c_to_Equation2,1,alps4141,alps4141::alps_013190e1894c_to_Equation2,memory_limit,resource_exhausted,memory_limit,False,False,False
exact_15db03b934cb1dae,alps4141::alps_a1e9f6f0d1c6_to_Equation2,1,alps4141,alps4141::alps_a1e9f6f0d1c6_to_Equation2,memory_limit,resource_exhausted,resource_exhausted,False,False,False
exact_c9259047c081a846,alps4141::alps_23018e66007a_to_Equation2,1,alps4141,alps4141::alps_23018e66007a_to_Equation2,memory_limit,resource_exhausted,resource_exhausted,False,False,False
exact_cf90b300de040577,alps4141::alps_f80935d1a106_to_Equation2,1,alps4141,alps4141::alps_f80935d1a106_to_Equation2,memory_limit,resource_exhausted,memory_limit,False,False,False
exact_24c0db16c9830ff1,alps4141::alps_3e51150b1482_to_Equation2,1,alps4141,alps4141::alps_3e51150b1482_to_Equation2,memory_limit,resource_exhausted,resource_exhausted,False,False,False
exact_7595c84fa87b00a6,alps4141::alps_f3f1b66348c2_to_Equation2,1,alps4141,alps4141::alps_f3f1b66348c2_to_Equation2,resource_exhausted,resource_exhausted,memory_limit,False,False,False
exact_1147c947abc5103a,alps4141::alps_4b54b14aa9be_to_Equation2,1,alps4141,alps4141::alps_4b54b14aa9be_to_Equation2,resource_exhausted,resource_exhausted,resource_exhausted,False,False,False
exact_727b8ef8424fe11a,alps4141::alps_5d0791b9f71f_to_Equation2,1,alps4141,alps4141::alps_5d0791b9f71f_to_Equation2,resource_exhausted,resource_exhausted,resource_exhausted,False,False,False
exact_ace876218067613e,alps4141::alps_a88b5a7a7c32_to_Equation2,1,alps4141,alps4141::alps_a88b5a7a7c32_to_Equation2,memory_limit,resource_exhausted,memory_limit,False,False,False
exact_0de6c42910698f78,alps4141::alps_3c4c3b4484a6_to_Equation2,1,alps4141,alps4141::alps_3c4c3b4484a6_to_Equation2,resource_exhausted,resource_exhausted,memory_limit,False,False,False
exact_5938dea127663742,alps4141::alps_8ce5bec59539_to_Equation2,1,alps4141,alps4141::alps_8ce5bec59539_to_Equation2,resource_exhausted,resource_exhausted,resource_exhausted,False,False,False
exact_33c647e6eae21cf0,alps4141::alps_62c5dc50dac5_to_Equation2,1,alps4141,alps4141::alps_62c5dc50dac5_to_Equation2,memory_limit,resource_exhausted,resource_exhausted,False,False,False
exact_c0af812ce7a80d02,alps4141::alps_551cfa69fb7b_to_Equation2,1,alps4141,alps4141::alps_551cfa69fb7b_to_Equation2,resource_exhausted,resource_exhausted,resource_exhausted,False,False,False
exact_c08456e753ae5655,alps4141::alps_e051b4c8d7c5_to_Equation2,1,alps4141,alps4141::alps_e051b4c8d7c5_to_Equation2,memory_limit,resource_exhausted,memory_limit,False,False,False
exact_bf2d018ee47dd2d4,alps4141::alps_a93d1de0e8f7_to_Equation2,1,alps4141,alps4141::alps_a93d1de0e8f7_to_Equation2,memory_limit,resource_exhausted,resource_exhausted,False,False,False
exact_7aea947ff2167e7f,austin96::order5_austin_unknown_E36638_to_E2,2,alps4141+austin96,austin96::order5_austin_unknown_E36638_to_E2 | alps4141::alps_0314c4278387_to_Equation2,memory_limit,resource_exhausted,memory_limit,False,False,False
exact_9a460cecea19ebd5,generality34::order5_unknown_finite_status24_E28740_to_E2,1,generality34,generality34::order5_unknown_finite_status24_E28740_to_E2,completed_no_decisive_result,completed_no_proof,counter_satisfiable,False,True,False
exact_e2e13f793bea90dc,alps4141::alps_89364e26e42d_to_Equation2,1,alps4141,alps4141::alps_89364e26e42d_to_Equation2,memory_limit,resource_exhausted,resource_exhausted,False,False,False
exact_57aeb61abc456c98,alps4141::alps_764fd57028ac_to_Equation2,1,alps4141,alps4141::alps_764fd57028ac_to_Equation2,memory_limit,resource_exhausted,resource_exhausted,False,False,False
exact_34ad4f3c18c105b3,alps4141::alps_83af7973aeb3_to_Equation2,1,alps4141,alps4141::alps_83af7973aeb3_to_Equation2,memory_limit,resource_exhausted,resource_exhausted,False,False,False
exact_7ba653db7d5cdac5,generality34::order5_known_austin10_E28770_to_E2,1,generality34,generality34::order5_known_austin10_E28770_to_E2,completed_no_decisive_result,completed_no_proof,counter_satisfiable,False,True,False
exact_d6d408f6cc92eefb,austin96::order5_austin_unknown_E36713_to_E2,2,alps4141+austin96,austin96::order5_austin_unknown_E36713_to_E2 | alps4141::alps_69629f506446_to_Equation2,memory_limit,resource_exhausted,memory_limit,False,False,False
exact_5d5e877c9c5b376e,austin96::order5_austin_unknown_E36714_to_E2,2,alps4141+austin96,austin96::order5_austin_unknown_E36714_to_E2 | alps4141::alps_284714b901e2_to_Equation2,memory_limit,resource_exhausted,memory_limit,False,False,False
exact_238c2bc3a301bfb5,alps4141::alps_90ab34f19ad4_to_Equation2,1,alps4141,alps4141::alps_90ab34f19ad4_to_Equation2,memory_limit,resource_exhausted,resource_exhausted,False,False,False
exact_1dfa72c023aed66b,alps4141::alps_a10c3dab1675_to_Equation2,1,alps4141,alps4141::alps_a10c3dab1675_to_Equation2,resource_exhausted,resource_exhausted,resource_exhausted,False,False,False
exact_e4d844c71f98bdae,alps4141::alps_8ce7b14baa9e_to_Equation2,1,alps4141,alps4141::alps_8ce7b14baa9e_to_Equation2,memory_limit,resource_exhausted,resource_exhausted,False,False,False
exact_21942f2f5c19f01b,alps4141::alps_3e986a55e3c6_to_Equation2,1,alps4141,alps4141::alps_3e986a55e3c6_to_Equation2,memory_limit,resource_exhausted,resource_exhausted,False,False,False
exact_bedcf274d16fe629,alps4141::alps_2f1c8501fb6f_to_Equation2,1,alps4141,alps4141::alps_2f1c8501fb6f_to_Equation2,memory_limit,resource_exhausted,resource_exhausted,False,False,False
exact_eee3433cc5d10bd8,alps4141::alps_8e35b0ff9988_to_Equation2,1,alps4141,alps4141::alps_8e35b0ff9988_to_Equation2,memory_limit,resource_exhausted,resource_exhausted,False,False,False
exact_d3d4888a2d33e4d5,alps4141::alps_ee0d98cd0ba5_to_Equation2,1,alps4141,alps4141::alps_ee0d98cd0ba5_to_Equation2,memory_limit,resource_exhausted,memory_limit,False,False,False
exact_18110e0b41a21352,alps4141::alps_4182112a49f8_to_Equation2,1,alps4141,alps4141::alps_4182112a49f8_to_Equation2,resource_exhausted,resource_exhausted,resource_exhausted,False,False,False
exact_a6f4c20966be8dcd,alps4141::alps_933afaac1d15_to_Equation2,1,alps4141,alps4141::alps_933afaac1d15_to_Equation2,memory_limit,resource_exhausted,memory_limit,False,False,False
exact_3c655e7ffc5947ae,alps4141::alps_b0d74a113333_to_Equation2,1,alps4141,alps4141::alps_b0d74a113333_to_Equation2,memory_limit,resource_exhausted,resource_exhausted,False,False,False
exact_f38e57957e1694cb,alps4141::alps_d64b2cbc5f6a_to_Equation2,1,alps4141,alps4141::alps_d64b2cbc5f6a_to_Equation2,memory_limit,resource_exhausted,resource_exhausted,False,False,False
exact_ba9316c467c7c7c5,alps4141::alps_b265a77a7fb5_to_Equation2,1,alps4141,alps4141::alps_b265a77a7fb5_to_Equation2,memory_limit,resource_exhausted,resource_exhausted,False,False,False
exact_e1b5b597895b01d7,alps4141::alps_ceb093254fe0_to_Equation2,1,alps4141,alps4141::alps_ceb093254fe0_to_Equation2,memory_limit,resource_exhausted,resource_exhausted,False,False,False
exact_04686c81f8d931cc,alps4141::alps_f3be5c19ee98_to_Equation2,1,alps4141,alps4141::alps_f3be5c19ee98_to_Equation2,memory_limit,resource_exhausted,resource_exhausted,False,False,False
exact_d33fd0546ac0d8ba,alps4141::alps_3d5d702a4169_to_Equation2,1,alps4141,alps4141::alps_3d5d702a4169_to_Equation2,memory_limit,resource_exhausted,resource_exhausted,False,False,False
exact_686823bd6cce7f87,alps4141::alps_82311f236eab_to_Equation2,1,alps4141,alps4141::alps_82311f236eab_to_Equation2,memory_limit,resource_exhausted,resource_exhausted,False,False,False
exact_100cdef5455e6af1,alps4141::alps_c05a637a623b_to_Equation2,1,alps4141,alps4141::alps_c05a637a623b_to_Equation2,memory_limit,resource_exhausted,resource_exhausted,False,False,False
exact_a721cff55cbe07fe,alps4141::alps_c78d9f35fb3c_to_Equation2,1,alps4141,alps4141::alps_c78d9f35fb3c_to_Equation2,memory_limit,resource_exhausted,resource_exhausted,False,False,False
exact_38deb52d3d59a4c5,alps4141::alps_d3df0bcbca7c_to_Equation2,1,alps4141,alps4141::alps_d3df0bcbca7c_to_Equation2,memory_limit,resource_exhausted,resource_exhausted,False,False,False
exact_d137d7c4e4786f63,alps4141::alps_291b2bad87de_to_Equation2,1,alps4141,alps4141::alps_291b2bad87de_to_Equation2,memory_limit,resource_exhausted,resource_exhausted,False,False,False
exact_0b824145ef92d895,alps4141::alps_af914d9a0631_to_Equation2,1,alps4141,alps4141::alps_af914d9a0631_to_Equation2,memory_limit,resource_exhausted,resource_exhausted,False,False,False
exact_f985ae5b349629d1,alps4141::alps_2cdf53a55c6c_to_Equation2,1,alps4141,alps4141::alps_2cdf53a55c6c_to_Equation2,memory_limit,resource_exhausted,memory_limit,False,False,False
exact_6599a6558b93d801,alps4141::alps_d93634f28b81_to_Equation2,1,alps4141,alps4141::alps_d93634f28b81_to_Equation2,memory_limit,resource_exhausted,resource_exhausted,False,False,False
exact_be26c4e778e46940,alps4141::alps_2dbd7b528c0e_to_Equation2,1,alps4141,alps4141::alps_2dbd7b528c0e_to_Equation2,memory_limit,resource_exhausted,resource_exhausted,False,False,False
exact_32b9ce12b83faf66,alps4141::alps_12192312175c_to_Equation2,1,alps4141,alps4141::alps_12192312175c_to_Equation2,memory_limit,resource_exhausted,resource_exhausted,False,False,False
exact_3a6b3ee8e610a1c7,alps4141::alps_4d4fc85011a9_to_Equation2,1,alps4141,alps4141::alps_4d4fc85011a9_to_Equation2,memory_limit,resource_exhausted,memory_limit,False,False,False
exact_e7e21eadc67e6795,alps4141::alps_c28d39fcda30_to_Equation2,1,alps4141,alps4141::alps_c28d39fcda30_to_Equation2,memory_limit,resource_exhausted,resource_exhausted,False,False,False
exact_6515a6c6837b6759,alps4141::alps_e0f34c36dcc6_to_Equation2,1,alps4141,alps4141::alps_e0f34c36dcc6_to_Equation2,memory_limit,resource_exhausted,resource_exhausted,False,False,False
exact_d3d8a6077115f9fa,alps4141::alps_4854200e0124_to_Equation2,1,alps4141,alps4141::alps_4854200e0124_to_Equation2,memory_limit,resource_exhausted,resource_exhausted,False,False,False
exact_93ed6a94d3e88963,alps4141::alps_fbee81a59c28_to_Equation2,1,alps4141,alps4141::alps_fbee81a59c28_to_Equation2,memory_limit,resource_exhausted,resource_exhausted,False,False,False
exact_28d84be4cd1bca73,alps4141::alps_774b48bf5bc0_to_Equation2,1,alps4141,alps4141::alps_774b48bf5bc0_to_Equation2,memory_limit,resource_exhausted,resource_exhausted,False,False,False
exact_8497f28d19817be9,alps4141::alps_337beb97e2bf_to_Equation2,1,alps4141,alps4141::alps_337beb97e2bf_to_Equation2,memory_limit,resource_exhausted,memory_limit,False,False,False
exact_f1e8dd4a4417c114,alps4141::alps_bcdfbb5d0734_to_Equation2,1,alps4141,alps4141::alps_bcdfbb5d0734_to_Equation2,memory_limit,resource_exhausted,resource_exhausted,False,False,False
exact_95cfc1c842327a44,alps4141::alps_102aaabc78f0_to_Equation2,1,alps4141,alps4141::alps_102aaabc78f0_to_Equation2,memory_limit,resource_exhausted,resource_exhausted,False,False,False
exact_b98e5c15a0810ad6,alps4141::alps_17083b0ecdfb_to_Equation2,1,alps4141,alps4141::alps_17083b0ecdfb_to_Equation2,memory_limit,resource_exhausted,resource_exhausted,False,False,False
exact_55dd0719a4f3dac7,alps4141::alps_588878738a5a_to_Equation2,1,alps4141,alps4141::alps_588878738a5a_to_Equation2,memory_limit,resource_exhausted,resource_exhausted,False,False,False
exact_fdcc304d676c292e,alps4141::alps_a8c185157e8a_to_Equation2,1,alps4141,alps4141::alps_a8c185157e8a_to_Equation2,memory_limit,resource_exhausted,resource_exhausted,False,False,False
exact_4021aa4b52d788ab,alps4141::alps_933bf0ae3b8d_to_Equation2,1,alps4141,alps4141::alps_933bf0ae3b8d_to_Equation2,memory_limit,resource_exhausted,memory_limit,False,False,False
exact_a7bf12b9f36fc3fa,alps4141::alps_5d12d41cbea5_to_Equation2,1,alps4141,alps4141::alps_5d12d41cbea5_to_Equation2,memory_limit,resource_exhausted,resource_exhausted,False,False,False
exact_b4cc58a626281063,alps4141::alps_e7ce185d6965_to_Equation2,1,alps4141,alps4141::alps_e7ce185d6965_to_Equation2,memory_limit,resource_exhausted,resource_exhausted,False,False,False
exact_18dccd5954f39a4e,alps4141::alps_a53663b06109_to_Equation2,1,alps4141,alps4141::alps_a53663b06109_to_Equation2,memory_limit,resource_exhausted,resource_exhausted,False,False,False
exact_d597395ad3a98574,alps4141::alps_342937c7d4b6_to_Equation2,1,alps4141,alps4141::alps_342937c7d4b6_to_Equation2,memory_limit,resource_exhausted,memory_limit,False,False,False
exact_4a94f914e42a3bc7,alps4141::alps_0e0c84f0cc69_to_Equation2,1,alps4141,alps4141::alps_0e0c84f0cc69_to_Equation2,memory_limit,resource_exhausted,memory_limit,False,False,False
exact_981db6692622209c,alps4141::alps_285b44b4bfc4_to_Equation2,1,alps4141,alps4141::alps_285b44b4bfc4_to_Equation2,memory_limit,resource_exhausted,resource_exhausted,False,False,False
exact_ba2e533dad2fddee,alps4141::alps_296cb8661d34_to_Equation2,1,alps4141,alps4141::alps_296cb8661d34_to_Equation2,theorem,resource_exhausted,theorem,True,False,False
exact_b2223f0dddf59f6b,alps4141::alps_3f72f6338adf_to_Equation2,1,alps4141,alps4141::alps_3f72f6338adf_to_Equation2,memory_limit,resource_exhausted,memory_limit,False,False,False
exact_2017d31d889e1b72,alps4141::alps_ca589d3e12a4_to_Equation2,1,alps4141,alps4141::alps_ca589d3e12a4_to_Equation2,memory_limit,resource_exhausted,memory_limit,False,False,False
exact_8c5cfb27ff9fe1e7,alps4141::alps_1de532c002bb_to_Equation2,1,alps4141,alps4141::alps_1de532c002bb_to_Equation2,memory_limit,resource_exhausted,resource_exhausted,False,False,False
exact_0767aecfa4c440f4,alps4141::alps_58a77ba8df10_to_Equation2,1,alps4141,alps4141::alps_58a77ba8df10_to_Equation2,memory_limit,resource_exhausted,resource_exhausted,False,False,False
exact_2d19263eef8f182e,alps4141::alps_78a33b07b5d4_to_Equation2,1,alps4141,alps4141::alps_78a33b07b5d4_to_Equation2,memory_limit,resource_exhausted,resource_exhausted,False,False,False
exact_33a254a49b539ac0,alps4141::alps_6880231fef03_to_Equation2,1,alps4141,alps4141::alps_6880231fef03_to_Equation2,memory_limit,resource_exhausted,resource_exhausted,False,False,False
exact_2defa4a751400285,austin96::order5_austin_unknown_E39485_to_E2,2,alps4141+austin96,austin96::order5_austin_unknown_E39485_to_E2 | alps4141::alps_a87f41c03efb_to_Equation2,memory_limit,resource_exhausted,resource_exhausted,False,False,False
exact_255514c2e819867b,alps4141::alps_5eee73b36d8d_to_Equation2,1,alps4141,alps4141::alps_5eee73b36d8d_to_Equation2,memory_limit,resource_exhausted,resource_exhausted,False,False,False
exact_c6698383715849bc,austin96::order5_austin_unknown_E36867_to_E2,2,alps4141+austin96,austin96::order5_austin_unknown_E36867_to_E2 | alps4141::alps_788bc8c71235_to_Equation2,memory_limit,resource_exhausted,resource_exhausted,False,False,False
exact_47908834bcc5b1e6,alps4141::alps_d4f2d3829635_to_Equation2,1,alps4141,alps4141::alps_d4f2d3829635_to_Equation2,memory_limit,resource_exhausted,memory_limit,False,False,False
exact_e0225d4b6e670e81,alps4141::alps_40c2c2120f2a_to_Equation2,1,alps4141,alps4141::alps_40c2c2120f2a_to_Equation2,theorem,resource_exhausted,theorem,True,False,False
exact_96be28f52668ef3b,alps4141::alps_aae98e06b268_to_Equation2,1,alps4141,alps4141::alps_aae98e06b268_to_Equation2,theorem,theorem,theorem,True,False,False
exact_7a84b11c050daee9,alps4141::alps_90686aa6bd09_to_Equation2,1,alps4141,alps4141::alps_90686aa6bd09_to_Equation2,memory_limit,resource_exhausted,memory_limit,False,False,False
exact_aba72028d6aa2f9d,alps4141::alps_39c0df80c734_to_Equation2,1,alps4141,alps4141::alps_39c0df80c734_to_Equation2,resource_exhausted,resource_exhausted,resource_exhausted,False,False,False
exact_ceb72da256204453,alps4141::alps_7c70425a9763_to_Equation2,1,alps4141,alps4141::alps_7c70425a9763_to_Equation2,resource_exhausted,resource_exhausted,theorem,True,False,False
exact_6e77468240b31a4f,alps4141::alps_e52d210f08e4_to_Equation2,1,alps4141,alps4141::alps_e52d210f08e4_to_Equation2,resource_exhausted,resource_exhausted,theorem,True,False,False
exact_4a95cec4335f4fab,alps4141::alps_69940ab449c2_to_Equation2,1,alps4141,alps4141::alps_69940ab449c2_to_Equation2,resource_exhausted,resource_exhausted,memory_limit,False,False,False
exact_bb46cd2127e885ce,alps4141::alps_069d3cce0a12_to_Equation2,1,alps4141,alps4141::alps_069d3cce0a12_to_Equation2,memory_limit,resource_exhausted,resource_exhausted,False,False,False
exact_b5b2cde67de81770,alps4141::alps_58c6a0646074_to_Equation2,1,alps4141,alps4141::alps_58c6a0646074_to_Equation2,memory_limit,resource_exhausted,resource_exhausted,False,False,False
exact_74dec62f041cefbb,alps4141::alps_c1d314b9cb24_to_Equation2,1,alps4141,alps4141::alps_c1d314b9cb24_to_Equation2,memory_limit,resource_exhausted,resource_exhausted,False,False,False
exact_7245fa70c391051d,alps4141::alps_5e8d3b1b5e5d_to_Equation2,1,alps4141,alps4141::alps_5e8d3b1b5e5d_to_Equation2,memory_limit,resource_exhausted,resource_exhausted,False,False,False
exact_59dec961d002e85d,alps4141::alps_08a5579647ce_to_Equation2,1,alps4141,alps4141::alps_08a5579647ce_to_Equation2,memory_limit,resource_exhausted,resource_exhausted,False,False,False
exact_077c3ec1cc742a09,alps4141::alps_b6e8aedd063f_to_Equation2,1,alps4141,alps4141::alps_b6e8aedd063f_to_Equation2,memory_limit,resource_exhausted,memory_limit,False,False,False
exact_b098ce18c3810714,alps4141::alps_19539a0df4b4_to_Equation2,1,alps4141,alps4141::alps_19539a0df4b4_to_Equation2,resource_exhausted,resource_exhausted,resource_exhausted,False,False,False
exact_aa37c90fc500248f,alps4141::alps_06349f105f06_to_Equation2,1,alps4141,alps4141::alps_06349f105f06_to_Equation2,resource_exhausted,resource_exhausted,resource_exhausted,False,False,False
exact_34ca94f3208521d4,alps4141::alps_0bdc2677306c_to_Equation2,1,alps4141,alps4141::alps_0bdc2677306c_to_Equation2,memory_limit,resource_exhausted,resource_exhausted,False,False,False
exact_e183db3a14d89537,alps4141::alps_fa5a60ffde6a_to_Equation2,1,alps4141,alps4141::alps_fa5a60ffde6a_to_Equation2,resource_exhausted,resource_exhausted,theorem,True,False,False
exact_4bca50fe1340332f,alps4141::alps_f73e679d827c_to_Equation2,1,alps4141,alps4141::alps_f73e679d827c_to_Equation2,memory_limit,resource_exhausted,resource_exhausted,False,False,False
exact_8a6ad028fe1fe60c,alps4141::alps_8ab919dca635_to_Equation2,1,alps4141,alps4141::alps_8ab919dca635_to_Equation2,resource_exhausted,resource_exhausted,resource_exhausted,False,False,False
exact_2c4a5aaaa8af50f7,alps4141::alps_c55e862e0e74_to_Equation2,1,alps4141,alps4141::alps_c55e862e0e74_to_Equation2,resource_exhausted,resource_exhausted,resource_exhausted,False,False,False
exact_1f1ed6a14ff6a90e,alps4141::alps_606c483324cb_to_Equation2,1,alps4141,alps4141::alps_606c483324cb_to_Equation2,memory_limit,resource_exhausted,resource_exhausted,False,False,False
exact_2884188dfa661ee9,alps4141::alps_ade4ee88b95a_to_Equation2,1,alps4141,alps4141::alps_ade4ee88b95a_to_Equation2,memory_limit,resource_exhausted,resource_exhausted,False,False,False
exact_fc3cc03af101bfcb,alps4141::alps_dd56f4288723_to_Equation2,1,alps4141,alps4141::alps_dd56f4288723_to_Equation2,resource_exhausted,resource_exhausted,resource_exhausted,False,False,False
exact_0205ac05aabe4c69,alps4141::alps_003f4aa344cb_to_Equation2,1,alps4141,alps4141::alps_003f4aa344cb_to_Equation2,resource_exhausted,resource_exhausted,resource_exhausted,False,False,False
exact_9d3e84d569767e80,alps4141::alps_6fd945d11451_to_Equation2,1,alps4141,alps4141::alps_6fd945d11451_to_Equation2,resource_exhausted,resource_exhausted,resource_exhausted,False,False,False
exact_efa40f382810b929,alps4141::alps_4657b244797e_to_Equation2,1,alps4141,alps4141::alps_4657b244797e_to_Equation2,resource_exhausted,resource_exhausted,resource_exhausted,False,False,False
exact_38a8422c5ab2d201,alps4141::alps_b27109e9baaf_to_Equation2,1,alps4141,alps4141::alps_b27109e9baaf_to_Equation2,resource_exhausted,resource_exhausted,resource_exhausted,False,False,False
exact_f03cd1af0b16f4e2,alps4141::alps_cf7a31f9725c_to_Equation2,1,alps4141,alps4141::alps_cf7a31f9725c_to_Equation2,resource_exhausted,resource_exhausted,resource_exhausted,False,False,False
exact_6b647eaac180f497,alps4141::alps_f023110cace3_to_Equation2,1,alps4141,alps4141::alps_f023110cace3_to_Equation2,resource_exhausted,resource_exhausted,resource_exhausted,False,False,False
exact_7b85c40bf82421ab,alps4141::alps_bf959fbe05f7_to_Equation2,1,alps4141,alps4141::alps_bf959fbe05f7_to_Equation2,memory_limit,resource_exhausted,resource_exhausted,False,False,False
exact_23025b59421910ba,alps4141::alps_3eda31a5c8e7_to_Equation2,1,alps4141,alps4141::alps_3eda31a5c8e7_to_Equation2,resource_exhausted,resource_exhausted,resource_exhausted,False,False,False
exact_14bb050c2c522820,alps4141::alps_b376024a7836_to_Equation2,1,alps4141,alps4141::alps_b376024a7836_to_Equation2,memory_limit,resource_exhausted,resource_exhausted,False,False,False
exact_2a60a4fabd87e20e,alps4141::alps_9efe06909591_to_Equation2,1,alps4141,alps4141::alps_9efe06909591_to_Equation2,memory_limit,resource_exhausted,resource_exhausted,False,False,False
exact_f43a870a20384cfb,alps4141::alps_3cf8daa7d383_to_Equation2,1,alps4141,alps4141::alps_3cf8daa7d383_to_Equation2,resource_exhausted,resource_exhausted,resource_exhausted,False,False,False
exact_1707cfaaaa52439f,alps4141::alps_bd9dfe30c0b4_to_Equation2,1,alps4141,alps4141::alps_bd9dfe30c0b4_to_Equation2,memory_limit,resource_exhausted,resource_exhausted,False,False,False
exact_33dd2cf92167904b,alps4141::alps_9d93c305cce1_to_Equation2,1,alps4141,alps4141::alps_9d93c305cce1_to_Equation2,resource_exhausted,resource_exhausted,memory_limit,False,False,False
exact_fec13b471cb1216e,alps4141::alps_66f1a15a5fc1_to_Equation2,1,alps4141,alps4141::alps_66f1a15a5fc1_to_Equation2,memory_limit,resource_exhausted,resource_exhausted,False,False,False
exact_9302345b83e7f057,alps4141::alps_91d86095f8ba_to_Equation2,1,alps4141,alps4141::alps_91d86095f8ba_to_Equation2,memory_limit,resource_exhausted,memory_limit,False,False,False
exact_f45628c4775dd9ca,alps4141::alps_89dbd75d0ed9_to_Equation2,1,alps4141,alps4141::alps_89dbd75d0ed9_to_Equation2,memory_limit,resource_exhausted,memory_limit,False,False,False
exact_11174be34deb8c8a,alps4141::alps_91023af04e9d_to_Equation2,1,alps4141,alps4141::alps_91023af04e9d_to_Equation2,memory_limit,resource_exhausted,memory_limit,False,False,False
exact_8e11a4f998eb7f7f,alps4141::alps_4fad9c3942d2_to_Equation2,1,alps4141,alps4141::alps_4fad9c3942d2_to_Equation2,memory_limit,resource_exhausted,resource_exhausted,False,False,False
exact_a890f25ff6d9b1b4,alps4141::alps_acde34ebc39b_to_Equation2,1,alps4141,alps4141::alps_acde34ebc39b_to_Equation2,memory_limit,resource_exhausted,resource_exhausted,False,False,False
exact_84f39cbf4d7749eb,alps4141::alps_e473f66a99f4_to_Equation2,1,alps4141,alps4141::alps_e473f66a99f4_to_Equation2,memory_limit,resource_exhausted,resource_exhausted,False,False,False
exact_eea104d7be0e41cf,alps4141::alps_82816e07e104_to_Equation2,1,alps4141,alps4141::alps_82816e07e104_to_Equation2,memory_limit,resource_exhausted,resource_exhausted,False,False,False
exact_efe4365d9de75222,alps4141::alps_3c2dc7ff3118_to_Equation2,1,alps4141,alps4141::alps_3c2dc7ff3118_to_Equation2,memory_limit,resource_exhausted,resource_exhausted,False,False,False
exact_fa42f0bbe499c250,alps4141::alps_19602050e75a_to_Equation2,1,alps4141,alps4141::alps_19602050e75a_to_Equation2,memory_limit,resource_exhausted,resource_exhausted,False,False,False
exact_d3c79b60a8cde80d,alps4141::alps_bca69db41715_to_Equation2,1,alps4141,alps4141::alps_bca69db41715_to_Equation2,memory_limit,resource_exhausted,resource_exhausted,False,False,False
exact_2f3d90bf570d6645,alps4141::alps_825fd8ed5278_to_Equation2,1,alps4141,alps4141::alps_825fd8ed5278_to_Equation2,memory_limit,resource_exhausted,resource_exhausted,False,False,False
exact_fd81f1c8fd1d8a94,alps4141::alps_a71a7703f23f_to_Equation2,1,alps4141,alps4141::alps_a71a7703f23f_to_Equation2,memory_limit,resource_exhausted,resource_exhausted,False,False,False
exact_cb2ea4535a818a5a,alps4141::alps_30a6755f6183_to_Equation2,1,alps4141,alps4141::alps_30a6755f6183_to_Equation2,memory_limit,resource_exhausted,resource_exhausted,False,False,False
exact_7a4f433853e3bbea,alps4141::alps_c2097554fcea_to_Equation2,1,alps4141,alps4141::alps_c2097554fcea_to_Equation2,memory_limit,resource_exhausted,resource_exhausted,False,False,False
exact_82e422089f12d060,alps4141::alps_19707276a2d7_to_Equation2,1,alps4141,alps4141::alps_19707276a2d7_to_Equation2,memory_limit,resource_exhausted,resource_exhausted,False,False,False
exact_9ac60034cc0eef15,alps4141::alps_289d3f7b112f_to_Equation2,1,alps4141,alps4141::alps_289d3f7b112f_to_Equation2,memory_limit,resource_exhausted,resource_exhausted,False,False,False
exact_1e8686360526f136,alps4141::alps_da1110fe574b_to_Equation2,1,alps4141,alps4141::alps_da1110fe574b_to_Equation2,memory_limit,resource_exhausted,resource_exhausted,False,False,False
exact_047f2fa8c7a717a2,alps4141::alps_e0bc02876456_to_Equation2,1,alps4141,alps4141::alps_e0bc02876456_to_Equation2,memory_limit,resource_exhausted,resource_exhausted,False,False,False
exact_b700beb1a82081fe,alps4141::alps_fc81e05b8a3c_to_Equation2,1,alps4141,alps4141::alps_fc81e05b8a3c_to_Equation2,memory_limit,resource_exhausted,resource_exhausted,False,False,False
exact_3421abe1ba5fe1d2,alps4141::alps_9e70df6f323c_to_Equation2,1,alps4141,alps4141::alps_9e70df6f323c_to_Equation2,memory_limit,resource_exhausted,resource_exhausted,False,False,False
exact_d8bfe61d6908157c,alps4141::alps_b1bca8d582ae_to_Equation2,1,alps4141,alps4141::alps_b1bca8d582ae_to_Equation2,memory_limit,resource_exhausted,resource_exhausted,False,False,False
exact_9360e0835bb0f9de,alps4141::alps_21e4f6580766_to_Equation2,1,alps4141,alps4141::alps_21e4f6580766_to_Equation2,memory_limit,resource_exhausted,memory_limit,False,False,False
exact_ad2c803c00b3b10c,alps4141::alps_cc317c8393cd_to_Equation2,1,alps4141,alps4141::alps_cc317c8393cd_to_Equation2,resource_exhausted,resource_exhausted,resource_exhausted,False,False,False
exact_aaaf9b861bbeae88,alps4141::alps_18ae895079e0_to_Equation2,1,alps4141,alps4141::alps_18ae895079e0_to_Equation2,theorem,theorem,theorem,True,False,False
exact_daaf5818152b838d,alps4141::alps_e03265b3e15e_to_Equation2,1,alps4141,alps4141::alps_e03265b3e15e_to_Equation2,resource_exhausted,resource_exhausted,theorem,True,False,False
exact_1e37dd8b51d68246,alps4141::alps_ec6045f3cf48_to_Equation2,1,alps4141,alps4141::alps_ec6045f3cf48_to_Equation2,resource_exhausted,resource_exhausted,resource_exhausted,False,False,False
exact_6de8e884747fb5da,alps4141::alps_49daabd41118_to_Equation2,1,alps4141,alps4141::alps_49daabd41118_to_Equation2,memory_limit,resource_exhausted,resource_exhausted,False,False,False
exact_a2107efeb9a70087,alps4141::alps_94ddbc2b25ea_to_Equation2,1,alps4141,alps4141::alps_94ddbc2b25ea_to_Equation2,memory_limit,resource_exhausted,resource_exhausted,False,False,False
exact_a9e04d0cf660e3f6,alps4141::alps_bbb02f0b4be0_to_Equation2,1,alps4141,alps4141::alps_bbb02f0b4be0_to_Equation2,memory_limit,resource_exhausted,resource_exhausted,False,False,False
exact_5581933c053c2fe2,alps4141::alps_ce2991a5e4ce_to_Equation2,1,alps4141,alps4141::alps_ce2991a5e4ce_to_Equation2,resource_exhausted,resource_exhausted,resource_exhausted,False,False,False
exact_0186a7d9af2613e6,alps4141::alps_529480b4330e_to_Equation2,1,alps4141,alps4141::alps_529480b4330e_to_Equation2,resource_exhausted,resource_exhausted,resource_exhausted,False,False,False
exact_501bb3531860ec13,alps4141::alps_00af65d3647d_to_Equation2,1,alps4141,alps4141::alps_00af65d3647d_to_Equation2,memory_limit,resource_exhausted,resource_exhausted,False,False,False
exact_356574e515c530b9,alps4141::alps_8cd2050716e8_to_Equation2,1,alps4141,alps4141::alps_8cd2050716e8_to_Equation2,memory_limit,resource_exhausted,resource_exhausted,False,False,False
exact_6d61cc331f76f300,alps4141::alps_8f0b0750b745_to_Equation2,1,alps4141,alps4141::alps_8f0b0750b745_to_Equation2,memory_limit,resource_exhausted,resource_exhausted,False,False,False
exact_0b5445060e224a4d,alps4141::alps_a5d1ad11021b_to_Equation2,1,alps4141,alps4141::alps_a5d1ad11021b_to_Equation2,memory_limit,resource_exhausted,memory_limit,False,False,False
exact_7d01e6e7ddafdcc7,alps4141::alps_d4ac430397ea_to_Equation2,1,alps4141,alps4141::alps_d4ac430397ea_to_Equation2,memory_limit,resource_exhausted,memory_limit,False,False,False
exact_4a1dbafdb93bc696,alps4141::alps_3a106155c40a_to_Equation2,1,alps4141,alps4141::alps_3a106155c40a_to_Equation2,resource_exhausted,resource_exhausted,resource_exhausted,False,False,False
exact_cffcc00a786ff2e9,alps4141::alps_7fff82ff2435_to_Equation2,1,alps4141,alps4141::alps_7fff82ff2435_to_Equation2,resource_exhausted,resource_exhausted,resource_exhausted,False,False,False
exact_e5eddfd2128f5f87,alps4141::alps_2da64ebf3e04_to_Equation2,1,alps4141,alps4141::alps_2da64ebf3e04_to_Equation2,memory_limit,resource_exhausted,resource_exhausted,False,False,False
exact_b13d377f92093093,alps4141::alps_aecd8de526f4_to_Equation2,1,alps4141,alps4141::alps_aecd8de526f4_to_Equation2,resource_exhausted,resource_exhausted,resource_exhausted,False,False,False
exact_c1fce6a892d8bdec,alps4141::alps_50beddc38369_to_Equation2,1,alps4141,alps4141::alps_50beddc38369_to_Equation2,memory_limit,resource_exhausted,resource_exhausted,False,False,False
exact_62d7113e44524417,alps4141::alps_d8fb7ad2d5fc_to_Equation2,1,alps4141,alps4141::alps_d8fb7ad2d5fc_to_Equation2,memory_limit,resource_exhausted,resource_exhausted,False,False,False
exact_832307e1476cad92,alps4141::alps_17af6390f7fa_to_Equation2,1,alps4141,alps4141::alps_17af6390f7fa_to_Equation2,memory_limit,resource_exhausted,resource_exhausted,False,False,False
exact_2fb7d2598ed2c745,alps4141::alps_220a41cf4a9c_to_Equation2,1,alps4141,alps4141::alps_220a41cf4a9c_to_Equation2,memory_limit,resource_exhausted,resource_exhausted,False,False,False
exact_7511cfaa407f85f8,alps4141::alps_b24e2bff000e_to_Equation2,1,alps4141,alps4141::alps_b24e2bff000e_to_Equation2,memory_limit,resource_exhausted,resource_exhausted,False,False,False
exact_a8377319b2fb0f02,alps4141::alps_857e18efa1cd_to_Equation2,1,alps4141,alps4141::alps_857e18efa1cd_to_Equation2,resource_exhausted,theorem,theorem,True,False,False
exact_29d24dc4945aaf36,alps4141::alps_303c53f1c7db_to_Equation2,1,alps4141,alps4141::alps_303c53f1c7db_to_Equation2,memory_limit,resource_exhausted,resource_exhausted,False,False,False
exact_10d8888f9403fbab,alps4141::alps_2fa62c6d2603_to_Equation2,1,alps4141,alps4141::alps_2fa62c6d2603_to_Equation2,memory_limit,resource_exhausted,resource_exhausted,False,False,False
exact_5204ee7ea19d5f00,alps4141::alps_220687709b37_to_Equation2,1,alps4141,alps4141::alps_220687709b37_to_Equation2,memory_limit,resource_exhausted,resource_exhausted,False,False,False
exact_5f5d8fa19edcb2e2,alps4141::alps_8e462d43b76f_to_Equation2,1,alps4141,alps4141::alps_8e462d43b76f_to_Equation2,memory_limit,resource_exhausted,resource_exhausted,False,False,False
exact_5f8e3aa0cf5a8053,alps4141::alps_0185df6a8dc6_to_Equation2,1,alps4141,alps4141::alps_0185df6a8dc6_to_Equation2,memory_limit,resource_exhausted,resource_exhausted,False,False,False
exact_2a11f235ee0fc7ce,alps4141::alps_d90ee542cc87_to_Equation2,1,alps4141,alps4141::alps_d90ee542cc87_to_Equation2,memory_limit,resource_exhausted,resource_exhausted,False,False,False
exact_62551e47f17b2de8,alps4141::alps_3cac836c988b_to_Equation2,1,alps4141,alps4141::alps_3cac836c988b_to_Equation2,memory_limit,resource_exhausted,resource_exhausted,False,False,False
exact_480ecd383346e3a7,alps4141::alps_9774675f47b0_to_Equation2,1,alps4141,alps4141::alps_9774675f47b0_to_Equation2,memory_limit,resource_exhausted,resource_exhausted,False,False,False
exact_b88bd3cf977669dd,alps4141::alps_7b851715e3bb_to_Equation2,1,alps4141,alps4141::alps_7b851715e3bb_to_Equation2,memory_limit,resource_exhausted,resource_exhausted,False,False,False
exact_2ad5ab633ad9c332,alps4141::alps_9ff7f0cd197b_to_Equation2,1,alps4141,alps4141::alps_9ff7f0cd197b_to_Equation2,memory_limit,resource_exhausted,resource_exhausted,False,False,False
exact_33784b3a10f17e08,alps4141::alps_e829c560c804_to_Equation2,1,alps4141,alps4141::alps_e829c560c804_to_Equation2,memory_limit,resource_exhausted,resource_exhausted,False,False,False
exact_e9df64841bc81385,alps4141::alps_d39f4c0ddf75_to_Equation2,1,alps4141,alps4141::alps_d39f4c0ddf75_to_Equation2,resource_exhausted,resource_exhausted,resource_exhausted,False,False,False
exact_f7cca122831af196,alps4141::alps_1f17febd148d_to_Equation2,1,alps4141,alps4141::alps_1f17febd148d_to_Equation2,resource_exhausted,resource_exhausted,resource_exhausted,False,False,False
exact_1c33d9de0b47c20c,alps4141::alps_21ce4a1c4fed_to_Equation2,1,alps4141,alps4141::alps_21ce4a1c4fed_to_Equation2,resource_exhausted,resource_exhausted,resource_exhausted,False,False,False
exact_583523564ee3703c,alps4141::alps_d10891b07459_to_Equation2,1,alps4141,alps4141::alps_d10891b07459_to_Equation2,memory_limit,resource_exhausted,resource_exhausted,False,False,False
exact_0adaf53684cd09c5,alps4141::alps_b73472704baf_to_Equation2,1,alps4141,alps4141::alps_b73472704baf_to_Equation2,memory_limit,resource_exhausted,resource_exhausted,False,False,False
exact_5a2d5fd91a337aaf,alps4141::alps_4f0486d9487c_to_Equation2,1,alps4141,alps4141::alps_4f0486d9487c_to_Equation2,resource_exhausted,resource_exhausted,resource_exhausted,False,False,False
exact_94c922197d9a8a4a,alps4141::alps_f29341a08f03_to_Equation2,1,alps4141,alps4141::alps_f29341a08f03_to_Equation2,memory_limit,resource_exhausted,resource_exhausted,False,False,False
exact_6870d1abfc29d32b,alps4141::alps_57cb7f617d83_to_Equation2,1,alps4141,alps4141::alps_57cb7f617d83_to_Equation2,memory_limit,resource_exhausted,memory_limit,False,False,False
exact_fdbb8702a16f3281,alps4141::alps_bcc838b97ebc_to_Equation2,1,alps4141,alps4141::alps_bcc838b97ebc_to_Equation2,memory_limit,resource_exhausted,resource_exhausted,False,False,False
exact_625a628a8fa74900,alps4141::alps_bd5d9ead9ee6_to_Equation2,1,alps4141,alps4141::alps_bd5d9ead9ee6_to_Equation2,memory_limit,resource_exhausted,resource_exhausted,False,False,False
exact_f5533c9d11859473,alps4141::alps_7bd28b46148f_to_Equation2,1,alps4141,alps4141::alps_7bd28b46148f_to_Equation2,memory_limit,resource_exhausted,resource_exhausted,False,False,False
exact_780051091fc51c85,alps4141::alps_4b0041b6b3c0_to_Equation2,1,alps4141,alps4141::alps_4b0041b6b3c0_to_Equation2,memory_limit,resource_exhausted,resource_exhausted,False,False,False
exact_3c5ce9771f7d7bf2,alps4141::alps_ffd463fac7e4_to_Equation2,1,alps4141,alps4141::alps_ffd463fac7e4_to_Equation2,memory_limit,resource_exhausted,resource_exhausted,False,False,False
exact_5ddefac667841d5b,alps4141::alps_68ac5de6fff0_to_Equation2,1,alps4141,alps4141::alps_68ac5de6fff0_to_Equation2,memory_limit,resource_exhausted,resource_exhausted,False,False,False
exact_6fe4fd6a4908a426,alps4141::alps_b67ff7de4cb2_to_Equation2,1,alps4141,alps4141::alps_b67ff7de4cb2_to_Equation2,memory_limit,resource_exhausted,memory_limit,False,False,False
exact_1d4bab50c5b19746,alps4141::alps_30b65d59ce02_to_Equation2,1,alps4141,alps4141::alps_30b65d59ce02_to_Equation2,memory_limit,resource_exhausted,resource_exhausted,False,False,False
exact_c8d20f88d2dbec48,alps4141::alps_c3d61fc86d97_to_Equation2,1,alps4141,alps4141::alps_c3d61fc86d97_to_Equation2,memory_limit,resource_exhausted,memory_limit,False,False,False
exact_f67579caf4d371b0,alps4141::alps_c20c10778cc2_to_Equation2,1,alps4141,alps4141::alps_c20c10778cc2_to_Equation2,memory_limit,resource_exhausted,resource_exhausted,False,False,False
exact_0137708c97762009,alps4141::alps_56c9c27d07a8_to_Equation2,1,alps4141,alps4141::alps_56c9c27d07a8_to_Equation2,memory_limit,resource_exhausted,resource_exhausted,False,False,False
exact_6c955a8f06ebd0e4,alps4141::alps_cc7045170131_to_Equation2,1,alps4141,alps4141::alps_cc7045170131_to_Equation2,resource_exhausted,resource_exhausted,resource_exhausted,False,False,False
exact_cdbacf35a6f7e134,alps4141::alps_1c80a8a29624_to_Equation2,1,alps4141,alps4141::alps_1c80a8a29624_to_Equation2,resource_exhausted,resource_exhausted,resource_exhausted,False,False,False
exact_7443a91f21e68bfc,alps4141::alps_4a955a73ceaf_to_Equation2,1,alps4141,alps4141::alps_4a955a73ceaf_to_Equation2,memory_limit,resource_exhausted,resource_exhausted,False,False,False
exact_dd068f9688d0d40b,alps4141::alps_2417f932b228_to_Equation2,1,alps4141,alps4141::alps_2417f932b228_to_Equation2,memory_limit,resource_exhausted,resource_exhausted,False,False,False
exact_eb1c8db78eb4e397,alps4141::alps_3b5138b8643a_to_Equation2,1,alps4141,alps4141::alps_3b5138b8643a_to_Equation2,memory_limit,resource_exhausted,resource_exhausted,False,False,False
exact_0c626addd0815207,alps4141::alps_3061605d3408_to_Equation2,1,alps4141,alps4141::alps_3061605d3408_to_Equation2,memory_limit,resource_exhausted,resource_exhausted,False,False,False
exact_d1fa9d9b581a9a5e,alps4141::alps_1e870fd02bda_to_Equation2,1,alps4141,alps4141::alps_1e870fd02bda_to_Equation2,memory_limit,resource_exhausted,resource_exhausted,False,False,False
exact_1419b70969a5247d,alps4141::alps_367cbc42bba4_to_Equation2,1,alps4141,alps4141::alps_367cbc42bba4_to_Equation2,memory_limit,resource_exhausted,resource_exhausted,False,False,False
exact_644b3defa93c4ff8,alps4141::alps_57e3b784697c_to_Equation2,1,alps4141,alps4141::alps_57e3b784697c_to_Equation2,memory_limit,resource_exhausted,resource_exhausted,False,False,False
exact_4da1ddb2f5ddbba0,alps4141::alps_de775b684469_to_Equation2,1,alps4141,alps4141::alps_de775b684469_to_Equation2,memory_limit,resource_exhausted,resource_exhausted,False,False,False
exact_7877bbf0c7e1c1cd,alps4141::alps_b5f9450fca04_to_Equation2,1,alps4141,alps4141::alps_b5f9450fca04_to_Equation2,memory_limit,resource_exhausted,resource_exhausted,False,False,False
exact_83fa32d2953c91ed,alps4141::alps_12ce87141be3_to_Equation2,1,alps4141,alps4141::alps_12ce87141be3_to_Equation2,memory_limit,resource_exhausted,resource_exhausted,False,False,False
exact_077b09468337d1aa,alps4141::alps_d3718022e26c_to_Equation2,1,alps4141,alps4141::alps_d3718022e26c_to_Equation2,memory_limit,resource_exhausted,resource_exhausted,False,False,False
exact_aea573a863efc542,alps4141::alps_c49df3cf0e69_to_Equation2,1,alps4141,alps4141::alps_c49df3cf0e69_to_Equation2,memory_limit,resource_exhausted,resource_exhausted,False,False,False
exact_78c8a8c11fe85938,alps4141::alps_c8ec26b1fef4_to_Equation2,1,alps4141,alps4141::alps_c8ec26b1fef4_to_Equation2,memory_limit,resource_exhausted,resource_exhausted,False,False,False
exact_9fda09a6936ec093,alps4141::alps_269cc6e6d95d_to_Equation2,1,alps4141,alps4141::alps_269cc6e6d95d_to_Equation2,memory_limit,resource_exhausted,resource_exhausted,False,False,False
exact_556836e994a31e5b,alps4141::alps_66aae346d126_to_Equation2,1,alps4141,alps4141::alps_66aae346d126_to_Equation2,memory_limit,resource_exhausted,resource_exhausted,False,False,False
exact_cc851ba4393d3d94,alps4141::alps_21b2b15b8221_to_Equation2,1,alps4141,alps4141::alps_21b2b15b8221_to_Equation2,memory_limit,resource_exhausted,resource_exhausted,False,False,False
exact_433f8957ff5fd97d,alps4141::alps_49cf4c3ffa83_to_Equation2,1,alps4141,alps4141::alps_49cf4c3ffa83_to_Equation2,memory_limit,resource_exhausted,resource_exhausted,False,False,False
exact_377988526c49463b,alps4141::alps_cdfbdda0473b_to_Equation2,1,alps4141,alps4141::alps_cdfbdda0473b_to_Equation2,memory_limit,resource_exhausted,resource_exhausted,False,False,False
exact_09b74e07e350e710,alps4141::alps_df294000d118_to_Equation2,1,alps4141,alps4141::alps_df294000d118_to_Equation2,memory_limit,resource_exhausted,resource_exhausted,False,False,False
exact_79796a673e88b002,alps4141::alps_23662985db57_to_Equation2,1,alps4141,alps4141::alps_23662985db57_to_Equation2,memory_limit,resource_exhausted,resource_exhausted,False,False,False
exact_63ca324553af0af6,alps4141::alps_aa846cdc64b7_to_Equation2,1,alps4141,alps4141::alps_aa846cdc64b7_to_Equation2,memory_limit,resource_exhausted,memory_limit,False,False,False
exact_60e8239224d883b7,alps4141::alps_64c368806709_to_Equation2,1,alps4141,alps4141::alps_64c368806709_to_Equation2,memory_limit,resource_exhausted,memory_limit,False,False,False
exact_12d2591c39e4cf6a,alps4141::alps_cfbd4b3ca9f5_to_Equation2,1,alps4141,alps4141::alps_cfbd4b3ca9f5_to_Equation2,memory_limit,resource_exhausted,memory_limit,False,False,False
exact_bb25d21f61aeef86,alps4141::alps_fb21df9f62b8_to_Equation2,1,alps4141,alps4141::alps_fb21df9f62b8_to_Equation2,memory_limit,resource_exhausted,memory_limit,False,False,False
exact_17465a2724600d82,alps4141::alps_e19b5a4702f6_to_Equation2,1,alps4141,alps4141::alps_e19b5a4702f6_to_Equation2,memory_limit,resource_exhausted,memory_limit,False,False,False
exact_833f428350bd7c2e,alps4141::alps_374bc3887f3b_to_Equation2,1,alps4141,alps4141::alps_374bc3887f3b_to_Equation2,memory_limit,resource_exhausted,memory_limit,False,False,False
exact_959e14c92290d5b3,alps4141::alps_4064be23615b_to_Equation2,1,alps4141,alps4141::alps_4064be23615b_to_Equation2,memory_limit,resource_exhausted,resource_exhausted,False,False,False
exact_32e7a772cb7f1c29,alps4141::alps_e2faf7084363_to_Equation2,1,alps4141,alps4141::alps_e2faf7084363_to_Equation2,memory_limit,resource_exhausted,memory_limit,False,False,False
exact_ccf96814ea02de4f,alps4141::alps_8741c3253716_to_Equation2,1,alps4141,alps4141::alps_8741c3253716_to_Equation2,memory_limit,resource_exhausted,memory_limit,False,False,False
exact_020fe358180eff3b,alps4141::alps_76acd1791fae_to_Equation2,1,alps4141,alps4141::alps_76acd1791fae_to_Equation2,completed_no_decisive_result,resource_exhausted,memory_limit,False,False,False
exact_a26006c327f39158,alps4141::alps_a19de39bd587_to_Equation2,1,alps4141,alps4141::alps_a19de39bd587_to_Equation2,resource_exhausted,resource_exhausted,resource_exhausted,False,False,False
exact_28b62493bf687123,alps4141::alps_4fce8af6d8e5_to_Equation2,1,alps4141,alps4141::alps_4fce8af6d8e5_to_Equation2,resource_exhausted,resource_exhausted,resource_exhausted,False,False,False
exact_80da547b3d588de2,alps4141::alps_98bd48bf460f_to_Equation2,1,alps4141,alps4141::alps_98bd48bf460f_to_Equation2,resource_exhausted,resource_exhausted,resource_exhausted,False,False,False
exact_8d39ff718a6f6b6a,alps4141::alps_9e75eb694da5_to_Equation2,1,alps4141,alps4141::alps_9e75eb694da5_to_Equation2,resource_exhausted,resource_exhausted,resource_exhausted,False,False,False
exact_b1cc15c8d2e94288,alps4141::alps_139ac9790bb2_to_Equation2,1,alps4141,alps4141::alps_139ac9790bb2_to_Equation2,resource_exhausted,resource_exhausted,resource_exhausted,False,False,False
exact_d906939abf14ffa1,alps4141::alps_cc130bcbdd1c_to_Equation2,1,alps4141,alps4141::alps_cc130bcbdd1c_to_Equation2,resource_exhausted,resource_exhausted,resource_exhausted,False,False,False
exact_73c10b99ac22fb94,alps4141::alps_01bd320a3c05_to_Equation2,1,alps4141,alps4141::alps_01bd320a3c05_to_Equation2,resource_exhausted,resource_exhausted,resource_exhausted,False,False,False
exact_de102e625cc23917,alps4141::alps_6b26a36344ea_to_Equation2,1,alps4141,alps4141::alps_6b26a36344ea_to_Equation2,resource_exhausted,resource_exhausted,resource_exhausted,False,False,False
exact_90157fbf3d5cafec,alps4141::alps_9904635f0203_to_Equation2,1,alps4141,alps4141::alps_9904635f0203_to_Equation2,resource_exhausted,resource_exhausted,resource_exhausted,False,False,False
exact_25c53f9a4fc4d6a1,alps4141::alps_dfc5819e2db2_to_Equation2,1,alps4141,alps4141::alps_dfc5819e2db2_to_Equation2,resource_exhausted,resource_exhausted,memory_limit,False,False,False
exact_1c321085bc7650d0,austin96::order5_austin_unknown_E38249_to_E2,2,alps4141+austin96,austin96::order5_austin_unknown_E38249_to_E2 | alps4141::alps_4157824084b3_to_Equation2,resource_exhausted,resource_exhausted,memory_limit,False,False,False
exact_6b1749e1fa8d2db3,alps4141::alps_68c4b010d4ca_to_Equation2,1,alps4141,alps4141::alps_68c4b010d4ca_to_Equation2,memory_limit,resource_exhausted,memory_limit,False,False,False
exact_a77c650a44d07ca0,alps4141::alps_95d1967519c9_to_Equation2,1,alps4141,alps4141::alps_95d1967519c9_to_Equation2,resource_exhausted,resource_exhausted,resource_exhausted,False,False,False
exact_4b5929cbfbe913d0,austin96::order5_austin_unknown_E38303_to_E2,2,alps4141+austin96,austin96::order5_austin_unknown_E38303_to_E2 | alps4141::alps_a81ce0fe4b15_to_Equation2,memory_limit,resource_exhausted,resource_exhausted,False,False,False
exact_525bb655b902e744,austin96::order5_austin_unknown_E38316_to_E2,2,alps4141+austin96,austin96::order5_austin_unknown_E38316_to_E2 | alps4141::alps_a2f0ae56f7b8_to_Equation2,resource_exhausted,resource_exhausted,resource_exhausted,False,False,False
exact_c3e9731ecf26b1f2,alps4141::alps_7250cbab06ce_to_Equation2,1,alps4141,alps4141::alps_7250cbab06ce_to_Equation2,memory_limit,resource_exhausted,memory_limit,False,False,False
exact_7fc0b29fc777634d,alps4141::alps_d08a696a6c4f_to_Equation2,1,alps4141,alps4141::alps_d08a696a6c4f_to_Equation2,memory_limit,resource_exhausted,memory_limit,False,False,False
exact_36edff68cbbe6b80,alps4141::alps_a5cda10109f7_to_Equation2,1,alps4141,alps4141::alps_a5cda10109f7_to_Equation2,memory_limit,resource_exhausted,resource_exhausted,False,False,False
exact_41aa9f25d1d2a0ca,alps4141::alps_d62e5b61b0b7_to_Equation2,1,alps4141,alps4141::alps_d62e5b61b0b7_to_Equation2,memory_limit,resource_exhausted,theorem,True,False,False
exact_86081c9c07165217,alps4141::alps_3cff6e54904b_to_Equation2,1,alps4141,alps4141::alps_3cff6e54904b_to_Equation2,memory_limit,resource_exhausted,resource_exhausted,False,False,False
exact_3405965b31e0862a,alps4141::alps_c77bee8aeda2_to_Equation2,1,alps4141,alps4141::alps_c77bee8aeda2_to_Equation2,memory_limit,resource_exhausted,resource_exhausted,False,False,False
exact_01ed1605d94c495f,alps4141::alps_2fb3ca0da843_to_Equation2,1,alps4141,alps4141::alps_2fb3ca0da843_to_Equation2,memory_limit,resource_exhausted,resource_exhausted,False,False,False
exact_9fd3d3947d27b8b9,alps4141::alps_14a41ae24ffe_to_Equation2,1,alps4141,alps4141::alps_14a41ae24ffe_to_Equation2,memory_limit,resource_exhausted,memory_limit,False,False,False
exact_19aa11e57ea5a382,alps4141::alps_61aeee19135c_to_Equation2,1,alps4141,alps4141::alps_61aeee19135c_to_Equation2,memory_limit,resource_exhausted,resource_exhausted,False,False,False
exact_ec62d8873b21bee3,alps4141::alps_2c4b6680179d_to_Equation2,1,alps4141,alps4141::alps_2c4b6680179d_to_Equation2,memory_limit,resource_exhausted,memory_limit,False,False,False
exact_49a820fb87a1fe60,alps4141::alps_c37b2be2cf52_to_Equation2,1,alps4141,alps4141::alps_c37b2be2cf52_to_Equation2,memory_limit,resource_exhausted,resource_exhausted,False,False,False
exact_2cad8c1e404fe380,alps4141::alps_76c5513c1d76_to_Equation2,1,alps4141,alps4141::alps_76c5513c1d76_to_Equation2,resource_exhausted,resource_exhausted,resource_exhausted,False,False,False
exact_f6bdb99c6434c825,alps4141::alps_77f36cc0e4aa_to_Equation2,1,alps4141,alps4141::alps_77f36cc0e4aa_to_Equation2,resource_exhausted,resource_exhausted,resource_exhausted,False,False,False
exact_025ec44ec732cd0b,alps4141::alps_712d1ded46f4_to_Equation2,1,alps4141,alps4141::alps_712d1ded46f4_to_Equation2,memory_limit,resource_exhausted,resource_exhausted,False,False,False
exact_00d5db3ad8f6ffa0,alps4141::alps_8bbeb14ec0ab_to_Equation2,1,alps4141,alps4141::alps_8bbeb14ec0ab_to_Equation2,memory_limit,resource_exhausted,resource_exhausted,False,False,False
exact_0f6239ffb339449d,alps4141::alps_19991eca30ca_to_Equation2,1,alps4141,alps4141::alps_19991eca30ca_to_Equation2,memory_limit,resource_exhausted,resource_exhausted,False,False,False
exact_2f8bd72746b73f0c,alps4141::alps_d4c2d8d53524_to_Equation2,1,alps4141,alps4141::alps_d4c2d8d53524_to_Equation2,memory_limit,resource_exhausted,resource_exhausted,False,False,False
exact_93320d9a4fe23dcc,alps4141::alps_76dd22568458_to_Equation2,1,alps4141,alps4141::alps_76dd22568458_to_Equation2,memory_limit,resource_exhausted,resource_exhausted,False,False,False
exact_e7c0d29445426d33,alps4141::alps_c8727ba6defe_to_Equation2,1,alps4141,alps4141::alps_c8727ba6defe_to_Equation2,memory_limit,resource_exhausted,resource_exhausted,False,False,False
exact_a876f48cd11492b8,alps4141::alps_5d5a94209606_to_Equation2,1,alps4141,alps4141::alps_5d5a94209606_to_Equation2,memory_limit,resource_exhausted,resource_exhausted,False,False,False
exact_40590e0035d4a05c,alps4141::alps_466069accd08_to_Equation2,1,alps4141,alps4141::alps_466069accd08_to_Equation2,memory_limit,resource_exhausted,resource_exhausted,False,False,False
exact_efc849436b900256,alps4141::alps_746fbcf7bebf_to_Equation2,1,alps4141,alps4141::alps_746fbcf7bebf_to_Equation2,memory_limit,resource_exhausted,resource_exhausted,False,False,False
exact_1e8ec68dfcd7b18a,alps4141::alps_d37c705cd76e_to_Equation2,1,alps4141,alps4141::alps_d37c705cd76e_to_Equation2,memory_limit,resource_exhausted,resource_exhausted,False,False,False
exact_7c0d73084635f333,alps4141::alps_35630e398415_to_Equation2,1,alps4141,alps4141::alps_35630e398415_to_Equation2,memory_limit,resource_exhausted,resource_exhausted,False,False,False
exact_acdad876b73e9e1e,alps4141::alps_e5901acc5665_to_Equation2,1,alps4141,alps4141::alps_e5901acc5665_to_Equation2,memory_limit,resource_exhausted,resource_exhausted,False,False,False
exact_a79b4b86bad8b72a,alps4141::alps_3cb9c6a6fe73_to_Equation2,1,alps4141,alps4141::alps_3cb9c6a6fe73_to_Equation2,memory_limit,resource_exhausted,resource_exhausted,False,False,False
exact_d3f5fd13cacf7f9e,alps4141::alps_8893b4060e3a_to_Equation2,1,alps4141,alps4141::alps_8893b4060e3a_to_Equation2,memory_limit,resource_exhausted,resource_exhausted,False,False,False
exact_3c62b5787b0433d0,alps4141::alps_0799bffbe154_to_Equation2,1,alps4141,alps4141::alps_0799bffbe154_to_Equation2,memory_limit,resource_exhausted,resource_exhausted,False,False,False
exact_adadd4cae4d86164,alps4141::alps_b12e077123c5_to_Equation2,1,alps4141,alps4141::alps_b12e077123c5_to_Equation2,memory_limit,resource_exhausted,resource_exhausted,False,False,False
exact_5ab6385f7cbfeab3,alps4141::alps_82823111c73c_to_Equation2,1,alps4141,alps4141::alps_82823111c73c_to_Equation2,resource_exhausted,resource_exhausted,resource_exhausted,False,False,False
exact_434d6af264708461,alps4141::alps_dd159bdbd21a_to_Equation2,1,alps4141,alps4141::alps_dd159bdbd21a_to_Equation2,memory_limit,resource_exhausted,resource_exhausted,False,False,False
exact_e183ecdd27af1d46,alps4141::alps_92ce0149355a_to_Equation2,1,alps4141,alps4141::alps_92ce0149355a_to_Equation2,memory_limit,resource_exhausted,resource_exhausted,False,False,False
exact_b8dc1c4102fc78a6,alps4141::alps_421797c2c787_to_Equation2,1,alps4141,alps4141::alps_421797c2c787_to_Equation2,memory_limit,resource_exhausted,resource_exhausted,False,False,False
exact_edc982c0aec559e7,alps4141::alps_17b876462d71_to_Equation2,1,alps4141,alps4141::alps_17b876462d71_to_Equation2,memory_limit,resource_exhausted,resource_exhausted,False,False,False
exact_a0bdd4bd60fb5255,alps4141::alps_1e24d7ca7433_to_Equation2,1,alps4141,alps4141::alps_1e24d7ca7433_to_Equation2,memory_limit,resource_exhausted,resource_exhausted,False,False,False
exact_bc972df23133c72d,alps4141::alps_4e80a1888de0_to_Equation2,1,alps4141,alps4141::alps_4e80a1888de0_to_Equation2,memory_limit,resource_exhausted,resource_exhausted,False,False,False
exact_660ccd3ee29bea91,alps4141::alps_c8319a7b7d5d_to_Equation2,1,alps4141,alps4141::alps_c8319a7b7d5d_to_Equation2,memory_limit,resource_exhausted,resource_exhausted,False,False,False
exact_b2a545facbfb970c,alps4141::alps_44b6cacadbb7_to_Equation2,1,alps4141,alps4141::alps_44b6cacadbb7_to_Equation2,memory_limit,resource_exhausted,resource_exhausted,False,False,False
exact_21669f8664cb33bc,alps4141::alps_d28eeb08eae4_to_Equation2,1,alps4141,alps4141::alps_d28eeb08eae4_to_Equation2,memory_limit,resource_exhausted,resource_exhausted,False,False,False
exact_b142d1bf2da53545,alps4141::alps_df07f54edae1_to_Equation2,1,alps4141,alps4141::alps_df07f54edae1_to_Equation2,memory_limit,resource_exhausted,resource_exhausted,False,False,False
exact_2cf45fd9446b5560,alps4141::alps_284184dfbe2e_to_Equation2,1,alps4141,alps4141::alps_284184dfbe2e_to_Equation2,memory_limit,resource_exhausted,resource_exhausted,False,False,False
exact_003663d04086f81d,alps4141::alps_d195a66c49e3_to_Equation2,1,alps4141,alps4141::alps_d195a66c49e3_to_Equation2,memory_limit,resource_exhausted,resource_exhausted,False,False,False
exact_f925a2fdfd233083,alps4141::alps_78dd6ed361bd_to_Equation2,1,alps4141,alps4141::alps_78dd6ed361bd_to_Equation2,memory_limit,resource_exhausted,memory_limit,False,False,False
exact_09c5f15ffee8e9bf,alps4141::alps_01dec2bb2e1e_to_Equation2,1,alps4141,alps4141::alps_01dec2bb2e1e_to_Equation2,memory_limit,resource_exhausted,memory_limit,False,False,False
exact_ea3ef3bde031369f,alps4141::alps_446aa9401272_to_Equation2,1,alps4141,alps4141::alps_446aa9401272_to_Equation2,memory_limit,resource_exhausted,resource_exhausted,False,False,False
exact_f7025f93d6463d9f,alps4141::alps_67f821723757_to_Equation2,1,alps4141,alps4141::alps_67f821723757_to_Equation2,memory_limit,resource_exhausted,resource_exhausted,False,False,False
exact_446f548bd57e1475,alps4141::alps_c1c160db2ff0_to_Equation2,1,alps4141,alps4141::alps_c1c160db2ff0_to_Equation2,memory_limit,resource_exhausted,resource_exhausted,False,False,False
exact_0bc9343a76067703,alps4141::alps_7663e1c71033_to_Equation2,1,alps4141,alps4141::alps_7663e1c71033_to_Equation2,memory_limit,resource_exhausted,resource_exhausted,False,False,False
exact_b87efa116382ab20,alps4141::alps_0bc63cd301cf_to_Equation2,1,alps4141,alps4141::alps_0bc63cd301cf_to_Equation2,memory_limit,resource_exhausted,resource_exhausted,False,False,False
exact_2c800d7bcc7f8458,alps4141::alps_58481d4b07d6_to_Equation2,1,alps4141,alps4141::alps_58481d4b07d6_to_Equation2,memory_limit,resource_exhausted,resource_exhausted,False,False,False
exact_2b5910dc205d99d9,alps4141::alps_c408cddd3c42_to_Equation2,1,alps4141,alps4141::alps_c408cddd3c42_to_Equation2,memory_limit,resource_exhausted,resource_exhausted,False,False,False
exact_523e44e68230d9e3,alps4141::alps_e70d2e5aa972_to_Equation2,1,alps4141,alps4141::alps_e70d2e5aa972_to_Equation2,memory_limit,resource_exhausted,resource_exhausted,False,False,False
exact_73bac56e11e73a41,alps4141::alps_84f52add9020_to_Equation2,1,alps4141,alps4141::alps_84f52add9020_to_Equation2,memory_limit,resource_exhausted,resource_exhausted,False,False,False
exact_7e714513b59331f7,alps4141::alps_6ed588a69203_to_Equation2,1,alps4141,alps4141::alps_6ed588a69203_to_Equation2,memory_limit,resource_exhausted,resource_exhausted,False,False,False
exact_1946ed3c23dc4dfb,alps4141::alps_3cbfdec5ea50_to_Equation2,1,alps4141,alps4141::alps_3cbfdec5ea50_to_Equation2,memory_limit,resource_exhausted,resource_exhausted,False,False,False
exact_a82e418289683937,alps4141::alps_f908a1b8a412_to_Equation2,1,alps4141,alps4141::alps_f908a1b8a412_to_Equation2,memory_limit,resource_exhausted,resource_exhausted,False,False,False
exact_2923159a17625890,alps4141::alps_78f9157e49da_to_Equation2,1,alps4141,alps4141::alps_78f9157e49da_to_Equation2,memory_limit,resource_exhausted,resource_exhausted,False,False,False
exact_58f2ae3b19554381,alps4141::alps_ffc411806bce_to_Equation2,1,alps4141,alps4141::alps_ffc411806bce_to_Equation2,memory_limit,resource_exhausted,resource_exhausted,False,False,False
exact_37759dfef54dfdd7,alps4141::alps_832353709e6c_to_Equation2,1,alps4141,alps4141::alps_832353709e6c_to_Equation2,memory_limit,resource_exhausted,resource_exhausted,False,False,False
exact_768fee71e1ba1136,alps4141::alps_963e72c34e0c_to_Equation2,1,alps4141,alps4141::alps_963e72c34e0c_to_Equation2,memory_limit,resource_exhausted,resource_exhausted,False,False,False
exact_a4ce2a97ee1ccd6b,alps4141::alps_cf740199bda5_to_Equation2,1,alps4141,alps4141::alps_cf740199bda5_to_Equation2,memory_limit,resource_exhausted,resource_exhausted,False,False,False
exact_87858aab5643d02b,alps4141::alps_a8df27100353_to_Equation2,1,alps4141,alps4141::alps_a8df27100353_to_Equation2,memory_limit,resource_exhausted,resource_exhausted,False,False,False
exact_1a1c854b3d58b627,alps4141::alps_a93c9552beda_to_Equation2,1,alps4141,alps4141::alps_a93c9552beda_to_Equation2,completed_no_decisive_result,resource_exhausted,resource_exhausted,False,False,False
exact_b7dc823a669828e6,alps4141::alps_e90931dc8115_to_Equation2,1,alps4141,alps4141::alps_e90931dc8115_to_Equation2,memory_limit,resource_exhausted,resource_exhausted,False,False,False
exact_6c0e021e657300b8,alps4141::alps_c53ffa4c5e96_to_Equation2,1,alps4141,alps4141::alps_c53ffa4c5e96_to_Equation2,memory_limit,resource_exhausted,memory_limit,False,False,False
exact_a95539f931085e6a,alps4141::alps_44a20dd549a3_to_Equation2,1,alps4141,alps4141::alps_44a20dd549a3_to_Equation2,completed_no_decisive_result,resource_exhausted,resource_exhausted,False,False,False
exact_506a217ff55d13b3,alps4141::alps_e032933b6972_to_Equation2,1,alps4141,alps4141::alps_e032933b6972_to_Equation2,memory_limit,resource_exhausted,resource_exhausted,False,False,False
exact_fb4219de03cb5431,alps4141::alps_8546b67f3f4b_to_Equation2,1,alps4141,alps4141::alps_8546b67f3f4b_to_Equation2,memory_limit,resource_exhausted,memory_limit,False,False,False
exact_49795838cfd88d5e,alps4141::alps_6bc5af290ff2_to_Equation2,1,alps4141,alps4141::alps_6bc5af290ff2_to_Equation2,completed_no_decisive_result,resource_exhausted,resource_exhausted,False,False,False
exact_051fa2bcba4c2953,alps4141::alps_fbe54283d3be_to_Equation2,1,alps4141,alps4141::alps_fbe54283d3be_to_Equation2,memory_limit,resource_exhausted,memory_limit,False,False,False
exact_61c745f9c5d03153,alps4141::alps_b5651c02784f_to_Equation2,1,alps4141,alps4141::alps_b5651c02784f_to_Equation2,memory_limit,resource_exhausted,resource_exhausted,False,False,False
exact_b55567874e5fed73,alps4141::alps_e7426bf6cb03_to_Equation2,1,alps4141,alps4141::alps_e7426bf6cb03_to_Equation2,completed_no_decisive_result,resource_exhausted,memory_limit,False,False,False
exact_0ee237cc591856b1,alps4141::alps_45e699b757b2_to_Equation2,1,alps4141,alps4141::alps_45e699b757b2_to_Equation2,memory_limit,resource_exhausted,resource_exhausted,False,False,False
exact_4be8baa9c8590098,alps4141::alps_066b6f6f7f34_to_Equation2,1,alps4141,alps4141::alps_066b6f6f7f34_to_Equation2,memory_limit,resource_exhausted,memory_limit,False,False,False
exact_45477f21f376be79,alps4141::alps_2115dfa7d0ce_to_Equation2,1,alps4141,alps4141::alps_2115dfa7d0ce_to_Equation2,memory_limit,resource_exhausted,resource_exhausted,False,False,False
exact_237f7387d1dc4760,alps4141::alps_e3a80a050aec_to_Equation2,1,alps4141,alps4141::alps_e3a80a050aec_to_Equation2,memory_limit,resource_exhausted,resource_exhausted,False,False,False
exact_f5326fd1cb79b3e6,alps4141::alps_8fca2033861f_to_Equation2,1,alps4141,alps4141::alps_8fca2033861f_to_Equation2,memory_limit,resource_exhausted,resource_exhausted,False,False,False
exact_c1b67f61ceab9566,alps4141::alps_eb7ba9934442_to_Equation2,1,alps4141,alps4141::alps_eb7ba9934442_to_Equation2,memory_limit,resource_exhausted,resource_exhausted,False,False,False
exact_74a545f623b34c6f,alps4141::alps_75aa90cf6a7b_to_Equation2,1,alps4141,alps4141::alps_75aa90cf6a7b_to_Equation2,memory_limit,resource_exhausted,resource_exhausted,False,False,False
exact_2f2b92bba4fbefc2,alps4141::alps_83b27e99a47f_to_Equation2,1,alps4141,alps4141::alps_83b27e99a47f_to_Equation2,memory_limit,resource_exhausted,memory_limit,False,False,False
exact_4de1f7689d891249,alps4141::alps_1ac5146133a5_to_Equation2,1,alps4141,alps4141::alps_1ac5146133a5_to_Equation2,resource_exhausted,resource_exhausted,resource_exhausted,False,False,False
exact_5c50fd0fd9bfe388,alps4141::alps_d1192388ab99_to_Equation2,1,alps4141,alps4141::alps_d1192388ab99_to_Equation2,memory_limit,resource_exhausted,resource_exhausted,False,False,False
exact_86efc63503ca0ed5,alps4141::alps_583d68c83197_to_Equation2,1,alps4141,alps4141::alps_583d68c83197_to_Equation2,resource_exhausted,resource_exhausted,resource_exhausted,False,False,False
exact_e571f103d88afca5,alps4141::alps_0cb0456f8c3d_to_Equation2,1,alps4141,alps4141::alps_0cb0456f8c3d_to_Equation2,resource_exhausted,resource_exhausted,resource_exhausted,False,False,False
exact_8e8993ce5e21eaac,austin96::order5_austin_unknown_E38565_to_E2,2,alps4141+austin96,austin96::order5_austin_unknown_E38565_to_E2 | alps4141::alps_37a16d42de2f_to_Equation2,resource_exhausted,resource_exhausted,resource_exhausted,False,False,False
exact_33b3b19f633f4636,alps4141::alps_00abbb9f1148_to_Equation2,1,alps4141,alps4141::alps_00abbb9f1148_to_Equation2,memory_limit,resource_exhausted,resource_exhausted,False,False,False
exact_4fe4d52d74ad512f,alps4141::alps_3f5a7752d58f_to_Equation2,1,alps4141,alps4141::alps_3f5a7752d58f_to_Equation2,resource_exhausted,resource_exhausted,resource_exhausted,False,False,False
exact_0b5e53645fec849d,alps4141::alps_dacb17038f62_to_Equation2,1,alps4141,alps4141::alps_dacb17038f62_to_Equation2,resource_exhausted,resource_exhausted,resource_exhausted,False,False,False
exact_d03f85c1d1435e21,alps4141::alps_64023e442789_to_Equation2,1,alps4141,alps4141::alps_64023e442789_to_Equation2,memory_limit,resource_exhausted,resource_exhausted,False,False,False
exact_73454d372d00b6ed,alps4141::alps_8a4f35b60073_to_Equation2,1,alps4141,alps4141::alps_8a4f35b60073_to_Equation2,memory_limit,resource_exhausted,resource_exhausted,False,False,False
exact_b80d2422296affdf,alps4141::alps_84da04942597_to_Equation2,1,alps4141,alps4141::alps_84da04942597_to_Equation2,memory_limit,resource_exhausted,resource_exhausted,False,False,False
exact_f49f0019bb947a90,alps4141::alps_b55fb61ea474_to_Equation2,1,alps4141,alps4141::alps_b55fb61ea474_to_Equation2,memory_limit,resource_exhausted,resource_exhausted,False,False,False
exact_89380ee1d2de652e,alps4141::alps_8abc8264fe4a_to_Equation2,1,alps4141,alps4141::alps_8abc8264fe4a_to_Equation2,resource_exhausted,resource_exhausted,resource_exhausted,False,False,False
exact_154846db4cf3c623,alps4141::alps_478a8476cf83_to_Equation2,1,alps4141,alps4141::alps_478a8476cf83_to_Equation2,memory_limit,resource_exhausted,memory_limit,False,False,False
exact_ea1533cd2bfbdefe,alps4141::alps_2577f667adbc_to_Equation2,1,alps4141,alps4141::alps_2577f667adbc_to_Equation2,resource_exhausted,resource_exhausted,resource_exhausted,False,False,False
exact_f03d6bdc44ecabd1,alps4141::alps_1b85b34c677b_to_Equation2,1,alps4141,alps4141::alps_1b85b34c677b_to_Equation2,memory_limit,resource_exhausted,resource_exhausted,False,False,False
exact_b56c05530e7d22d6,alps4141::alps_33daa57264e2_to_Equation2,1,alps4141,alps4141::alps_33daa57264e2_to_Equation2,theorem,theorem,theorem,True,False,False
exact_c7e95297c8a91aec,alps4141::alps_f875a6259d37_to_Equation2,1,alps4141,alps4141::alps_f875a6259d37_to_Equation2,resource_exhausted,resource_exhausted,resource_exhausted,False,False,False
exact_b117cb86d4f7e185,alps4141::alps_b0f9e66a3544_to_Equation2,1,alps4141,alps4141::alps_b0f9e66a3544_to_Equation2,resource_exhausted,resource_exhausted,resource_exhausted,False,False,False
exact_1706646ae4db8e76,alps4141::alps_7473724d6a03_to_Equation2,1,alps4141,alps4141::alps_7473724d6a03_to_Equation2,memory_limit,resource_exhausted,memory_limit,False,False,False
exact_3875fce9be04fcbd,alps4141::alps_dac96598ce3a_to_Equation2,1,alps4141,alps4141::alps_dac96598ce3a_to_Equation2,resource_exhausted,resource_exhausted,resource_exhausted,False,False,False
exact_1b4fe1245c396814,alps4141::alps_68f81fa2eede_to_Equation2,1,alps4141,alps4141::alps_68f81fa2eede_to_Equation2,memory_limit,resource_exhausted,memory_limit,False,False,False
exact_d38717556cba99e0,alps4141::alps_87cb2587b979_to_Equation2,1,alps4141,alps4141::alps_87cb2587b979_to_Equation2,resource_exhausted,resource_exhausted,resource_exhausted,False,False,False
exact_7b3c657ef1669693,alps4141::alps_881501fb8332_to_Equation2,1,alps4141,alps4141::alps_881501fb8332_to_Equation2,resource_exhausted,resource_exhausted,resource_exhausted,False,False,False
exact_c51b90d45025c63c,alps4141::alps_e60162df1941_to_Equation2,1,alps4141,alps4141::alps_e60162df1941_to_Equation2,memory_limit,resource_exhausted,memory_limit,False,False,False
exact_516d6cdd2e0c8e67,alps4141::alps_51bdb5102b32_to_Equation2,1,alps4141,alps4141::alps_51bdb5102b32_to_Equation2,memory_limit,resource_exhausted,resource_exhausted,False,False,False
exact_88f1b65dba6d088f,alps4141::alps_9f9bfabbef03_to_Equation2,1,alps4141,alps4141::alps_9f9bfabbef03_to_Equation2,resource_exhausted,resource_exhausted,resource_exhausted,False,False,False
exact_d8584752fca1421c,alps4141::alps_5128f8de2878_to_Equation2,1,alps4141,alps4141::alps_5128f8de2878_to_Equation2,memory_limit,resource_exhausted,memory_limit,False,False,False
exact_d61c82d736768c81,alps4141::alps_1dcd1ca2be59_to_Equation2,1,alps4141,alps4141::alps_1dcd1ca2be59_to_Equation2,resource_exhausted,resource_exhausted,resource_exhausted,False,False,False
exact_4711a711be9d1823,alps4141::alps_84e6d0578f9d_to_Equation2,1,alps4141,alps4141::alps_84e6d0578f9d_to_Equation2,resource_exhausted,resource_exhausted,resource_exhausted,False,False,False
exact_a89cc6d923a65908,alps4141::alps_fa86fc785d47_to_Equation2,1,alps4141,alps4141::alps_fa86fc785d47_to_Equation2,memory_limit,resource_exhausted,resource_exhausted,False,False,False
exact_d6434886021a3a64,alps4141::alps_d07f707ade6f_to_Equation2,1,alps4141,alps4141::alps_d07f707ade6f_to_Equation2,memory_limit,resource_exhausted,memory_limit,False,False,False
exact_b6873ff6f768f4ba,alps4141::alps_524dbc8480be_to_Equation2,1,alps4141,alps4141::alps_524dbc8480be_to_Equation2,memory_limit,resource_exhausted,memory_limit,False,False,False
exact_66151891fccb8523,alps4141::alps_9fbae2dd001a_to_Equation2,1,alps4141,alps4141::alps_9fbae2dd001a_to_Equation2,completed_no_decisive_result,completed_no_proof,resource_exhausted,False,False,False
exact_cc2bf67753932375,alps4141::alps_d1aa74d5ee94_to_Equation2,1,alps4141,alps4141::alps_d1aa74d5ee94_to_Equation2,resource_exhausted,resource_exhausted,resource_exhausted,False,False,False
exact_1f18a31340b0b127,alps4141::alps_7c03221e0d9b_to_Equation2,1,alps4141,alps4141::alps_7c03221e0d9b_to_Equation2,resource_exhausted,resource_exhausted,resource_exhausted,False,False,False
exact_982cbcedda3dbbef,alps4141::alps_1b023c6904f6_to_Equation2,1,alps4141,alps4141::alps_1b023c6904f6_to_Equation2,memory_limit,resource_exhausted,memory_limit,False,False,False
exact_678189d2a11fbc9c,alps4141::alps_1d10adb676b8_to_Equation2,1,alps4141,alps4141::alps_1d10adb676b8_to_Equation2,memory_limit,resource_exhausted,memory_limit,False,False,False
exact_dd3cbe1ebb8d9f9b,alps4141::alps_971114eea96d_to_Equation2,1,alps4141,alps4141::alps_971114eea96d_to_Equation2,resource_exhausted,resource_exhausted,resource_exhausted,False,False,False
exact_67f4584e4d6fa4ee,alps4141::alps_b6794ded0538_to_Equation2,1,alps4141,alps4141::alps_b6794ded0538_to_Equation2,resource_exhausted,resource_exhausted,resource_exhausted,False,False,False
exact_fbf178fe0320ed4a,alps4141::alps_6e650e490adc_to_Equation2,1,alps4141,alps4141::alps_6e650e490adc_to_Equation2,memory_limit,resource_exhausted,resource_exhausted,False,False,False
exact_70c35d6b31f1e2e4,alps4141::alps_d2ff823cff71_to_Equation2,1,alps4141,alps4141::alps_d2ff823cff71_to_Equation2,memory_limit,resource_exhausted,resource_exhausted,False,False,False
exact_4f628ca721bb45ed,austin96::order5_austin_unknown_E35685_to_E2,2,alps4141+austin96,austin96::order5_austin_unknown_E35685_to_E2 | alps4141::alps_753a494a6acf_to_Equation2,resource_exhausted,resource_exhausted,resource_exhausted,False,False,False
exact_00334557984ab740,austin96::order5_austin_unknown_E37519_to_E2,2,alps4141+austin96,austin96::order5_austin_unknown_E37519_to_E2 | alps4141::alps_ac6f98b7c005_to_Equation2,resource_exhausted,resource_exhausted,resource_exhausted,False,False,False
exact_8fd1fbaf43b7e44b,austin96::order5_austin_unknown_E27859_to_E2,2,alps4141+austin96,austin96::order5_austin_unknown_E27859_to_E2 | alps4141::alps_ea36ed16fdb5_to_Equation2,resource_exhausted,resource_exhausted,resource_exhausted,False,False,False
exact_1d511146ee2ed39f,austin96::order5_austin_unknown_E27863_to_E2,1,austin96,austin96::order5_austin_unknown_E27863_to_E2,memory_limit,resource_exhausted,resource_exhausted,False,False,False
exact_c50de21687fd854a,alps4141::alps_98b94f53ec81_to_Equation2,1,alps4141,alps4141::alps_98b94f53ec81_to_Equation2,memory_limit,resource_exhausted,memory_limit,False,False,False
exact_fad40b32629f4edf,alps4141::alps_9ba8db016868_to_Equation2,1,alps4141,alps4141::alps_9ba8db016868_to_Equation2,memory_limit,resource_exhausted,memory_limit,False,False,False
exact_3910ae6244fcbf54,alps4141::alps_0f9e1e523075_to_Equation2,1,alps4141,alps4141::alps_0f9e1e523075_to_Equation2,memory_limit,resource_exhausted,resource_exhausted,False,False,False
exact_5c812e6b846cbb51,alps4141::alps_fbc33cf9e886_to_Equation2,1,alps4141,alps4141::alps_fbc33cf9e886_to_Equation2,memory_limit,resource_exhausted,resource_exhausted,False,False,False
exact_90c57c8155fab7ae,alps4141::alps_5d659d781926_to_Equation2,1,alps4141,alps4141::alps_5d659d781926_to_Equation2,resource_exhausted,resource_exhausted,resource_exhausted,False,False,False
exact_367e8e82b4fa8482,austin96::order5_austin_unknown_E35836_to_E2,2,alps4141+austin96,austin96::order5_austin_unknown_E35836_to_E2 | alps4141::alps_7dd9f8dc6a01_to_Equation2,memory_limit,resource_exhausted,resource_exhausted,False,False,False
exact_56a07e596f35b974,alps4141::alps_fcd9c6a5bfcd_to_Equation2,1,alps4141,alps4141::alps_fcd9c6a5bfcd_to_Equation2,memory_limit,resource_exhausted,memory_limit,False,False,False
exact_b1ec64cf617d73fe,alps4141::alps_d5c9d97ae6c8_to_Equation2,1,alps4141,alps4141::alps_d5c9d97ae6c8_to_Equation2,memory_limit,resource_exhausted,memory_limit,False,False,False
exact_cce968a96a6a4c69,alps4141::alps_76720af7e2a7_to_Equation2,1,alps4141,alps4141::alps_76720af7e2a7_to_Equation2,resource_exhausted,resource_exhausted,resource_exhausted,False,False,False
exact_42fbf3990dba5205,alps4141::alps_ccce9547075a_to_Equation2,1,alps4141,alps4141::alps_ccce9547075a_to_Equation2,memory_limit,resource_exhausted,memory_limit,False,False,False
exact_7eacbdc999dcbaff,alps4141::alps_3886ed5506fa_to_Equation2,1,alps4141,alps4141::alps_3886ed5506fa_to_Equation2,memory_limit,resource_exhausted,resource_exhausted,False,False,False
exact_d9e889eb5b0df797,alps4141::alps_f0c10c397507_to_Equation2,1,alps4141,alps4141::alps_f0c10c397507_to_Equation2,memory_limit,resource_exhausted,resource_exhausted,False,False,False
exact_fcfacb13c5c78678,alps4141::alps_fcd7800440db_to_Equation2,1,alps4141,alps4141::alps_fcd7800440db_to_Equation2,memory_limit,resource_exhausted,resource_exhausted,False,False,False
exact_da09ad216e35ea57,alps4141::alps_934cd564c3e1_to_Equation2,1,alps4141,alps4141::alps_934cd564c3e1_to_Equation2,memory_limit,resource_exhausted,memory_limit,False,False,False
exact_f90f7f8073320def,alps4141::alps_321f094095c4_to_Equation2,1,alps4141,alps4141::alps_321f094095c4_to_Equation2,memory_limit,resource_exhausted,resource_exhausted,False,False,False
exact_6d3e0e2611bd0ef9,alps4141::alps_7287d5009c51_to_Equation2,1,alps4141,alps4141::alps_7287d5009c51_to_Equation2,memory_limit,resource_exhausted,memory_limit,False,False,False
exact_ac0129b9a04adecb,alps4141::alps_541c297f4e8b_to_Equation2,1,alps4141,alps4141::alps_541c297f4e8b_to_Equation2,memory_limit,resource_exhausted,resource_exhausted,False,False,False
exact_66c7a0aa2d01175e,alps4141::alps_1bbfc86eeeed_to_Equation2,1,alps4141,alps4141::alps_1bbfc86eeeed_to_Equation2,memory_limit,resource_exhausted,resource_exhausted,False,False,False
exact_65666dd1bbd7f776,alps4141::alps_808b7a8e1e2e_to_Equation2,1,alps4141,alps4141::alps_808b7a8e1e2e_to_Equation2,memory_limit,resource_exhausted,resource_exhausted,False,False,False
exact_fef03b4dbaf45988,alps4141::alps_d3cb31886abc_to_Equation2,1,alps4141,alps4141::alps_d3cb31886abc_to_Equation2,memory_limit,resource_exhausted,resource_exhausted,False,False,False
exact_ba83cf624842346c,alps4141::alps_cdb58d5a2fd8_to_Equation2,1,alps4141,alps4141::alps_cdb58d5a2fd8_to_Equation2,memory_limit,resource_exhausted,resource_exhausted,False,False,False
exact_18c76a56f743b1e8,alps4141::alps_da445057ceca_to_Equation2,1,alps4141,alps4141::alps_da445057ceca_to_Equation2,resource_exhausted,theorem,theorem,True,False,False
exact_99d215e939f2065a,alps4141::alps_c41e8a9e680c_to_Equation2,1,alps4141,alps4141::alps_c41e8a9e680c_to_Equation2,resource_exhausted,resource_exhausted,resource_exhausted,False,False,False
exact_bf1bf5836782bee9,alps4141::alps_b70f6cc6da87_to_Equation2,1,alps4141,alps4141::alps_b70f6cc6da87_to_Equation2,resource_exhausted,resource_exhausted,resource_exhausted,False,False,False
exact_5628dd6ea761d00d,austin96::order5_austin_unknown_E34778_to_E2,2,alps4141+austin96,austin96::order5_austin_unknown_E34778_to_E2 | alps4141::alps_a5931cfa5e0f_to_Equation2,memory_limit,resource_exhausted,resource_exhausted,False,False,False
exact_baa897c7e31cf953,generality34::order5_unknown_finite_status24_E33856_to_E2,1,generality34,generality34::order5_unknown_finite_status24_E33856_to_E2,resource_exhausted,resource_exhausted,resource_exhausted,False,False,False
exact_d395167c3c37ac54,austin96::order5_austin_unknown_E33883_to_E2,2,alps4141+austin96,austin96::order5_austin_unknown_E33883_to_E2 | alps4141::alps_f295fd4f07be_to_Equation2,resource_exhausted,resource_exhausted,resource_exhausted,False,False,False
exact_3ac0bda39ee552d4,austin96::order5_austin_unknown_E33884_to_E2,2,alps4141+austin96,austin96::order5_austin_unknown_E33884_to_E2 | alps4141::alps_eab11fb7cbbc_to_Equation2,resource_exhausted,resource_exhausted,resource_exhausted,False,False,False
exact_b25910f23bff4ab3,generality34::order5_unknown_finite_status24_E24197_to_E2,1,generality34,generality34::order5_unknown_finite_status24_E24197_to_E2,resource_exhausted,resource_exhausted,resource_exhausted,False,False,False
exact_4aa94c3a96a4fb05,generality34::order5_unknown_finite_status24_E24201_to_E2,1,generality34,generality34::order5_unknown_finite_status24_E24201_to_E2,resource_exhausted,resource_exhausted,resource_exhausted,False,False,False
exact_9ca0cb0929b7bc0b,generality34::order5_unknown_finite_status24_E24199_to_E2,1,generality34,generality34::order5_unknown_finite_status24_E24199_to_E2,resource_exhausted,resource_exhausted,resource_exhausted,False,False,False
exact_b3ef2b376cb0c206,generality34::order5_unknown_finite_status24_E24200_to_E2,1,generality34,generality34::order5_unknown_finite_status24_E24200_to_E2,resource_exhausted,resource_exhausted,resource_exhausted,False,False,False
exact_09d740b7ce98c127,generality34::order5_unknown_finite_status24_E23337_to_E2,1,generality34,generality34::order5_unknown_finite_status24_E23337_to_E2,memory_limit,resource_exhausted,resource_exhausted,False,False,False
exact_197f84b95c19f1ce,generality34::order5_unknown_finite_status24_E23354_to_E2,1,generality34,generality34::order5_unknown_finite_status24_E23354_to_E2,memory_limit,resource_exhausted,resource_exhausted,False,False,False
exact_6b1028b60545786a,generality34::order5_unknown_finite_status24_E23357_to_E2,1,generality34,generality34::order5_unknown_finite_status24_E23357_to_E2,resource_exhausted,resource_exhausted,resource_exhausted,False,False,False
exact_c9d746b5b54d3ec3,alps4141::alps_fc3161f05281_to_Equation2,1,alps4141,alps4141::alps_fc3161f05281_to_Equation2,memory_limit,resource_exhausted,memory_limit,False,False,False
exact_d8616e7be055a8b2,alps4141::alps_9555581f9a3d_to_Equation2,1,alps4141,alps4141::alps_9555581f9a3d_to_Equation2,resource_exhausted,resource_exhausted,resource_exhausted,False,False,False
exact_362c9b434796951d,alps4141::alps_71b80c400aaf_to_Equation2,1,alps4141,alps4141::alps_71b80c400aaf_to_Equation2,memory_limit,resource_exhausted,resource_exhausted,False,False,False
exact_1673ab23e23035ed,alps4141::alps_5b6a1dd24079_to_Equation2,1,alps4141,alps4141::alps_5b6a1dd24079_to_Equation2,memory_limit,resource_exhausted,memory_limit,False,False,False
exact_8a0a1656b2730671,alps4141::alps_109aae07b469_to_Equation2,1,alps4141,alps4141::alps_109aae07b469_to_Equation2,memory_limit,resource_exhausted,resource_exhausted,False,False,False
exact_e4164cc9ba385191,alps4141::alps_fe24c66a6309_to_Equation2,1,alps4141,alps4141::alps_fe24c66a6309_to_Equation2,memory_limit,resource_exhausted,memory_limit,False,False,False
exact_26fe02d5b2516a21,alps4141::alps_8631df8cc38f_to_Equation2,1,alps4141,alps4141::alps_8631df8cc38f_to_Equation2,memory_limit,resource_exhausted,resource_exhausted,False,False,False
exact_f7161cb0e47c83ab,alps4141::alps_c4ec4066eed3_to_Equation2,1,alps4141,alps4141::alps_c4ec4066eed3_to_Equation2,memory_limit,resource_exhausted,resource_exhausted,False,False,False
exact_0e10eb3831048876,alps4141::alps_ea21f76374a5_to_Equation2,1,alps4141,alps4141::alps_ea21f76374a5_to_Equation2,memory_limit,resource_exhausted,resource_exhausted,False,False,False
exact_8117085dd212e63f,alps4141::alps_1782ff70e38b_to_Equation2,1,alps4141,alps4141::alps_1782ff70e38b_to_Equation2,memory_limit,resource_exhausted,resource_exhausted,False,False,False
exact_27e571a4443a1b0c,alps4141::alps_c13adc3493b9_to_Equation2,1,alps4141,alps4141::alps_c13adc3493b9_to_Equation2,memory_limit,resource_exhausted,resource_exhausted,False,False,False
exact_dee9d4b403f790c2,alps4141::alps_552dde111ac7_to_Equation2,1,alps4141,alps4141::alps_552dde111ac7_to_Equation2,memory_limit,resource_exhausted,resource_exhausted,False,False,False
exact_2014b3cdb61a0e8b,alps4141::alps_1c5879f074d6_to_Equation2,1,alps4141,alps4141::alps_1c5879f074d6_to_Equation2,memory_limit,resource_exhausted,resource_exhausted,False,False,False
exact_c1731a35f19c197b,alps4141::alps_52ab8d8c15a6_to_Equation2,1,alps4141,alps4141::alps_52ab8d8c15a6_to_Equation2,memory_limit,resource_exhausted,resource_exhausted,False,False,False
exact_9683f12f5c9cdadb,alps4141::alps_26b5d51a103d_to_Equation2,1,alps4141,alps4141::alps_26b5d51a103d_to_Equation2,memory_limit,resource_exhausted,memory_limit,False,False,False
exact_facf13a765b43432,alps4141::alps_63d9f9b3f7f0_to_Equation2,1,alps4141,alps4141::alps_63d9f9b3f7f0_to_Equation2,memory_limit,resource_exhausted,memory_limit,False,False,False
exact_a4d0a18e5b079e4b,alps4141::alps_056714d04e21_to_Equation2,1,alps4141,alps4141::alps_056714d04e21_to_Equation2,memory_limit,resource_exhausted,resource_exhausted,False,False,False
exact_f9882eb0869e0381,alps4141::alps_0e5b2a1c7ae6_to_Equation2,1,alps4141,alps4141::alps_0e5b2a1c7ae6_to_Equation2,memory_limit,resource_exhausted,resource_exhausted,False,False,False
exact_c26f3c9d084c1a39,alps4141::alps_edf4384b5bd5_to_Equation2,1,alps4141,alps4141::alps_edf4384b5bd5_to_Equation2,resource_exhausted,resource_exhausted,resource_exhausted,False,False,False
exact_10ed145bef38cbf2,alps4141::alps_49c5a131ea45_to_Equation2,1,alps4141,alps4141::alps_49c5a131ea45_to_Equation2,completed_no_decisive_result,resource_exhausted,resource_exhausted,False,False,False
exact_806a93080da06047,alps4141::alps_6128d02ba07c_to_Equation2,1,alps4141,alps4141::alps_6128d02ba07c_to_Equation2,resource_exhausted,resource_exhausted,resource_exhausted,False,False,False
exact_64d44a50a601bfb0,alps4141::alps_665cff1b6ee5_to_Equation2,1,alps4141,alps4141::alps_665cff1b6ee5_to_Equation2,memory_limit,resource_exhausted,resource_exhausted,False,False,False
exact_7c78b13db7e58e6a,alps4141::alps_b0b66f9855e5_to_Equation2,1,alps4141,alps4141::alps_b0b66f9855e5_to_Equation2,memory_limit,resource_exhausted,resource_exhausted,False,False,False
exact_a1e4900770cb2658,alps4141::alps_4e2669e3959a_to_Equation2,1,alps4141,alps4141::alps_4e2669e3959a_to_Equation2,memory_limit,resource_exhausted,resource_exhausted,False,False,False
exact_e613b4cd8bfb0765,alps4141::alps_58ff843e9cdf_to_Equation2,1,alps4141,alps4141::alps_58ff843e9cdf_to_Equation2,memory_limit,resource_exhausted,resource_exhausted,False,False,False
exact_9a187602cf87808d,alps4141::alps_c9ce0918ce43_to_Equation2,1,alps4141,alps4141::alps_c9ce0918ce43_to_Equation2,completed_no_decisive_result,resource_exhausted,memory_limit,False,False,False
exact_3bcfc33bdf0a740d,alps4141::alps_a1741cd6ccc8_to_Equation2,1,alps4141,alps4141::alps_a1741cd6ccc8_to_Equation2,memory_limit,resource_exhausted,resource_exhausted,False,False,False
exact_9cdef6a9a11aba17,alps4141::alps_0162c5571dc0_to_Equation2,1,alps4141,alps4141::alps_0162c5571dc0_to_Equation2,resource_exhausted,resource_exhausted,resource_exhausted,False,False,False
exact_7727a3cd910daff7,alps4141::alps_3817296ebfc4_to_Equation2,1,alps4141,alps4141::alps_3817296ebfc4_to_Equation2,memory_limit,resource_exhausted,resource_exhausted,False,False,False
exact_54cbb6603cd0a512,alps4141::alps_a9c39f5d4bc3_to_Equation2,1,alps4141,alps4141::alps_a9c39f5d4bc3_to_Equation2,memory_limit,resource_exhausted,memory_limit,False,False,False
exact_6221d8a734d9625a,alps4141::alps_2bc3ee02f935_to_Equation2,1,alps4141,alps4141::alps_2bc3ee02f935_to_Equation2,memory_limit,resource_exhausted,memory_limit,False,False,False
exact_d232fcf0e78cfde4,alps4141::alps_3d4046022990_to_Equation2,1,alps4141,alps4141::alps_3d4046022990_to_Equation2,memory_limit,resource_exhausted,resource_exhausted,False,False,False
exact_f8c1feee3a6d8edf,alps4141::alps_cd250ca5a01d_to_Equation2,1,alps4141,alps4141::alps_cd250ca5a01d_to_Equation2,memory_limit,resource_exhausted,memory_limit,False,False,False
exact_a14841b9c296cb8f,alps4141::alps_2dcbbe308b6b_to_Equation2,1,alps4141,alps4141::alps_2dcbbe308b6b_to_Equation2,memory_limit,resource_exhausted,memory_limit,False,False,False
exact_38f3b0d0683bfabc,alps4141::alps_3f4b1de85347_to_Equation2,1,alps4141,alps4141::alps_3f4b1de85347_to_Equation2,memory_limit,resource_exhausted,memory_limit,False,False,False
exact_469dddfa5278bfb3,alps4141::alps_a2be55123133_to_Equation2,1,alps4141,alps4141::alps_a2be55123133_to_Equation2,memory_limit,resource_exhausted,memory_limit,False,False,False
exact_be387dfd4d7f624a,alps4141::alps_59396f64e72b_to_Equation2,1,alps4141,alps4141::alps_59396f64e72b_to_Equation2,memory_limit,resource_exhausted,resource_exhausted,False,False,False
exact_7a70a1cb2a54fa4b,alps4141::alps_07895c28a987_to_Equation2,1,alps4141,alps4141::alps_07895c28a987_to_Equation2,memory_limit,resource_exhausted,resource_exhausted,False,False,False
exact_cff039fce61698bc,alps4141::alps_5a9b683ccaa7_to_Equation2,1,alps4141,alps4141::alps_5a9b683ccaa7_to_Equation2,memory_limit,resource_exhausted,resource_exhausted,False,False,False
exact_5c3bcbb6eebfaab9,alps4141::alps_2d6f8f5b3c27_to_Equation2,1,alps4141,alps4141::alps_2d6f8f5b3c27_to_Equation2,memory_limit,resource_exhausted,memory_limit,False,False,False
exact_bb57d99adec574d7,alps4141::alps_05fbd8db6c2b_to_Equation2,1,alps4141,alps4141::alps_05fbd8db6c2b_to_Equation2,memory_limit,resource_exhausted,memory_limit,False,False,False
exact_7c20465183fc4ca1,alps4141::alps_ea161ac53cc6_to_Equation2,1,alps4141,alps4141::alps_ea161ac53cc6_to_Equation2,memory_limit,resource_exhausted,memory_limit,False,False,False
exact_a5f7708d902a704e,alps4141::alps_37effcd0181f_to_Equation2,1,alps4141,alps4141::alps_37effcd0181f_to_Equation2,resource_exhausted,resource_exhausted,resource_exhausted,False,False,False
exact_918b1bbf770dd407,alps4141::alps_2d6a25d76de5_to_Equation2,1,alps4141,alps4141::alps_2d6a25d76de5_to_Equation2,memory_limit,resource_exhausted,resource_exhausted,False,False,False
exact_f70181d64ea259d6,alps4141::alps_442b1052a2e1_to_Equation2,1,alps4141,alps4141::alps_442b1052a2e1_to_Equation2,memory_limit,resource_exhausted,resource_exhausted,False,False,False
exact_1cd44893620f1d0f,alps4141::alps_2f3306be4feb_to_Equation2,1,alps4141,alps4141::alps_2f3306be4feb_to_Equation2,memory_limit,resource_exhausted,memory_limit,False,False,False
exact_0eb2838cb610febe,alps4141::alps_1e9fe8cd2e74_to_Equation2,1,alps4141,alps4141::alps_1e9fe8cd2e74_to_Equation2,memory_limit,resource_exhausted,memory_limit,False,False,False
exact_44770bcbf8f7ecab,alps4141::alps_228922960a3e_to_Equation2,1,alps4141,alps4141::alps_228922960a3e_to_Equation2,memory_limit,resource_exhausted,resource_exhausted,False,False,False
exact_6db23f247cb7c2f8,alps4141::alps_b0e7d80908b7_to_Equation2,1,alps4141,alps4141::alps_b0e7d80908b7_to_Equation2,memory_limit,resource_exhausted,resource_exhausted,False,False,False
exact_bb8951bdddb1b0a4,alps4141::alps_08ee8bbb3257_to_Equation2,1,alps4141,alps4141::alps_08ee8bbb3257_to_Equation2,memory_limit,resource_exhausted,resource_exhausted,False,False,False
exact_e42c767ddcae34f1,alps4141::alps_617c847abd0c_to_Equation2,1,alps4141,alps4141::alps_617c847abd0c_to_Equation2,memory_limit,resource_exhausted,resource_exhausted,False,False,False
exact_8f673087b640cfb6,alps4141::alps_d3de9581e882_to_Equation2,1,alps4141,alps4141::alps_d3de9581e882_to_Equation2,memory_limit,resource_exhausted,resource_exhausted,False,False,False
exact_8ecc8a0dba9454ed,alps4141::alps_a220c787084c_to_Equation2,1,alps4141,alps4141::alps_a220c787084c_to_Equation2,memory_limit,resource_exhausted,memory_limit,False,False,False
exact_d8058d378e2ca0ab,alps4141::alps_0084aad5d02c_to_Equation2,1,alps4141,alps4141::alps_0084aad5d02c_to_Equation2,memory_limit,resource_exhausted,resource_exhausted,False,False,False
exact_7e1a51b39e06dd79,alps4141::alps_14a340923d30_to_Equation2,1,alps4141,alps4141::alps_14a340923d30_to_Equation2,memory_limit,resource_exhausted,resource_exhausted,False,False,False
exact_c04a0a0ccbd6a418,alps4141::alps_c34186d31769_to_Equation2,1,alps4141,alps4141::alps_c34186d31769_to_Equation2,memory_limit,resource_exhausted,resource_exhausted,False,False,False
exact_7d5a897c164c3031,alps4141::alps_c28dee48d133_to_Equation2,1,alps4141,alps4141::alps_c28dee48d133_to_Equation2,memory_limit,resource_exhausted,resource_exhausted,False,False,False
exact_bd47501c59f94188,alps4141::alps_4c2641b960c1_to_Equation2,1,alps4141,alps4141::alps_4c2641b960c1_to_Equation2,memory_limit,resource_exhausted,resource_exhausted,False,False,False
exact_8e1b3ce2a886df85,alps4141::alps_418cb5ca36d4_to_Equation2,1,alps4141,alps4141::alps_418cb5ca36d4_to_Equation2,memory_limit,resource_exhausted,resource_exhausted,False,False,False
exact_e7a06ff3e4176250,alps4141::alps_e1a139258274_to_Equation2,1,alps4141,alps4141::alps_e1a139258274_to_Equation2,memory_limit,resource_exhausted,resource_exhausted,False,False,False
exact_8da86eefb19b69e1,alps4141::alps_9f37490d3527_to_Equation2,1,alps4141,alps4141::alps_9f37490d3527_to_Equation2,memory_limit,resource_exhausted,memory_limit,False,False,False
exact_663bb0cf8d1c2bf7,alps4141::alps_8ba0744d8ff1_to_Equation2,1,alps4141,alps4141::alps_8ba0744d8ff1_to_Equation2,memory_limit,resource_exhausted,memory_limit,False,False,False
exact_aa4740c9fd870fb7,alps4141::alps_12b41776b7b7_to_Equation2,1,alps4141,alps4141::alps_12b41776b7b7_to_Equation2,memory_limit,resource_exhausted,resource_exhausted,False,False,False
exact_85917ddd3f4d26ac,alps4141::alps_6f19f70965a4_to_Equation2,1,alps4141,alps4141::alps_6f19f70965a4_to_Equation2,memory_limit,resource_exhausted,memory_limit,False,False,False
exact_317c32bafd72b280,alps4141::alps_23c0d358db69_to_Equation2,1,alps4141,alps4141::alps_23c0d358db69_to_Equation2,memory_limit,resource_exhausted,memory_limit,False,False,False
exact_aeec08803b812b89,alps4141::alps_84d3549199b1_to_Equation2,1,alps4141,alps4141::alps_84d3549199b1_to_Equation2,resource_exhausted,resource_exhausted,resource_exhausted,False,False,False
exact_1b68e47f9a431e6a,alps4141::alps_5d967d6556e0_to_Equation2,1,alps4141,alps4141::alps_5d967d6556e0_to_Equation2,memory_limit,resource_exhausted,resource_exhausted,False,False,False
exact_52ccc8d07c94126d,alps4141::alps_4719e46dd322_to_Equation2,1,alps4141,alps4141::alps_4719e46dd322_to_Equation2,memory_limit,resource_exhausted,resource_exhausted,False,False,False
exact_edf0604f614b78e0,alps4141::alps_1a658d178b60_to_Equation2,1,alps4141,alps4141::alps_1a658d178b60_to_Equation2,memory_limit,resource_exhausted,resource_exhausted,False,False,False
exact_a3f20ebd7810c90c,alps4141::alps_651de39d6054_to_Equation2,1,alps4141,alps4141::alps_651de39d6054_to_Equation2,memory_limit,resource_exhausted,memory_limit,False,False,False
exact_56f2306cec03e517,alps4141::alps_b938533e3360_to_Equation2,1,alps4141,alps4141::alps_b938533e3360_to_Equation2,memory_limit,resource_exhausted,memory_limit,False,False,False
exact_879f2d41aa938b73,alps4141::alps_b66e3cd39a54_to_Equation2,1,alps4141,alps4141::alps_b66e3cd39a54_to_Equation2,memory_limit,resource_exhausted,resource_exhausted,False,False,False
exact_90218217c66f09ef,alps4141::alps_6de2dc052934_to_Equation2,1,alps4141,alps4141::alps_6de2dc052934_to_Equation2,resource_exhausted,resource_exhausted,resource_exhausted,False,False,False
exact_c632ad9bfac5561b,alps4141::alps_338503f9bcdc_to_Equation2,1,alps4141,alps4141::alps_338503f9bcdc_to_Equation2,memory_limit,resource_exhausted,resource_exhausted,False,False,False
exact_7b8f9a2a37a9306c,alps4141::alps_d5e3ea4d878f_to_Equation2,1,alps4141,alps4141::alps_d5e3ea4d878f_to_Equation2,memory_limit,resource_exhausted,resource_exhausted,False,False,False
exact_3ea0ae480d598d7b,alps4141::alps_3004ec784ca8_to_Equation2,1,alps4141,alps4141::alps_3004ec784ca8_to_Equation2,memory_limit,resource_exhausted,memory_limit,False,False,False
exact_8751ab1878347238,alps4141::alps_2a67cf47723e_to_Equation2,1,alps4141,alps4141::alps_2a67cf47723e_to_Equation2,memory_limit,resource_exhausted,resource_exhausted,False,False,False
exact_af854fe5c172021a,alps4141::alps_f9f64a14e536_to_Equation2,1,alps4141,alps4141::alps_f9f64a14e536_to_Equation2,memory_limit,resource_exhausted,memory_limit,False,False,False
exact_8584f867affadb59,austin96::order5_austin_unknown_E34888_to_E2,2,alps4141+austin96,austin96::order5_austin_unknown_E34888_to_E2 | alps4141::alps_37ef095c0b7a_to_Equation2,memory_limit,resource_exhausted,memory_limit,False,False,False
exact_adaaba6c1b91e8de,austin96::order5_austin_unknown_E34889_to_E2,2,alps4141+austin96,austin96::order5_austin_unknown_E34889_to_E2 | alps4141::alps_d94cc63c4e10_to_Equation2,memory_limit,resource_exhausted,resource_exhausted,False,False,False
exact_a3f02dd34a4c5aec,alps4141::alps_0595ad042ef1_to_Equation2,1,alps4141,alps4141::alps_0595ad042ef1_to_Equation2,memory_limit,resource_exhausted,resource_exhausted,False,False,False
exact_d321ff70871b23f2,alps4141::alps_d884ba0c4766_to_Equation2,1,alps4141,alps4141::alps_d884ba0c4766_to_Equation2,memory_limit,resource_exhausted,resource_exhausted,False,False,False
exact_7fd306e5315eb881,alps4141::alps_f864275e2566_to_Equation2,1,alps4141,alps4141::alps_f864275e2566_to_Equation2,memory_limit,resource_exhausted,resource_exhausted,False,False,False
exact_e5b0c6177d7254d3,alps4141::alps_d29d846cfe62_to_Equation2,1,alps4141,alps4141::alps_d29d846cfe62_to_Equation2,memory_limit,resource_exhausted,resource_exhausted,False,False,False
exact_831ce86fb4835c66,alps4141::alps_a01137627974_to_Equation2,1,alps4141,alps4141::alps_a01137627974_to_Equation2,resource_exhausted,resource_exhausted,resource_exhausted,False,False,False
exact_d8bed66bfaeb15a0,alps4141::alps_fc511b37653e_to_Equation2,1,alps4141,alps4141::alps_fc511b37653e_to_Equation2,memory_limit,resource_exhausted,memory_limit,False,False,False
exact_9363272ca9ef0f63,alps4141::alps_b758553d334e_to_Equation2,1,alps4141,alps4141::alps_b758553d334e_to_Equation2,memory_limit,resource_exhausted,resource_exhausted,False,False,False
exact_49a7427cbdca5c56,alps4141::alps_20f83d9c6d1f_to_Equation2,1,alps4141,alps4141::alps_20f83d9c6d1f_to_Equation2,resource_exhausted,resource_exhausted,resource_exhausted,False,False,False
exact_cfb42a7c0f3f28bb,alps4141::alps_fcf0936319db_to_Equation2,1,alps4141,alps4141::alps_fcf0936319db_to_Equation2,completed_no_decisive_result,resource_exhausted,memory_limit,False,False,False
exact_b212a0820363d150,alps4141::alps_a74923624726_to_Equation2,1,alps4141,alps4141::alps_a74923624726_to_Equation2,resource_exhausted,resource_exhausted,resource_exhausted,False,False,False
exact_cb25b02066c0e1f9,alps4141::alps_10c381927b4d_to_Equation2,1,alps4141,alps4141::alps_10c381927b4d_to_Equation2,resource_exhausted,resource_exhausted,resource_exhausted,False,False,False
exact_3b6c16d725005790,alps4141::alps_4cafe9c29106_to_Equation2,1,alps4141,alps4141::alps_4cafe9c29106_to_Equation2,resource_exhausted,resource_exhausted,resource_exhausted,False,False,False
exact_29a067ff5faf1754,alps4141::alps_cd90541074b9_to_Equation2,1,alps4141,alps4141::alps_cd90541074b9_to_Equation2,memory_limit,resource_exhausted,memory_limit,False,False,False
exact_daef2453f95b9ce3,alps4141::alps_b6ad83f85a39_to_Equation2,1,alps4141,alps4141::alps_b6ad83f85a39_to_Equation2,memory_limit,resource_exhausted,memory_limit,False,False,False
exact_5cd0f5b3631a29ec,austin96::order5_austin_unknown_E33998_to_E2,2,alps4141+austin96,austin96::order5_austin_unknown_E33998_to_E2 | alps4141::alps_8a4684939608_to_Equation2,memory_limit,resource_exhausted,resource_exhausted,False,False,False
exact_c84fa2cf0a73ca7e,alps4141::alps_327af5889a72_to_Equation2,1,alps4141,alps4141::alps_327af5889a72_to_Equation2,memory_limit,resource_exhausted,resource_exhausted,False,False,False
exact_fe0f84ae93798d95,alps4141::alps_c001114d0e38_to_Equation2,1,alps4141,alps4141::alps_c001114d0e38_to_Equation2,memory_limit,resource_exhausted,resource_exhausted,False,False,False
exact_692ad895cd12f59b,alps4141::alps_a535ccf0bd7b_to_Equation2,1,alps4141,alps4141::alps_a535ccf0bd7b_to_Equation2,memory_limit,resource_exhausted,memory_limit,False,False,False
exact_bb98b4f7cd7a909d,alps4141::alps_78454bc6c6c2_to_Equation2,1,alps4141,alps4141::alps_78454bc6c6c2_to_Equation2,memory_limit,resource_exhausted,memory_limit,False,False,False
exact_65ca3a433a94d016,alps4141::alps_359d7cc86a9d_to_Equation2,1,alps4141,alps4141::alps_359d7cc86a9d_to_Equation2,memory_limit,resource_exhausted,resource_exhausted,False,False,False
exact_dd654bfa33bf8804,alps4141::alps_ec23942a1421_to_Equation2,1,alps4141,alps4141::alps_ec23942a1421_to_Equation2,memory_limit,resource_exhausted,memory_limit,False,False,False
exact_a288206f83a5dc29,alps4141::alps_a2a6ac959a2f_to_Equation2,1,alps4141,alps4141::alps_a2a6ac959a2f_to_Equation2,memory_limit,resource_exhausted,resource_exhausted,False,False,False
exact_fe32c20d1ccfee0f,alps4141::alps_8597f6b26d82_to_Equation2,1,alps4141,alps4141::alps_8597f6b26d82_to_Equation2,memory_limit,resource_exhausted,memory_limit,False,False,False
exact_5cc60fbeb37786b8,alps4141::alps_3260b4efffc4_to_Equation2,1,alps4141,alps4141::alps_3260b4efffc4_to_Equation2,memory_limit,resource_exhausted,resource_exhausted,False,False,False
exact_f99909f7a4479cc5,alps4141::alps_abe91ed4cde0_to_Equation2,1,alps4141,alps4141::alps_abe91ed4cde0_to_Equation2,memory_limit,resource_exhausted,resource_exhausted,False,False,False
exact_19a3fdc636b73732,alps4141::alps_395a38abff97_to_Equation2,1,alps4141,alps4141::alps_395a38abff97_to_Equation2,memory_limit,resource_exhausted,memory_limit,False,False,False
exact_e5bd02c1e75499b0,alps4141::alps_74e2fb725f7d_to_Equation2,1,alps4141,alps4141::alps_74e2fb725f7d_to_Equation2,memory_limit,resource_exhausted,resource_exhausted,False,False,False
exact_e783d8913272b588,alps4141::alps_cf08dbd1c926_to_Equation2,1,alps4141,alps4141::alps_cf08dbd1c926_to_Equation2,memory_limit,resource_exhausted,memory_limit,False,False,False
exact_bb5067e2d8f4c9c6,alps4141::alps_f3e0264f9d18_to_Equation2,1,alps4141,alps4141::alps_f3e0264f9d18_to_Equation2,resource_exhausted,resource_exhausted,resource_exhausted,False,False,False
exact_4ea6626d029474ea,alps4141::alps_d2d19f8cf8f4_to_Equation2,1,alps4141,alps4141::alps_d2d19f8cf8f4_to_Equation2,memory_limit,resource_exhausted,memory_limit,False,False,False
exact_32b1370c061a8bc2,alps4141::alps_62dec06c2e28_to_Equation2,1,alps4141,alps4141::alps_62dec06c2e28_to_Equation2,memory_limit,resource_exhausted,resource_exhausted,False,False,False
exact_088bc234aa5b34f4,alps4141::alps_c4780780c028_to_Equation2,1,alps4141,alps4141::alps_c4780780c028_to_Equation2,memory_limit,resource_exhausted,memory_limit,False,False,False
exact_0af413e6ab92b8cc,alps4141::alps_e028342e352f_to_Equation2,1,alps4141,alps4141::alps_e028342e352f_to_Equation2,memory_limit,resource_exhausted,resource_exhausted,False,False,False
exact_2ab74d7b0366b2bd,alps4141::alps_73e58252c821_to_Equation2,1,alps4141,alps4141::alps_73e58252c821_to_Equation2,memory_limit,resource_exhausted,resource_exhausted,False,False,False
exact_cafdfc348e687cfb,alps4141::alps_b6cb1d158ff3_to_Equation2,1,alps4141,alps4141::alps_b6cb1d158ff3_to_Equation2,memory_limit,resource_exhausted,resource_exhausted,False,False,False
exact_e74d4029336ccf2d,alps4141::alps_2454c5232256_to_Equation2,1,alps4141,alps4141::alps_2454c5232256_to_Equation2,memory_limit,resource_exhausted,resource_exhausted,False,False,False
exact_f82418ccf2dac842,alps4141::alps_fe2c73197697_to_Equation2,1,alps4141,alps4141::alps_fe2c73197697_to_Equation2,memory_limit,resource_exhausted,memory_limit,False,False,False
exact_37886546ca88fa52,alps4141::alps_f090768c95a4_to_Equation2,1,alps4141,alps4141::alps_f090768c95a4_to_Equation2,memory_limit,resource_exhausted,memory_limit,False,False,False
exact_6638ff03354d11e1,alps4141::alps_d77c9284b663_to_Equation2,1,alps4141,alps4141::alps_d77c9284b663_to_Equation2,memory_limit,resource_exhausted,resource_exhausted,False,False,False
exact_2c3f3e97c24e84c5,alps4141::alps_81db279843c3_to_Equation2,1,alps4141,alps4141::alps_81db279843c3_to_Equation2,memory_limit,resource_exhausted,resource_exhausted,False,False,False
exact_45347d9a943e72ab,alps4141::alps_0bfbb72a910d_to_Equation2,1,alps4141,alps4141::alps_0bfbb72a910d_to_Equation2,memory_limit,resource_exhausted,resource_exhausted,False,False,False
exact_015c5e9beecc3eb4,alps4141::alps_39b821d39c07_to_Equation2,1,alps4141,alps4141::alps_39b821d39c07_to_Equation2,memory_limit,resource_exhausted,resource_exhausted,False,False,False
exact_52bdc811168eb7c4,alps4141::alps_fbb319f8965a_to_Equation2,1,alps4141,alps4141::alps_fbb319f8965a_to_Equation2,memory_limit,resource_exhausted,resource_exhausted,False,False,False
exact_67f5530ae7df2f5e,alps4141::alps_ffcea4def5bd_to_Equation2,1,alps4141,alps4141::alps_ffcea4def5bd_to_Equation2,memory_limit,resource_exhausted,resource_exhausted,False,False,False
exact_4f19c4ea56ce78b3,alps4141::alps_1437e10e5e22_to_Equation2,1,alps4141,alps4141::alps_1437e10e5e22_to_Equation2,memory_limit,resource_exhausted,resource_exhausted,False,False,False
exact_c5633d8d5ff249ff,alps4141::alps_8434554b9153_to_Equation2,1,alps4141,alps4141::alps_8434554b9153_to_Equation2,memory_limit,resource_exhausted,resource_exhausted,False,False,False
exact_234de34bd4a171f5,alps4141::alps_01f67ff2472c_to_Equation2,1,alps4141,alps4141::alps_01f67ff2472c_to_Equation2,memory_limit,resource_exhausted,resource_exhausted,False,False,False
exact_c487e2318db5ce34,alps4141::alps_bd821ddb92e2_to_Equation2,1,alps4141,alps4141::alps_bd821ddb92e2_to_Equation2,memory_limit,resource_exhausted,memory_limit,False,False,False
exact_b2243ac39a434253,alps4141::alps_e00b1d7bf24d_to_Equation2,1,alps4141,alps4141::alps_e00b1d7bf24d_to_Equation2,memory_limit,resource_exhausted,memory_limit,False,False,False
exact_479f57b357a57d9b,alps4141::alps_547b56e660d3_to_Equation2,1,alps4141,alps4141::alps_547b56e660d3_to_Equation2,memory_limit,resource_exhausted,resource_exhausted,False,False,False
exact_eb61a55bdd59e504,alps4141::alps_36dd9dda93ea_to_Equation2,1,alps4141,alps4141::alps_36dd9dda93ea_to_Equation2,memory_limit,resource_exhausted,resource_exhausted,False,False,False
exact_5cc0c96ed0fa957e,alps4141::alps_58d83e6ed2c7_to_Equation2,1,alps4141,alps4141::alps_58d83e6ed2c7_to_Equation2,memory_limit,resource_exhausted,resource_exhausted,False,False,False
exact_fedff69a166f62d7,alps4141::alps_07c0e6bcb596_to_Equation2,1,alps4141,alps4141::alps_07c0e6bcb596_to_Equation2,memory_limit,resource_exhausted,memory_limit,False,False,False
exact_24d0dc7ae212bd44,alps4141::alps_c2244adc424f_to_Equation2,1,alps4141,alps4141::alps_c2244adc424f_to_Equation2,memory_limit,resource_exhausted,resource_exhausted,False,False,False
exact_c28fc85d5f51cd8a,alps4141::alps_ff06378e820d_to_Equation2,1,alps4141,alps4141::alps_ff06378e820d_to_Equation2,memory_limit,resource_exhausted,resource_exhausted,False,False,False
exact_494a44b1b4934c9d,alps4141::alps_8877ffa341cc_to_Equation2,1,alps4141,alps4141::alps_8877ffa341cc_to_Equation2,resource_exhausted,resource_exhausted,resource_exhausted,False,False,False
exact_a667efe9a82d6b4c,alps4141::alps_e6e870271aed_to_Equation2,1,alps4141,alps4141::alps_e6e870271aed_to_Equation2,memory_limit,resource_exhausted,memory_limit,False,False,False
exact_ec2c0190bb037415,alps4141::alps_373acc7a12ee_to_Equation2,1,alps4141,alps4141::alps_373acc7a12ee_to_Equation2,memory_limit,resource_exhausted,resource_exhausted,False,False,False
exact_750be8f2eb94e49b,alps4141::alps_a6bf996b5ad9_to_Equation2,1,alps4141,alps4141::alps_a6bf996b5ad9_to_Equation2,resource_exhausted,resource_exhausted,resource_exhausted,False,False,False
exact_b52ffef4f907a971,alps4141::alps_eeeb634db908_to_Equation2,1,alps4141,alps4141::alps_eeeb634db908_to_Equation2,theorem,theorem,theorem,True,False,False
exact_96de2117bcfe5fb7,alps4141::alps_7e050f17f2de_to_Equation2,1,alps4141,alps4141::alps_7e050f17f2de_to_Equation2,resource_exhausted,resource_exhausted,resource_exhausted,False,False,False
exact_f2ee37dfc85be6f5,alps4141::alps_1256e0f2eb3f_to_Equation2,1,alps4141,alps4141::alps_1256e0f2eb3f_to_Equation2,resource_exhausted,resource_exhausted,resource_exhausted,False,False,False
exact_8764d883e453d5c6,alps4141::alps_e61804cecd9d_to_Equation2,1,alps4141,alps4141::alps_e61804cecd9d_to_Equation2,resource_exhausted,resource_exhausted,resource_exhausted,False,False,False
exact_778014d6e241e842,alps4141::alps_75144ddca6a2_to_Equation2,1,alps4141,alps4141::alps_75144ddca6a2_to_Equation2,memory_limit,resource_exhausted,resource_exhausted,False,False,False
exact_40c774d88a4e0625,alps4141::alps_b125ad6cd5e9_to_Equation2,1,alps4141,alps4141::alps_b125ad6cd5e9_to_Equation2,theorem,theorem,theorem,True,False,False
exact_21780045942203c7,alps4141::alps_8339bf95602f_to_Equation2,1,alps4141,alps4141::alps_8339bf95602f_to_Equation2,resource_exhausted,resource_exhausted,resource_exhausted,False,False,False
exact_aca5905b3de593d1,alps4141::alps_0d065559722e_to_Equation2,1,alps4141,alps4141::alps_0d065559722e_to_Equation2,resource_exhausted,resource_exhausted,resource_exhausted,False,False,False
exact_4dd7205463a05720,alps4141::alps_1a55c3364928_to_Equation2,1,alps4141,alps4141::alps_1a55c3364928_to_Equation2,memory_limit,resource_exhausted,resource_exhausted,False,False,False
exact_2daffc5bb717ec79,alps4141::alps_951390bc197b_to_Equation2,1,alps4141,alps4141::alps_951390bc197b_to_Equation2,memory_limit,resource_exhausted,resource_exhausted,False,False,False
exact_c3ff354efc93c687,alps4141::alps_fd50115bb3be_to_Equation2,1,alps4141,alps4141::alps_fd50115bb3be_to_Equation2,memory_limit,resource_exhausted,resource_exhausted,False,False,False
exact_701700a69ab95a32,austin96::order5_austin_unknown_E35036_to_E2,2,alps4141+austin96,austin96::order5_austin_unknown_E35036_to_E2 | alps4141::alps_d131c2197cba_to_Equation2,memory_limit,resource_exhausted,resource_exhausted,False,False,False
exact_d712c7401e09c90c,austin96::order5_austin_unknown_E35100_to_E2,2,alps4141+austin96,austin96::order5_austin_unknown_E35100_to_E2 | alps4141::alps_98f1e81f7af4_to_Equation2,memory_limit,resource_exhausted,resource_exhausted,False,False,False
exact_92de721bcf65a9db,alps4141::alps_82c24c2b9484_to_Equation2,1,alps4141,alps4141::alps_82c24c2b9484_to_Equation2,memory_limit,resource_exhausted,resource_exhausted,False,False,False
exact_2fc194ea8cc417bd,alps4141::alps_34f74dfc43f4_to_Equation2,1,alps4141,alps4141::alps_34f74dfc43f4_to_Equation2,memory_limit,resource_exhausted,resource_exhausted,False,False,False
exact_83fcf8a2af9aa9bc,alps4141::alps_334c0673cf75_to_Equation2,1,alps4141,alps4141::alps_334c0673cf75_to_Equation2,memory_limit,resource_exhausted,resource_exhausted,False,False,False
exact_0493aedf4d3aedad,alps4141::alps_39f08d373892_to_Equation2,1,alps4141,alps4141::alps_39f08d373892_to_Equation2,memory_limit,resource_exhausted,resource_exhausted,False,False,False
exact_096e120c6008ccd7,alps4141::alps_99d49d45ce1a_to_Equation2,1,alps4141,alps4141::alps_99d49d45ce1a_to_Equation2,memory_limit,resource_exhausted,resource_exhausted,False,False,False
exact_0593a1833c7bfea1,alps4141::alps_18af67cd2858_to_Equation2,1,alps4141,alps4141::alps_18af67cd2858_to_Equation2,memory_limit,resource_exhausted,resource_exhausted,False,False,False
exact_f0ac7fb2e8e120e1,alps4141::alps_0adb6caf7fcf_to_Equation2,1,alps4141,alps4141::alps_0adb6caf7fcf_to_Equation2,memory_limit,resource_exhausted,resource_exhausted,False,False,False
exact_a7f1cb8555422262,alps4141::alps_b1025f58f95f_to_Equation2,1,alps4141,alps4141::alps_b1025f58f95f_to_Equation2,memory_limit,resource_exhausted,memory_limit,False,False,False
exact_dcd6bcfab149cdf3,alps4141::alps_1f6cbb14e869_to_Equation2,1,alps4141,alps4141::alps_1f6cbb14e869_to_Equation2,memory_limit,resource_exhausted,resource_exhausted,False,False,False
exact_691c7695e3446c8d,alps4141::alps_530c2f6a4abf_to_Equation2,1,alps4141,alps4141::alps_530c2f6a4abf_to_Equation2,memory_limit,resource_exhausted,resource_exhausted,False,False,False
exact_5a9490dff4d9fd9d,alps4141::alps_78cb7673523d_to_Equation2,1,alps4141,alps4141::alps_78cb7673523d_to_Equation2,resource_exhausted,resource_exhausted,resource_exhausted,False,False,False
exact_b6b3e8e5bdf65aad,generality34::order5_unknown_finite_status24_E23653_to_E2,1,generality34,generality34::order5_unknown_finite_status24_E23653_to_E2,resource_exhausted,resource_exhausted,resource_exhausted,False,False,False
exact_33cf70472bf74a17,alps4141::alps_e727c10475c8_to_Equation2,1,alps4141,alps4141::alps_e727c10475c8_to_Equation2,resource_exhausted,resource_exhausted,resource_exhausted,False,False,False
exact_f588fb2a80d1f8bb,alps4141::alps_89719e49c278_to_Equation2,1,alps4141,alps4141::alps_89719e49c278_to_Equation2,memory_limit,resource_exhausted,resource_exhausted,False,False,False
exact_8df19c593af88de8,alps4141::alps_8a7be17e4f08_to_Equation2,1,alps4141,alps4141::alps_8a7be17e4f08_to_Equation2,resource_exhausted,resource_exhausted,resource_exhausted,False,False,False
exact_7380a122bdfe84d8,alps4141::alps_6c15e4222c81_to_Equation2,1,alps4141,alps4141::alps_6c15e4222c81_to_Equation2,resource_exhausted,resource_exhausted,resource_exhausted,False,False,False
exact_ce0f6c8b8107c861,alps4141::alps_59de3a7d55cb_to_Equation2,1,alps4141,alps4141::alps_59de3a7d55cb_to_Equation2,resource_exhausted,resource_exhausted,resource_exhausted,False,False,False
exact_479b388f94e1e723,alps4141::alps_4dd23c11095c_to_Equation2,1,alps4141,alps4141::alps_4dd23c11095c_to_Equation2,resource_exhausted,resource_exhausted,resource_exhausted,False,False,False
exact_bef453898b1d64cf,alps4141::alps_a25fd4423c71_to_Equation2,1,alps4141,alps4141::alps_a25fd4423c71_to_Equation2,resource_exhausted,resource_exhausted,resource_exhausted,False,False,False
exact_290d7ee8df759b8f,alps4141::alps_9cd3e63e827a_to_Equation2,1,alps4141,alps4141::alps_9cd3e63e827a_to_Equation2,theorem,theorem,theorem,True,False,False
exact_aab5c2276d9915da,alps4141::alps_01cb66dcd907_to_Equation2,1,alps4141,alps4141::alps_01cb66dcd907_to_Equation2,memory_limit,resource_exhausted,resource_exhausted,False,False,False
exact_a83b641f612a4a9d,alps4141::alps_da2a349aa7f5_to_Equation2,1,alps4141,alps4141::alps_da2a349aa7f5_to_Equation2,memory_limit,resource_exhausted,resource_exhausted,False,False,False
exact_da3f3b3211e04548,alps4141::alps_7a4a48bfd437_to_Equation2,1,alps4141,alps4141::alps_7a4a48bfd437_to_Equation2,resource_exhausted,resource_exhausted,resource_exhausted,False,False,False
exact_051fda5ae64edc9e,alps4141::alps_40cfa6b491d3_to_Equation2,1,alps4141,alps4141::alps_40cfa6b491d3_to_Equation2,memory_limit,resource_exhausted,resource_exhausted,False,False,False
exact_69979ab606afa832,alps4141::alps_6612ac933200_to_Equation2,1,alps4141,alps4141::alps_6612ac933200_to_Equation2,memory_limit,resource_exhausted,resource_exhausted,False,False,False
exact_7b124aae233045d0,alps4141::alps_e236042117dc_to_Equation2,1,alps4141,alps4141::alps_e236042117dc_to_Equation2,resource_exhausted,resource_exhausted,resource_exhausted,False,False,False
exact_d8d47196da55e5f0,alps4141::alps_5feb7f377dc9_to_Equation2,1,alps4141,alps4141::alps_5feb7f377dc9_to_Equation2,resource_exhausted,theorem,resource_exhausted,True,False,False
exact_056bcd86bc4d0bf0,alps4141::alps_a30f83283946_to_Equation2,1,alps4141,alps4141::alps_a30f83283946_to_Equation2,resource_exhausted,resource_exhausted,resource_exhausted,False,False,False
exact_3aa5aa7904d70b76,alps4141::alps_a02177f4a5b0_to_Equation2,1,alps4141,alps4141::alps_a02177f4a5b0_to_Equation2,resource_exhausted,resource_exhausted,resource_exhausted,False,False,False
exact_f3a3f32b767b6bb5,alps4141::alps_ea909b967bae_to_Equation2,1,alps4141,alps4141::alps_ea909b967bae_to_Equation2,memory_limit,resource_exhausted,resource_exhausted,False,False,False
exact_0045a7d86eab3b5d,alps4141::alps_095341c5fab2_to_Equation2,1,alps4141,alps4141::alps_095341c5fab2_to_Equation2,memory_limit,resource_exhausted,resource_exhausted,False,False,False
exact_0480154a7c745542,alps4141::alps_c54f77f0c4e0_to_Equation2,1,alps4141,alps4141::alps_c54f77f0c4e0_to_Equation2,memory_limit,resource_exhausted,resource_exhausted,False,False,False
exact_4ac2edd603c15e55,alps4141::alps_9789bcfb36bf_to_Equation2,1,alps4141,alps4141::alps_9789bcfb36bf_to_Equation2,memory_limit,resource_exhausted,resource_exhausted,False,False,False
exact_709c7cfb2b822109,alps4141::alps_05f9ba224efd_to_Equation2,1,alps4141,alps4141::alps_05f9ba224efd_to_Equation2,memory_limit,resource_exhausted,resource_exhausted,False,False,False
exact_87b8ff6a8c0a5503,alps4141::alps_e55c7f339e04_to_Equation2,1,alps4141,alps4141::alps_e55c7f339e04_to_Equation2,memory_limit,resource_exhausted,resource_exhausted,False,False,False
exact_c718d1ffb46b30fe,alps4141::alps_75f960ba63a8_to_Equation2,1,alps4141,alps4141::alps_75f960ba63a8_to_Equation2,memory_limit,resource_exhausted,resource_exhausted,False,False,False
exact_fc6efb7f5ac2377c,alps4141::alps_aa01ccc01574_to_Equation2,1,alps4141,alps4141::alps_aa01ccc01574_to_Equation2,memory_limit,resource_exhausted,resource_exhausted,False,False,False
exact_9083a546830e4767,alps4141::alps_b87dc501570f_to_Equation2,1,alps4141,alps4141::alps_b87dc501570f_to_Equation2,memory_limit,resource_exhausted,resource_exhausted,False,False,False
exact_f090e2daf7780709,alps4141::alps_0a32a5a34644_to_Equation2,1,alps4141,alps4141::alps_0a32a5a34644_to_Equation2,memory_limit,resource_exhausted,resource_exhausted,False,False,False
exact_996c570fcbced1c4,alps4141::alps_e3184fa522cb_to_Equation2,1,alps4141,alps4141::alps_e3184fa522cb_to_Equation2,memory_limit,resource_exhausted,resource_exhausted,False,False,False
exact_9a93751f7ed18ac7,alps4141::alps_412d9bd5da72_to_Equation2,1,alps4141,alps4141::alps_412d9bd5da72_to_Equation2,memory_limit,resource_exhausted,resource_exhausted,False,False,False
exact_f81ad9ad3a61cd17,alps4141::alps_3c50f5126ba3_to_Equation2,1,alps4141,alps4141::alps_3c50f5126ba3_to_Equation2,memory_limit,resource_exhausted,memory_limit,False,False,False
exact_1c8e5c3352ce619a,alps4141::alps_178059b9242b_to_Equation2,1,alps4141,alps4141::alps_178059b9242b_to_Equation2,memory_limit,resource_exhausted,resource_exhausted,False,False,False
exact_b9aab3d42d408b4b,alps4141::alps_38299752e4f5_to_Equation2,1,alps4141,alps4141::alps_38299752e4f5_to_Equation2,memory_limit,resource_exhausted,resource_exhausted,False,False,False
exact_b8ea79e79f888d58,alps4141::alps_25b5872422f1_to_Equation2,1,alps4141,alps4141::alps_25b5872422f1_to_Equation2,resource_exhausted,resource_exhausted,resource_exhausted,False,False,False
exact_bc47c1167121b25c,alps4141::alps_fa592f83ba8b_to_Equation2,1,alps4141,alps4141::alps_fa592f83ba8b_to_Equation2,memory_limit,resource_exhausted,resource_exhausted,False,False,False
exact_e68a6c1c7f5371ac,alps4141::alps_bbaaa4200ce0_to_Equation2,1,alps4141,alps4141::alps_bbaaa4200ce0_to_Equation2,memory_limit,resource_exhausted,resource_exhausted,False,False,False
exact_22134e4900746fe3,alps4141::alps_c32d5a1592bb_to_Equation2,1,alps4141,alps4141::alps_c32d5a1592bb_to_Equation2,resource_exhausted,theorem,resource_exhausted,True,False,False
exact_143a70e1d1a43f14,alps4141::alps_50e7399d7e3d_to_Equation2,1,alps4141,alps4141::alps_50e7399d7e3d_to_Equation2,memory_limit,resource_exhausted,memory_limit,False,False,False
exact_55e6a3cda2e10f96,alps4141::alps_2c487839f058_to_Equation2,1,alps4141,alps4141::alps_2c487839f058_to_Equation2,memory_limit,resource_exhausted,resource_exhausted,False,False,False
exact_2c7a410349029c4c,alps4141::alps_ad19db2e954e_to_Equation2,1,alps4141,alps4141::alps_ad19db2e954e_to_Equation2,memory_limit,resource_exhausted,theorem,True,False,False
exact_77e578bbb6a407fa,alps4141::alps_5ac573c2dd68_to_Equation2,1,alps4141,alps4141::alps_5ac573c2dd68_to_Equation2,memory_limit,resource_exhausted,resource_exhausted,False,False,False
exact_7dcb3790b463ee70,alps4141::alps_ae2d8340e81c_to_Equation2,1,alps4141,alps4141::alps_ae2d8340e81c_to_Equation2,resource_exhausted,resource_exhausted,resource_exhausted,False,False,False
exact_c7406c6412e23e59,alps4141::alps_8c43ad89dd06_to_Equation2,1,alps4141,alps4141::alps_8c43ad89dd06_to_Equation2,memory_limit,resource_exhausted,resource_exhausted,False,False,False
exact_870c9820ce4c6fc0,alps4141::alps_db63fd875194_to_Equation2,1,alps4141,alps4141::alps_db63fd875194_to_Equation2,memory_limit,resource_exhausted,resource_exhausted,False,False,False
exact_a4d53a93d76d4d2b,alps4141::alps_99528f87ed58_to_Equation2,1,alps4141,alps4141::alps_99528f87ed58_to_Equation2,memory_limit,resource_exhausted,resource_exhausted,False,False,False
exact_7420eb0b470bf1f5,alps4141::alps_ca29613b37ae_to_Equation2,1,alps4141,alps4141::alps_ca29613b37ae_to_Equation2,completed_no_decisive_result,resource_exhausted,resource_exhausted,False,False,False
exact_4aba2a788d2d9bc2,alps4141::alps_504f0fe727bf_to_Equation2,1,alps4141,alps4141::alps_504f0fe727bf_to_Equation2,memory_limit,resource_exhausted,memory_limit,False,False,False
exact_bf327cff65157b81,alps4141::alps_a2c6d1bc0fae_to_Equation2,1,alps4141,alps4141::alps_a2c6d1bc0fae_to_Equation2,resource_exhausted,resource_exhausted,resource_exhausted,False,False,False
exact_ddaa2524940cf190,alps4141::alps_0dcd8867a45d_to_Equation2,1,alps4141,alps4141::alps_0dcd8867a45d_to_Equation2,resource_exhausted,resource_exhausted,resource_exhausted,False,False,False
exact_a26dc24b25d2dba6,alps4141::alps_542e335ffa66_to_Equation2,1,alps4141,alps4141::alps_542e335ffa66_to_Equation2,resource_exhausted,resource_exhausted,resource_exhausted,False,False,False
exact_23344fb41cd385e8,alps4141::alps_3c5f77058306_to_Equation2,1,alps4141,alps4141::alps_3c5f77058306_to_Equation2,resource_exhausted,resource_exhausted,resource_exhausted,False,False,False
exact_c66bbaa988edb96c,alps4141::alps_a77bfc77ea95_to_Equation2,1,alps4141,alps4141::alps_a77bfc77ea95_to_Equation2,memory_limit,resource_exhausted,resource_exhausted,False,False,False
exact_c3e50d65bea779fa,alps4141::alps_1c1915cd3f7c_to_Equation2,1,alps4141,alps4141::alps_1c1915cd3f7c_to_Equation2,resource_exhausted,resource_exhausted,resource_exhausted,False,False,False
exact_d128a8f496bf205c,alps4141::alps_501d5ac08e9d_to_Equation2,1,alps4141,alps4141::alps_501d5ac08e9d_to_Equation2,resource_exhausted,resource_exhausted,resource_exhausted,False,False,False
exact_cf0492a4c4e9a53b,alps4141::alps_bfeac7155e0e_to_Equation2,1,alps4141,alps4141::alps_bfeac7155e0e_to_Equation2,resource_exhausted,resource_exhausted,resource_exhausted,False,False,False
exact_2f5471b4e27f69f9,alps4141::alps_dafad2165003_to_Equation2,1,alps4141,alps4141::alps_dafad2165003_to_Equation2,resource_exhausted,resource_exhausted,resource_exhausted,False,False,False
exact_6f53cd20834d739b,alps4141::alps_2808bfed134b_to_Equation2,1,alps4141,alps4141::alps_2808bfed134b_to_Equation2,resource_exhausted,resource_exhausted,theorem,True,False,False
exact_a43fb218c10102cd,alps4141::alps_f926f366a7ad_to_Equation2,1,alps4141,alps4141::alps_f926f366a7ad_to_Equation2,resource_exhausted,resource_exhausted,theorem,True,False,False
exact_58f8ff4cdba45311,alps4141::alps_19cd917102ce_to_Equation2,1,alps4141,alps4141::alps_19cd917102ce_to_Equation2,resource_exhausted,resource_exhausted,resource_exhausted,False,False,False
exact_583d7c2a52e41754,alps4141::alps_2636fec7bb22_to_Equation2,1,alps4141,alps4141::alps_2636fec7bb22_to_Equation2,resource_exhausted,resource_exhausted,resource_exhausted,False,False,False
exact_a746d1f3540b69d2,alps4141::alps_f56e719650d0_to_Equation2,1,alps4141,alps4141::alps_f56e719650d0_to_Equation2,resource_exhausted,resource_exhausted,resource_exhausted,False,False,False
exact_1ba64811d2dd0524,alps4141::alps_dec7cf4fa709_to_Equation2,1,alps4141,alps4141::alps_dec7cf4fa709_to_Equation2,resource_exhausted,resource_exhausted,resource_exhausted,False,False,False
exact_33e602d0b3fb99c6,alps4141::alps_21154cce01a9_to_Equation2,1,alps4141,alps4141::alps_21154cce01a9_to_Equation2,memory_limit,resource_exhausted,resource_exhausted,False,False,False
exact_37dc02a26abf9ed4,alps4141::alps_5efbe4c9e2a7_to_Equation2,1,alps4141,alps4141::alps_5efbe4c9e2a7_to_Equation2,memory_limit,resource_exhausted,resource_exhausted,False,False,False
exact_4a4b63a81370aac1,alps4141::alps_20d5c9c7c3f0_to_Equation2,1,alps4141,alps4141::alps_20d5c9c7c3f0_to_Equation2,memory_limit,resource_exhausted,resource_exhausted,False,False,False
exact_974a589313a4a043,alps4141::alps_77057d2208e9_to_Equation2,1,alps4141,alps4141::alps_77057d2208e9_to_Equation2,resource_exhausted,resource_exhausted,resource_exhausted,False,False,False
exact_56056539f6ed764d,alps4141::alps_5b04886aada6_to_Equation2,1,alps4141,alps4141::alps_5b04886aada6_to_Equation2,resource_exhausted,resource_exhausted,resource_exhausted,False,False,False
exact_88b09bb30b571561,alps4141::alps_d45d203a635d_to_Equation2,1,alps4141,alps4141::alps_d45d203a635d_to_Equation2,memory_limit,resource_exhausted,resource_exhausted,False,False,False
exact_3a5aba250a40a4e1,alps4141::alps_ef58f05e6c38_to_Equation2,1,alps4141,alps4141::alps_ef58f05e6c38_to_Equation2,resource_exhausted,resource_exhausted,resource_exhausted,False,False,False
exact_5ea2e105dc4727dc,alps4141::alps_a5efb05dbe3c_to_Equation2,1,alps4141,alps4141::alps_a5efb05dbe3c_to_Equation2,resource_exhausted,resource_exhausted,resource_exhausted,False,False,False
exact_992e75df35194e84,alps4141::alps_b6ff84b0159e_to_Equation2,1,alps4141,alps4141::alps_b6ff84b0159e_to_Equation2,memory_limit,resource_exhausted,resource_exhausted,False,False,False
exact_19e1d9c5ccb7a884,alps4141::alps_2ba031584de6_to_Equation2,1,alps4141,alps4141::alps_2ba031584de6_to_Equation2,memory_limit,resource_exhausted,resource_exhausted,False,False,False
exact_0e38a0add6adb975,alps4141::alps_ee70411b9d1c_to_Equation2,1,alps4141,alps4141::alps_ee70411b9d1c_to_Equation2,memory_limit,resource_exhausted,resource_exhausted,False,False,False
exact_9a09c3f8956ac954,alps4141::alps_895d507b0aac_to_Equation2,1,alps4141,alps4141::alps_895d507b0aac_to_Equation2,memory_limit,resource_exhausted,resource_exhausted,False,False,False
exact_670a9818dc3155d4,alps4141::alps_8b30a856fbf6_to_Equation2,1,alps4141,alps4141::alps_8b30a856fbf6_to_Equation2,memory_limit,resource_exhausted,resource_exhausted,False,False,False
exact_0dea324124681dbe,alps4141::alps_4d1e26dbead9_to_Equation2,1,alps4141,alps4141::alps_4d1e26dbead9_to_Equation2,memory_limit,resource_exhausted,resource_exhausted,False,False,False
exact_80d181ab451d6ed2,alps4141::alps_5955cbbd0745_to_Equation2,1,alps4141,alps4141::alps_5955cbbd0745_to_Equation2,memory_limit,resource_exhausted,resource_exhausted,False,False,False
exact_8330de68520019a9,alps4141::alps_35f22c602733_to_Equation2,1,alps4141,alps4141::alps_35f22c602733_to_Equation2,memory_limit,resource_exhausted,memory_limit,False,False,False
exact_1e40d3e9d19ac21f,alps4141::alps_410407a64acc_to_Equation2,1,alps4141,alps4141::alps_410407a64acc_to_Equation2,memory_limit,resource_exhausted,memory_limit,False,False,False
exact_3bc2a2528c155069,alps4141::alps_3af5c58cc189_to_Equation2,1,alps4141,alps4141::alps_3af5c58cc189_to_Equation2,resource_exhausted,resource_exhausted,resource_exhausted,False,False,False
exact_1e8c0ebfe2614463,alps4141::alps_70d472e1704c_to_Equation2,1,alps4141,alps4141::alps_70d472e1704c_to_Equation2,memory_limit,resource_exhausted,memory_limit,False,False,False
exact_691f60e9004fef09,alps4141::alps_00ffddf3b62a_to_Equation2,1,alps4141,alps4141::alps_00ffddf3b62a_to_Equation2,memory_limit,resource_exhausted,memory_limit,False,False,False
exact_19e1c73420502769,alps4141::alps_a601e28e7939_to_Equation2,1,alps4141,alps4141::alps_a601e28e7939_to_Equation2,memory_limit,resource_exhausted,resource_exhausted,False,False,False
exact_58224a8ec7c11969,alps4141::alps_ae60234b6f7c_to_Equation2,1,alps4141,alps4141::alps_ae60234b6f7c_to_Equation2,memory_limit,resource_exhausted,resource_exhausted,False,False,False
exact_82d6809ecb6d7312,alps4141::alps_ddfa6d344fe5_to_Equation2,1,alps4141,alps4141::alps_ddfa6d344fe5_to_Equation2,memory_limit,resource_exhausted,resource_exhausted,False,False,False
exact_2595c30ab4d0ab8d,alps4141::alps_0b7e8ef04c16_to_Equation2,1,alps4141,alps4141::alps_0b7e8ef04c16_to_Equation2,memory_limit,resource_exhausted,resource_exhausted,False,False,False
exact_ee89f2ad1afdeed5,alps4141::alps_c8ab5fd21f53_to_Equation2,1,alps4141,alps4141::alps_c8ab5fd21f53_to_Equation2,memory_limit,resource_exhausted,resource_exhausted,False,False,False
exact_f9b890e6cb999163,alps4141::alps_fa9210e95998_to_Equation2,1,alps4141,alps4141::alps_fa9210e95998_to_Equation2,memory_limit,resource_exhausted,memory_limit,False,False,False
exact_70190987ea6a5c76,alps4141::alps_f5a82471a58e_to_Equation2,1,alps4141,alps4141::alps_f5a82471a58e_to_Equation2,memory_limit,resource_exhausted,resource_exhausted,False,False,False
exact_2a865a880010bdd4,alps4141::alps_5cb0f5436387_to_Equation2,1,alps4141,alps4141::alps_5cb0f5436387_to_Equation2,memory_limit,resource_exhausted,memory_limit,False,False,False
exact_5da386dad4b9f9ec,alps4141::alps_3fda1e2c9fda_to_Equation2,1,alps4141,alps4141::alps_3fda1e2c9fda_to_Equation2,memory_limit,resource_exhausted,resource_exhausted,False,False,False
exact_a39c8a3aa8db2a12,alps4141::alps_b14bc2cf917a_to_Equation2,1,alps4141,alps4141::alps_b14bc2cf917a_to_Equation2,memory_limit,resource_exhausted,resource_exhausted,False,False,False
exact_8789fa6496305e21,alps4141::alps_d9deb47624c3_to_Equation2,1,alps4141,alps4141::alps_d9deb47624c3_to_Equation2,memory_limit,resource_exhausted,resource_exhausted,False,False,False
exact_d80c1e201aa7bc3f,alps4141::alps_5f2fee128d17_to_Equation2,1,alps4141,alps4141::alps_5f2fee128d17_to_Equation2,memory_limit,resource_exhausted,memory_limit,False,False,False
exact_11e1615cfdcc35bd,alps4141::alps_a3444e77f091_to_Equation2,1,alps4141,alps4141::alps_a3444e77f091_to_Equation2,resource_exhausted,resource_exhausted,memory_limit,False,False,False
exact_b752d30349f1fb4f,alps4141::alps_29e6b88ec6c3_to_Equation2,1,alps4141,alps4141::alps_29e6b88ec6c3_to_Equation2,memory_limit,resource_exhausted,resource_exhausted,False,False,False
exact_b7a2e81a7ddc0f55,alps4141::alps_82565e2f47aa_to_Equation2,1,alps4141,alps4141::alps_82565e2f47aa_to_Equation2,memory_limit,resource_exhausted,resource_exhausted,False,False,False
exact_fee863f2a3a3f451,alps4141::alps_e2a6c3000215_to_Equation2,1,alps4141,alps4141::alps_e2a6c3000215_to_Equation2,memory_limit,resource_exhausted,resource_exhausted,False,False,False
exact_c86dbdc640fff623,alps4141::alps_30e9ae0434ca_to_Equation2,1,alps4141,alps4141::alps_30e9ae0434ca_to_Equation2,memory_limit,resource_exhausted,resource_exhausted,False,False,False
exact_bae49a9541c13e29,alps4141::alps_a828f07d8308_to_Equation2,1,alps4141,alps4141::alps_a828f07d8308_to_Equation2,memory_limit,resource_exhausted,resource_exhausted,False,False,False
exact_98041d5c0e058617,alps4141::alps_0ba433385d6c_to_Equation2,1,alps4141,alps4141::alps_0ba433385d6c_to_Equation2,memory_limit,resource_exhausted,resource_exhausted,False,False,False
exact_b9536fac92d3a2c7,alps4141::alps_89994f3d27c2_to_Equation2,1,alps4141,alps4141::alps_89994f3d27c2_to_Equation2,memory_limit,resource_exhausted,resource_exhausted,False,False,False
exact_3f42934b468bdc51,alps4141::alps_082a91a6a899_to_Equation2,1,alps4141,alps4141::alps_082a91a6a899_to_Equation2,memory_limit,resource_exhausted,resource_exhausted,False,False,False
exact_bc46774c6b00c326,alps4141::alps_c3cc27330641_to_Equation2,1,alps4141,alps4141::alps_c3cc27330641_to_Equation2,memory_limit,resource_exhausted,resource_exhausted,False,False,False
exact_af8cc8833c81048a,alps4141::alps_4816a685f39f_to_Equation2,1,alps4141,alps4141::alps_4816a685f39f_to_Equation2,memory_limit,resource_exhausted,memory_limit,False,False,False
exact_febe265068c6e72a,alps4141::alps_b3ef183d40fe_to_Equation2,1,alps4141,alps4141::alps_b3ef183d40fe_to_Equation2,memory_limit,resource_exhausted,resource_exhausted,False,False,False
exact_3675c8909d7829f5,alps4141::alps_b232091db423_to_Equation2,1,alps4141,alps4141::alps_b232091db423_to_Equation2,memory_limit,resource_exhausted,memory_limit,False,False,False
exact_7e7d445f223c0229,alps4141::alps_fe46cfe46e6f_to_Equation2,1,alps4141,alps4141::alps_fe46cfe46e6f_to_Equation2,memory_limit,resource_exhausted,resource_exhausted,False,False,False
exact_4098eaf2367cfad3,alps4141::alps_019fe1be7356_to_Equation2,1,alps4141,alps4141::alps_019fe1be7356_to_Equation2,memory_limit,resource_exhausted,resource_exhausted,False,False,False
exact_62e3d4aee898e5b1,alps4141::alps_c3e2bd6cb09c_to_Equation2,1,alps4141,alps4141::alps_c3e2bd6cb09c_to_Equation2,memory_limit,resource_exhausted,resource_exhausted,False,False,False
exact_e4c03391a5fc18ed,alps4141::alps_1dc524c46606_to_Equation2,1,alps4141,alps4141::alps_1dc524c46606_to_Equation2,completed_no_decisive_result,resource_exhausted,memory_limit,False,False,False
exact_b4b87142ed536d1a,alps4141::alps_83b74db8ed12_to_Equation2,1,alps4141,alps4141::alps_83b74db8ed12_to_Equation2,memory_limit,resource_exhausted,memory_limit,False,False,False
exact_e18b40e0c30b6d86,alps4141::alps_48ae08de219c_to_Equation2,1,alps4141,alps4141::alps_48ae08de219c_to_Equation2,memory_limit,resource_exhausted,resource_exhausted,False,False,False
exact_d49568fa88db3e67,alps4141::alps_9cd8ba4b015b_to_Equation2,1,alps4141,alps4141::alps_9cd8ba4b015b_to_Equation2,memory_limit,resource_exhausted,resource_exhausted,False,False,False
exact_013a30e447dd6404,alps4141::alps_32115e3a5348_to_Equation2,1,alps4141,alps4141::alps_32115e3a5348_to_Equation2,memory_limit,resource_exhausted,memory_limit,False,False,False
exact_a8ecad6b12cc6b9d,alps4141::alps_fa71ae0a3c0a_to_Equation2,1,alps4141,alps4141::alps_fa71ae0a3c0a_to_Equation2,memory_limit,resource_exhausted,resource_exhausted,False,False,False
exact_5945916a5e6b9ef8,alps4141::alps_f66dc5953824_to_Equation2,1,alps4141,alps4141::alps_f66dc5953824_to_Equation2,memory_limit,resource_exhausted,resource_exhausted,False,False,False
exact_30690f20a69ce62e,alps4141::alps_a0b869f4e93d_to_Equation2,1,alps4141,alps4141::alps_a0b869f4e93d_to_Equation2,memory_limit,resource_exhausted,resource_exhausted,False,False,False
exact_132310fcf4f720a6,alps4141::alps_8451ac518d49_to_Equation2,1,alps4141,alps4141::alps_8451ac518d49_to_Equation2,memory_limit,resource_exhausted,resource_exhausted,False,False,False
exact_e09f0a0f3f79d808,alps4141::alps_10c7317f6525_to_Equation2,1,alps4141,alps4141::alps_10c7317f6525_to_Equation2,memory_limit,resource_exhausted,resource_exhausted,False,False,False
exact_b814446701596353,alps4141::alps_53a508ab3ae8_to_Equation2,1,alps4141,alps4141::alps_53a508ab3ae8_to_Equation2,memory_limit,resource_exhausted,resource_exhausted,False,False,False
exact_60ce0d3a0965aac4,alps4141::alps_c846502c3ab7_to_Equation2,1,alps4141,alps4141::alps_c846502c3ab7_to_Equation2,memory_limit,resource_exhausted,resource_exhausted,False,False,False
exact_bb5501e6429e0bc7,alps4141::alps_ba28bf535e29_to_Equation2,1,alps4141,alps4141::alps_ba28bf535e29_to_Equation2,memory_limit,resource_exhausted,resource_exhausted,False,False,False
exact_1381636cfbe0b78f,alps4141::alps_ae8179d7e5e5_to_Equation2,1,alps4141,alps4141::alps_ae8179d7e5e5_to_Equation2,memory_limit,theorem,theorem,True,False,False
exact_e8bc3562c59c9134,alps4141::alps_bcda2005e835_to_Equation2,1,alps4141,alps4141::alps_bcda2005e835_to_Equation2,memory_limit,resource_exhausted,resource_exhausted,False,False,False
exact_e3482787a23c6ae8,alps4141::alps_09c0b729c7e0_to_Equation2,1,alps4141,alps4141::alps_09c0b729c7e0_to_Equation2,memory_limit,resource_exhausted,resource_exhausted,False,False,False
exact_e13bdd797c25afac,alps4141::alps_e05b198b9f37_to_Equation2,1,alps4141,alps4141::alps_e05b198b9f37_to_Equation2,resource_exhausted,resource_exhausted,resource_exhausted,False,False,False
exact_111a09eb334084f0,alps4141::alps_d17179abd8f7_to_Equation2,1,alps4141,alps4141::alps_d17179abd8f7_to_Equation2,memory_limit,resource_exhausted,resource_exhausted,False,False,False
exact_dd705cfb11311571,alps4141::alps_2277e894b6d1_to_Equation2,1,alps4141,alps4141::alps_2277e894b6d1_to_Equation2,memory_limit,resource_exhausted,resource_exhausted,False,False,False
exact_78726b250d73c8c3,alps4141::alps_fe0495b2341b_to_Equation2,1,alps4141,alps4141::alps_fe0495b2341b_to_Equation2,memory_limit,resource_exhausted,resource_exhausted,False,False,False
exact_e2c1b92fd66f3340,alps4141::alps_e53d47c855a6_to_Equation2,1,alps4141,alps4141::alps_e53d47c855a6_to_Equation2,memory_limit,theorem,theorem,True,False,False
exact_0539bc7c197a45ff,alps4141::alps_1b42f7057bb9_to_Equation2,1,alps4141,alps4141::alps_1b42f7057bb9_to_Equation2,memory_limit,resource_exhausted,resource_exhausted,False,False,False
exact_31f720d689f18624,alps4141::alps_82f07f54045a_to_Equation2,1,alps4141,alps4141::alps_82f07f54045a_to_Equation2,memory_limit,resource_exhausted,resource_exhausted,False,False,False
exact_78abf0d876f2d522,alps4141::alps_68ad307a7dbb_to_Equation2,1,alps4141,alps4141::alps_68ad307a7dbb_to_Equation2,memory_limit,resource_exhausted,resource_exhausted,False,False,False
exact_d4821cf73aa1a251,alps4141::alps_a17dc89774c0_to_Equation2,1,alps4141,alps4141::alps_a17dc89774c0_to_Equation2,memory_limit,resource_exhausted,resource_exhausted,False,False,False
exact_59b293c418bb50c6,alps4141::alps_07def7232107_to_Equation2,1,alps4141,alps4141::alps_07def7232107_to_Equation2,memory_limit,resource_exhausted,resource_exhausted,False,False,False
exact_04f4a757cc2cd716,alps4141::alps_d9c5740758b6_to_Equation2,1,alps4141,alps4141::alps_d9c5740758b6_to_Equation2,memory_limit,resource_exhausted,resource_exhausted,False,False,False
exact_f55027a36fbffefc,alps4141::alps_81158f18e8b5_to_Equation2,1,alps4141,alps4141::alps_81158f18e8b5_to_Equation2,memory_limit,resource_exhausted,resource_exhausted,False,False,False
exact_78d2f14c4d500682,alps4141::alps_c6d38addfa85_to_Equation2,1,alps4141,alps4141::alps_c6d38addfa85_to_Equation2,memory_limit,resource_exhausted,resource_exhausted,False,False,False
exact_9ba037af4caddfa1,alps4141::alps_789f1a9fa10a_to_Equation2,1,alps4141,alps4141::alps_789f1a9fa10a_to_Equation2,memory_limit,resource_exhausted,resource_exhausted,False,False,False
exact_3b23bcf69ef005ef,alps4141::alps_51ca1d218211_to_Equation2,1,alps4141,alps4141::alps_51ca1d218211_to_Equation2,memory_limit,resource_exhausted,resource_exhausted,False,False,False
exact_46c7aadef921207f,alps4141::alps_ea3441847b9a_to_Equation2,1,alps4141,alps4141::alps_ea3441847b9a_to_Equation2,memory_limit,resource_exhausted,resource_exhausted,False,False,False
exact_c8d0a2e79a23bf38,alps4141::alps_a9d878205113_to_Equation2,1,alps4141,alps4141::alps_a9d878205113_to_Equation2,memory_limit,resource_exhausted,resource_exhausted,False,False,False
exact_41cab46ffa245f2e,alps4141::alps_d419ade8c8b1_to_Equation2,1,alps4141,alps4141::alps_d419ade8c8b1_to_Equation2,memory_limit,resource_exhausted,resource_exhausted,False,False,False
exact_af81d0b83df06cd7,alps4141::alps_15e575192d17_to_Equation2,1,alps4141,alps4141::alps_15e575192d17_to_Equation2,memory_limit,resource_exhausted,resource_exhausted,False,False,False
exact_f871267b82de2970,alps4141::alps_1a1a7cc786ea_to_Equation2,1,alps4141,alps4141::alps_1a1a7cc786ea_to_Equation2,memory_limit,resource_exhausted,resource_exhausted,False,False,False
exact_315a8db21b996af0,alps4141::alps_05cf2409b5ef_to_Equation2,1,alps4141,alps4141::alps_05cf2409b5ef_to_Equation2,memory_limit,resource_exhausted,resource_exhausted,False,False,False
exact_30225efd666ac5cd,alps4141::alps_c2112d06cc3c_to_Equation2,1,alps4141,alps4141::alps_c2112d06cc3c_to_Equation2,memory_limit,resource_exhausted,resource_exhausted,False,False,False
exact_81cd4c66b60c1106,alps4141::alps_c5c269c1f9a8_to_Equation2,1,alps4141,alps4141::alps_c5c269c1f9a8_to_Equation2,memory_limit,resource_exhausted,resource_exhausted,False,False,False
exact_b0a4be2dd3db34ea,alps4141::alps_70000a87f5a2_to_Equation2,1,alps4141,alps4141::alps_70000a87f5a2_to_Equation2,memory_limit,resource_exhausted,memory_limit,False,False,False
exact_a2cfbb98641f413f,alps4141::alps_0e6f0392e38b_to_Equation2,1,alps4141,alps4141::alps_0e6f0392e38b_to_Equation2,resource_exhausted,resource_exhausted,resource_exhausted,False,False,False
exact_f037f8b60b0e1e48,alps4141::alps_123dc5250f31_to_Equation2,1,alps4141,alps4141::alps_123dc5250f31_to_Equation2,memory_limit,resource_exhausted,resource_exhausted,False,False,False
exact_a845a269858113c9,alps4141::alps_8dce239ebad9_to_Equation2,1,alps4141,alps4141::alps_8dce239ebad9_to_Equation2,memory_limit,resource_exhausted,memory_limit,False,False,False
exact_3d9a72eda768dcbe,alps4141::alps_cb652d720fc1_to_Equation2,1,alps4141,alps4141::alps_cb652d720fc1_to_Equation2,memory_limit,resource_exhausted,resource_exhausted,False,False,False
exact_998c1f84bb05943d,alps4141::alps_bee504834f90_to_Equation2,1,alps4141,alps4141::alps_bee504834f90_to_Equation2,memory_limit,resource_exhausted,resource_exhausted,False,False,False
exact_04783d6e81a65c9d,alps4141::alps_2f30379cd143_to_Equation2,1,alps4141,alps4141::alps_2f30379cd143_to_Equation2,memory_limit,resource_exhausted,resource_exhausted,False,False,False
exact_bec2e6e11a356336,alps4141::alps_d6e01f44870b_to_Equation2,1,alps4141,alps4141::alps_d6e01f44870b_to_Equation2,memory_limit,resource_exhausted,resource_exhausted,False,False,False
exact_4473f4a91f4c82a6,alps4141::alps_daa6add27a20_to_Equation2,1,alps4141,alps4141::alps_daa6add27a20_to_Equation2,memory_limit,resource_exhausted,resource_exhausted,False,False,False
exact_e14594da4a95eaba,alps4141::alps_f18bb95861fc_to_Equation2,1,alps4141,alps4141::alps_f18bb95861fc_to_Equation2,memory_limit,resource_exhausted,memory_limit,False,False,False
exact_58a75b92905583ae,alps4141::alps_a416c1792858_to_Equation2,1,alps4141,alps4141::alps_a416c1792858_to_Equation2,memory_limit,resource_exhausted,resource_exhausted,False,False,False
exact_26404d4858c355c3,alps4141::alps_3c940af54a3e_to_Equation2,1,alps4141,alps4141::alps_3c940af54a3e_to_Equation2,memory_limit,resource_exhausted,resource_exhausted,False,False,False
exact_b1306cac5c3bd419,alps4141::alps_2c308946f28d_to_Equation2,1,alps4141,alps4141::alps_2c308946f28d_to_Equation2,memory_limit,resource_exhausted,resource_exhausted,False,False,False
exact_68f215191d6c536b,alps4141::alps_ddfc95862d9f_to_Equation2,1,alps4141,alps4141::alps_ddfc95862d9f_to_Equation2,memory_limit,resource_exhausted,resource_exhausted,False,False,False
exact_92692522a787b23c,alps4141::alps_8e43d365f555_to_Equation2,1,alps4141,alps4141::alps_8e43d365f555_to_Equation2,memory_limit,resource_exhausted,resource_exhausted,False,False,False
exact_406813d4263c9ab5,alps4141::alps_42e5cd0b289f_to_Equation2,1,alps4141,alps4141::alps_42e5cd0b289f_to_Equation2,completed_no_decisive_result,resource_exhausted,resource_exhausted,False,False,False
exact_d9e122038bc91780,alps4141::alps_df7a9e03251b_to_Equation2,1,alps4141,alps4141::alps_df7a9e03251b_to_Equation2,memory_limit,resource_exhausted,resource_exhausted,False,False,False
exact_8bbebda185c00c55,alps4141::alps_ebab42f5044d_to_Equation2,1,alps4141,alps4141::alps_ebab42f5044d_to_Equation2,memory_limit,resource_exhausted,resource_exhausted,False,False,False
exact_2b78679c7a19e685,austin96::order5_austin_unknown_E33020_to_E2,2,alps4141+austin96,austin96::order5_austin_unknown_E33020_to_E2 | alps4141::alps_6b67c0715468_to_Equation2,memory_limit+resource_exhausted,resource_exhausted,resource_exhausted,False,False,False
exact_4016a07cd028a902,alps4141::alps_0e19c9438d8f_to_Equation2,1,alps4141,alps4141::alps_0e19c9438d8f_to_Equation2,resource_exhausted,resource_exhausted,resource_exhausted,False,False,False
exact_5075d05dabc38c7a,alps4141::alps_483ce6a0caa6_to_Equation2,1,alps4141,alps4141::alps_483ce6a0caa6_to_Equation2,memory_limit,resource_exhausted,resource_exhausted,False,False,False
exact_24155389104429eb,alps4141::alps_66c4a1939e95_to_Equation2,1,alps4141,alps4141::alps_66c4a1939e95_to_Equation2,resource_exhausted,resource_exhausted,resource_exhausted,False,False,False
exact_69286855a5917ed5,alps4141::alps_b52f3b5831ad_to_Equation2,1,alps4141,alps4141::alps_b52f3b5831ad_to_Equation2,resource_exhausted,resource_exhausted,resource_exhausted,False,False,False
exact_006a1e0cb1cd3613,alps4141::alps_93a2160a2418_to_Equation2,1,alps4141,alps4141::alps_93a2160a2418_to_Equation2,memory_limit,resource_exhausted,resource_exhausted,False,False,False
exact_c8825d3d1b4888f5,alps4141::alps_4bd3a3928cd5_to_Equation2,1,alps4141,alps4141::alps_4bd3a3928cd5_to_Equation2,memory_limit,resource_exhausted,resource_exhausted,False,False,False
exact_c34eeba2693ae0eb,alps4141::alps_a3b0b8ca166c_to_Equation2,1,alps4141,alps4141::alps_a3b0b8ca166c_to_Equation2,memory_limit,resource_exhausted,memory_limit,False,False,False
exact_7ac0dba3cb57c004,alps4141::alps_49451be79c13_to_Equation2,1,alps4141,alps4141::alps_49451be79c13_to_Equation2,resource_exhausted,resource_exhausted,resource_exhausted,False,False,False
exact_b2c72b170c180927,alps4141::alps_2448972ea694_to_Equation2,1,alps4141,alps4141::alps_2448972ea694_to_Equation2,memory_limit,resource_exhausted,resource_exhausted,False,False,False
exact_1cb377e8c8d57844,alps4141::alps_cfbdf121ee8c_to_Equation2,1,alps4141,alps4141::alps_cfbdf121ee8c_to_Equation2,completed_no_decisive_result,resource_exhausted,memory_limit,False,False,False
exact_b32452dc121e7516,alps4141::alps_108c14e90a5a_to_Equation2,1,alps4141,alps4141::alps_108c14e90a5a_to_Equation2,memory_limit,resource_exhausted,resource_exhausted,False,False,False
exact_01948936f7042a07,alps4141::alps_fd77e02432f9_to_Equation2,1,alps4141,alps4141::alps_fd77e02432f9_to_Equation2,memory_limit,resource_exhausted,memory_limit,False,False,False
exact_8787ccb59b4c9db3,alps4141::alps_c1ac32ef7017_to_Equation2,1,alps4141,alps4141::alps_c1ac32ef7017_to_Equation2,resource_exhausted,theorem,resource_exhausted,True,False,False
exact_f8e6b345463b3f7f,alps4141::alps_d483f8f579a8_to_Equation2,1,alps4141,alps4141::alps_d483f8f579a8_to_Equation2,memory_limit,resource_exhausted,resource_exhausted,False,False,False
exact_cbbc4a541bbd36a9,alps4141::alps_538a07a83844_to_Equation2,1,alps4141,alps4141::alps_538a07a83844_to_Equation2,completed_no_decisive_result,resource_exhausted,resource_exhausted,False,False,False
exact_6338259a705b4804,alps4141::alps_8ae5fd1974ec_to_Equation2,1,alps4141,alps4141::alps_8ae5fd1974ec_to_Equation2,resource_exhausted,resource_exhausted,resource_exhausted,False,False,False
exact_24515299cad94524,alps4141::alps_07247006e90f_to_Equation2,1,alps4141,alps4141::alps_07247006e90f_to_Equation2,memory_limit,resource_exhausted,memory_limit,False,False,False
exact_14549df0e3bb3795,alps4141::alps_ea0d2919b6c8_to_Equation2,1,alps4141,alps4141::alps_ea0d2919b6c8_to_Equation2,memory_limit,resource_exhausted,resource_exhausted,False,False,False
exact_e3ea57135d5f33ea,alps4141::alps_6e64065f67a5_to_Equation2,1,alps4141,alps4141::alps_6e64065f67a5_to_Equation2,memory_limit,resource_exhausted,resource_exhausted,False,False,False
exact_76de99e0f6500fc7,alps4141::alps_422299cce85e_to_Equation2,1,alps4141,alps4141::alps_422299cce85e_to_Equation2,memory_limit,resource_exhausted,resource_exhausted,False,False,False
exact_7af8a88164ed952a,alps4141::alps_08aa847fd1d5_to_Equation2,1,alps4141,alps4141::alps_08aa847fd1d5_to_Equation2,memory_limit,resource_exhausted,resource_exhausted,False,False,False
exact_c9bef1a36c4e7399,alps4141::alps_222e0b8ae160_to_Equation2,1,alps4141,alps4141::alps_222e0b8ae160_to_Equation2,memory_limit,resource_exhausted,resource_exhausted,False,False,False
exact_7de441a9465f82de,alps4141::alps_fb065500d72b_to_Equation2,1,alps4141,alps4141::alps_fb065500d72b_to_Equation2,memory_limit,resource_exhausted,resource_exhausted,False,False,False
exact_456601b8f3fb830b,alps4141::alps_755ccf956b6e_to_Equation2,1,alps4141,alps4141::alps_755ccf956b6e_to_Equation2,memory_limit,resource_exhausted,resource_exhausted,False,False,False
exact_17cadbd0964ede99,alps4141::alps_7b7d1e78c02f_to_Equation2,1,alps4141,alps4141::alps_7b7d1e78c02f_to_Equation2,memory_limit,resource_exhausted,resource_exhausted,False,False,False
exact_f4f0bca98041d2b8,alps4141::alps_bd024ec34567_to_Equation2,1,alps4141,alps4141::alps_bd024ec34567_to_Equation2,memory_limit,resource_exhausted,resource_exhausted,False,False,False
exact_3dc49aa5ec4ea70b,alps4141::alps_af968406b09f_to_Equation2,1,alps4141,alps4141::alps_af968406b09f_to_Equation2,resource_exhausted,resource_exhausted,resource_exhausted,False,False,False
exact_6812865fd4fbab0c,alps4141::alps_1c3c782f58b4_to_Equation2,1,alps4141,alps4141::alps_1c3c782f58b4_to_Equation2,resource_exhausted,theorem,resource_exhausted,True,False,False
exact_8590e99cf55c980d,alps4141::alps_36deb8743278_to_Equation2,1,alps4141,alps4141::alps_36deb8743278_to_Equation2,resource_exhausted,resource_exhausted,resource_exhausted,False,False,False
exact_c821bba3c9aade3b,alps4141::alps_6c4ebcdabd5e_to_Equation2,1,alps4141,alps4141::alps_6c4ebcdabd5e_to_Equation2,resource_exhausted,resource_exhausted,resource_exhausted,False,False,False
exact_47cd96276d7eb14f,alps4141::alps_8508598874ca_to_Equation2,1,alps4141,alps4141::alps_8508598874ca_to_Equation2,memory_limit,resource_exhausted,resource_exhausted,False,False,False
exact_05e6d345913f523c,alps4141::alps_82389560e03d_to_Equation2,1,alps4141,alps4141::alps_82389560e03d_to_Equation2,memory_limit,resource_exhausted,resource_exhausted,False,False,False
exact_dcff4c7733bd685e,alps4141::alps_9d9a02c8a41a_to_Equation2,1,alps4141,alps4141::alps_9d9a02c8a41a_to_Equation2,theorem,theorem,theorem,True,False,False
exact_f8d2589f14b897b5,alps4141::alps_a31e8c931b84_to_Equation2,1,alps4141,alps4141::alps_a31e8c931b84_to_Equation2,memory_limit,resource_exhausted,resource_exhausted,False,False,False
exact_1c1b5f8bdbc82eef,alps4141::alps_28612f736291_to_Equation2,1,alps4141,alps4141::alps_28612f736291_to_Equation2,memory_limit,resource_exhausted,resource_exhausted,False,False,False
exact_1d9840a701c5dace,alps4141::alps_eec4a3b94d0f_to_Equation2,1,alps4141,alps4141::alps_eec4a3b94d0f_to_Equation2,memory_limit,resource_exhausted,memory_limit,False,False,False
exact_1be83efdac1cf1bf,alps4141::alps_a0ce4b45ac8e_to_Equation2,1,alps4141,alps4141::alps_a0ce4b45ac8e_to_Equation2,resource_exhausted,resource_exhausted,resource_exhausted,False,False,False
exact_f7425cc091162170,alps4141::alps_101607b65227_to_Equation2,1,alps4141,alps4141::alps_101607b65227_to_Equation2,completed_no_decisive_result,resource_exhausted,resource_exhausted,False,False,False
exact_f6836ca0c0ccc1f5,alps4141::alps_9d68c8c8f4ec_to_Equation2,1,alps4141,alps4141::alps_9d68c8c8f4ec_to_Equation2,memory_limit,resource_exhausted,resource_exhausted,False,False,False
exact_d9139440156fa5db,alps4141::alps_b4057794711f_to_Equation2,1,alps4141,alps4141::alps_b4057794711f_to_Equation2,memory_limit,resource_exhausted,memory_limit,False,False,False
exact_be7859d048265e06,alps4141::alps_141f3109649c_to_Equation2,1,alps4141,alps4141::alps_141f3109649c_to_Equation2,memory_limit,resource_exhausted,resource_exhausted,False,False,False
exact_f413b7fb7248133c,alps4141::alps_3446f6c4d2c0_to_Equation2,1,alps4141,alps4141::alps_3446f6c4d2c0_to_Equation2,memory_limit,resource_exhausted,resource_exhausted,False,False,False
exact_b910cb173e60019a,alps4141::alps_4cef6c746813_to_Equation2,1,alps4141,alps4141::alps_4cef6c746813_to_Equation2,memory_limit,resource_exhausted,resource_exhausted,False,False,False
exact_313a5bce405542f5,alps4141::alps_32bfbd37e172_to_Equation2,1,alps4141,alps4141::alps_32bfbd37e172_to_Equation2,memory_limit,resource_exhausted,resource_exhausted,False,False,False
exact_39ed9ff45db84145,alps4141::alps_d82a7d49cb36_to_Equation2,1,alps4141,alps4141::alps_d82a7d49cb36_to_Equation2,memory_limit,resource_exhausted,resource_exhausted,False,False,False
exact_e168704d1221bef7,alps4141::alps_df9e8fc8d633_to_Equation2,1,alps4141,alps4141::alps_df9e8fc8d633_to_Equation2,memory_limit,resource_exhausted,memory_limit,False,False,False
exact_8e03ca994ee78abc,alps4141::alps_1b62eaff98c0_to_Equation2,1,alps4141,alps4141::alps_1b62eaff98c0_to_Equation2,memory_limit,resource_exhausted,resource_exhausted,False,False,False
exact_439db966448f8207,alps4141::alps_48c0c18cc11e_to_Equation2,1,alps4141,alps4141::alps_48c0c18cc11e_to_Equation2,memory_limit,resource_exhausted,resource_exhausted,False,False,False
exact_c556deba2013ec22,alps4141::alps_c3135e24814e_to_Equation2,1,alps4141,alps4141::alps_c3135e24814e_to_Equation2,memory_limit,resource_exhausted,resource_exhausted,False,False,False
exact_11b78bf6b6b4e379,alps4141::alps_d9ee9be81598_to_Equation2,1,alps4141,alps4141::alps_d9ee9be81598_to_Equation2,memory_limit,resource_exhausted,resource_exhausted,False,False,False
exact_72a716215eaab257,alps4141::alps_ed02c11e6949_to_Equation2,1,alps4141,alps4141::alps_ed02c11e6949_to_Equation2,memory_limit,resource_exhausted,resource_exhausted,False,False,False
exact_5810dde7147c5df5,alps4141::alps_490c1ea42dfa_to_Equation2,1,alps4141,alps4141::alps_490c1ea42dfa_to_Equation2,memory_limit,resource_exhausted,resource_exhausted,False,False,False
exact_2fdb49414131dce3,alps4141::alps_14545efea86c_to_Equation2,1,alps4141,alps4141::alps_14545efea86c_to_Equation2,memory_limit,resource_exhausted,resource_exhausted,False,False,False
exact_2f6563ad3c222f5d,alps4141::alps_6ebc2d6807e7_to_Equation2,1,alps4141,alps4141::alps_6ebc2d6807e7_to_Equation2,memory_limit,resource_exhausted,resource_exhausted,False,False,False
exact_ef11c660bb4c8e44,alps4141::alps_f9ad5a6711fc_to_Equation2,1,alps4141,alps4141::alps_f9ad5a6711fc_to_Equation2,memory_limit,resource_exhausted,resource_exhausted,False,False,False
exact_2b357edfef99514e,alps4141::alps_6d8a9dcab336_to_Equation2,1,alps4141,alps4141::alps_6d8a9dcab336_to_Equation2,memory_limit,resource_exhausted,resource_exhausted,False,False,False
exact_6fbe5eb1286b69aa,alps4141::alps_fcfaa797665f_to_Equation2,1,alps4141,alps4141::alps_fcfaa797665f_to_Equation2,memory_limit,resource_exhausted,resource_exhausted,False,False,False
exact_9a3ba4ce7b00cc9e,alps4141::alps_d89dc658b524_to_Equation2,1,alps4141,alps4141::alps_d89dc658b524_to_Equation2,memory_limit,resource_exhausted,memory_limit,False,False,False
exact_f914d10626cd51e6,alps4141::alps_def4cb91ecb1_to_Equation2,1,alps4141,alps4141::alps_def4cb91ecb1_to_Equation2,memory_limit,resource_exhausted,memory_limit,False,False,False
exact_8e4fc630397ee652,alps4141::alps_32889f56ef40_to_Equation2,1,alps4141,alps4141::alps_32889f56ef40_to_Equation2,memory_limit,resource_exhausted,resource_exhausted,False,False,False
exact_002c3db3c0bb0e15,alps4141::alps_e5bb076018ce_to_Equation2,1,alps4141,alps4141::alps_e5bb076018ce_to_Equation2,memory_limit,resource_exhausted,resource_exhausted,False,False,False
exact_6cc536b61d617b6a,alps4141::alps_e293e6a4af1c_to_Equation2,1,alps4141,alps4141::alps_e293e6a4af1c_to_Equation2,memory_limit,resource_exhausted,resource_exhausted,False,False,False
exact_600d4a80c7d30421,alps4141::alps_71505f542a00_to_Equation2,1,alps4141,alps4141::alps_71505f542a00_to_Equation2,memory_limit,resource_exhausted,resource_exhausted,False,False,False
exact_593fc34d12390519,alps4141::alps_bf6797cf1f6f_to_Equation2,1,alps4141,alps4141::alps_bf6797cf1f6f_to_Equation2,resource_exhausted,resource_exhausted,resource_exhausted,False,False,False
exact_9967fb26ecb14224,alps4141::alps_2ef8de269b55_to_Equation2,1,alps4141,alps4141::alps_2ef8de269b55_to_Equation2,memory_limit,resource_exhausted,resource_exhausted,False,False,False
exact_eec0e4c8efd356d5,alps4141::alps_db9c3b1e1e70_to_Equation2,1,alps4141,alps4141::alps_db9c3b1e1e70_to_Equation2,memory_limit,resource_exhausted,resource_exhausted,False,False,False
exact_cfaed3704b1518d0,alps4141::alps_2b0619337974_to_Equation2,1,alps4141,alps4141::alps_2b0619337974_to_Equation2,resource_exhausted,resource_exhausted,resource_exhausted,False,False,False
exact_6ae657a59b40858f,alps4141::alps_e0701a0f0334_to_Equation2,1,alps4141,alps4141::alps_e0701a0f0334_to_Equation2,memory_limit,resource_exhausted,resource_exhausted,False,False,False
exact_5ba37c4262c303ca,alps4141::alps_d8e8c84ce788_to_Equation2,1,alps4141,alps4141::alps_d8e8c84ce788_to_Equation2,resource_exhausted,resource_exhausted,resource_exhausted,False,False,False
exact_d1dbc1afc995465e,alps4141::alps_fd683d94dc3e_to_Equation2,1,alps4141,alps4141::alps_fd683d94dc3e_to_Equation2,memory_limit,resource_exhausted,resource_exhausted,False,False,False
exact_787251868353d414,alps4141::alps_49f97c755d81_to_Equation2,1,alps4141,alps4141::alps_49f97c755d81_to_Equation2,resource_exhausted,resource_exhausted,resource_exhausted,False,False,False
exact_56ceec5592e38cbf,alps4141::alps_748fa616d717_to_Equation2,1,alps4141,alps4141::alps_748fa616d717_to_Equation2,resource_exhausted,resource_exhausted,resource_exhausted,False,False,False
exact_f81f3f84764372da,alps4141::alps_df188cde13cb_to_Equation2,1,alps4141,alps4141::alps_df188cde13cb_to_Equation2,resource_exhausted,theorem,resource_exhausted,True,False,False
exact_48ce2edd9bf5b218,alps4141::alps_21dba2f8afe7_to_Equation2,1,alps4141,alps4141::alps_21dba2f8afe7_to_Equation2,memory_limit,resource_exhausted,memory_limit,False,False,False
exact_ead0a80842f58239,alps4141::alps_52a9b3f84689_to_Equation2,1,alps4141,alps4141::alps_52a9b3f84689_to_Equation2,resource_exhausted,theorem,resource_exhausted,True,False,False
exact_981633fa8d402b4e,alps4141::alps_5e718f0d9a6e_to_Equation2,1,alps4141,alps4141::alps_5e718f0d9a6e_to_Equation2,resource_exhausted,resource_exhausted,resource_exhausted,False,False,False
exact_46b2907c16a38fa3,alps4141::alps_e415ce0b5331_to_Equation2,1,alps4141,alps4141::alps_e415ce0b5331_to_Equation2,memory_limit,resource_exhausted,resource_exhausted,False,False,False
exact_fe4ec07146f9e8e0,alps4141::alps_9570219ea5b5_to_Equation2,1,alps4141,alps4141::alps_9570219ea5b5_to_Equation2,resource_exhausted,resource_exhausted,resource_exhausted,False,False,False
exact_dcdf7bd79102611e,alps4141::alps_2670cd1ac3e9_to_Equation2,1,alps4141,alps4141::alps_2670cd1ac3e9_to_Equation2,resource_exhausted,resource_exhausted,resource_exhausted,False,False,False
exact_968ae72904b2db5e,alps4141::alps_079cdf90439d_to_Equation2,1,alps4141,alps4141::alps_079cdf90439d_to_Equation2,memory_limit,resource_exhausted,resource_exhausted,False,False,False
exact_0deada7520181a75,alps4141::alps_4dc40259e6c8_to_Equation2,1,alps4141,alps4141::alps_4dc40259e6c8_to_Equation2,resource_exhausted,resource_exhausted,resource_exhausted,False,False,False
exact_eccfb785927fa007,alps4141::alps_af2408638800_to_Equation2,1,alps4141,alps4141::alps_af2408638800_to_Equation2,resource_exhausted,resource_exhausted,resource_exhausted,False,False,False
exact_6d73062e424e7a65,alps4141::alps_2d96b5309965_to_Equation2,1,alps4141,alps4141::alps_2d96b5309965_to_Equation2,resource_exhausted,resource_exhausted,resource_exhausted,False,False,False
exact_9ec9b31a550e6ee8,alps4141::alps_4895d217d8bd_to_Equation2,1,alps4141,alps4141::alps_4895d217d8bd_to_Equation2,memory_limit,resource_exhausted,resource_exhausted,False,False,False
exact_cc60e15290329c15,alps4141::alps_a0e2cdf8321b_to_Equation2,1,alps4141,alps4141::alps_a0e2cdf8321b_to_Equation2,memory_limit,resource_exhausted,resource_exhausted,False,False,False
exact_0bdba7f658f95ab3,alps4141::alps_4a9530cad630_to_Equation2,1,alps4141,alps4141::alps_4a9530cad630_to_Equation2,memory_limit,resource_exhausted,resource_exhausted,False,False,False
exact_099d0f5acd4635c7,alps4141::alps_1b54007565c4_to_Equation2,1,alps4141,alps4141::alps_1b54007565c4_to_Equation2,memory_limit,resource_exhausted,resource_exhausted,False,False,False
exact_b4019424a187188c,alps4141::alps_df52b746cd01_to_Equation2,1,alps4141,alps4141::alps_df52b746cd01_to_Equation2,resource_exhausted,resource_exhausted,resource_exhausted,False,False,False
exact_d338378ec6a40993,alps4141::alps_e847afef8ddb_to_Equation2,1,alps4141,alps4141::alps_e847afef8ddb_to_Equation2,memory_limit,resource_exhausted,memory_limit,False,False,False
exact_2e82cf2ee23916fa,alps4141::alps_ce9bbb7a5d33_to_Equation2,1,alps4141,alps4141::alps_ce9bbb7a5d33_to_Equation2,resource_exhausted,resource_exhausted,resource_exhausted,False,False,False
exact_29c6545b32bb3968,alps4141::alps_6ea20019adf5_to_Equation2,1,alps4141,alps4141::alps_6ea20019adf5_to_Equation2,memory_limit,resource_exhausted,resource_exhausted,False,False,False
exact_b27fdb59d7c12233,alps4141::alps_ea427fec01f7_to_Equation2,1,alps4141,alps4141::alps_ea427fec01f7_to_Equation2,resource_exhausted,resource_exhausted,resource_exhausted,False,False,False
exact_185f1c0134174f5f,alps4141::alps_4abeb1a3c83a_to_Equation2,1,alps4141,alps4141::alps_4abeb1a3c83a_to_Equation2,memory_limit,resource_exhausted,memory_limit,False,False,False
exact_d4f3a7244877cbb5,alps4141::alps_74e59846232e_to_Equation2,1,alps4141,alps4141::alps_74e59846232e_to_Equation2,memory_limit,resource_exhausted,resource_exhausted,False,False,False
exact_c42216f5377b5a0d,alps4141::alps_0b25646fce82_to_Equation2,1,alps4141,alps4141::alps_0b25646fce82_to_Equation2,memory_limit,resource_exhausted,memory_limit,False,False,False
exact_2a5167bea029a5a9,alps4141::alps_14cfa178ba96_to_Equation2,1,alps4141,alps4141::alps_14cfa178ba96_to_Equation2,resource_exhausted,resource_exhausted,resource_exhausted,False,False,False
exact_216417f9054ca96f,alps4141::alps_b00ac970c7bd_to_Equation2,1,alps4141,alps4141::alps_b00ac970c7bd_to_Equation2,resource_exhausted,resource_exhausted,resource_exhausted,False,False,False
exact_87f87a20138d903b,alps4141::alps_804a894429ee_to_Equation2,1,alps4141,alps4141::alps_804a894429ee_to_Equation2,memory_limit,resource_exhausted,resource_exhausted,False,False,False
exact_05c32d9f81bc3ff1,alps4141::alps_35811c067357_to_Equation2,1,alps4141,alps4141::alps_35811c067357_to_Equation2,resource_exhausted,resource_exhausted,theorem,True,False,False
exact_c7dac6c30852152a,alps4141::alps_74c4d2e04e86_to_Equation2,1,alps4141,alps4141::alps_74c4d2e04e86_to_Equation2,resource_exhausted,resource_exhausted,resource_exhausted,False,False,False
exact_b59084e268814f53,alps4141::alps_4c3e95fa67d3_to_Equation2,1,alps4141,alps4141::alps_4c3e95fa67d3_to_Equation2,resource_exhausted,resource_exhausted,resource_exhausted,False,False,False
exact_da60ae7e26237e76,alps4141::alps_2ba3baa87767_to_Equation2,1,alps4141,alps4141::alps_2ba3baa87767_to_Equation2,resource_exhausted,resource_exhausted,resource_exhausted,False,False,False
exact_1d1409b318e5897e,alps4141::alps_be4959ff7e4f_to_Equation2,1,alps4141,alps4141::alps_be4959ff7e4f_to_Equation2,resource_exhausted,resource_exhausted,resource_exhausted,False,False,False
exact_d86bded3006b4ce8,alps4141::alps_ec626d766ce0_to_Equation2,1,alps4141,alps4141::alps_ec626d766ce0_to_Equation2,resource_exhausted,theorem,resource_exhausted,True,False,False
exact_ba436baf82c28d10,alps4141::alps_e9506c600f2a_to_Equation2,1,alps4141,alps4141::alps_e9506c600f2a_to_Equation2,resource_exhausted,resource_exhausted,resource_exhausted,False,False,False
exact_22c84fc76789e4db,alps4141::alps_5473405dba6a_to_Equation2,1,alps4141,alps4141::alps_5473405dba6a_to_Equation2,memory_limit,resource_exhausted,resource_exhausted,False,False,False
exact_a5b6d07bbaff4f43,alps4141::alps_bc4a03d33661_to_Equation2,1,alps4141,alps4141::alps_bc4a03d33661_to_Equation2,resource_exhausted,theorem,theorem,True,False,False
exact_717460f3f97b204d,alps4141::alps_2d9aaa5b8efe_to_Equation2,1,alps4141,alps4141::alps_2d9aaa5b8efe_to_Equation2,resource_exhausted,resource_exhausted,resource_exhausted,False,False,False
exact_4dc9571490dba9ee,generality34::order5_unknown_finite_status24_E33273_to_E2,1,generality34,generality34::order5_unknown_finite_status24_E33273_to_E2,resource_exhausted,resource_exhausted,resource_exhausted,False,False,False
exact_e6aa7c5a3afe2908,alps4141::alps_c3c53b2a3811_to_Equation2,1,alps4141,alps4141::alps_c3c53b2a3811_to_Equation2,memory_limit,resource_exhausted,resource_exhausted,False,False,False
exact_3932f4ef05ef5f32,alps4141::alps_c868a25c562e_to_Equation2,1,alps4141,alps4141::alps_c868a25c562e_to_Equation2,resource_exhausted,theorem,theorem,True,False,False
exact_35532dad59c3499d,alps4141::alps_af89d3536c75_to_Equation2,1,alps4141,alps4141::alps_af89d3536c75_to_Equation2,resource_exhausted,theorem,theorem,True,False,False
exact_b258dc35b1b00766,alps4141::alps_2314a3dbfed1_to_Equation2,1,alps4141,alps4141::alps_2314a3dbfed1_to_Equation2,resource_exhausted,resource_exhausted,theorem,True,False,False
exact_d2da84568c6ee047,alps4141::alps_4f025acea9a7_to_Equation2,1,alps4141,alps4141::alps_4f025acea9a7_to_Equation2,resource_exhausted,resource_exhausted,resource_exhausted,False,False,False
exact_bba6b67e9f2d1c60,alps4141::alps_bd357f81c5aa_to_Equation2,1,alps4141,alps4141::alps_bd357f81c5aa_to_Equation2,resource_exhausted,resource_exhausted,resource_exhausted,False,False,False
exact_966c1687ddd4eba5,alps4141::alps_0f9bfc7504e1_to_Equation2,1,alps4141,alps4141::alps_0f9bfc7504e1_to_Equation2,memory_limit,resource_exhausted,resource_exhausted,False,False,False
exact_7be23d0e14aece1d,alps4141::alps_709191db3f8a_to_Equation2,1,alps4141,alps4141::alps_709191db3f8a_to_Equation2,memory_limit,resource_exhausted,resource_exhausted,False,False,False
exact_42fef9592ec5170a,austin96::order5_austin_unknown_E33436_to_E2,1,austin96,austin96::order5_austin_unknown_E33436_to_E2,completed_no_decisive_result,completed_no_proof,counter_satisfiable,False,True,False
exact_1dc8e885a8071c9f,alps4141::alps_0fff9b489c6e_to_Equation2,1,alps4141,alps4141::alps_0fff9b489c6e_to_Equation2,resource_exhausted,resource_exhausted,resource_exhausted,False,False,False
exact_694ed84d977c4712,alps4141::alps_04575c17574c_to_Equation2,1,alps4141,alps4141::alps_04575c17574c_to_Equation2,resource_exhausted,resource_exhausted,resource_exhausted,False,False,False
exact_ff7387b59137e0ca,alps4141::alps_46afc27b2c54_to_Equation2,1,alps4141,alps4141::alps_46afc27b2c54_to_Equation2,resource_exhausted,resource_exhausted,theorem,True,False,False
exact_bf0f7b91fb604e86,alps4141::alps_4c34a11d7a2e_to_Equation2,1,alps4141,alps4141::alps_4c34a11d7a2e_to_Equation2,resource_exhausted,resource_exhausted,resource_exhausted,False,False,False
exact_e8dcd18bca9f3db8,alps4141::alps_237a78a24b26_to_Equation2,1,alps4141,alps4141::alps_237a78a24b26_to_Equation2,resource_exhausted,resource_exhausted,resource_exhausted,False,False,False
exact_990935ea96e3b9f0,alps4141::alps_fe5f37b13d0e_to_Equation2,1,alps4141,alps4141::alps_fe5f37b13d0e_to_Equation2,resource_exhausted,resource_exhausted,resource_exhausted,False,False,False
exact_46b0ae0a51d28508,alps4141::alps_9c0df8bef973_to_Equation2,1,alps4141,alps4141::alps_9c0df8bef973_to_Equation2,memory_limit,resource_exhausted,resource_exhausted,False,False,False
exact_ef2562b308e43213,alps4141::alps_89d3c1819611_to_Equation2,1,alps4141,alps4141::alps_89d3c1819611_to_Equation2,memory_limit,resource_exhausted,resource_exhausted,False,False,False
exact_823abda581cd81a1,alps4141::alps_061ffad26e3b_to_Equation2,1,alps4141,alps4141::alps_061ffad26e3b_to_Equation2,memory_limit,resource_exhausted,resource_exhausted,False,False,False
exact_a7a035a7b4a9bc7e,alps4141::alps_7ea2d9f4391e_to_Equation2,1,alps4141,alps4141::alps_7ea2d9f4391e_to_Equation2,memory_limit,resource_exhausted,resource_exhausted,False,False,False
exact_5031045afcafc48d,alps4141::alps_c8f0c27f797c_to_Equation2,1,alps4141,alps4141::alps_c8f0c27f797c_to_Equation2,memory_limit,resource_exhausted,resource_exhausted,False,False,False
exact_0337b93253ff1507,alps4141::alps_46fc2708406d_to_Equation2,1,alps4141,alps4141::alps_46fc2708406d_to_Equation2,memory_limit,resource_exhausted,resource_exhausted,False,False,False
exact_138333ae4559a8dc,alps4141::alps_91667534841a_to_Equation2,1,alps4141,alps4141::alps_91667534841a_to_Equation2,memory_limit,resource_exhausted,resource_exhausted,False,False,False
exact_61e60d56fbac6261,alps4141::alps_6db5b6f3a6b9_to_Equation2,1,alps4141,alps4141::alps_6db5b6f3a6b9_to_Equation2,memory_limit,resource_exhausted,resource_exhausted,False,False,False
exact_0ddab02c85c4860c,alps4141::alps_87327089a66d_to_Equation2,1,alps4141,alps4141::alps_87327089a66d_to_Equation2,memory_limit,resource_exhausted,resource_exhausted,False,False,False
exact_0f7174cc589dc17e,alps4141::alps_d10b147f0e78_to_Equation2,1,alps4141,alps4141::alps_d10b147f0e78_to_Equation2,memory_limit,resource_exhausted,resource_exhausted,False,False,False
exact_9239894f8dcee1b3,alps4141::alps_0f35ee12d4ef_to_Equation2,1,alps4141,alps4141::alps_0f35ee12d4ef_to_Equation2,memory_limit,resource_exhausted,resource_exhausted,False,False,False
exact_44960a4095673c98,alps4141::alps_c21ec13ba56e_to_Equation2,1,alps4141,alps4141::alps_c21ec13ba56e_to_Equation2,resource_exhausted,resource_exhausted,resource_exhausted,False,False,False
exact_67f2b4bc1bdcfdfb,alps4141::alps_a45e7a51accd_to_Equation2,1,alps4141,alps4141::alps_a45e7a51accd_to_Equation2,memory_limit,resource_exhausted,resource_exhausted,False,False,False
exact_20de992d5923ab95,alps4141::alps_cab05305e279_to_Equation2,1,alps4141,alps4141::alps_cab05305e279_to_Equation2,memory_limit,resource_exhausted,resource_exhausted,False,False,False
exact_cce3a45f90ad89a6,alps4141::alps_024013191608_to_Equation2,1,alps4141,alps4141::alps_024013191608_to_Equation2,memory_limit,resource_exhausted,resource_exhausted,False,False,False
exact_56f8f81038413376,alps4141::alps_34d3a686f0fa_to_Equation2,1,alps4141,alps4141::alps_34d3a686f0fa_to_Equation2,memory_limit,resource_exhausted,resource_exhausted,False,False,False
exact_5728f6ae2589fdba,alps4141::alps_a1a9581ee136_to_Equation2,1,alps4141,alps4141::alps_a1a9581ee136_to_Equation2,memory_limit,resource_exhausted,resource_exhausted,False,False,False
exact_2f770d284e8f26be,alps4141::alps_ad24062770e2_to_Equation2,1,alps4141,alps4141::alps_ad24062770e2_to_Equation2,memory_limit,resource_exhausted,resource_exhausted,False,False,False
exact_13cc68bd4f209ffe,alps4141::alps_6547230f1489_to_Equation2,1,alps4141,alps4141::alps_6547230f1489_to_Equation2,memory_limit,resource_exhausted,resource_exhausted,False,False,False
exact_8f73d739d860b091,alps4141::alps_eeb8e5232193_to_Equation2,1,alps4141,alps4141::alps_eeb8e5232193_to_Equation2,memory_limit,resource_exhausted,resource_exhausted,False,False,False
exact_a07199d31748d83d,alps4141::alps_394813acb292_to_Equation2,1,alps4141,alps4141::alps_394813acb292_to_Equation2,memory_limit,resource_exhausted,resource_exhausted,False,False,False
exact_80dcc24bc51fffa1,alps4141::alps_3029df6db759_to_Equation2,1,alps4141,alps4141::alps_3029df6db759_to_Equation2,memory_limit,resource_exhausted,resource_exhausted,False,False,False
exact_d0d07dd87186eba3,alps4141::alps_299fec1421e5_to_Equation2,1,alps4141,alps4141::alps_299fec1421e5_to_Equation2,memory_limit,resource_exhausted,resource_exhausted,False,False,False
exact_4b89a54a20c69d7d,alps4141::alps_3dd6ab23aa8f_to_Equation2,1,alps4141,alps4141::alps_3dd6ab23aa8f_to_Equation2,memory_limit,resource_exhausted,memory_limit,False,False,False
exact_320f9d55dd9ea33e,alps4141::alps_235a6f029b43_to_Equation2,1,alps4141,alps4141::alps_235a6f029b43_to_Equation2,memory_limit,resource_exhausted,resource_exhausted,False,False,False
exact_f557eb3d40865da1,alps4141::alps_8c7386ee8bd4_to_Equation2,1,alps4141,alps4141::alps_8c7386ee8bd4_to_Equation2,memory_limit,resource_exhausted,resource_exhausted,False,False,False
exact_4e0202cf6dd20ffe,alps4141::alps_a225aaea23ac_to_Equation2,1,alps4141,alps4141::alps_a225aaea23ac_to_Equation2,memory_limit,resource_exhausted,resource_exhausted,False,False,False
exact_c4a11092351ab13a,alps4141::alps_15117fb62d06_to_Equation2,1,alps4141,alps4141::alps_15117fb62d06_to_Equation2,memory_limit,resource_exhausted,memory_limit,False,False,False
exact_0e7299d40bf950c3,alps4141::alps_9b869a6faa54_to_Equation2,1,alps4141,alps4141::alps_9b869a6faa54_to_Equation2,memory_limit,resource_exhausted,resource_exhausted,False,False,False
exact_c79ab0648d02f65c,alps4141::alps_c47a98100c01_to_Equation2,1,alps4141,alps4141::alps_c47a98100c01_to_Equation2,memory_limit,resource_exhausted,resource_exhausted,False,False,False
exact_d2ede888c3daffa4,alps4141::alps_a57778d58d38_to_Equation2,1,alps4141,alps4141::alps_a57778d58d38_to_Equation2,memory_limit,resource_exhausted,resource_exhausted,False,False,False
exact_64d2f017787591e2,alps4141::alps_d36fcdf157ef_to_Equation2,1,alps4141,alps4141::alps_d36fcdf157ef_to_Equation2,memory_limit,resource_exhausted,resource_exhausted,False,False,False
exact_72e5021d2ac845ca,alps4141::alps_aeab5f6cb305_to_Equation2,1,alps4141,alps4141::alps_aeab5f6cb305_to_Equation2,memory_limit,resource_exhausted,resource_exhausted,False,False,False
exact_4e118ed540e985cb,alps4141::alps_f32560b573c0_to_Equation2,1,alps4141,alps4141::alps_f32560b573c0_to_Equation2,memory_limit,resource_exhausted,resource_exhausted,False,False,False
exact_c67fd0ffd56f1f16,alps4141::alps_62332e6f3b29_to_Equation2,1,alps4141,alps4141::alps_62332e6f3b29_to_Equation2,memory_limit,resource_exhausted,resource_exhausted,False,False,False
exact_6873207c34408153,alps4141::alps_5bab3187aa0a_to_Equation2,1,alps4141,alps4141::alps_5bab3187aa0a_to_Equation2,memory_limit,resource_exhausted,memory_limit,False,False,False
exact_618002ab88d3bb13,alps4141::alps_ebc8b7cba919_to_Equation2,1,alps4141,alps4141::alps_ebc8b7cba919_to_Equation2,memory_limit,resource_exhausted,resource_exhausted,False,False,False
exact_a7111dd2bfd2d5d2,alps4141::alps_f5b6dfe70218_to_Equation2,1,alps4141,alps4141::alps_f5b6dfe70218_to_Equation2,memory_limit,resource_exhausted,memory_limit,False,False,False
exact_bd37cb8d717c7ff7,alps4141::alps_ad6c90a0012d_to_Equation2,1,alps4141,alps4141::alps_ad6c90a0012d_to_Equation2,resource_exhausted,resource_exhausted,resource_exhausted,False,False,False
exact_a0581ad0529ae507,alps4141::alps_b2d8a5845acc_to_Equation2,1,alps4141,alps4141::alps_b2d8a5845acc_to_Equation2,memory_limit,resource_exhausted,memory_limit,False,False,False
exact_e7ab03b62a3c4278,alps4141::alps_f6e5dcd0237d_to_Equation2,1,alps4141,alps4141::alps_f6e5dcd0237d_to_Equation2,memory_limit,resource_exhausted,resource_exhausted,False,False,False
exact_d09c60ff87ea165f,alps4141::alps_088ed5d11485_to_Equation2,1,alps4141,alps4141::alps_088ed5d11485_to_Equation2,memory_limit,resource_exhausted,resource_exhausted,False,False,False
exact_e8f0026029a9b22e,alps4141::alps_6ad67b7c8a1b_to_Equation2,1,alps4141,alps4141::alps_6ad67b7c8a1b_to_Equation2,memory_limit,resource_exhausted,resource_exhausted,False,False,False
exact_f320374573e6fe59,alps4141::alps_1a1cddd4c8b4_to_Equation2,1,alps4141,alps4141::alps_1a1cddd4c8b4_to_Equation2,memory_limit,resource_exhausted,resource_exhausted,False,False,False
exact_becac6840a22a623,alps4141::alps_4e99131a88b7_to_Equation2,1,alps4141,alps4141::alps_4e99131a88b7_to_Equation2,memory_limit,resource_exhausted,resource_exhausted,False,False,False
exact_711017bbb0a42743,alps4141::alps_971412f04895_to_Equation2,1,alps4141,alps4141::alps_971412f04895_to_Equation2,memory_limit,resource_exhausted,resource_exhausted,False,False,False
exact_bdf3b977d735d687,alps4141::alps_6f862fb3771b_to_Equation2,1,alps4141,alps4141::alps_6f862fb3771b_to_Equation2,memory_limit,resource_exhausted,memory_limit,False,False,False
exact_773574db656a9eab,alps4141::alps_5f254021343b_to_Equation2,1,alps4141,alps4141::alps_5f254021343b_to_Equation2,memory_limit,resource_exhausted,memory_limit,False,False,False
exact_0c7e98bb73f22e7b,alps4141::alps_80b3db401e00_to_Equation2,1,alps4141,alps4141::alps_80b3db401e00_to_Equation2,memory_limit,resource_exhausted,resource_exhausted,False,False,False
exact_8e8ddbb652ae27ae,alps4141::alps_8e122962448b_to_Equation2,1,alps4141,alps4141::alps_8e122962448b_to_Equation2,memory_limit,resource_exhausted,resource_exhausted,False,False,False
exact_8edfd05d5ea54728,alps4141::alps_a5715b0e06d8_to_Equation2,1,alps4141,alps4141::alps_a5715b0e06d8_to_Equation2,memory_limit,resource_exhausted,resource_exhausted,False,False,False
exact_4ae5b98b85c91c55,alps4141::alps_762ce38fec7d_to_Equation2,1,alps4141,alps4141::alps_762ce38fec7d_to_Equation2,memory_limit,resource_exhausted,memory_limit,False,False,False
exact_54735b37d6ba6080,alps4141::alps_b392fa675654_to_Equation2,1,alps4141,alps4141::alps_b392fa675654_to_Equation2,memory_limit,resource_exhausted,resource_exhausted,False,False,False
exact_d2dd4feb1c2eaadc,alps4141::alps_64c551107cec_to_Equation2,1,alps4141,alps4141::alps_64c551107cec_to_Equation2,memory_limit,resource_exhausted,resource_exhausted,False,False,False
exact_900acf16e25a8dd7,alps4141::alps_206ee192cad4_to_Equation2,1,alps4141,alps4141::alps_206ee192cad4_to_Equation2,memory_limit,resource_exhausted,resource_exhausted,False,False,False
exact_dd5392056968e269,alps4141::alps_00103ddeb4e0_to_Equation2,1,alps4141,alps4141::alps_00103ddeb4e0_to_Equation2,memory_limit,resource_exhausted,memory_limit,False,False,False
exact_a053a81182143096,alps4141::alps_9dbfb527ccd7_to_Equation2,1,alps4141,alps4141::alps_9dbfb527ccd7_to_Equation2,memory_limit,resource_exhausted,resource_exhausted,False,False,False
exact_ba38a698e01194d4,alps4141::alps_57b5df4cf278_to_Equation2,1,alps4141,alps4141::alps_57b5df4cf278_to_Equation2,memory_limit,resource_exhausted,resource_exhausted,False,False,False
exact_698e2334cf265675,alps4141::alps_3ced5f169aeb_to_Equation2,1,alps4141,alps4141::alps_3ced5f169aeb_to_Equation2,memory_limit,resource_exhausted,resource_exhausted,False,False,False
exact_b263d08473e7a2c8,alps4141::alps_e4156384d7ee_to_Equation2,1,alps4141,alps4141::alps_e4156384d7ee_to_Equation2,memory_limit,resource_exhausted,resource_exhausted,False,False,False
exact_d83a05b6075924d8,alps4141::alps_93f61a1d3e5c_to_Equation2,1,alps4141,alps4141::alps_93f61a1d3e5c_to_Equation2,memory_limit,resource_exhausted,resource_exhausted,False,False,False
exact_87d24b090d8bf637,alps4141::alps_e97bb33a9548_to_Equation2,1,alps4141,alps4141::alps_e97bb33a9548_to_Equation2,memory_limit,resource_exhausted,resource_exhausted,False,False,False
exact_2d4a2a4841d8c6eb,alps4141::alps_96310d9f9ade_to_Equation2,1,alps4141,alps4141::alps_96310d9f9ade_to_Equation2,memory_limit,resource_exhausted,memory_limit,False,False,False
exact_dea216075484c0cb,alps4141::alps_711e4ebc42cb_to_Equation2,1,alps4141,alps4141::alps_711e4ebc42cb_to_Equation2,memory_limit,resource_exhausted,memory_limit,False,False,False
exact_6cb2000ea47a5d81,alps4141::alps_3aecf19e90a2_to_Equation2,1,alps4141,alps4141::alps_3aecf19e90a2_to_Equation2,memory_limit,resource_exhausted,resource_exhausted,False,False,False
exact_fdcec2a10d890ba6,alps4141::alps_344475945dc2_to_Equation2,1,alps4141,alps4141::alps_344475945dc2_to_Equation2,resource_exhausted,resource_exhausted,resource_exhausted,False,False,False
exact_052c79cdb2200238,alps4141::alps_22e3e2709248_to_Equation2,1,alps4141,alps4141::alps_22e3e2709248_to_Equation2,memory_limit,resource_exhausted,memory_limit,False,False,False
exact_bff9dc3627759943,alps4141::alps_c674448da7e9_to_Equation2,1,alps4141,alps4141::alps_c674448da7e9_to_Equation2,memory_limit,resource_exhausted,memory_limit,False,False,False
exact_e6b65eca39b3df55,alps4141::alps_23ba181675b9_to_Equation2,1,alps4141,alps4141::alps_23ba181675b9_to_Equation2,memory_limit,resource_exhausted,resource_exhausted,False,False,False
exact_440375e323577d76,alps4141::alps_335bc171bd21_to_Equation2,1,alps4141,alps4141::alps_335bc171bd21_to_Equation2,memory_limit,resource_exhausted,resource_exhausted,False,False,False
exact_2020a46c64514c9c,alps4141::alps_3a342d3229e5_to_Equation2,1,alps4141,alps4141::alps_3a342d3229e5_to_Equation2,memory_limit,resource_exhausted,resource_exhausted,False,False,False
exact_d439f0e8f3eae5e9,alps4141::alps_165068a71a9a_to_Equation2,1,alps4141,alps4141::alps_165068a71a9a_to_Equation2,completed_no_decisive_result,resource_exhausted,resource_exhausted,False,False,False
exact_5a729708e7b92354,alps4141::alps_a7b8cd78ae94_to_Equation2,1,alps4141,alps4141::alps_a7b8cd78ae94_to_Equation2,memory_limit,resource_exhausted,resource_exhausted,False,False,False
exact_34ee00e8d026b8a0,alps4141::alps_213e2ad80315_to_Equation2,1,alps4141,alps4141::alps_213e2ad80315_to_Equation2,memory_limit,resource_exhausted,memory_limit,False,False,False
exact_22d6f502b20bcdff,alps4141::alps_e1c755c4f0c2_to_Equation2,1,alps4141,alps4141::alps_e1c755c4f0c2_to_Equation2,memory_limit,resource_exhausted,resource_exhausted,False,False,False
exact_3e7be221b35a8a8c,alps4141::alps_a63709329031_to_Equation2,1,alps4141,alps4141::alps_a63709329031_to_Equation2,memory_limit,resource_exhausted,resource_exhausted,False,False,False
exact_6a2255a3ccf7cbab,alps4141::alps_060dba7ea57c_to_Equation2,1,alps4141,alps4141::alps_060dba7ea57c_to_Equation2,memory_limit,resource_exhausted,memory_limit,False,False,False
exact_4400afb18b103a52,alps4141::alps_555a140cc4d4_to_Equation2,1,alps4141,alps4141::alps_555a140cc4d4_to_Equation2,memory_limit,resource_exhausted,resource_exhausted,False,False,False
exact_0812b619277026d7,alps4141::alps_9e77f7eb0a92_to_Equation2,1,alps4141,alps4141::alps_9e77f7eb0a92_to_Equation2,memory_limit,resource_exhausted,resource_exhausted,False,False,False
exact_79a128b8b4e7f95f,alps4141::alps_08202c986ff9_to_Equation2,1,alps4141,alps4141::alps_08202c986ff9_to_Equation2,memory_limit,resource_exhausted,resource_exhausted,False,False,False
exact_dca0e093b71e88a7,alps4141::alps_886c4d7542e9_to_Equation2,1,alps4141,alps4141::alps_886c4d7542e9_to_Equation2,memory_limit,resource_exhausted,memory_limit,False,False,False
exact_638cf6f143cfc74d,alps4141::alps_f99df5e8eb0a_to_Equation2,1,alps4141,alps4141::alps_f99df5e8eb0a_to_Equation2,memory_limit,resource_exhausted,resource_exhausted,False,False,False
exact_4ec965032840b573,alps4141::alps_5331de742f10_to_Equation2,1,alps4141,alps4141::alps_5331de742f10_to_Equation2,memory_limit,resource_exhausted,resource_exhausted,False,False,False
exact_e0e61e1864c859df,alps4141::alps_4a69ff89ba87_to_Equation2,1,alps4141,alps4141::alps_4a69ff89ba87_to_Equation2,memory_limit,resource_exhausted,resource_exhausted,False,False,False
exact_bf2ac9f78b56ba88,alps4141::alps_2a323dd74e2c_to_Equation2,1,alps4141,alps4141::alps_2a323dd74e2c_to_Equation2,memory_limit,resource_exhausted,resource_exhausted,False,False,False
exact_5a614f3d29ca1644,alps4141::alps_34bf157ed205_to_Equation2,1,alps4141,alps4141::alps_34bf157ed205_to_Equation2,memory_limit,resource_exhausted,memory_limit,False,False,False
exact_46c62e141ddcb019,alps4141::alps_38659182bd31_to_Equation2,1,alps4141,alps4141::alps_38659182bd31_to_Equation2,memory_limit,resource_exhausted,resource_exhausted,False,False,False
exact_00f570a9db971052,alps4141::alps_114f541b40dc_to_Equation2,1,alps4141,alps4141::alps_114f541b40dc_to_Equation2,memory_limit,resource_exhausted,resource_exhausted,False,False,False
exact_ebc3651ea1c863dd,alps4141::alps_d380dca19499_to_Equation2,1,alps4141,alps4141::alps_d380dca19499_to_Equation2,memory_limit,resource_exhausted,memory_limit,False,False,False
exact_6daecd36a5e6cd11,alps4141::alps_180213e23a88_to_Equation2,1,alps4141,alps4141::alps_180213e23a88_to_Equation2,memory_limit,resource_exhausted,resource_exhausted,False,False,False
exact_ffcd81ffef2e2ec3,alps4141::alps_fc59e4d9abd0_to_Equation2,1,alps4141,alps4141::alps_fc59e4d9abd0_to_Equation2,memory_limit,resource_exhausted,memory_limit,False,False,False
exact_ecfa6938d1e37595,alps4141::alps_b7a99bdbad99_to_Equation2,1,alps4141,alps4141::alps_b7a99bdbad99_to_Equation2,memory_limit,resource_exhausted,resource_exhausted,False,False,False
exact_aedadbe340632f2f,alps4141::alps_bc6f38708f1c_to_Equation2,1,alps4141,alps4141::alps_bc6f38708f1c_to_Equation2,memory_limit,resource_exhausted,resource_exhausted,False,False,False
exact_ded328551c1da322,alps4141::alps_830e160e924f_to_Equation2,1,alps4141,alps4141::alps_830e160e924f_to_Equation2,memory_limit,resource_exhausted,memory_limit,False,False,False
exact_2f29c65409db18c8,alps4141::alps_c017599aeb85_to_Equation2,1,alps4141,alps4141::alps_c017599aeb85_to_Equation2,memory_limit,resource_exhausted,resource_exhausted,False,False,False
exact_59f92bfd78758f97,alps4141::alps_a6c12c605a90_to_Equation2,1,alps4141,alps4141::alps_a6c12c605a90_to_Equation2,resource_exhausted,resource_exhausted,resource_exhausted,False,False,False
exact_de73f34257a07f75,alps4141::alps_441ee822e5fb_to_Equation2,1,alps4141,alps4141::alps_441ee822e5fb_to_Equation2,resource_exhausted,resource_exhausted,resource_exhausted,False,False,False
exact_ebe72d4070ff882d,alps4141::alps_bdb834571203_to_Equation2,1,alps4141,alps4141::alps_bdb834571203_to_Equation2,memory_limit,resource_exhausted,resource_exhausted,False,False,False
exact_35e8fd6606779d1b,alps4141::alps_d8c982757329_to_Equation2,1,alps4141,alps4141::alps_d8c982757329_to_Equation2,memory_limit,resource_exhausted,resource_exhausted,False,False,False
exact_b9b68a5ef530c706,alps4141::alps_3f511e474d9a_to_Equation2,1,alps4141,alps4141::alps_3f511e474d9a_to_Equation2,memory_limit,resource_exhausted,resource_exhausted,False,False,False
exact_4433a01c03481d5d,alps4141::alps_5007135a76b8_to_Equation2,1,alps4141,alps4141::alps_5007135a76b8_to_Equation2,memory_limit,resource_exhausted,resource_exhausted,False,False,False
exact_424f4cf646715a0c,alps4141::alps_cdf4afce5782_to_Equation2,1,alps4141,alps4141::alps_cdf4afce5782_to_Equation2,memory_limit,resource_exhausted,resource_exhausted,False,False,False
exact_2412d9648a1a64f7,alps4141::alps_d65cf636c4eb_to_Equation2,1,alps4141,alps4141::alps_d65cf636c4eb_to_Equation2,memory_limit,resource_exhausted,resource_exhausted,False,False,False
exact_d326d439217bc265,alps4141::alps_74fcbd4689c7_to_Equation2,1,alps4141,alps4141::alps_74fcbd4689c7_to_Equation2,memory_limit,resource_exhausted,resource_exhausted,False,False,False
exact_2d5f84273eb5c7b6,alps4141::alps_e6deb29a1f7c_to_Equation2,1,alps4141,alps4141::alps_e6deb29a1f7c_to_Equation2,resource_exhausted,resource_exhausted,resource_exhausted,False,False,False
exact_a2199c65f4d43930,alps4141::alps_873bdbbde061_to_Equation2,1,alps4141,alps4141::alps_873bdbbde061_to_Equation2,memory_limit,resource_exhausted,resource_exhausted,False,False,False
exact_5bd8285dd9a9400f,alps4141::alps_225a43f51197_to_Equation2,1,alps4141,alps4141::alps_225a43f51197_to_Equation2,memory_limit,resource_exhausted,memory_limit,False,False,False
exact_c5b3f12f25e129a7,alps4141::alps_e5c4a1bc208e_to_Equation2,1,alps4141,alps4141::alps_e5c4a1bc208e_to_Equation2,memory_limit,resource_exhausted,memory_limit,False,False,False
exact_968fb7350e10460a,alps4141::alps_023cebe3fa08_to_Equation2,1,alps4141,alps4141::alps_023cebe3fa08_to_Equation2,memory_limit,resource_exhausted,memory_limit,False,False,False
exact_0ad38b3f58272189,alps4141::alps_c081e5f9597c_to_Equation2,1,alps4141,alps4141::alps_c081e5f9597c_to_Equation2,resource_exhausted,resource_exhausted,resource_exhausted,False,False,False
exact_0da679a5356693b3,alps4141::alps_3cc5db2858c7_to_Equation2,1,alps4141,alps4141::alps_3cc5db2858c7_to_Equation2,memory_limit,resource_exhausted,resource_exhausted,False,False,False
exact_9a4919611e41d138,alps4141::alps_7eac536d1932_to_Equation2,1,alps4141,alps4141::alps_7eac536d1932_to_Equation2,memory_limit,resource_exhausted,resource_exhausted,False,False,False
exact_83fde9d7e365ff3e,alps4141::alps_e23c119ebcba_to_Equation2,1,alps4141,alps4141::alps_e23c119ebcba_to_Equation2,memory_limit,resource_exhausted,resource_exhausted,False,False,False
exact_3a79ce61c7fb4012,alps4141::alps_5a32387cd8dc_to_Equation2,1,alps4141,alps4141::alps_5a32387cd8dc_to_Equation2,memory_limit,resource_exhausted,memory_limit,False,False,False
exact_cfe79ecc077db0d4,alps4141::alps_cce976c0fa2d_to_Equation2,1,alps4141,alps4141::alps_cce976c0fa2d_to_Equation2,memory_limit,resource_exhausted,memory_limit,False,False,False
exact_a732c525968d3e83,alps4141::alps_5be4746c9e5a_to_Equation2,1,alps4141,alps4141::alps_5be4746c9e5a_to_Equation2,memory_limit,resource_exhausted,memory_limit,False,False,False
exact_05654383dfbac351,alps4141::alps_6ddcad7e02d4_to_Equation2,1,alps4141,alps4141::alps_6ddcad7e02d4_to_Equation2,memory_limit,resource_exhausted,memory_limit,False,False,False
exact_2f6d11799330cfab,alps4141::alps_650c3cb48d6f_to_Equation2,1,alps4141,alps4141::alps_650c3cb48d6f_to_Equation2,memory_limit,resource_exhausted,resource_exhausted,False,False,False
exact_d86adcc87c4be514,alps4141::alps_bc3ee50885b0_to_Equation2,1,alps4141,alps4141::alps_bc3ee50885b0_to_Equation2,memory_limit,resource_exhausted,memory_limit,False,False,False
exact_73b816b461b683f0,alps4141::alps_fbf249fa6811_to_Equation2,1,alps4141,alps4141::alps_fbf249fa6811_to_Equation2,memory_limit,resource_exhausted,resource_exhausted,False,False,False
exact_3d9a91fc6685766b,alps4141::alps_0486dce3ccf3_to_Equation2,1,alps4141,alps4141::alps_0486dce3ccf3_to_Equation2,memory_limit,resource_exhausted,resource_exhausted,False,False,False
exact_b0a71cd3256e3d32,alps4141::alps_0e966e84b87c_to_Equation2,1,alps4141,alps4141::alps_0e966e84b87c_to_Equation2,memory_limit,resource_exhausted,resource_exhausted,False,False,False
exact_6770f0f6d1abb44b,alps4141::alps_be5f7ad70720_to_Equation2,1,alps4141,alps4141::alps_be5f7ad70720_to_Equation2,memory_limit,resource_exhausted,memory_limit,False,False,False
exact_d812a278dd860dc3,alps4141::alps_26bc57902185_to_Equation2,1,alps4141,alps4141::alps_26bc57902185_to_Equation2,memory_limit,resource_exhausted,resource_exhausted,False,False,False
exact_c2e9dc5305f83893,alps4141::alps_c73eba8adbf9_to_Equation2,1,alps4141,alps4141::alps_c73eba8adbf9_to_Equation2,memory_limit,resource_exhausted,memory_limit,False,False,False
exact_158ed4acb703a055,alps4141::alps_ad7cfad5f41c_to_Equation2,1,alps4141,alps4141::alps_ad7cfad5f41c_to_Equation2,memory_limit,resource_exhausted,resource_exhausted,False,False,False
exact_6fbaa081cd449a5c,alps4141::alps_3ae90fb26e80_to_Equation2,1,alps4141,alps4141::alps_3ae90fb26e80_to_Equation2,memory_limit,resource_exhausted,resource_exhausted,False,False,False
exact_926c4d33785e52f2,alps4141::alps_848738824acf_to_Equation2,1,alps4141,alps4141::alps_848738824acf_to_Equation2,memory_limit,resource_exhausted,resource_exhausted,False,False,False
exact_ce895e9f0c547810,alps4141::alps_eb24e3cac902_to_Equation2,1,alps4141,alps4141::alps_eb24e3cac902_to_Equation2,completed_no_decisive_result,resource_exhausted,memory_limit,False,False,False
exact_33ec83c21f43c521,alps4141::alps_f651d7a1a600_to_Equation2,1,alps4141,alps4141::alps_f651d7a1a600_to_Equation2,memory_limit,resource_exhausted,resource_exhausted,False,False,False
exact_332e25c7244c3d8e,alps4141::alps_7389089eaaf2_to_Equation2,1,alps4141,alps4141::alps_7389089eaaf2_to_Equation2,memory_limit,resource_exhausted,resource_exhausted,False,False,False
exact_a81134efda9b6992,alps4141::alps_411f907b239f_to_Equation2,1,alps4141,alps4141::alps_411f907b239f_to_Equation2,memory_limit,resource_exhausted,resource_exhausted,False,False,False
exact_b2778c77f73ede4d,alps4141::alps_eaffabe32366_to_Equation2,1,alps4141,alps4141::alps_eaffabe32366_to_Equation2,memory_limit,resource_exhausted,resource_exhausted,False,False,False
exact_0b94458d442752ab,alps4141::alps_63566609ab01_to_Equation2,1,alps4141,alps4141::alps_63566609ab01_to_Equation2,memory_limit,resource_exhausted,resource_exhausted,False,False,False
exact_df9cc92bfe466ae4,alps4141::alps_1344a457b289_to_Equation2,1,alps4141,alps4141::alps_1344a457b289_to_Equation2,completed_no_decisive_result,resource_exhausted,memory_limit,False,False,False
exact_e984f58aaff288e8,alps4141::alps_6974c56bf1c2_to_Equation2,1,alps4141,alps4141::alps_6974c56bf1c2_to_Equation2,memory_limit,resource_exhausted,resource_exhausted,False,False,False
exact_0e6b3b3f57c92b77,alps4141::alps_398eb94ada7f_to_Equation2,1,alps4141,alps4141::alps_398eb94ada7f_to_Equation2,memory_limit,resource_exhausted,resource_exhausted,False,False,False
exact_ea84461353388f77,alps4141::alps_6e298cf006da_to_Equation2,1,alps4141,alps4141::alps_6e298cf006da_to_Equation2,resource_exhausted,resource_exhausted,resource_exhausted,False,False,False
exact_54d21e0f3145d831,alps4141::alps_79c2bb140b93_to_Equation2,1,alps4141,alps4141::alps_79c2bb140b93_to_Equation2,memory_limit,resource_exhausted,resource_exhausted,False,False,False
exact_1307392b41faad54,alps4141::alps_aa8b0e47a546_to_Equation2,1,alps4141,alps4141::alps_aa8b0e47a546_to_Equation2,resource_exhausted,resource_exhausted,resource_exhausted,False,False,False
exact_6c7fcd11b9556435,alps4141::alps_34ed670de9f4_to_Equation2,1,alps4141,alps4141::alps_34ed670de9f4_to_Equation2,completed_no_decisive_result,resource_exhausted,resource_exhausted,False,False,False
exact_e07b86c0fef73a67,alps4141::alps_d15459fe6468_to_Equation2,1,alps4141,alps4141::alps_d15459fe6468_to_Equation2,memory_limit,resource_exhausted,resource_exhausted,False,False,False
exact_d6ecc988066aecf9,alps4141::alps_0270f038186d_to_Equation2,1,alps4141,alps4141::alps_0270f038186d_to_Equation2,completed_no_decisive_result,resource_exhausted,resource_exhausted,False,False,False
exact_c534da3cb6b9c2a6,alps4141::alps_92b30ef1771b_to_Equation2,1,alps4141,alps4141::alps_92b30ef1771b_to_Equation2,memory_limit,resource_exhausted,resource_exhausted,False,False,False
exact_0d4756f9c2298ea6,alps4141::alps_58f7c3e22a6b_to_Equation2,1,alps4141,alps4141::alps_58f7c3e22a6b_to_Equation2,memory_limit,resource_exhausted,memory_limit,False,False,False
exact_e0b9030726b5f91c,alps4141::alps_a5aed2f0581c_to_Equation2,1,alps4141,alps4141::alps_a5aed2f0581c_to_Equation2,memory_limit,resource_exhausted,memory_limit,False,False,False
exact_a7dd9effd6909cc6,alps4141::alps_6d4e36b93320_to_Equation2,1,alps4141,alps4141::alps_6d4e36b93320_to_Equation2,memory_limit,resource_exhausted,resource_exhausted,False,False,False
exact_96a1f7ceada647a7,alps4141::alps_406096e855e7_to_Equation2,1,alps4141,alps4141::alps_406096e855e7_to_Equation2,memory_limit,resource_exhausted,resource_exhausted,False,False,False
exact_51234f4ad8e41249,alps4141::alps_0e6eb7a302fb_to_Equation2,1,alps4141,alps4141::alps_0e6eb7a302fb_to_Equation2,memory_limit,resource_exhausted,resource_exhausted,False,False,False
exact_584ac5483c3dd3f4,alps4141::alps_8f251d31fe7a_to_Equation2,1,alps4141,alps4141::alps_8f251d31fe7a_to_Equation2,memory_limit,resource_exhausted,resource_exhausted,False,False,False
exact_8952a64ff674c860,alps4141::alps_fffda6bfb45c_to_Equation2,1,alps4141,alps4141::alps_fffda6bfb45c_to_Equation2,memory_limit,resource_exhausted,resource_exhausted,False,False,False
exact_1cff65476b5b9852,alps4141::alps_2d684fc37892_to_Equation2,1,alps4141,alps4141::alps_2d684fc37892_to_Equation2,memory_limit,resource_exhausted,resource_exhausted,False,False,False
exact_0ce6052b7df10deb,alps4141::alps_2c1c63ebb580_to_Equation2,1,alps4141,alps4141::alps_2c1c63ebb580_to_Equation2,memory_limit,resource_exhausted,resource_exhausted,False,False,False
exact_7b2038a81206dc62,alps4141::alps_a1648a300e3f_to_Equation2,1,alps4141,alps4141::alps_a1648a300e3f_to_Equation2,memory_limit,resource_exhausted,resource_exhausted,False,False,False
exact_9b9de2a4857039d3,alps4141::alps_2b5ff6ecc624_to_Equation2,1,alps4141,alps4141::alps_2b5ff6ecc624_to_Equation2,memory_limit,resource_exhausted,resource_exhausted,False,False,False
exact_90e2950ba027e8a6,alps4141::alps_5d904dcc85c6_to_Equation2,1,alps4141,alps4141::alps_5d904dcc85c6_to_Equation2,resource_exhausted,resource_exhausted,resource_exhausted,False,False,False
exact_b919b9351662c7fd,alps4141::alps_2b51b9ef4ec4_to_Equation2,1,alps4141,alps4141::alps_2b51b9ef4ec4_to_Equation2,completed_no_decisive_result,resource_exhausted,memory_limit,False,False,False
exact_b194963130b6a5e9,alps4141::alps_12a922f416c4_to_Equation2,1,alps4141,alps4141::alps_12a922f416c4_to_Equation2,completed_no_decisive_result,resource_exhausted,memory_limit,False,False,False
exact_c11b0343feded6ca,alps4141::alps_d21f17177b6b_to_Equation2,1,alps4141,alps4141::alps_d21f17177b6b_to_Equation2,resource_exhausted,resource_exhausted,resource_exhausted,False,False,False
exact_3bd28cdc0b5f2d85,alps4141::alps_e327bf47d992_to_Equation2,1,alps4141,alps4141::alps_e327bf47d992_to_Equation2,completed_no_decisive_result,resource_exhausted,memory_limit,False,False,False
exact_426057b294014387,alps4141::alps_698b0e39faa0_to_Equation2,1,alps4141,alps4141::alps_698b0e39faa0_to_Equation2,memory_limit,resource_exhausted,resource_exhausted,False,False,False
exact_d854b6e7c0088133,alps4141::alps_3b37469900eb_to_Equation2,1,alps4141,alps4141::alps_3b37469900eb_to_Equation2,completed_no_decisive_result,resource_exhausted,memory_limit,False,False,False
exact_946cc532043bb086,alps4141::alps_d32b9a62325d_to_Equation2,1,alps4141,alps4141::alps_d32b9a62325d_to_Equation2,memory_limit,resource_exhausted,resource_exhausted,False,False,False
exact_e000c4cf0ac12176,alps4141::alps_111fb4c2c46e_to_Equation2,1,alps4141,alps4141::alps_111fb4c2c46e_to_Equation2,memory_limit,resource_exhausted,resource_exhausted,False,False,False
exact_d45d92dab3bcfe6e,alps4141::alps_5bcb103ed8a4_to_Equation2,1,alps4141,alps4141::alps_5bcb103ed8a4_to_Equation2,memory_limit,resource_exhausted,memory_limit,False,False,False
exact_75ebd8381f4118d5,alps4141::alps_29657d490ba8_to_Equation2,1,alps4141,alps4141::alps_29657d490ba8_to_Equation2,memory_limit,resource_exhausted,resource_exhausted,False,False,False
exact_6b4221e8445d0ea0,alps4141::alps_2ee2d4a4a14b_to_Equation2,1,alps4141,alps4141::alps_2ee2d4a4a14b_to_Equation2,memory_limit,resource_exhausted,resource_exhausted,False,False,False
exact_cbe7ea47530fa275,alps4141::alps_00447f0e06c3_to_Equation2,1,alps4141,alps4141::alps_00447f0e06c3_to_Equation2,memory_limit,resource_exhausted,resource_exhausted,False,False,False
exact_12a3039735968b28,alps4141::alps_7516379519dc_to_Equation2,1,alps4141,alps4141::alps_7516379519dc_to_Equation2,memory_limit,resource_exhausted,resource_exhausted,False,False,False
exact_3b7c4aefa450e66b,alps4141::alps_adfc389c436b_to_Equation2,1,alps4141,alps4141::alps_adfc389c436b_to_Equation2,memory_limit,resource_exhausted,memory_limit,False,False,False
exact_ce1dddeda04f5991,alps4141::alps_1a92a492d810_to_Equation2,1,alps4141,alps4141::alps_1a92a492d810_to_Equation2,memory_limit,resource_exhausted,memory_limit,False,False,False
exact_a7be947cda6da459,alps4141::alps_6592e574d899_to_Equation2,1,alps4141,alps4141::alps_6592e574d899_to_Equation2,memory_limit,resource_exhausted,resource_exhausted,False,False,False
exact_a96e593e02d22c3c,alps4141::alps_c4b7bd7bf29c_to_Equation2,1,alps4141,alps4141::alps_c4b7bd7bf29c_to_Equation2,resource_exhausted,resource_exhausted,resource_exhausted,False,False,False
exact_76bc1402e11d5a03,alps4141::alps_9e7e907c87df_to_Equation2,1,alps4141,alps4141::alps_9e7e907c87df_to_Equation2,memory_limit,resource_exhausted,resource_exhausted,False,False,False
exact_3d27735b71ecaeed,alps4141::alps_96496f087460_to_Equation2,1,alps4141,alps4141::alps_96496f087460_to_Equation2,memory_limit,resource_exhausted,memory_limit,False,False,False
exact_3a29e8757ba7e964,alps4141::alps_c719f54a2b97_to_Equation2,1,alps4141,alps4141::alps_c719f54a2b97_to_Equation2,memory_limit,resource_exhausted,memory_limit,False,False,False
exact_536a903eba92f61b,alps4141::alps_75364452c7ec_to_Equation2,1,alps4141,alps4141::alps_75364452c7ec_to_Equation2,memory_limit,resource_exhausted,resource_exhausted,False,False,False
exact_441e2db65a0a9256,alps4141::alps_734b644ee4ba_to_Equation2,1,alps4141,alps4141::alps_734b644ee4ba_to_Equation2,memory_limit,resource_exhausted,memory_limit,False,False,False
exact_d8fc3425af2d5d21,alps4141::alps_df9214f1811b_to_Equation2,1,alps4141,alps4141::alps_df9214f1811b_to_Equation2,memory_limit,resource_exhausted,resource_exhausted,False,False,False
exact_409fc41da500cf4d,alps4141::alps_33ca1f94e6e2_to_Equation2,1,alps4141,alps4141::alps_33ca1f94e6e2_to_Equation2,memory_limit,resource_exhausted,memory_limit,False,False,False
exact_e4cb0761d17af24d,alps4141::alps_5483f3e79804_to_Equation2,1,alps4141,alps4141::alps_5483f3e79804_to_Equation2,memory_limit,resource_exhausted,memory_limit,False,False,False
exact_05f267fc37b155aa,alps4141::alps_324ed69e8404_to_Equation2,1,alps4141,alps4141::alps_324ed69e8404_to_Equation2,memory_limit,resource_exhausted,resource_exhausted,False,False,False
exact_637340732c4f3315,alps4141::alps_47f0f2fc18d5_to_Equation2,1,alps4141,alps4141::alps_47f0f2fc18d5_to_Equation2,memory_limit,resource_exhausted,resource_exhausted,False,False,False
exact_0b26a596eda78d58,alps4141::alps_7cf4d0d507ce_to_Equation2,1,alps4141,alps4141::alps_7cf4d0d507ce_to_Equation2,memory_limit,resource_exhausted,memory_limit,False,False,False
exact_7a57fb137c5ecf0d,alps4141::alps_9a564c361628_to_Equation2,1,alps4141,alps4141::alps_9a564c361628_to_Equation2,memory_limit,resource_exhausted,resource_exhausted,False,False,False
exact_0898c4b02d30ed23,alps4141::alps_a7378b9a9d30_to_Equation2,1,alps4141,alps4141::alps_a7378b9a9d30_to_Equation2,memory_limit,resource_exhausted,memory_limit,False,False,False
exact_f243aed40c1fee18,alps4141::alps_19274613ba03_to_Equation2,1,alps4141,alps4141::alps_19274613ba03_to_Equation2,memory_limit,resource_exhausted,memory_limit,False,False,False
exact_fb6a59de61fbc0c9,alps4141::alps_b27075631042_to_Equation2,1,alps4141,alps4141::alps_b27075631042_to_Equation2,memory_limit,resource_exhausted,memory_limit,False,False,False
exact_12f0feb91ce853e8,alps4141::alps_374cdd16c170_to_Equation2,1,alps4141,alps4141::alps_374cdd16c170_to_Equation2,memory_limit,resource_exhausted,resource_exhausted,False,False,False
exact_b2784756161d1203,alps4141::alps_1b8bfed1845f_to_Equation2,1,alps4141,alps4141::alps_1b8bfed1845f_to_Equation2,memory_limit,resource_exhausted,resource_exhausted,False,False,False
exact_cd49eb037571385a,alps4141::alps_31834d0293f6_to_Equation2,1,alps4141,alps4141::alps_31834d0293f6_to_Equation2,memory_limit,resource_exhausted,resource_exhausted,False,False,False
exact_00d6ed5bce89bbd5,alps4141::alps_dde66d2da64a_to_Equation2,1,alps4141,alps4141::alps_dde66d2da64a_to_Equation2,memory_limit,resource_exhausted,resource_exhausted,False,False,False
exact_ee53284a9403c3ac,alps4141::alps_25803824a415_to_Equation2,1,alps4141,alps4141::alps_25803824a415_to_Equation2,memory_limit,resource_exhausted,memory_limit,False,False,False
exact_1dcb6c9298129425,alps4141::alps_8018a7ff77c3_to_Equation2,1,alps4141,alps4141::alps_8018a7ff77c3_to_Equation2,memory_limit,resource_exhausted,resource_exhausted,False,False,False
exact_05613a252b2832a3,alps4141::alps_c190df221440_to_Equation2,1,alps4141,alps4141::alps_c190df221440_to_Equation2,memory_limit,resource_exhausted,resource_exhausted,False,False,False
exact_e0576a0d2335c5b7,alps4141::alps_f9a891ec2aff_to_Equation2,1,alps4141,alps4141::alps_f9a891ec2aff_to_Equation2,memory_limit,resource_exhausted,resource_exhausted,False,False,False
exact_0bceed0cfba3bd1b,alps4141::alps_47965b4922b5_to_Equation2,1,alps4141,alps4141::alps_47965b4922b5_to_Equation2,memory_limit,resource_exhausted,resource_exhausted,False,False,False
exact_7e898d4409026748,alps4141::alps_8c719d4c560b_to_Equation2,1,alps4141,alps4141::alps_8c719d4c560b_to_Equation2,memory_limit,resource_exhausted,resource_exhausted,False,False,False
exact_559ad86cab7fdb85,alps4141::alps_dd0a1358e580_to_Equation2,1,alps4141,alps4141::alps_dd0a1358e580_to_Equation2,memory_limit,resource_exhausted,resource_exhausted,False,False,False
exact_5f21f436204f5cde,alps4141::alps_1eadc334d097_to_Equation2,1,alps4141,alps4141::alps_1eadc334d097_to_Equation2,memory_limit,resource_exhausted,resource_exhausted,False,False,False
exact_466f7d42140909ce,alps4141::alps_3abffca4ce5f_to_Equation2,1,alps4141,alps4141::alps_3abffca4ce5f_to_Equation2,memory_limit,resource_exhausted,resource_exhausted,False,False,False
exact_db88e1ccf3ac3f4b,alps4141::alps_a8ba6ee363e4_to_Equation2,1,alps4141,alps4141::alps_a8ba6ee363e4_to_Equation2,memory_limit,resource_exhausted,resource_exhausted,False,False,False
exact_bc7382a95c18a134,alps4141::alps_32251c696936_to_Equation2,1,alps4141,alps4141::alps_32251c696936_to_Equation2,memory_limit,resource_exhausted,resource_exhausted,False,False,False
exact_bcfba84d05c777dc,alps4141::alps_91c672de595d_to_Equation2,1,alps4141,alps4141::alps_91c672de595d_to_Equation2,memory_limit,resource_exhausted,resource_exhausted,False,False,False
exact_27ca3e4c1d673cb7,alps4141::alps_826c155f5e90_to_Equation2,1,alps4141,alps4141::alps_826c155f5e90_to_Equation2,memory_limit,resource_exhausted,resource_exhausted,False,False,False
exact_27c3f10481945cf6,alps4141::alps_af5a36ecd412_to_Equation2,1,alps4141,alps4141::alps_af5a36ecd412_to_Equation2,resource_exhausted,resource_exhausted,resource_exhausted,False,False,False
exact_42eaeed018fe3408,alps4141::alps_e9ed6b26308a_to_Equation2,1,alps4141,alps4141::alps_e9ed6b26308a_to_Equation2,memory_limit,resource_exhausted,memory_limit,False,False,False
exact_68f964f42710324f,alps4141::alps_3d061b0e96c8_to_Equation2,1,alps4141,alps4141::alps_3d061b0e96c8_to_Equation2,memory_limit,resource_exhausted,memory_limit,False,False,False
exact_b35c78983b9c26b5,alps4141::alps_b522b6a2c119_to_Equation2,1,alps4141,alps4141::alps_b522b6a2c119_to_Equation2,memory_limit,resource_exhausted,memory_limit,False,False,False
exact_a4c8438606661a8d,alps4141::alps_d79610c3ca26_to_Equation2,1,alps4141,alps4141::alps_d79610c3ca26_to_Equation2,memory_limit,resource_exhausted,resource_exhausted,False,False,False
exact_b1fc976547efab80,alps4141::alps_9bf4a4cc95c2_to_Equation2,1,alps4141,alps4141::alps_9bf4a4cc95c2_to_Equation2,memory_limit,resource_exhausted,memory_limit,False,False,False
exact_550b2f5b238373a5,alps4141::alps_25fb5f78ba74_to_Equation2,1,alps4141,alps4141::alps_25fb5f78ba74_to_Equation2,memory_limit,resource_exhausted,resource_exhausted,False,False,False
exact_da26d74af3ecf29d,alps4141::alps_3782ec99d661_to_Equation2,1,alps4141,alps4141::alps_3782ec99d661_to_Equation2,memory_limit,resource_exhausted,memory_limit,False,False,False
exact_2ccf3b3b040cf905,alps4141::alps_4737cb5ca781_to_Equation2,1,alps4141,alps4141::alps_4737cb5ca781_to_Equation2,memory_limit,resource_exhausted,resource_exhausted,False,False,False
exact_4729948dfcb5d322,alps4141::alps_85e6359488a3_to_Equation2,1,alps4141,alps4141::alps_85e6359488a3_to_Equation2,completed_no_decisive_result,resource_exhausted,memory_limit,False,False,False
exact_61a773c8014af0dc,alps4141::alps_ed894872b299_to_Equation2,1,alps4141,alps4141::alps_ed894872b299_to_Equation2,memory_limit,resource_exhausted,memory_limit,False,False,False
exact_51e0b1f8e8781a7f,alps4141::alps_32ef7d89112c_to_Equation2,1,alps4141,alps4141::alps_32ef7d89112c_to_Equation2,memory_limit,resource_exhausted,resource_exhausted,False,False,False
exact_b4072b86c2287bf7,alps4141::alps_8e8d91fd9612_to_Equation2,1,alps4141,alps4141::alps_8e8d91fd9612_to_Equation2,memory_limit,resource_exhausted,resource_exhausted,False,False,False
exact_b824b68f251b5fe3,alps4141::alps_39800d4d6e33_to_Equation2,1,alps4141,alps4141::alps_39800d4d6e33_to_Equation2,completed_no_decisive_result,resource_exhausted,resource_exhausted,False,False,False
exact_3e3e3b904b11645d,alps4141::alps_5c7879a8de19_to_Equation2,1,alps4141,alps4141::alps_5c7879a8de19_to_Equation2,memory_limit,resource_exhausted,resource_exhausted,False,False,False
exact_7f7749c0bbe2aa08,alps4141::alps_c5a7656f66dd_to_Equation2,1,alps4141,alps4141::alps_c5a7656f66dd_to_Equation2,completed_no_decisive_result,resource_exhausted,memory_limit,False,False,False
exact_f003d9fcb91bab26,alps4141::alps_85683a4169a6_to_Equation2,1,alps4141,alps4141::alps_85683a4169a6_to_Equation2,completed_no_decisive_result,resource_exhausted,resource_exhausted,False,False,False
exact_b0f876817e4a40fc,alps4141::alps_1da1577e2f8a_to_Equation2,1,alps4141,alps4141::alps_1da1577e2f8a_to_Equation2,resource_exhausted,resource_exhausted,resource_exhausted,False,False,False
exact_00846f2f1f1dcf2f,alps4141::alps_12325f52d744_to_Equation2,1,alps4141,alps4141::alps_12325f52d744_to_Equation2,memory_limit,resource_exhausted,resource_exhausted,False,False,False
exact_be79567105bbbe78,alps4141::alps_ffb0b63042fb_to_Equation2,1,alps4141,alps4141::alps_ffb0b63042fb_to_Equation2,memory_limit,resource_exhausted,resource_exhausted,False,False,False
exact_dc958cafedd7d5ae,alps4141::alps_b95865f2f125_to_Equation2,1,alps4141,alps4141::alps_b95865f2f125_to_Equation2,memory_limit,resource_exhausted,resource_exhausted,False,False,False
exact_a02655662bea1259,alps4141::alps_eebf498e48d9_to_Equation2,1,alps4141,alps4141::alps_eebf498e48d9_to_Equation2,memory_limit,resource_exhausted,resource_exhausted,False,False,False
exact_14142bbdb0f3d3d6,alps4141::alps_094410737266_to_Equation2,1,alps4141,alps4141::alps_094410737266_to_Equation2,memory_limit,resource_exhausted,resource_exhausted,False,False,False
exact_8b9738268800fa30,alps4141::alps_f92e8baebddb_to_Equation2,1,alps4141,alps4141::alps_f92e8baebddb_to_Equation2,memory_limit,resource_exhausted,resource_exhausted,False,False,False
exact_21b7756eff708253,alps4141::alps_d4c17af92309_to_Equation2,1,alps4141,alps4141::alps_d4c17af92309_to_Equation2,memory_limit,resource_exhausted,memory_limit,False,False,False
exact_c9b95d903128ed61,alps4141::alps_a6c94d6e51ff_to_Equation2,1,alps4141,alps4141::alps_a6c94d6e51ff_to_Equation2,memory_limit,resource_exhausted,resource_exhausted,False,False,False
exact_4c2b329e5923ef00,alps4141::alps_2a4f535e789f_to_Equation2,1,alps4141,alps4141::alps_2a4f535e789f_to_Equation2,resource_exhausted,resource_exhausted,resource_exhausted,False,False,False
exact_4a692560b51fb6bd,alps4141::alps_c2bb3ecb5f94_to_Equation2,1,alps4141,alps4141::alps_c2bb3ecb5f94_to_Equation2,memory_limit,resource_exhausted,resource_exhausted,False,False,False
exact_bd41ae0c13ed7f61,alps4141::alps_7330e5b8468d_to_Equation2,1,alps4141,alps4141::alps_7330e5b8468d_to_Equation2,resource_exhausted,resource_exhausted,resource_exhausted,False,False,False
exact_85397ed6b50b3a38,alps4141::alps_f3b6d9c18285_to_Equation2,1,alps4141,alps4141::alps_f3b6d9c18285_to_Equation2,memory_limit,resource_exhausted,resource_exhausted,False,False,False
exact_7ef1cbd13c7b1954,alps4141::alps_9ab4271a0322_to_Equation2,1,alps4141,alps4141::alps_9ab4271a0322_to_Equation2,memory_limit,resource_exhausted,resource_exhausted,False,False,False
exact_b2cbd99a5f946d10,alps4141::alps_79ed04432bea_to_Equation2,1,alps4141,alps4141::alps_79ed04432bea_to_Equation2,memory_limit,resource_exhausted,memory_limit,False,False,False
exact_68046bbe1f2f6ba4,alps4141::alps_4e8140ff4e7b_to_Equation2,1,alps4141,alps4141::alps_4e8140ff4e7b_to_Equation2,completed_no_decisive_result,resource_exhausted,memory_limit,False,False,False
exact_46f3698f207a4d4e,alps4141::alps_8e020404b093_to_Equation2,1,alps4141,alps4141::alps_8e020404b093_to_Equation2,memory_limit,resource_exhausted,memory_limit,False,False,False
exact_e31648933fa91404,alps4141::alps_55ed25040351_to_Equation2,1,alps4141,alps4141::alps_55ed25040351_to_Equation2,resource_exhausted,resource_exhausted,resource_exhausted,False,False,False
exact_8c80e75b88a41971,alps4141::alps_f017d50064f9_to_Equation2,1,alps4141,alps4141::alps_f017d50064f9_to_Equation2,resource_exhausted,resource_exhausted,resource_exhausted,False,False,False
exact_fe3d9d7c2e26f916,alps4141::alps_87cbd77414ad_to_Equation2,1,alps4141,alps4141::alps_87cbd77414ad_to_Equation2,resource_exhausted,resource_exhausted,resource_exhausted,False,False,False
exact_ce10c2921f98a8bb,alps4141::alps_e8a2c72f89e9_to_Equation2,1,alps4141,alps4141::alps_e8a2c72f89e9_to_Equation2,memory_limit,resource_exhausted,resource_exhausted,False,False,False
exact_636b16384969257e,alps4141::alps_7fe8454dd56b_to_Equation2,1,alps4141,alps4141::alps_7fe8454dd56b_to_Equation2,memory_limit,resource_exhausted,resource_exhausted,False,False,False
exact_29b396e2400242ae,alps4141::alps_bfa91ebfcf2b_to_Equation2,1,alps4141,alps4141::alps_bfa91ebfcf2b_to_Equation2,memory_limit,resource_exhausted,memory_limit,False,False,False
exact_e565960621a73cab,alps4141::alps_6387fe5188f3_to_Equation2,1,alps4141,alps4141::alps_6387fe5188f3_to_Equation2,resource_exhausted,resource_exhausted,memory_limit,False,False,False
exact_61a1026f2aec2624,alps4141::alps_c30ba9be21f5_to_Equation2,1,alps4141,alps4141::alps_c30ba9be21f5_to_Equation2,completed_no_decisive_result,resource_exhausted,memory_limit,False,False,False
exact_226ee0c61c191528,alps4141::alps_af395519b555_to_Equation2,1,alps4141,alps4141::alps_af395519b555_to_Equation2,memory_limit,resource_exhausted,resource_exhausted,False,False,False
exact_fb62b88f43b3c719,alps4141::alps_2a62c5da70e5_to_Equation2,1,alps4141,alps4141::alps_2a62c5da70e5_to_Equation2,resource_exhausted,resource_exhausted,resource_exhausted,False,False,False
exact_4bcd62d8f0a815d3,alps4141::alps_4af891b01888_to_Equation2,1,alps4141,alps4141::alps_4af891b01888_to_Equation2,memory_limit,resource_exhausted,resource_exhausted,False,False,False
exact_77e8d88ed442f77b,alps4141::alps_33cea6ca8c02_to_Equation2,1,alps4141,alps4141::alps_33cea6ca8c02_to_Equation2,resource_exhausted,resource_exhausted,resource_exhausted,False,False,False
exact_dc2e2c1b878cfc88,alps4141::alps_090d3d19f8f5_to_Equation2,1,alps4141,alps4141::alps_090d3d19f8f5_to_Equation2,memory_limit,resource_exhausted,resource_exhausted,False,False,False
exact_af5583c5c85a81f1,alps4141::alps_1e034f3eaa53_to_Equation2,1,alps4141,alps4141::alps_1e034f3eaa53_to_Equation2,memory_limit,resource_exhausted,resource_exhausted,False,False,False
exact_8c8c9d25ed115633,alps4141::alps_e37881f78193_to_Equation2,1,alps4141,alps4141::alps_e37881f78193_to_Equation2,memory_limit,resource_exhausted,resource_exhausted,False,False,False
exact_6d740e3d624bacfb,alps4141::alps_6726ebdc2ac1_to_Equation2,1,alps4141,alps4141::alps_6726ebdc2ac1_to_Equation2,memory_limit,resource_exhausted,resource_exhausted,False,False,False
exact_ca5d2473b14ba28d,alps4141::alps_20599ce8fbb0_to_Equation2,1,alps4141,alps4141::alps_20599ce8fbb0_to_Equation2,memory_limit,resource_exhausted,resource_exhausted,False,False,False
exact_d8b329c0b4ddc47e,alps4141::alps_f4a5e2fcd3ad_to_Equation2,1,alps4141,alps4141::alps_f4a5e2fcd3ad_to_Equation2,memory_limit,resource_exhausted,resource_exhausted,False,False,False
exact_02b7c76727a1e8df,alps4141::alps_bf7536a6e3e8_to_Equation2,1,alps4141,alps4141::alps_bf7536a6e3e8_to_Equation2,memory_limit,resource_exhausted,resource_exhausted,False,False,False
exact_218a5b8b3ac43204,alps4141::alps_284f14ecb868_to_Equation2,1,alps4141,alps4141::alps_284f14ecb868_to_Equation2,memory_limit,resource_exhausted,resource_exhausted,False,False,False
exact_a6c08f07ca380155,alps4141::alps_46a955bbe7ec_to_Equation2,1,alps4141,alps4141::alps_46a955bbe7ec_to_Equation2,memory_limit,resource_exhausted,resource_exhausted,False,False,False
exact_e6e92da7c1fad509,alps4141::alps_629192c48fc0_to_Equation2,1,alps4141,alps4141::alps_629192c48fc0_to_Equation2,resource_exhausted,resource_exhausted,resource_exhausted,False,False,False
exact_7cb4edc7cbc47b1d,alps4141::alps_dd1900534869_to_Equation2,1,alps4141,alps4141::alps_dd1900534869_to_Equation2,memory_limit,resource_exhausted,resource_exhausted,False,False,False
exact_9365d28c3f7c0c2a,alps4141::alps_48329ddca6c7_to_Equation2,1,alps4141,alps4141::alps_48329ddca6c7_to_Equation2,memory_limit,resource_exhausted,resource_exhausted,False,False,False
exact_bbf5df0ce789395d,alps4141::alps_0d516a2121d8_to_Equation2,1,alps4141,alps4141::alps_0d516a2121d8_to_Equation2,memory_limit,resource_exhausted,resource_exhausted,False,False,False
exact_b6f928e4d0d67f38,alps4141::alps_52c3c7c78785_to_Equation2,1,alps4141,alps4141::alps_52c3c7c78785_to_Equation2,memory_limit,resource_exhausted,resource_exhausted,False,False,False
exact_ff4256ab3c26bc43,alps4141::alps_ae5a09209449_to_Equation2,1,alps4141,alps4141::alps_ae5a09209449_to_Equation2,memory_limit,resource_exhausted,resource_exhausted,False,False,False
exact_e24416ab2cdd1e45,alps4141::alps_04e1dce455c7_to_Equation2,1,alps4141,alps4141::alps_04e1dce455c7_to_Equation2,memory_limit,resource_exhausted,memory_limit,False,False,False
exact_e35f2b2e795ac02e,alps4141::alps_4a17daeed3e2_to_Equation2,1,alps4141,alps4141::alps_4a17daeed3e2_to_Equation2,memory_limit,resource_exhausted,memory_limit,False,False,False
exact_69433dbea2b5788d,alps4141::alps_3d464656da66_to_Equation2,1,alps4141,alps4141::alps_3d464656da66_to_Equation2,memory_limit,resource_exhausted,resource_exhausted,False,False,False
exact_75502dd7f35da314,alps4141::alps_574a785d0884_to_Equation2,1,alps4141,alps4141::alps_574a785d0884_to_Equation2,memory_limit,resource_exhausted,resource_exhausted,False,False,False
exact_4d78aa5660525084,alps4141::alps_5fd913a5cd1b_to_Equation2,1,alps4141,alps4141::alps_5fd913a5cd1b_to_Equation2,memory_limit,resource_exhausted,resource_exhausted,False,False,False
exact_f25083b2a4af1477,alps4141::alps_4384e5efb276_to_Equation2,1,alps4141,alps4141::alps_4384e5efb276_to_Equation2,resource_exhausted,resource_exhausted,resource_exhausted,False,False,False
exact_0ea922d2d084bd36,alps4141::alps_44e395061ce7_to_Equation2,1,alps4141,alps4141::alps_44e395061ce7_to_Equation2,memory_limit,resource_exhausted,resource_exhausted,False,False,False
exact_ce528bd234d2284c,alps4141::alps_14eb8a1d09ba_to_Equation2,1,alps4141,alps4141::alps_14eb8a1d09ba_to_Equation2,resource_exhausted,resource_exhausted,resource_exhausted,False,False,False
exact_10f116f165dc64ca,alps4141::alps_f91274bdb4c5_to_Equation2,1,alps4141,alps4141::alps_f91274bdb4c5_to_Equation2,memory_limit,resource_exhausted,memory_limit,False,False,False
exact_0b3be2deecbec838,alps4141::alps_78e17894a79e_to_Equation2,1,alps4141,alps4141::alps_78e17894a79e_to_Equation2,memory_limit,resource_exhausted,resource_exhausted,False,False,False
exact_55c41de6a39338c0,alps4141::alps_adee25a767cc_to_Equation2,1,alps4141,alps4141::alps_adee25a767cc_to_Equation2,memory_limit,resource_exhausted,resource_exhausted,False,False,False
exact_d035f0183757b9cb,alps4141::alps_55489c695c37_to_Equation2,1,alps4141,alps4141::alps_55489c695c37_to_Equation2,resource_exhausted,resource_exhausted,memory_limit,False,False,False
exact_d5983fbe4bda2b66,alps4141::alps_70d5854d5ba4_to_Equation2,1,alps4141,alps4141::alps_70d5854d5ba4_to_Equation2,memory_limit,resource_exhausted,memory_limit,False,False,False
exact_788facd0880c89ed,alps4141::alps_bdbc28027dc3_to_Equation2,1,alps4141,alps4141::alps_bdbc28027dc3_to_Equation2,memory_limit,resource_exhausted,resource_exhausted,False,False,False
exact_c932279c564a585b,alps4141::alps_0216c0b93a17_to_Equation2,1,alps4141,alps4141::alps_0216c0b93a17_to_Equation2,memory_limit,resource_exhausted,resource_exhausted,False,False,False
exact_87d5a1ecd901b901,alps4141::alps_161a924b8dd7_to_Equation2,1,alps4141,alps4141::alps_161a924b8dd7_to_Equation2,memory_limit,resource_exhausted,memory_limit,False,False,False
exact_69aa3e376ea8a0db,alps4141::alps_9117b54e1605_to_Equation2,1,alps4141,alps4141::alps_9117b54e1605_to_Equation2,memory_limit,resource_exhausted,resource_exhausted,False,False,False
exact_1f5aa2e9f0494ae1,alps4141::alps_5990e66a263f_to_Equation2,1,alps4141,alps4141::alps_5990e66a263f_to_Equation2,memory_limit,resource_exhausted,resource_exhausted,False,False,False
exact_916b48e8bdc052eb,alps4141::alps_ea3b0ccfe43e_to_Equation2,1,alps4141,alps4141::alps_ea3b0ccfe43e_to_Equation2,resource_exhausted,resource_exhausted,resource_exhausted,False,False,False
exact_ed9e152cfb0387ea,alps4141::alps_522215c6e3aa_to_Equation2,1,alps4141,alps4141::alps_522215c6e3aa_to_Equation2,memory_limit,resource_exhausted,memory_limit,False,False,False
exact_9a024037872bc830,alps4141::alps_14b242fd8bf8_to_Equation2,1,alps4141,alps4141::alps_14b242fd8bf8_to_Equation2,memory_limit,resource_exhausted,resource_exhausted,False,False,False
exact_4ab4ff958661b949,alps4141::alps_89b951758f7c_to_Equation2,1,alps4141,alps4141::alps_89b951758f7c_to_Equation2,memory_limit,resource_exhausted,resource_exhausted,False,False,False
exact_7f7b80310c19af0d,alps4141::alps_659df2a53fa4_to_Equation2,1,alps4141,alps4141::alps_659df2a53fa4_to_Equation2,memory_limit,resource_exhausted,resource_exhausted,False,False,False
exact_62aab1feaed377a1,alps4141::alps_9359154bb8c1_to_Equation2,1,alps4141,alps4141::alps_9359154bb8c1_to_Equation2,memory_limit,resource_exhausted,resource_exhausted,False,False,False
exact_4074c61b40a96e82,alps4141::alps_4627519e3e7f_to_Equation2,1,alps4141,alps4141::alps_4627519e3e7f_to_Equation2,memory_limit,resource_exhausted,resource_exhausted,False,False,False
exact_67a94232342ab921,alps4141::alps_6927c95d9bca_to_Equation2,1,alps4141,alps4141::alps_6927c95d9bca_to_Equation2,resource_exhausted,resource_exhausted,resource_exhausted,False,False,False
exact_020c9e19c4e3e788,alps4141::alps_b4d264db3a8a_to_Equation2,1,alps4141,alps4141::alps_b4d264db3a8a_to_Equation2,resource_exhausted,resource_exhausted,resource_exhausted,False,False,False
exact_1062e362cb214114,alps4141::alps_3eeac3984882_to_Equation2,1,alps4141,alps4141::alps_3eeac3984882_to_Equation2,memory_limit,resource_exhausted,resource_exhausted,False,False,False
exact_968a908f66c347b7,alps4141::alps_72f4d1de8c0f_to_Equation2,1,alps4141,alps4141::alps_72f4d1de8c0f_to_Equation2,resource_exhausted,resource_exhausted,resource_exhausted,False,False,False
exact_4e184b0dc64279d1,alps4141::alps_5328701289cb_to_Equation2,1,alps4141,alps4141::alps_5328701289cb_to_Equation2,memory_limit,resource_exhausted,resource_exhausted,False,False,False
exact_b47f89789182862c,alps4141::alps_f96c7759cc45_to_Equation2,1,alps4141,alps4141::alps_f96c7759cc45_to_Equation2,memory_limit,resource_exhausted,resource_exhausted,False,False,False
exact_06553fc7d79192df,alps4141::alps_a304448c7a49_to_Equation2,1,alps4141,alps4141::alps_a304448c7a49_to_Equation2,memory_limit,resource_exhausted,resource_exhausted,False,False,False
exact_916fbc1a8846c37f,alps4141::alps_ad997fd4b996_to_Equation2,1,alps4141,alps4141::alps_ad997fd4b996_to_Equation2,memory_limit,resource_exhausted,resource_exhausted,False,False,False
exact_1d65c2443dde1b23,alps4141::alps_f4d0656f7394_to_Equation2,1,alps4141,alps4141::alps_f4d0656f7394_to_Equation2,memory_limit,resource_exhausted,resource_exhausted,False,False,False
exact_8d899c1ad447c9d3,alps4141::alps_430de49369ff_to_Equation2,1,alps4141,alps4141::alps_430de49369ff_to_Equation2,memory_limit,resource_exhausted,resource_exhausted,False,False,False
exact_fc40a978bf4a9ca3,alps4141::alps_4d16af293d9b_to_Equation2,1,alps4141,alps4141::alps_4d16af293d9b_to_Equation2,resource_exhausted,resource_exhausted,resource_exhausted,False,False,False
exact_0b2982d87b5e082c,alps4141::alps_66c229e966da_to_Equation2,1,alps4141,alps4141::alps_66c229e966da_to_Equation2,resource_exhausted,resource_exhausted,resource_exhausted,False,False,False
exact_90b7eca1aaa4a98e,alps4141::alps_2919274a6d8d_to_Equation2,1,alps4141,alps4141::alps_2919274a6d8d_to_Equation2,memory_limit,resource_exhausted,resource_exhausted,False,False,False
exact_182cadb4cbe901df,alps4141::alps_85e2243fc93c_to_Equation2,1,alps4141,alps4141::alps_85e2243fc93c_to_Equation2,memory_limit,resource_exhausted,resource_exhausted,False,False,False
exact_ce65c84635e6b3a1,alps4141::alps_2526b71e63ec_to_Equation2,1,alps4141,alps4141::alps_2526b71e63ec_to_Equation2,resource_exhausted,resource_exhausted,resource_exhausted,False,False,False
exact_1219d36040a122b6,alps4141::alps_dc0eee747ec9_to_Equation2,1,alps4141,alps4141::alps_dc0eee747ec9_to_Equation2,resource_exhausted,resource_exhausted,resource_exhausted,False,False,False
exact_5346afc9eab93c82,alps4141::alps_d09bb9aedeb2_to_Equation2,1,alps4141,alps4141::alps_d09bb9aedeb2_to_Equation2,resource_exhausted,resource_exhausted,resource_exhausted,False,False,False
exact_03ed9b10ec81788a,alps4141::alps_b5af3e2a21c7_to_Equation2,1,alps4141,alps4141::alps_b5af3e2a21c7_to_Equation2,memory_limit,resource_exhausted,resource_exhausted,False,False,False
exact_bc52172c34a2f283,alps4141::alps_88f1097533c3_to_Equation2,1,alps4141,alps4141::alps_88f1097533c3_to_Equation2,memory_limit,resource_exhausted,resource_exhausted,False,False,False
exact_d73e3dd929ddbe25,alps4141::alps_4f0916d6f131_to_Equation2,1,alps4141,alps4141::alps_4f0916d6f131_to_Equation2,memory_limit,resource_exhausted,resource_exhausted,False,False,False
exact_7c74136765422a43,alps4141::alps_357c77eace3e_to_Equation2,1,alps4141,alps4141::alps_357c77eace3e_to_Equation2,resource_exhausted,resource_exhausted,resource_exhausted,False,False,False
exact_9afb8cc8e2e0a601,alps4141::alps_2673a3668823_to_Equation2,1,alps4141,alps4141::alps_2673a3668823_to_Equation2,memory_limit,resource_exhausted,resource_exhausted,False,False,False
exact_c63402d11a124fe2,alps4141::alps_dd0218e9e0f4_to_Equation2,1,alps4141,alps4141::alps_dd0218e9e0f4_to_Equation2,memory_limit,resource_exhausted,resource_exhausted,False,False,False
exact_968368f6a8618fe4,alps4141::alps_d4c383afe4f4_to_Equation2,1,alps4141,alps4141::alps_d4c383afe4f4_to_Equation2,memory_limit,resource_exhausted,resource_exhausted,False,False,False
exact_4a167b6c7e7f41e8,alps4141::alps_5775ae9dee8b_to_Equation2,1,alps4141,alps4141::alps_5775ae9dee8b_to_Equation2,memory_limit,resource_exhausted,resource_exhausted,False,False,False
exact_6bf75190a8b3dbf8,alps4141::alps_e9e124828d26_to_Equation2,1,alps4141,alps4141::alps_e9e124828d26_to_Equation2,memory_limit,resource_exhausted,resource_exhausted,False,False,False
exact_706be3f6806bfe1b,alps4141::alps_03ee527c8fc0_to_Equation2,1,alps4141,alps4141::alps_03ee527c8fc0_to_Equation2,memory_limit,resource_exhausted,resource_exhausted,False,False,False
exact_c89c84d18b81cb83,alps4141::alps_89c03780c02f_to_Equation2,1,alps4141,alps4141::alps_89c03780c02f_to_Equation2,memory_limit,resource_exhausted,resource_exhausted,False,False,False
exact_65dc5dd961316859,alps4141::alps_b2fcf4368a4e_to_Equation2,1,alps4141,alps4141::alps_b2fcf4368a4e_to_Equation2,memory_limit,resource_exhausted,resource_exhausted,False,False,False
exact_c0ff599c0253ff4f,alps4141::alps_a734a922304a_to_Equation2,1,alps4141,alps4141::alps_a734a922304a_to_Equation2,memory_limit,resource_exhausted,resource_exhausted,False,False,False
exact_3ca109aa62279e51,alps4141::alps_649671c66e76_to_Equation2,1,alps4141,alps4141::alps_649671c66e76_to_Equation2,memory_limit,resource_exhausted,resource_exhausted,False,False,False
exact_d87c5e7bbe3cc1dc,alps4141::alps_20304e976a85_to_Equation2,1,alps4141,alps4141::alps_20304e976a85_to_Equation2,resource_exhausted,resource_exhausted,resource_exhausted,False,False,False
exact_ab07833464996c79,alps4141::alps_b91f7bb36811_to_Equation2,1,alps4141,alps4141::alps_b91f7bb36811_to_Equation2,resource_exhausted,resource_exhausted,resource_exhausted,False,False,False
exact_1dfaf0b89824375a,alps4141::alps_203238b4e220_to_Equation2,1,alps4141,alps4141::alps_203238b4e220_to_Equation2,resource_exhausted,resource_exhausted,resource_exhausted,False,False,False
exact_e13ca521efd0c76e,alps4141::alps_7d7f9e156e8b_to_Equation2,1,alps4141,alps4141::alps_7d7f9e156e8b_to_Equation2,resource_exhausted,resource_exhausted,resource_exhausted,False,False,False
exact_1ed30cdc9984b22c,alps4141::alps_42fb64acc458_to_Equation2,1,alps4141,alps4141::alps_42fb64acc458_to_Equation2,memory_limit,resource_exhausted,resource_exhausted,False,False,False
exact_620cab01674cc7b0,alps4141::alps_826d4fbbfde0_to_Equation2,1,alps4141,alps4141::alps_826d4fbbfde0_to_Equation2,resource_exhausted,resource_exhausted,resource_exhausted,False,False,False
exact_edf9d3fc912eca4d,alps4141::alps_f940e11d980e_to_Equation2,1,alps4141,alps4141::alps_f940e11d980e_to_Equation2,resource_exhausted,resource_exhausted,resource_exhausted,False,False,False
exact_4d894c737e311646,alps4141::alps_0eddb2ee0393_to_Equation2,1,alps4141,alps4141::alps_0eddb2ee0393_to_Equation2,resource_exhausted,resource_exhausted,resource_exhausted,False,False,False
exact_b4025b58ee76e925,alps4141::alps_4aa6ee7173fe_to_Equation2,1,alps4141,alps4141::alps_4aa6ee7173fe_to_Equation2,resource_exhausted,resource_exhausted,resource_exhausted,False,False,False
exact_88e9f5eae6329897,alps4141::alps_7c0b1c68fc65_to_Equation2,1,alps4141,alps4141::alps_7c0b1c68fc65_to_Equation2,resource_exhausted,resource_exhausted,resource_exhausted,False,False,False
exact_17ae4e00e60171c2,alps4141::alps_f11c6ee392fb_to_Equation2,1,alps4141,alps4141::alps_f11c6ee392fb_to_Equation2,memory_limit,resource_exhausted,resource_exhausted,False,False,False
exact_7cebdee2a63b5393,alps4141::alps_ec119ef71d3a_to_Equation2,1,alps4141,alps4141::alps_ec119ef71d3a_to_Equation2,resource_exhausted,resource_exhausted,resource_exhausted,False,False,False
exact_5c1623f9d7ad0623,alps4141::alps_030a749ae161_to_Equation2,1,alps4141,alps4141::alps_030a749ae161_to_Equation2,resource_exhausted,resource_exhausted,resource_exhausted,False,False,False
exact_e3f2686f948e34b6,alps4141::alps_7aea5f5ece21_to_Equation2,1,alps4141,alps4141::alps_7aea5f5ece21_to_Equation2,resource_exhausted,resource_exhausted,resource_exhausted,False,False,False
exact_e7fc520347ef41c6,alps4141::alps_d5e0f09e1af3_to_Equation2,1,alps4141,alps4141::alps_d5e0f09e1af3_to_Equation2,resource_exhausted,resource_exhausted,resource_exhausted,False,False,False
exact_9f27840ffaa9b2f6,alps4141::alps_95d34296355a_to_Equation2,1,alps4141,alps4141::alps_95d34296355a_to_Equation2,memory_limit,resource_exhausted,resource_exhausted,False,False,False
exact_c142bec520310af5,alps4141::alps_fb2a6182dd62_to_Equation2,1,alps4141,alps4141::alps_fb2a6182dd62_to_Equation2,memory_limit,resource_exhausted,memory_limit,False,False,False
exact_47ad1e9a557b031b,alps4141::alps_4198636e3fcc_to_Equation2,1,alps4141,alps4141::alps_4198636e3fcc_to_Equation2,resource_exhausted,resource_exhausted,resource_exhausted,False,False,False
exact_6f75148fc550994a,alps4141::alps_4019cef3c6c7_to_Equation2,1,alps4141,alps4141::alps_4019cef3c6c7_to_Equation2,resource_exhausted,resource_exhausted,resource_exhausted,False,False,False
exact_503a83bb90a1d07b,alps4141::alps_6f32ae50d712_to_Equation2,1,alps4141,alps4141::alps_6f32ae50d712_to_Equation2,memory_limit,resource_exhausted,resource_exhausted,False,False,False
exact_0a1d1070b6919c7c,alps4141::alps_8d33e05bcf8d_to_Equation2,1,alps4141,alps4141::alps_8d33e05bcf8d_to_Equation2,memory_limit,resource_exhausted,resource_exhausted,False,False,False
exact_fd65229d0945817e,alps4141::alps_1dac5a4b6815_to_Equation2,1,alps4141,alps4141::alps_1dac5a4b6815_to_Equation2,resource_exhausted,resource_exhausted,resource_exhausted,False,False,False
exact_9d33a040d9bb344a,alps4141::alps_c2e957f6afbb_to_Equation2,1,alps4141,alps4141::alps_c2e957f6afbb_to_Equation2,memory_limit,resource_exhausted,resource_exhausted,False,False,False
exact_d8a885bc8aa328c5,alps4141::alps_8a2bd456de3d_to_Equation2,1,alps4141,alps4141::alps_8a2bd456de3d_to_Equation2,memory_limit,resource_exhausted,resource_exhausted,False,False,False
exact_5cb63aaac729a1cf,alps4141::alps_d01b82b7f5e7_to_Equation2,1,alps4141,alps4141::alps_d01b82b7f5e7_to_Equation2,memory_limit,resource_exhausted,resource_exhausted,False,False,False
exact_b80e8eaec0d99ad0,alps4141::alps_36ce9a499bf9_to_Equation2,1,alps4141,alps4141::alps_36ce9a499bf9_to_Equation2,memory_limit,resource_exhausted,resource_exhausted,False,False,False
exact_731271e13956ef43,alps4141::alps_ac5fe0793901_to_Equation2,1,alps4141,alps4141::alps_ac5fe0793901_to_Equation2,memory_limit,resource_exhausted,resource_exhausted,False,False,False
exact_8eb03395e1fbe5c5,alps4141::alps_5535cf80131d_to_Equation2,1,alps4141,alps4141::alps_5535cf80131d_to_Equation2,memory_limit,resource_exhausted,resource_exhausted,False,False,False
exact_30bc83f6a2526868,alps4141::alps_5fc96f4fea19_to_Equation2,1,alps4141,alps4141::alps_5fc96f4fea19_to_Equation2,memory_limit,resource_exhausted,resource_exhausted,False,False,False
exact_b989c9c5a185749e,alps4141::alps_c3984e663fb6_to_Equation2,1,alps4141,alps4141::alps_c3984e663fb6_to_Equation2,memory_limit,resource_exhausted,resource_exhausted,False,False,False
exact_4119976cd3905913,alps4141::alps_5f32dcf344b0_to_Equation2,1,alps4141,alps4141::alps_5f32dcf344b0_to_Equation2,memory_limit,resource_exhausted,resource_exhausted,False,False,False
exact_08fb249f897d2c36,alps4141::alps_13ec490625f4_to_Equation2,1,alps4141,alps4141::alps_13ec490625f4_to_Equation2,memory_limit,resource_exhausted,resource_exhausted,False,False,False
exact_7afc0d021e408259,alps4141::alps_bbbe2e98d976_to_Equation2,1,alps4141,alps4141::alps_bbbe2e98d976_to_Equation2,memory_limit,resource_exhausted,resource_exhausted,False,False,False
exact_10a00b67087d0a13,alps4141::alps_ef9b5b9da79b_to_Equation2,1,alps4141,alps4141::alps_ef9b5b9da79b_to_Equation2,memory_limit,resource_exhausted,resource_exhausted,False,False,False
exact_cf325074205665bb,alps4141::alps_523a1a64bd8e_to_Equation2,1,alps4141,alps4141::alps_523a1a64bd8e_to_Equation2,memory_limit,resource_exhausted,memory_limit,False,False,False
exact_02a2e66ffb7721d9,alps4141::alps_ea6369241b31_to_Equation2,1,alps4141,alps4141::alps_ea6369241b31_to_Equation2,memory_limit,resource_exhausted,memory_limit,False,False,False
exact_1b9a6a1d115e7348,alps4141::alps_6c80b582a5ee_to_Equation2,1,alps4141,alps4141::alps_6c80b582a5ee_to_Equation2,memory_limit,resource_exhausted,memory_limit,False,False,False
exact_8948cff78e08074a,alps4141::alps_364041c1c1a7_to_Equation2,1,alps4141,alps4141::alps_364041c1c1a7_to_Equation2,memory_limit,resource_exhausted,memory_limit,False,False,False
exact_f5c778608a5b0c0a,alps4141::alps_2a2a9b5a8b8c_to_Equation2,1,alps4141,alps4141::alps_2a2a9b5a8b8c_to_Equation2,memory_limit,resource_exhausted,resource_exhausted,False,False,False
exact_7133ce0b5f2c2a95,alps4141::alps_84ba36933a8d_to_Equation2,1,alps4141,alps4141::alps_84ba36933a8d_to_Equation2,memory_limit,resource_exhausted,resource_exhausted,False,False,False
exact_96f86d3972e77e8a,alps4141::alps_f1a3542988ca_to_Equation2,1,alps4141,alps4141::alps_f1a3542988ca_to_Equation2,memory_limit,resource_exhausted,memory_limit,False,False,False
exact_130658ea2df7f1b0,alps4141::alps_22ed4188e326_to_Equation2,1,alps4141,alps4141::alps_22ed4188e326_to_Equation2,memory_limit,resource_exhausted,resource_exhausted,False,False,False
exact_98d506fd878562dc,alps4141::alps_6bb0cdb4e3ed_to_Equation2,1,alps4141,alps4141::alps_6bb0cdb4e3ed_to_Equation2,memory_limit,resource_exhausted,memory_limit,False,False,False
exact_58bad5f612be841b,alps4141::alps_98772686ba3a_to_Equation2,1,alps4141,alps4141::alps_98772686ba3a_to_Equation2,memory_limit,resource_exhausted,resource_exhausted,False,False,False
exact_0eaa1fb69e8941a9,alps4141::alps_7fac92467d67_to_Equation2,1,alps4141,alps4141::alps_7fac92467d67_to_Equation2,memory_limit,resource_exhausted,memory_limit,False,False,False
exact_df310d0819b1ea8d,alps4141::alps_6317f3657a02_to_Equation2,1,alps4141,alps4141::alps_6317f3657a02_to_Equation2,resource_exhausted,resource_exhausted,resource_exhausted,False,False,False
exact_fdcdd63474e348fa,alps4141::alps_e1f4594b22f4_to_Equation2,1,alps4141,alps4141::alps_e1f4594b22f4_to_Equation2,memory_limit,resource_exhausted,memory_limit,False,False,False
exact_d0140b24d6e8ac86,alps4141::alps_2f61c0f9af37_to_Equation2,1,alps4141,alps4141::alps_2f61c0f9af37_to_Equation2,memory_limit,resource_exhausted,resource_exhausted,False,False,False
exact_6a747efa2d33b9b8,alps4141::alps_d2b8ab33fb51_to_Equation2,1,alps4141,alps4141::alps_d2b8ab33fb51_to_Equation2,memory_limit,resource_exhausted,resource_exhausted,False,False,False
exact_5ccd8fa682d008dd,alps4141::alps_584885ec69b4_to_Equation2,1,alps4141,alps4141::alps_584885ec69b4_to_Equation2,memory_limit,resource_exhausted,resource_exhausted,False,False,False
exact_645f4e81136be326,alps4141::alps_f46b13cc292e_to_Equation2,1,alps4141,alps4141::alps_f46b13cc292e_to_Equation2,memory_limit,resource_exhausted,resource_exhausted,False,False,False
exact_f89b75935a9a8411,alps4141::alps_61305e5c437e_to_Equation2,1,alps4141,alps4141::alps_61305e5c437e_to_Equation2,memory_limit,resource_exhausted,memory_limit,False,False,False
exact_f65494623a68701f,alps4141::alps_56a53dd5b456_to_Equation2,1,alps4141,alps4141::alps_56a53dd5b456_to_Equation2,memory_limit,resource_exhausted,memory_limit,False,False,False
exact_5565c6a555b588cb,alps4141::alps_a77a2e201d80_to_Equation2,1,alps4141,alps4141::alps_a77a2e201d80_to_Equation2,memory_limit,resource_exhausted,resource_exhausted,False,False,False
exact_8477fed3fb2816e6,alps4141::alps_c5ec4d8833d6_to_Equation2,1,alps4141,alps4141::alps_c5ec4d8833d6_to_Equation2,resource_exhausted,resource_exhausted,resource_exhausted,False,False,False
exact_cee8b47ae6c3683e,alps4141::alps_a4c1c0bc6ec1_to_Equation2,1,alps4141,alps4141::alps_a4c1c0bc6ec1_to_Equation2,memory_limit,resource_exhausted,resource_exhausted,False,False,False
exact_33479c568ec98b2e,alps4141::alps_4dcf146cfa44_to_Equation2,1,alps4141,alps4141::alps_4dcf146cfa44_to_Equation2,resource_exhausted,resource_exhausted,memory_limit,False,False,False
exact_3157d61627e6cfb6,alps4141::alps_3959ead53063_to_Equation2,1,alps4141,alps4141::alps_3959ead53063_to_Equation2,memory_limit,resource_exhausted,resource_exhausted,False,False,False
exact_3db7ba442d189239,alps4141::alps_62e7d69685a8_to_Equation2,1,alps4141,alps4141::alps_62e7d69685a8_to_Equation2,memory_limit,resource_exhausted,resource_exhausted,False,False,False
exact_21703895ed2f75ac,alps4141::alps_7f57e526c6e7_to_Equation2,1,alps4141,alps4141::alps_7f57e526c6e7_to_Equation2,memory_limit,resource_exhausted,resource_exhausted,False,False,False
exact_61f5eb7d5b8ffd7c,alps4141::alps_074a18edde75_to_Equation2,1,alps4141,alps4141::alps_074a18edde75_to_Equation2,memory_limit,resource_exhausted,memory_limit,False,False,False
exact_3c60164f2ee5d13e,alps4141::alps_e3209eef3d37_to_Equation2,1,alps4141,alps4141::alps_e3209eef3d37_to_Equation2,memory_limit,resource_exhausted,resource_exhausted,False,False,False
exact_ccbd9223a3b60b79,alps4141::alps_602db8cf082b_to_Equation2,1,alps4141,alps4141::alps_602db8cf082b_to_Equation2,memory_limit,resource_exhausted,memory_limit,False,False,False
exact_9ed80bc20db2af8f,alps4141::alps_069bb13ca0ae_to_Equation2,1,alps4141,alps4141::alps_069bb13ca0ae_to_Equation2,completed_no_decisive_result,resource_exhausted,memory_limit,False,False,False
exact_c211b7551b04f421,alps4141::alps_d27ebf8e07e3_to_Equation2,1,alps4141,alps4141::alps_d27ebf8e07e3_to_Equation2,memory_limit,resource_exhausted,resource_exhausted,False,False,False
exact_3d1b3f1b58d4cb7e,alps4141::alps_3567019f0a35_to_Equation2,1,alps4141,alps4141::alps_3567019f0a35_to_Equation2,memory_limit,resource_exhausted,memory_limit,False,False,False
exact_38b41134759219da,alps4141::alps_e28a020e9c8d_to_Equation2,1,alps4141,alps4141::alps_e28a020e9c8d_to_Equation2,memory_limit,resource_exhausted,resource_exhausted,False,False,False
exact_2051ffe92c157157,alps4141::alps_010b0eaae36c_to_Equation2,1,alps4141,alps4141::alps_010b0eaae36c_to_Equation2,memory_limit,resource_exhausted,memory_limit,False,False,False
exact_16442e0dff56a932,alps4141::alps_71c67a99162f_to_Equation2,1,alps4141,alps4141::alps_71c67a99162f_to_Equation2,memory_limit,resource_exhausted,memory_limit,False,False,False
exact_3f33acf98cf718ae,alps4141::alps_23cce10c1d37_to_Equation2,1,alps4141,alps4141::alps_23cce10c1d37_to_Equation2,memory_limit,resource_exhausted,memory_limit,False,False,False
exact_b5da6b490371e37e,alps4141::alps_4bfcb0bed4a3_to_Equation2,1,alps4141,alps4141::alps_4bfcb0bed4a3_to_Equation2,memory_limit,resource_exhausted,memory_limit,False,False,False
exact_4e287b6194d6df43,alps4141::alps_a8376bde673e_to_Equation2,1,alps4141,alps4141::alps_a8376bde673e_to_Equation2,memory_limit,resource_exhausted,memory_limit,False,False,False
exact_37e819b7304daa86,alps4141::alps_e85a59bffa2d_to_Equation2,1,alps4141,alps4141::alps_e85a59bffa2d_to_Equation2,memory_limit,resource_exhausted,resource_exhausted,False,False,False
exact_0c3e6cd760669d9d,alps4141::alps_2798bcf5d06f_to_Equation2,1,alps4141,alps4141::alps_2798bcf5d06f_to_Equation2,memory_limit,resource_exhausted,resource_exhausted,False,False,False
exact_034f126ab3bd9e9c,alps4141::alps_1d7db3a5def9_to_Equation2,1,alps4141,alps4141::alps_1d7db3a5def9_to_Equation2,resource_exhausted,resource_exhausted,resource_exhausted,False,False,False
exact_ff2c51fcaf8809b8,alps4141::alps_61e07b5f668f_to_Equation2,1,alps4141,alps4141::alps_61e07b5f668f_to_Equation2,memory_limit,resource_exhausted,resource_exhausted,False,False,False
exact_42cd7157bf96df62,alps4141::alps_ac5857b05da4_to_Equation2,1,alps4141,alps4141::alps_ac5857b05da4_to_Equation2,resource_exhausted,resource_exhausted,resource_exhausted,False,False,False
exact_64d95d38a8ed6f91,alps4141::alps_3c617232ca47_to_Equation2,1,alps4141,alps4141::alps_3c617232ca47_to_Equation2,resource_exhausted,resource_exhausted,resource_exhausted,False,False,False
exact_dfb2ef881df63114,alps4141::alps_88b1dc63f509_to_Equation2,1,alps4141,alps4141::alps_88b1dc63f509_to_Equation2,memory_limit,resource_exhausted,resource_exhausted,False,False,False
exact_d6f13a5b3725e845,alps4141::alps_23431e6f7d7a_to_Equation2,1,alps4141,alps4141::alps_23431e6f7d7a_to_Equation2,memory_limit,resource_exhausted,memory_limit,False,False,False
exact_093ccaf464277c24,alps4141::alps_064aa3a3a8d0_to_Equation2,1,alps4141,alps4141::alps_064aa3a3a8d0_to_Equation2,memory_limit,resource_exhausted,resource_exhausted,False,False,False
exact_de388233c11a4b84,alps4141::alps_34dfef8c30a5_to_Equation2,1,alps4141,alps4141::alps_34dfef8c30a5_to_Equation2,memory_limit,resource_exhausted,memory_limit,False,False,False
exact_030eb7c41a43a7b2,alps4141::alps_c97e8621cdb6_to_Equation2,1,alps4141,alps4141::alps_c97e8621cdb6_to_Equation2,memory_limit,resource_exhausted,memory_limit,False,False,False
exact_2b048ddd1f110939,alps4141::alps_62646f1353a4_to_Equation2,1,alps4141,alps4141::alps_62646f1353a4_to_Equation2,resource_exhausted,resource_exhausted,resource_exhausted,False,False,False
exact_8f89b98dcf985a40,alps4141::alps_3cca8448fe23_to_Equation2,1,alps4141,alps4141::alps_3cca8448fe23_to_Equation2,resource_exhausted,resource_exhausted,resource_exhausted,False,False,False
exact_a799e870b947ae5c,alps4141::alps_f11ab2abc3fa_to_Equation2,1,alps4141,alps4141::alps_f11ab2abc3fa_to_Equation2,memory_limit,resource_exhausted,resource_exhausted,False,False,False
exact_0f71bcf8d95690fc,alps4141::alps_fd4f09aac1ae_to_Equation2,1,alps4141,alps4141::alps_fd4f09aac1ae_to_Equation2,memory_limit,resource_exhausted,memory_limit,False,False,False
exact_d8f3e383c45dabd3,alps4141::alps_b027b76d338c_to_Equation2,1,alps4141,alps4141::alps_b027b76d338c_to_Equation2,memory_limit,resource_exhausted,resource_exhausted,False,False,False
exact_9880d29d4c4636d3,alps4141::alps_d48c22e6a380_to_Equation2,1,alps4141,alps4141::alps_d48c22e6a380_to_Equation2,memory_limit,resource_exhausted,resource_exhausted,False,False,False
exact_fc618985031150e2,alps4141::alps_a52cff891a39_to_Equation2,1,alps4141,alps4141::alps_a52cff891a39_to_Equation2,memory_limit,resource_exhausted,resource_exhausted,False,False,False
exact_04380e43f1cfadbd,alps4141::alps_f3628ddb89c5_to_Equation2,1,alps4141,alps4141::alps_f3628ddb89c5_to_Equation2,memory_limit,resource_exhausted,resource_exhausted,False,False,False
exact_b4787497c68518a2,alps4141::alps_74d529454189_to_Equation2,1,alps4141,alps4141::alps_74d529454189_to_Equation2,memory_limit,resource_exhausted,resource_exhausted,False,False,False
exact_7a03e529fc071ab5,alps4141::alps_205dace7cb5b_to_Equation2,1,alps4141,alps4141::alps_205dace7cb5b_to_Equation2,memory_limit,resource_exhausted,resource_exhausted,False,False,False
exact_7b0850cb4875ff99,alps4141::alps_5ff579c62740_to_Equation2,1,alps4141,alps4141::alps_5ff579c62740_to_Equation2,memory_limit,resource_exhausted,resource_exhausted,False,False,False
exact_4235d2beceb749cb,alps4141::alps_5a97b4054e64_to_Equation2,1,alps4141,alps4141::alps_5a97b4054e64_to_Equation2,memory_limit,resource_exhausted,resource_exhausted,False,False,False
exact_0a75945f3c1b3fec,alps4141::alps_34da39fd204a_to_Equation2,1,alps4141,alps4141::alps_34da39fd204a_to_Equation2,resource_exhausted,resource_exhausted,resource_exhausted,False,False,False
exact_3e5c51ccd75e4e10,alps4141::alps_8e81321d98de_to_Equation2,1,alps4141,alps4141::alps_8e81321d98de_to_Equation2,memory_limit,resource_exhausted,resource_exhausted,False,False,False
exact_f7803ffdaff1786b,alps4141::alps_6c8ede13a9cb_to_Equation2,1,alps4141,alps4141::alps_6c8ede13a9cb_to_Equation2,memory_limit,resource_exhausted,memory_limit,False,False,False
exact_dc12aacefb90cdfd,alps4141::alps_35b170632b13_to_Equation2,1,alps4141,alps4141::alps_35b170632b13_to_Equation2,resource_exhausted,resource_exhausted,resource_exhausted,False,False,False
exact_96f943560fb834aa,alps4141::alps_cbb2af9ab91d_to_Equation2,1,alps4141,alps4141::alps_cbb2af9ab91d_to_Equation2,memory_limit,resource_exhausted,resource_exhausted,False,False,False
exact_234dd9adaab16d3e,alps4141::alps_f4e9e6e7051f_to_Equation2,1,alps4141,alps4141::alps_f4e9e6e7051f_to_Equation2,memory_limit,resource_exhausted,resource_exhausted,False,False,False
exact_3fc285b368761df4,alps4141::alps_be7da9403efc_to_Equation2,1,alps4141,alps4141::alps_be7da9403efc_to_Equation2,resource_exhausted,resource_exhausted,resource_exhausted,False,False,False
exact_e3b24f6c5b3ac0a3,alps4141::alps_d919569f2700_to_Equation2,1,alps4141,alps4141::alps_d919569f2700_to_Equation2,resource_exhausted,resource_exhausted,resource_exhausted,False,False,False
exact_154e986e57b85de0,alps4141::alps_2c0ace844084_to_Equation2,1,alps4141,alps4141::alps_2c0ace844084_to_Equation2,memory_limit,resource_exhausted,resource_exhausted,False,False,False
exact_da79b6c26a35a337,alps4141::alps_97cf67753942_to_Equation2,1,alps4141,alps4141::alps_97cf67753942_to_Equation2,memory_limit,resource_exhausted,resource_exhausted,False,False,False
exact_e6cf83a63953587d,alps4141::alps_58aa1dad9307_to_Equation2,1,alps4141,alps4141::alps_58aa1dad9307_to_Equation2,memory_limit,resource_exhausted,resource_exhausted,False,False,False
exact_c95ff00f806a6b36,alps4141::alps_b1b563c9f550_to_Equation2,1,alps4141,alps4141::alps_b1b563c9f550_to_Equation2,memory_limit,resource_exhausted,resource_exhausted,False,False,False
exact_353ea2c8825f81d8,alps4141::alps_6a7789926e4e_to_Equation2,1,alps4141,alps4141::alps_6a7789926e4e_to_Equation2,resource_exhausted,resource_exhausted,resource_exhausted,False,False,False
exact_963c9533d0d69f3d,alps4141::alps_ff3f1f6d28e7_to_Equation2,1,alps4141,alps4141::alps_ff3f1f6d28e7_to_Equation2,memory_limit,resource_exhausted,resource_exhausted,False,False,False
exact_e5c9f68e8fc1beed,alps4141::alps_fcebc84acdec_to_Equation2,1,alps4141,alps4141::alps_fcebc84acdec_to_Equation2,memory_limit,resource_exhausted,resource_exhausted,False,False,False
exact_c5046f6f3657d102,alps4141::alps_6172284e5e55_to_Equation2,1,alps4141,alps4141::alps_6172284e5e55_to_Equation2,memory_limit,resource_exhausted,resource_exhausted,False,False,False
exact_45bf6ce03e51131d,alps4141::alps_0c46db1a2cf4_to_Equation2,1,alps4141,alps4141::alps_0c46db1a2cf4_to_Equation2,memory_limit,resource_exhausted,resource_exhausted,False,False,False
exact_6bba8a2b367a368c,alps4141::alps_7b9edcf74c57_to_Equation2,1,alps4141,alps4141::alps_7b9edcf74c57_to_Equation2,resource_exhausted,resource_exhausted,resource_exhausted,False,False,False
exact_b1fbb39f518df62f,alps4141::alps_968ce53ea575_to_Equation2,1,alps4141,alps4141::alps_968ce53ea575_to_Equation2,memory_limit,resource_exhausted,resource_exhausted,False,False,False
exact_3026bb3aa193f505,alps4141::alps_a14eeb1bcc4e_to_Equation2,1,alps4141,alps4141::alps_a14eeb1bcc4e_to_Equation2,resource_exhausted,resource_exhausted,resource_exhausted,False,False,False
exact_0393680bb88c1e76,alps4141::alps_89cf46936e43_to_Equation2,1,alps4141,alps4141::alps_89cf46936e43_to_Equation2,memory_limit,resource_exhausted,resource_exhausted,False,False,False
exact_678bd9a5e12ec618,alps4141::alps_98c4f58886f1_to_Equation2,1,alps4141,alps4141::alps_98c4f58886f1_to_Equation2,memory_limit,resource_exhausted,resource_exhausted,False,False,False
exact_58f74c2d0d0d4221,alps4141::alps_0cbccaa7263c_to_Equation2,1,alps4141,alps4141::alps_0cbccaa7263c_to_Equation2,resource_exhausted,resource_exhausted,resource_exhausted,False,False,False
exact_490ba531a9dee3aa,alps4141::alps_739799fe9c99_to_Equation2,1,alps4141,alps4141::alps_739799fe9c99_to_Equation2,memory_limit,resource_exhausted,resource_exhausted,False,False,False
exact_be2a0be819c30150,alps4141::alps_001d27f3eb5b_to_Equation2,1,alps4141,alps4141::alps_001d27f3eb5b_to_Equation2,resource_exhausted,resource_exhausted,resource_exhausted,False,False,False
exact_b3ff20c90fb2d032,alps4141::alps_8dbec494e176_to_Equation2,1,alps4141,alps4141::alps_8dbec494e176_to_Equation2,resource_exhausted,resource_exhausted,resource_exhausted,False,False,False
exact_8564fba90c44365c,alps4141::alps_f31a9d71e85d_to_Equation2,1,alps4141,alps4141::alps_f31a9d71e85d_to_Equation2,resource_exhausted,resource_exhausted,resource_exhausted,False,False,False
exact_4a0336083ea066b6,alps4141::alps_98ba89d308b3_to_Equation2,1,alps4141,alps4141::alps_98ba89d308b3_to_Equation2,resource_exhausted,resource_exhausted,resource_exhausted,False,False,False
exact_c828dfd8a06b4d21,alps4141::alps_4856885bd0c7_to_Equation2,1,alps4141,alps4141::alps_4856885bd0c7_to_Equation2,memory_limit,resource_exhausted,resource_exhausted,False,False,False
exact_447d20aea14269bf,alps4141::alps_94c671960d8b_to_Equation2,1,alps4141,alps4141::alps_94c671960d8b_to_Equation2,memory_limit,resource_exhausted,resource_exhausted,False,False,False
exact_867b34f6560ab2a0,alps4141::alps_b1755816966f_to_Equation2,1,alps4141,alps4141::alps_b1755816966f_to_Equation2,memory_limit,resource_exhausted,resource_exhausted,False,False,False
exact_5209bf341f62d430,alps4141::alps_fbc0643d555f_to_Equation2,1,alps4141,alps4141::alps_fbc0643d555f_to_Equation2,memory_limit,resource_exhausted,resource_exhausted,False,False,False
exact_33752bf16e38a4b5,alps4141::alps_2ada063dec63_to_Equation2,1,alps4141,alps4141::alps_2ada063dec63_to_Equation2,completed_no_decisive_result,resource_exhausted,memory_limit,False,False,False
exact_6fa5c8d32f12fdc9,alps4141::alps_1f9f967d90c9_to_Equation2,1,alps4141,alps4141::alps_1f9f967d90c9_to_Equation2,memory_limit,resource_exhausted,resource_exhausted,False,False,False
exact_48beddf6fe96daba,alps4141::alps_f5c754d66401_to_Equation2,1,alps4141,alps4141::alps_f5c754d66401_to_Equation2,memory_limit,resource_exhausted,memory_limit,False,False,False
exact_4f0f8d8263ccc8be,alps4141::alps_026912fb9266_to_Equation2,1,alps4141,alps4141::alps_026912fb9266_to_Equation2,memory_limit,resource_exhausted,resource_exhausted,False,False,False
exact_84ab2f2dccb59e16,alps4141::alps_a4e38a8b56eb_to_Equation2,1,alps4141,alps4141::alps_a4e38a8b56eb_to_Equation2,completed_no_decisive_result,resource_exhausted,memory_limit,False,False,False
exact_be9ebfce97946adf,alps4141::alps_23848b337afb_to_Equation2,1,alps4141,alps4141::alps_23848b337afb_to_Equation2,memory_limit,resource_exhausted,memory_limit,False,False,False
exact_e6270690af085707,alps4141::alps_161590aed812_to_Equation2,1,alps4141,alps4141::alps_161590aed812_to_Equation2,memory_limit,resource_exhausted,resource_exhausted,False,False,False
exact_f279890f7b1c8e88,alps4141::alps_b30c348805ca_to_Equation2,1,alps4141,alps4141::alps_b30c348805ca_to_Equation2,memory_limit,resource_exhausted,resource_exhausted,False,False,False
exact_20c41fcfc43d05b2,generality34::order5_known_austin10_E25964_to_E2,1,generality34,generality34::order5_known_austin10_E25964_to_E2,completed_no_decisive_result,completed_no_proof,counter_satisfiable,False,True,False
exact_c03ca282bef6e9ac,alps4141::alps_b58fc4e36076_to_Equation2,1,alps4141,alps4141::alps_b58fc4e36076_to_Equation2,memory_limit,resource_exhausted,resource_exhausted,False,False,False
exact_bed07b20c59775ad,alps4141::alps_ea331acf4810_to_Equation2,1,alps4141,alps4141::alps_ea331acf4810_to_Equation2,resource_exhausted,resource_exhausted,resource_exhausted,False,False,False
exact_43a352dffbe296b2,alps4141::alps_f000ea708992_to_Equation2,1,alps4141,alps4141::alps_f000ea708992_to_Equation2,resource_exhausted,resource_exhausted,resource_exhausted,False,False,False
exact_000cca9382be44bf,alps4141::alps_b35dcce06f3f_to_Equation2,1,alps4141,alps4141::alps_b35dcce06f3f_to_Equation2,resource_exhausted,resource_exhausted,resource_exhausted,False,False,False
exact_61d5660550489701,alps4141::alps_fb3c5e06e48a_to_Equation2,1,alps4141,alps4141::alps_fb3c5e06e48a_to_Equation2,memory_limit,resource_exhausted,resource_exhausted,False,False,False
exact_60afe8e5ae958e6f,alps4141::alps_c967e11aca97_to_Equation2,1,alps4141,alps4141::alps_c967e11aca97_to_Equation2,memory_limit,resource_exhausted,resource_exhausted,False,False,False
exact_a8a6d30fd3462b8b,alps4141::alps_5a4d28a9a835_to_Equation2,1,alps4141,alps4141::alps_5a4d28a9a835_to_Equation2,resource_exhausted,resource_exhausted,resource_exhausted,False,False,False
exact_68d16ee847d7cbe7,alps4141::alps_868b6435d289_to_Equation2,1,alps4141,alps4141::alps_868b6435d289_to_Equation2,memory_limit,resource_exhausted,memory_limit,False,False,False
exact_413fbb2d012834d2,alps4141::alps_a351c33de8ad_to_Equation2,1,alps4141,alps4141::alps_a351c33de8ad_to_Equation2,memory_limit,resource_exhausted,memory_limit,False,False,False
exact_daed1dde67949f96,alps4141::alps_c9cc4acf8363_to_Equation2,1,alps4141,alps4141::alps_c9cc4acf8363_to_Equation2,memory_limit,resource_exhausted,memory_limit,False,False,False
exact_31932662986621d3,alps4141::alps_0ba95cfdf1ac_to_Equation2,1,alps4141,alps4141::alps_0ba95cfdf1ac_to_Equation2,memory_limit,resource_exhausted,resource_exhausted,False,False,False
exact_d94cd52d1cf06678,alps4141::alps_4457471d3f00_to_Equation2,1,alps4141,alps4141::alps_4457471d3f00_to_Equation2,memory_limit,resource_exhausted,resource_exhausted,False,False,False
exact_0401ae5d1ea532dd,alps4141::alps_2cb2247d3f8c_to_Equation2,1,alps4141,alps4141::alps_2cb2247d3f8c_to_Equation2,memory_limit,resource_exhausted,memory_limit,False,False,False
exact_14d556e0edc72939,alps4141::alps_79c795c85351_to_Equation2,1,alps4141,alps4141::alps_79c795c85351_to_Equation2,memory_limit,resource_exhausted,memory_limit,False,False,False
exact_e32af444fc160bdb,alps4141::alps_9d6d66da99fa_to_Equation2,1,alps4141,alps4141::alps_9d6d66da99fa_to_Equation2,resource_exhausted,resource_exhausted,resource_exhausted,False,False,False
exact_1cfeb16585e66caa,alps4141::alps_638abb107024_to_Equation2,1,alps4141,alps4141::alps_638abb107024_to_Equation2,memory_limit,resource_exhausted,resource_exhausted,False,False,False
exact_bc1652e7aaadfb87,alps4141::alps_c63ee7336a94_to_Equation2,1,alps4141,alps4141::alps_c63ee7336a94_to_Equation2,memory_limit,resource_exhausted,resource_exhausted,False,False,False
exact_4d786979a8283d7a,alps4141::alps_20b99cda3bd1_to_Equation2,1,alps4141,alps4141::alps_20b99cda3bd1_to_Equation2,memory_limit,resource_exhausted,resource_exhausted,False,False,False
exact_c80dd77da893ec28,alps4141::alps_1f100cbf44c1_to_Equation2,1,alps4141,alps4141::alps_1f100cbf44c1_to_Equation2,resource_exhausted,resource_exhausted,resource_exhausted,False,False,False
exact_fb2844e9b21d3b4f,alps4141::alps_b58ebc64a156_to_Equation2,1,alps4141,alps4141::alps_b58ebc64a156_to_Equation2,memory_limit,resource_exhausted,resource_exhausted,False,False,False
exact_1e670da8be10b3d7,alps4141::alps_80175e486bdb_to_Equation2,1,alps4141,alps4141::alps_80175e486bdb_to_Equation2,memory_limit,resource_exhausted,memory_limit,False,False,False
exact_1de12e535645c48e,alps4141::alps_a9fad661c89a_to_Equation2,1,alps4141,alps4141::alps_a9fad661c89a_to_Equation2,memory_limit,resource_exhausted,memory_limit,False,False,False
exact_d0132aa1432316f6,alps4141::alps_d949d1792e0a_to_Equation2,1,alps4141,alps4141::alps_d949d1792e0a_to_Equation2,memory_limit,resource_exhausted,resource_exhausted,False,False,False
exact_0b6cba11572c0a8e,alps4141::alps_ebbf64346663_to_Equation2,1,alps4141,alps4141::alps_ebbf64346663_to_Equation2,memory_limit,resource_exhausted,resource_exhausted,False,False,False
exact_61d76888419cb294,alps4141::alps_9bceb2d8a30d_to_Equation2,1,alps4141,alps4141::alps_9bceb2d8a30d_to_Equation2,memory_limit,resource_exhausted,resource_exhausted,False,False,False
exact_c7ad26b951dd93db,alps4141::alps_8b6bd30603a4_to_Equation2,1,alps4141,alps4141::alps_8b6bd30603a4_to_Equation2,memory_limit,resource_exhausted,resource_exhausted,False,False,False
exact_931231af99a4f879,alps4141::alps_d558fa6de06a_to_Equation2,1,alps4141,alps4141::alps_d558fa6de06a_to_Equation2,memory_limit,resource_exhausted,resource_exhausted,False,False,False
exact_119986647a6ed9e2,alps4141::alps_2b9ed26ca060_to_Equation2,1,alps4141,alps4141::alps_2b9ed26ca060_to_Equation2,memory_limit,resource_exhausted,memory_limit,False,False,False
exact_f33f1aff24d9daa7,alps4141::alps_91acf7258cd0_to_Equation2,1,alps4141,alps4141::alps_91acf7258cd0_to_Equation2,resource_exhausted,resource_exhausted,resource_exhausted,False,False,False
exact_138cfd3f19f14ca7,alps4141::alps_862a98b6dd83_to_Equation2,1,alps4141,alps4141::alps_862a98b6dd83_to_Equation2,memory_limit,resource_exhausted,resource_exhausted,False,False,False
exact_0ff87314949a4b3f,alps4141::alps_a4f163440d43_to_Equation2,1,alps4141,alps4141::alps_a4f163440d43_to_Equation2,resource_exhausted,resource_exhausted,resource_exhausted,False,False,False
exact_59eee7d4f3f0c645,alps4141::alps_ec5802a38628_to_Equation2,1,alps4141,alps4141::alps_ec5802a38628_to_Equation2,memory_limit,resource_exhausted,resource_exhausted,False,False,False
exact_4d5d299b60f1983a,alps4141::alps_c8fff0dcc34c_to_Equation2,1,alps4141,alps4141::alps_c8fff0dcc34c_to_Equation2,memory_limit,resource_exhausted,resource_exhausted,False,False,False
exact_b89d8caed35e9f1d,alps4141::alps_13f279446c2d_to_Equation2,1,alps4141,alps4141::alps_13f279446c2d_to_Equation2,memory_limit,resource_exhausted,memory_limit,False,False,False
exact_e80ad2ccb6f036e6,alps4141::alps_f8955c70b665_to_Equation2,1,alps4141,alps4141::alps_f8955c70b665_to_Equation2,resource_exhausted,resource_exhausted,resource_exhausted,False,False,False
exact_597a6568e19496f1,alps4141::alps_8615ef24e4c8_to_Equation2,1,alps4141,alps4141::alps_8615ef24e4c8_to_Equation2,memory_limit,resource_exhausted,resource_exhausted,False,False,False
exact_6325da8b0a20217e,alps4141::alps_b265acb1bf62_to_Equation2,1,alps4141,alps4141::alps_b265acb1bf62_to_Equation2,memory_limit,resource_exhausted,resource_exhausted,False,False,False
exact_8aefcbd7c8bd2ab8,alps4141::alps_afa8cd428226_to_Equation2,1,alps4141,alps4141::alps_afa8cd428226_to_Equation2,memory_limit,resource_exhausted,memory_limit,False,False,False
exact_53eade6aac4286fb,alps4141::alps_03e1977ef080_to_Equation2,1,alps4141,alps4141::alps_03e1977ef080_to_Equation2,resource_exhausted,resource_exhausted,resource_exhausted,False,False,False
exact_47afbf0f01449f06,alps4141::alps_6c13328e5039_to_Equation2,1,alps4141,alps4141::alps_6c13328e5039_to_Equation2,memory_limit,resource_exhausted,resource_exhausted,False,False,False
exact_0118726434cde09d,alps4141::alps_1a2131cd61e8_to_Equation2,1,alps4141,alps4141::alps_1a2131cd61e8_to_Equation2,memory_limit,resource_exhausted,resource_exhausted,False,False,False
exact_bbe0017f9a550a6e,alps4141::alps_e79062fe5120_to_Equation2,1,alps4141,alps4141::alps_e79062fe5120_to_Equation2,resource_exhausted,resource_exhausted,resource_exhausted,False,False,False
exact_42a8ca0c7afccff0,alps4141::alps_ceffa3662191_to_Equation2,1,alps4141,alps4141::alps_ceffa3662191_to_Equation2,resource_exhausted,theorem,resource_exhausted,True,False,False
exact_1a169f81e7e62e1b,alps4141::alps_2efa60b3d14e_to_Equation2,1,alps4141,alps4141::alps_2efa60b3d14e_to_Equation2,memory_limit,resource_exhausted,resource_exhausted,False,False,False
exact_c2757b61139d0312,alps4141::alps_8a55716daba7_to_Equation2,1,alps4141,alps4141::alps_8a55716daba7_to_Equation2,memory_limit,resource_exhausted,resource_exhausted,False,False,False
exact_cb803806ae68d36c,alps4141::alps_6a9dfb14e301_to_Equation2,1,alps4141,alps4141::alps_6a9dfb14e301_to_Equation2,resource_exhausted,resource_exhausted,resource_exhausted,False,False,False
exact_a955e079be7170b3,alps4141::alps_1d8bd8a1cba9_to_Equation2,1,alps4141,alps4141::alps_1d8bd8a1cba9_to_Equation2,resource_exhausted,resource_exhausted,resource_exhausted,False,False,False
exact_6e98ec73f0ffcdfc,alps4141::alps_e47adb790244_to_Equation2,1,alps4141,alps4141::alps_e47adb790244_to_Equation2,memory_limit,resource_exhausted,memory_limit,False,False,False
exact_3f3a711628956b23,alps4141::alps_e606005dc7a4_to_Equation2,1,alps4141,alps4141::alps_e606005dc7a4_to_Equation2,memory_limit,resource_exhausted,memory_limit,False,False,False
exact_dab12ed797104413,alps4141::alps_97745a894105_to_Equation2,1,alps4141,alps4141::alps_97745a894105_to_Equation2,memory_limit,resource_exhausted,resource_exhausted,False,False,False
exact_4dc75499bf681469,alps4141::alps_cbf70d7e86e2_to_Equation2,1,alps4141,alps4141::alps_cbf70d7e86e2_to_Equation2,resource_exhausted,resource_exhausted,resource_exhausted,False,False,False
exact_b2280aa4763faa1f,alps4141::alps_8c533a26ebc1_to_Equation2,1,alps4141,alps4141::alps_8c533a26ebc1_to_Equation2,memory_limit,resource_exhausted,resource_exhausted,False,False,False
exact_435d9a04b50ef7b6,alps4141::alps_9b153cb09944_to_Equation2,1,alps4141,alps4141::alps_9b153cb09944_to_Equation2,memory_limit,resource_exhausted,resource_exhausted,False,False,False
exact_7e04d676a2d06550,alps4141::alps_dba59e67c94b_to_Equation2,1,alps4141,alps4141::alps_dba59e67c94b_to_Equation2,memory_limit,resource_exhausted,resource_exhausted,False,False,False
exact_59b272b0ed803716,alps4141::alps_86693653fe5b_to_Equation2,1,alps4141,alps4141::alps_86693653fe5b_to_Equation2,memory_limit,resource_exhausted,resource_exhausted,False,False,False
exact_796bf902bd6dba5e,alps4141::alps_f4bc0967e7b5_to_Equation2,1,alps4141,alps4141::alps_f4bc0967e7b5_to_Equation2,memory_limit,resource_exhausted,memory_limit,False,False,False
exact_8f7f914552db9f4b,alps4141::alps_19f40bb52631_to_Equation2,1,alps4141,alps4141::alps_19f40bb52631_to_Equation2,resource_exhausted,resource_exhausted,resource_exhausted,False,False,False
exact_a574d183eeeaf0d9,alps4141::alps_3f5998525150_to_Equation2,1,alps4141,alps4141::alps_3f5998525150_to_Equation2,memory_limit,resource_exhausted,memory_limit,False,False,False
exact_d7f47e754dfa38cf,alps4141::alps_c30a288ea278_to_Equation2,1,alps4141,alps4141::alps_c30a288ea278_to_Equation2,memory_limit,resource_exhausted,memory_limit,False,False,False
exact_23d4950ce0527202,alps4141::alps_44c5ab879377_to_Equation2,1,alps4141,alps4141::alps_44c5ab879377_to_Equation2,memory_limit,resource_exhausted,memory_limit,False,False,False
exact_b92a0a08d3d86483,alps4141::alps_bd6a1e1155c5_to_Equation2,1,alps4141,alps4141::alps_bd6a1e1155c5_to_Equation2,memory_limit,resource_exhausted,resource_exhausted,False,False,False
exact_f741d02624e72c21,alps4141::alps_b5c2309b416f_to_Equation2,1,alps4141,alps4141::alps_b5c2309b416f_to_Equation2,memory_limit,resource_exhausted,resource_exhausted,False,False,False
exact_1de8bb1362b183c2,alps4141::alps_830cb2128964_to_Equation2,1,alps4141,alps4141::alps_830cb2128964_to_Equation2,memory_limit,resource_exhausted,resource_exhausted,False,False,False
exact_c69ad37c61e77e35,alps4141::alps_826306297791_to_Equation2,1,alps4141,alps4141::alps_826306297791_to_Equation2,memory_limit,resource_exhausted,resource_exhausted,False,False,False
exact_a028c197f39e4d89,alps4141::alps_0fd407bd2d03_to_Equation2,1,alps4141,alps4141::alps_0fd407bd2d03_to_Equation2,memory_limit,resource_exhausted,resource_exhausted,False,False,False
exact_1d822c4de934eef1,alps4141::alps_f6fe2622b5e3_to_Equation2,1,alps4141,alps4141::alps_f6fe2622b5e3_to_Equation2,memory_limit,resource_exhausted,resource_exhausted,False,False,False
exact_a5b48fe770bc43d3,alps4141::alps_3a47cacfc374_to_Equation2,1,alps4141,alps4141::alps_3a47cacfc374_to_Equation2,memory_limit,resource_exhausted,memory_limit,False,False,False
exact_5861df71c3bb92de,alps4141::alps_63d4e61469b2_to_Equation2,1,alps4141,alps4141::alps_63d4e61469b2_to_Equation2,resource_exhausted,resource_exhausted,resource_exhausted,False,False,False
exact_3ed7d9213eb9d886,alps4141::alps_e31a06cd59d3_to_Equation2,1,alps4141,alps4141::alps_e31a06cd59d3_to_Equation2,memory_limit,resource_exhausted,memory_limit,False,False,False
exact_4120d18fa3085010,alps4141::alps_3f5329ee0632_to_Equation2,1,alps4141,alps4141::alps_3f5329ee0632_to_Equation2,memory_limit,resource_exhausted,memory_limit,False,False,False
exact_02ba531aa659d786,alps4141::alps_1e7108e25bb2_to_Equation2,1,alps4141,alps4141::alps_1e7108e25bb2_to_Equation2,resource_exhausted,resource_exhausted,resource_exhausted,False,False,False
exact_7d7d2d9bf4b1c81f,alps4141::alps_5a69b2922737_to_Equation2,1,alps4141,alps4141::alps_5a69b2922737_to_Equation2,memory_limit,resource_exhausted,resource_exhausted,False,False,False
exact_1b7f111656fcefff,alps4141::alps_b460e10500a0_to_Equation2,1,alps4141,alps4141::alps_b460e10500a0_to_Equation2,memory_limit,resource_exhausted,resource_exhausted,False,False,False
exact_059634061fd8fcb2,alps4141::alps_82577a959083_to_Equation2,1,alps4141,alps4141::alps_82577a959083_to_Equation2,memory_limit,resource_exhausted,resource_exhausted,False,False,False
exact_9364c245c9f853a5,alps4141::alps_79607aadb5b4_to_Equation2,1,alps4141,alps4141::alps_79607aadb5b4_to_Equation2,memory_limit,resource_exhausted,resource_exhausted,False,False,False
exact_ac4f1f9346da4c40,alps4141::alps_b9ea8607d1cc_to_Equation2,1,alps4141,alps4141::alps_b9ea8607d1cc_to_Equation2,resource_exhausted,resource_exhausted,resource_exhausted,False,False,False
exact_dcf1b5eb0a1348c1,alps4141::alps_370930fca5ad_to_Equation2,1,alps4141,alps4141::alps_370930fca5ad_to_Equation2,memory_limit,resource_exhausted,resource_exhausted,False,False,False
exact_93594be55e5dc228,alps4141::alps_65431366f93d_to_Equation2,1,alps4141,alps4141::alps_65431366f93d_to_Equation2,resource_exhausted,resource_exhausted,resource_exhausted,False,False,False
exact_200600db06c35858,alps4141::alps_8f2af4531de4_to_Equation2,1,alps4141,alps4141::alps_8f2af4531de4_to_Equation2,memory_limit,resource_exhausted,resource_exhausted,False,False,False
exact_edd7cda0a0f3c39b,alps4141::alps_d100fcb3c5cc_to_Equation2,1,alps4141,alps4141::alps_d100fcb3c5cc_to_Equation2,resource_exhausted,resource_exhausted,resource_exhausted,False,False,False
exact_afd449bc5c33a5d5,alps4141::alps_4e9e81b69ddc_to_Equation2,1,alps4141,alps4141::alps_4e9e81b69ddc_to_Equation2,memory_limit,resource_exhausted,resource_exhausted,False,False,False
exact_3f2ce5ff8bb453ec,alps4141::alps_b867391d4367_to_Equation2,1,alps4141,alps4141::alps_b867391d4367_to_Equation2,memory_limit,resource_exhausted,resource_exhausted,False,False,False
exact_3cb2eaad0e2c759a,alps4141::alps_1e478f7235b3_to_Equation2,1,alps4141,alps4141::alps_1e478f7235b3_to_Equation2,memory_limit,resource_exhausted,memory_limit,False,False,False
exact_e96eeb82427f1c0d,alps4141::alps_b8090143fa9b_to_Equation2,1,alps4141,alps4141::alps_b8090143fa9b_to_Equation2,memory_limit,resource_exhausted,resource_exhausted,False,False,False
exact_7c2b6485289b2f2a,alps4141::alps_284898f9b509_to_Equation2,1,alps4141,alps4141::alps_284898f9b509_to_Equation2,memory_limit,resource_exhausted,memory_limit,False,False,False
exact_0a6b28e0491cc45f,alps4141::alps_32d8ae3b7421_to_Equation2,1,alps4141,alps4141::alps_32d8ae3b7421_to_Equation2,memory_limit,resource_exhausted,resource_exhausted,False,False,False
exact_c3476f92608296e0,alps4141::alps_8c568d4dddd9_to_Equation2,1,alps4141,alps4141::alps_8c568d4dddd9_to_Equation2,memory_limit,resource_exhausted,resource_exhausted,False,False,False
exact_1339d750d744959c,alps4141::alps_ae73ed8aab2e_to_Equation2,1,alps4141,alps4141::alps_ae73ed8aab2e_to_Equation2,memory_limit,resource_exhausted,memory_limit,False,False,False
exact_825d2c19e03d298b,alps4141::alps_3bb147a2782d_to_Equation2,1,alps4141,alps4141::alps_3bb147a2782d_to_Equation2,resource_exhausted,resource_exhausted,resource_exhausted,False,False,False
exact_4a26cf2f70abfdd9,alps4141::alps_77d9a3f18802_to_Equation2,1,alps4141,alps4141::alps_77d9a3f18802_to_Equation2,memory_limit,resource_exhausted,memory_limit,False,False,False
exact_e5ffe4d1d45c36c5,alps4141::alps_b68a0c7273df_to_Equation2,1,alps4141,alps4141::alps_b68a0c7273df_to_Equation2,memory_limit,resource_exhausted,memory_limit,False,False,False
exact_ede891a94246443c,alps4141::alps_bd11e220121c_to_Equation2,1,alps4141,alps4141::alps_bd11e220121c_to_Equation2,memory_limit,resource_exhausted,resource_exhausted,False,False,False
exact_90fc32035c15ee67,alps4141::alps_498c8f64ff34_to_Equation2,1,alps4141,alps4141::alps_498c8f64ff34_to_Equation2,memory_limit,resource_exhausted,resource_exhausted,False,False,False
exact_493768b878d8872a,alps4141::alps_3836454ba966_to_Equation2,1,alps4141,alps4141::alps_3836454ba966_to_Equation2,completed_no_decisive_result,resource_exhausted,memory_limit,False,False,False
exact_0e78d736c54f4ed5,alps4141::alps_d3a97883e5d3_to_Equation2,1,alps4141,alps4141::alps_d3a97883e5d3_to_Equation2,memory_limit,resource_exhausted,resource_exhausted,False,False,False
exact_f62eebfb308b14c8,alps4141::alps_485ffb6ad0d2_to_Equation2,1,alps4141,alps4141::alps_485ffb6ad0d2_to_Equation2,memory_limit,resource_exhausted,resource_exhausted,False,False,False
exact_c6ffd07d3c5ccc39,alps4141::alps_dd441f4d4b28_to_Equation2,1,alps4141,alps4141::alps_dd441f4d4b28_to_Equation2,memory_limit,resource_exhausted,resource_exhausted,False,False,False
exact_642393a8d5bf8100,alps4141::alps_558f6f0f516f_to_Equation2,1,alps4141,alps4141::alps_558f6f0f516f_to_Equation2,memory_limit,resource_exhausted,resource_exhausted,False,False,False
exact_8ee97e229133d41f,alps4141::alps_18d592d362cb_to_Equation2,1,alps4141,alps4141::alps_18d592d362cb_to_Equation2,memory_limit,resource_exhausted,memory_limit,False,False,False
exact_a2d07d22d69ab001,alps4141::alps_38404405f7f2_to_Equation2,1,alps4141,alps4141::alps_38404405f7f2_to_Equation2,memory_limit,resource_exhausted,resource_exhausted,False,False,False
exact_fef957821a408327,alps4141::alps_9d30e1532f86_to_Equation2,1,alps4141,alps4141::alps_9d30e1532f86_to_Equation2,memory_limit,resource_exhausted,memory_limit,False,False,False
exact_b1df88af2ffda10c,alps4141::alps_a4c643c436c1_to_Equation2,1,alps4141,alps4141::alps_a4c643c436c1_to_Equation2,memory_limit,resource_exhausted,resource_exhausted,False,False,False
exact_26f27b61270065c3,alps4141::alps_bee9df1ca587_to_Equation2,1,alps4141,alps4141::alps_bee9df1ca587_to_Equation2,resource_exhausted,resource_exhausted,resource_exhausted,False,False,False
exact_3ea44037b8c58294,alps4141::alps_e015a69baeac_to_Equation2,1,alps4141,alps4141::alps_e015a69baeac_to_Equation2,memory_limit,resource_exhausted,resource_exhausted,False,False,False
exact_467bf61e89227d4b,alps4141::alps_b91439be4322_to_Equation2,1,alps4141,alps4141::alps_b91439be4322_to_Equation2,resource_exhausted,resource_exhausted,resource_exhausted,False,False,False
exact_687638a4bf8688e8,alps4141::alps_5cc20e1845a9_to_Equation2,1,alps4141,alps4141::alps_5cc20e1845a9_to_Equation2,resource_exhausted,resource_exhausted,resource_exhausted,False,False,False
exact_7e1ad0814cbd4ea3,alps4141::alps_ff6bab0c427a_to_Equation2,1,alps4141,alps4141::alps_ff6bab0c427a_to_Equation2,resource_exhausted,resource_exhausted,resource_exhausted,False,False,False
exact_14e351ad97ddea10,alps4141::alps_db48de1ebbf7_to_Equation2,1,alps4141,alps4141::alps_db48de1ebbf7_to_Equation2,memory_limit,resource_exhausted,resource_exhausted,False,False,False
exact_d0b862348d1679ab,alps4141::alps_f4e5d2b18db5_to_Equation2,1,alps4141,alps4141::alps_f4e5d2b18db5_to_Equation2,resource_exhausted,resource_exhausted,resource_exhausted,False,False,False
exact_8995a15f0f54327a,alps4141::alps_363ad75e529b_to_Equation2,1,alps4141,alps4141::alps_363ad75e529b_to_Equation2,resource_exhausted,resource_exhausted,resource_exhausted,False,False,False
exact_f7e8490d30ba8db6,alps4141::alps_9d069e085d92_to_Equation2,1,alps4141,alps4141::alps_9d069e085d92_to_Equation2,memory_limit,resource_exhausted,resource_exhausted,False,False,False
exact_12ff6a1c8f4cc548,alps4141::alps_c13f1483cfa4_to_Equation2,1,alps4141,alps4141::alps_c13f1483cfa4_to_Equation2,memory_limit,resource_exhausted,resource_exhausted,False,False,False
exact_ad13cdee0b0d8be9,alps4141::alps_7cd87432fe90_to_Equation2,1,alps4141,alps4141::alps_7cd87432fe90_to_Equation2,memory_limit,resource_exhausted,resource_exhausted,False,False,False
exact_66d281977e2417f0,alps4141::alps_058bd700870b_to_Equation2,1,alps4141,alps4141::alps_058bd700870b_to_Equation2,memory_limit,resource_exhausted,resource_exhausted,False,False,False
exact_c9883e56b0c47682,alps4141::alps_3e64eae1db33_to_Equation2,1,alps4141,alps4141::alps_3e64eae1db33_to_Equation2,resource_exhausted,resource_exhausted,resource_exhausted,False,False,False
exact_25d25b1630dcc6f0,alps4141::alps_84807eeede9d_to_Equation2,1,alps4141,alps4141::alps_84807eeede9d_to_Equation2,memory_limit,resource_exhausted,resource_exhausted,False,False,False
exact_0dcd72c9f0c7e240,alps4141::alps_78ca8ec1ce16_to_Equation2,1,alps4141,alps4141::alps_78ca8ec1ce16_to_Equation2,resource_exhausted,resource_exhausted,resource_exhausted,False,False,False
exact_f339a76a1ddb3c9f,alps4141::alps_bd78fd339543_to_Equation2,1,alps4141,alps4141::alps_bd78fd339543_to_Equation2,memory_limit,resource_exhausted,resource_exhausted,False,False,False
exact_3735f19293d48a07,alps4141::alps_7794b479340d_to_Equation2,1,alps4141,alps4141::alps_7794b479340d_to_Equation2,memory_limit,resource_exhausted,resource_exhausted,False,False,False
exact_f7b6a5cb2cc2c25d,alps4141::alps_18a326e27a06_to_Equation2,1,alps4141,alps4141::alps_18a326e27a06_to_Equation2,resource_exhausted,resource_exhausted,resource_exhausted,False,False,False
exact_5b48c3a2ec0d21ba,alps4141::alps_4d180386b851_to_Equation2,1,alps4141,alps4141::alps_4d180386b851_to_Equation2,memory_limit,resource_exhausted,resource_exhausted,False,False,False
exact_55cdebf43ffaf397,alps4141::alps_055fee87f2da_to_Equation2,1,alps4141,alps4141::alps_055fee87f2da_to_Equation2,resource_exhausted,resource_exhausted,resource_exhausted,False,False,False
exact_272129d7aff43114,alps4141::alps_313debb16495_to_Equation2,1,alps4141,alps4141::alps_313debb16495_to_Equation2,memory_limit,resource_exhausted,resource_exhausted,False,False,False
exact_325a9561030d8a8d,alps4141::alps_d9edaa3fd826_to_Equation2,1,alps4141,alps4141::alps_d9edaa3fd826_to_Equation2,memory_limit,resource_exhausted,memory_limit,False,False,False
exact_13c8b61aa4b8d90b,alps4141::alps_a47844f2c034_to_Equation2,1,alps4141,alps4141::alps_a47844f2c034_to_Equation2,memory_limit,resource_exhausted,resource_exhausted,False,False,False
exact_44ee7625790de5f2,alps4141::alps_1ffbcb2a3703_to_Equation2,1,alps4141,alps4141::alps_1ffbcb2a3703_to_Equation2,memory_limit,resource_exhausted,resource_exhausted,False,False,False
exact_d2bdac0ab5197a57,alps4141::alps_ba43383ebc62_to_Equation2,1,alps4141,alps4141::alps_ba43383ebc62_to_Equation2,memory_limit,resource_exhausted,resource_exhausted,False,False,False
exact_4192ee9ad3b68113,alps4141::alps_cbdf15e36780_to_Equation2,1,alps4141,alps4141::alps_cbdf15e36780_to_Equation2,completed_no_decisive_result,resource_exhausted,resource_exhausted,False,False,False
exact_ce4cee272ef9f6ff,alps4141::alps_ed14314820e2_to_Equation2,1,alps4141,alps4141::alps_ed14314820e2_to_Equation2,memory_limit,resource_exhausted,resource_exhausted,False,False,False
exact_fbbeb81afbf2eb25,alps4141::alps_277e23417add_to_Equation2,1,alps4141,alps4141::alps_277e23417add_to_Equation2,memory_limit,resource_exhausted,resource_exhausted,False,False,False
exact_f8fba9d74ea14ff9,alps4141::alps_bfeef5b8f6a6_to_Equation2,1,alps4141,alps4141::alps_bfeef5b8f6a6_to_Equation2,resource_exhausted,theorem,resource_exhausted,True,False,False
exact_55e2c4d5708adc52,alps4141::alps_af54aa46f924_to_Equation2,1,alps4141,alps4141::alps_af54aa46f924_to_Equation2,memory_limit,resource_exhausted,resource_exhausted,False,False,False
exact_75bb19b87f7c2806,alps4141::alps_88214d234d48_to_Equation2,1,alps4141,alps4141::alps_88214d234d48_to_Equation2,memory_limit,resource_exhausted,memory_limit,False,False,False
exact_885f2b6d537e6603,alps4141::alps_c505b3d51ca1_to_Equation2,1,alps4141,alps4141::alps_c505b3d51ca1_to_Equation2,resource_exhausted,resource_exhausted,resource_exhausted,False,False,False
exact_eb04a9f925eed1a8,alps4141::alps_3e9e52083725_to_Equation2,1,alps4141,alps4141::alps_3e9e52083725_to_Equation2,memory_limit,resource_exhausted,resource_exhausted,False,False,False
exact_77910fb98519037d,alps4141::alps_e8ed0234cedf_to_Equation2,1,alps4141,alps4141::alps_e8ed0234cedf_to_Equation2,memory_limit,resource_exhausted,resource_exhausted,False,False,False
exact_5cb467073e6a595a,alps4141::alps_39934cb3e54e_to_Equation2,1,alps4141,alps4141::alps_39934cb3e54e_to_Equation2,memory_limit,resource_exhausted,memory_limit,False,False,False
exact_9d825c6da93f3b25,alps4141::alps_ae9977796e80_to_Equation2,1,alps4141,alps4141::alps_ae9977796e80_to_Equation2,completed_no_decisive_result,resource_exhausted,memory_limit,False,False,False
exact_600b1e657e4c6527,alps4141::alps_63e94d28a2c6_to_Equation2,1,alps4141,alps4141::alps_63e94d28a2c6_to_Equation2,memory_limit,resource_exhausted,memory_limit,False,False,False
exact_ba8c9d818f19f7a7,alps4141::alps_bec915c9aa82_to_Equation2,1,alps4141,alps4141::alps_bec915c9aa82_to_Equation2,theorem,theorem,theorem,True,False,False
exact_fac6d5a19eacc057,alps4141::alps_64e6d6e8fc81_to_Equation2,1,alps4141,alps4141::alps_64e6d6e8fc81_to_Equation2,memory_limit,resource_exhausted,resource_exhausted,False,False,False
exact_bf3e46fbb0dd2b03,alps4141::alps_868ae51f2ca5_to_Equation2,1,alps4141,alps4141::alps_868ae51f2ca5_to_Equation2,memory_limit,resource_exhausted,resource_exhausted,False,False,False
exact_9043510168e4d39a,alps4141::alps_2969b329ec35_to_Equation2,1,alps4141,alps4141::alps_2969b329ec35_to_Equation2,memory_limit,resource_exhausted,resource_exhausted,False,False,False
exact_341fc5ba2501761b,alps4141::alps_66399154280c_to_Equation2,1,alps4141,alps4141::alps_66399154280c_to_Equation2,resource_exhausted,resource_exhausted,resource_exhausted,False,False,False
exact_5d6f72c4d2a88bbe,alps4141::alps_176b5d63fb53_to_Equation2,1,alps4141,alps4141::alps_176b5d63fb53_to_Equation2,memory_limit,resource_exhausted,theorem,True,False,False
exact_e35e1b30ba29ce51,alps4141::alps_2fabed183075_to_Equation2,1,alps4141,alps4141::alps_2fabed183075_to_Equation2,memory_limit,resource_exhausted,memory_limit,False,False,False
exact_ce39de3471063814,alps4141::alps_406ecf626a9f_to_Equation2,1,alps4141,alps4141::alps_406ecf626a9f_to_Equation2,memory_limit,resource_exhausted,resource_exhausted,False,False,False
exact_ff4ea45f7caf2c88,alps4141::alps_bc5493a0142f_to_Equation2,1,alps4141,alps4141::alps_bc5493a0142f_to_Equation2,memory_limit,resource_exhausted,resource_exhausted,False,False,False
exact_28cf15f03e5c7580,alps4141::alps_20d4edb2f223_to_Equation2,1,alps4141,alps4141::alps_20d4edb2f223_to_Equation2,memory_limit,resource_exhausted,resource_exhausted,False,False,False
exact_e0b2948e7d1a38ae,alps4141::alps_b2380652a45e_to_Equation2,1,alps4141,alps4141::alps_b2380652a45e_to_Equation2,memory_limit,resource_exhausted,resource_exhausted,False,False,False
exact_143d6fd997bc2f03,alps4141::alps_63d37b184578_to_Equation2,1,alps4141,alps4141::alps_63d37b184578_to_Equation2,memory_limit,resource_exhausted,resource_exhausted,False,False,False
exact_14ec1123a032d0a2,alps4141::alps_e583b7f5d8b6_to_Equation2,1,alps4141,alps4141::alps_e583b7f5d8b6_to_Equation2,memory_limit,resource_exhausted,resource_exhausted,False,False,False
exact_0fad94825b098ed4,alps4141::alps_c414b625d879_to_Equation2,1,alps4141,alps4141::alps_c414b625d879_to_Equation2,memory_limit,resource_exhausted,resource_exhausted,False,False,False
exact_52fb2591084ebd7f,alps4141::alps_877374af916b_to_Equation2,1,alps4141,alps4141::alps_877374af916b_to_Equation2,memory_limit,resource_exhausted,memory_limit,False,False,False
exact_4beccc439bbbe7a2,alps4141::alps_5148634ff20c_to_Equation2,1,alps4141,alps4141::alps_5148634ff20c_to_Equation2,memory_limit,resource_exhausted,resource_exhausted,False,False,False
exact_c314893c1c93cf31,alps4141::alps_d755f76f14ef_to_Equation2,1,alps4141,alps4141::alps_d755f76f14ef_to_Equation2,memory_limit,resource_exhausted,resource_exhausted,False,False,False
exact_961ecd7eca113e03,alps4141::alps_1daecb35c84b_to_Equation2,1,alps4141,alps4141::alps_1daecb35c84b_to_Equation2,memory_limit,resource_exhausted,resource_exhausted,False,False,False
exact_4ea2d582a75097c6,alps4141::alps_1fcee9466d8a_to_Equation2,1,alps4141,alps4141::alps_1fcee9466d8a_to_Equation2,memory_limit,resource_exhausted,resource_exhausted,False,False,False
exact_ed780850464911a7,alps4141::alps_9f78a3c09d32_to_Equation2,1,alps4141,alps4141::alps_9f78a3c09d32_to_Equation2,resource_exhausted,resource_exhausted,resource_exhausted,False,False,False
exact_133ad64b7f27e339,alps4141::alps_9e7ca3e64b4f_to_Equation2,1,alps4141,alps4141::alps_9e7ca3e64b4f_to_Equation2,resource_exhausted,resource_exhausted,resource_exhausted,False,False,False
exact_59ffae43a0878845,alps4141::alps_b32c740516e3_to_Equation2,1,alps4141,alps4141::alps_b32c740516e3_to_Equation2,memory_limit,resource_exhausted,resource_exhausted,False,False,False
exact_80f207a9b8bbf757,alps4141::alps_475cdd6d26f7_to_Equation2,1,alps4141,alps4141::alps_475cdd6d26f7_to_Equation2,completed_no_decisive_result,resource_exhausted,memory_limit,False,False,False
exact_46d52c538ae3675f,alps4141::alps_ef879d7a2cff_to_Equation2,1,alps4141,alps4141::alps_ef879d7a2cff_to_Equation2,memory_limit,resource_exhausted,resource_exhausted,False,False,False
exact_215a1d56ab9c9511,alps4141::alps_b3c6dba4fc62_to_Equation2,1,alps4141,alps4141::alps_b3c6dba4fc62_to_Equation2,memory_limit,resource_exhausted,resource_exhausted,False,False,False
exact_98c1508eb6e60385,alps4141::alps_aa292e7be15b_to_Equation2,1,alps4141,alps4141::alps_aa292e7be15b_to_Equation2,memory_limit,resource_exhausted,resource_exhausted,False,False,False
exact_430f8079a24ede31,alps4141::alps_4848a305b84d_to_Equation2,1,alps4141,alps4141::alps_4848a305b84d_to_Equation2,resource_exhausted,resource_exhausted,resource_exhausted,False,False,False
exact_bc3e9f48d5ddd825,alps4141::alps_0fe835e8fdec_to_Equation2,1,alps4141,alps4141::alps_0fe835e8fdec_to_Equation2,memory_limit,resource_exhausted,resource_exhausted,False,False,False
exact_a1b41acb2ff33783,alps4141::alps_65be846b2e38_to_Equation2,1,alps4141,alps4141::alps_65be846b2e38_to_Equation2,resource_exhausted,resource_exhausted,resource_exhausted,False,False,False
exact_3215da7ef40d3465,alps4141::alps_09eaa9b6ca5e_to_Equation2,1,alps4141,alps4141::alps_09eaa9b6ca5e_to_Equation2,memory_limit,resource_exhausted,resource_exhausted,False,False,False
exact_af96a98900e80b84,alps4141::alps_526f361371ca_to_Equation2,1,alps4141,alps4141::alps_526f361371ca_to_Equation2,memory_limit,resource_exhausted,resource_exhausted,False,False,False
exact_a95824a12627305b,alps4141::alps_777a551d9d52_to_Equation2,1,alps4141,alps4141::alps_777a551d9d52_to_Equation2,memory_limit,resource_exhausted,resource_exhausted,False,False,False
exact_9bee21bfe3bd2c4e,alps4141::alps_e8b41533f719_to_Equation2,1,alps4141,alps4141::alps_e8b41533f719_to_Equation2,memory_limit,resource_exhausted,resource_exhausted,False,False,False
exact_bc6309021514d604,alps4141::alps_0a661fe67745_to_Equation2,1,alps4141,alps4141::alps_0a661fe67745_to_Equation2,memory_limit,resource_exhausted,resource_exhausted,False,False,False
exact_562e1ff77e196181,alps4141::alps_4c34258668b2_to_Equation2,1,alps4141,alps4141::alps_4c34258668b2_to_Equation2,memory_limit,resource_exhausted,resource_exhausted,False,False,False
exact_0ae0f659502e8c3f,alps4141::alps_f79d9aa0e9af_to_Equation2,1,alps4141,alps4141::alps_f79d9aa0e9af_to_Equation2,resource_exhausted,resource_exhausted,resource_exhausted,False,False,False
exact_98cea3892fb6f6f9,alps4141::alps_2e8c640fab90_to_Equation2,1,alps4141,alps4141::alps_2e8c640fab90_to_Equation2,memory_limit,resource_exhausted,resource_exhausted,False,False,False
exact_5a5af1aab4a7aa4a,alps4141::alps_838fbf2405f8_to_Equation2,1,alps4141,alps4141::alps_838fbf2405f8_to_Equation2,memory_limit,resource_exhausted,resource_exhausted,False,False,False
exact_e947c6101f6c161d,alps4141::alps_443888a934e9_to_Equation2,1,alps4141,alps4141::alps_443888a934e9_to_Equation2,memory_limit,resource_exhausted,resource_exhausted,False,False,False
exact_51f488b75b9e5571,alps4141::alps_34d62b9ca6b1_to_Equation2,1,alps4141,alps4141::alps_34d62b9ca6b1_to_Equation2,memory_limit,resource_exhausted,resource_exhausted,False,False,False
exact_8a8f3ab693c41cae,alps4141::alps_0ed0bd1c7bd9_to_Equation2,1,alps4141,alps4141::alps_0ed0bd1c7bd9_to_Equation2,resource_exhausted,resource_exhausted,resource_exhausted,False,False,False
exact_84384115f6ef6c1d,alps4141::alps_e119343cf487_to_Equation2,1,alps4141,alps4141::alps_e119343cf487_to_Equation2,memory_limit,resource_exhausted,resource_exhausted,False,False,False
exact_fdcf89b73c5bfc96,alps4141::alps_e8599c3ca733_to_Equation2,1,alps4141,alps4141::alps_e8599c3ca733_to_Equation2,memory_limit,resource_exhausted,resource_exhausted,False,False,False
exact_ac42311ff787bb6f,alps4141::alps_f4c62170d1a7_to_Equation2,1,alps4141,alps4141::alps_f4c62170d1a7_to_Equation2,memory_limit,resource_exhausted,resource_exhausted,False,False,False
exact_e32c1a3e949770e7,alps4141::alps_67227f8f3a41_to_Equation2,1,alps4141,alps4141::alps_67227f8f3a41_to_Equation2,memory_limit,resource_exhausted,memory_limit,False,False,False
exact_3abf8cb24a083b16,alps4141::alps_a7f7050e87b9_to_Equation2,1,alps4141,alps4141::alps_a7f7050e87b9_to_Equation2,memory_limit,resource_exhausted,resource_exhausted,False,False,False
exact_cb97ed358dfe73c2,alps4141::alps_3ac3a3ec5005_to_Equation2,1,alps4141,alps4141::alps_3ac3a3ec5005_to_Equation2,memory_limit,resource_exhausted,resource_exhausted,False,False,False
exact_1a413397927f0baa,alps4141::alps_fc97e8e71545_to_Equation2,1,alps4141,alps4141::alps_fc97e8e71545_to_Equation2,memory_limit,resource_exhausted,resource_exhausted,False,False,False
exact_263a08a9a7afe8dd,alps4141::alps_89c56eb9bd47_to_Equation2,1,alps4141,alps4141::alps_89c56eb9bd47_to_Equation2,memory_limit,resource_exhausted,resource_exhausted,False,False,False
exact_076daf4db954ed27,alps4141::alps_6e0a9d567eb1_to_Equation2,1,alps4141,alps4141::alps_6e0a9d567eb1_to_Equation2,resource_exhausted,resource_exhausted,resource_exhausted,False,False,False
exact_1049a5d3e859857a,alps4141::alps_27e7d456f413_to_Equation2,1,alps4141,alps4141::alps_27e7d456f413_to_Equation2,memory_limit,resource_exhausted,resource_exhausted,False,False,False
exact_af3a27e3d9f97179,alps4141::alps_b38c239cd919_to_Equation2,1,alps4141,alps4141::alps_b38c239cd919_to_Equation2,memory_limit,resource_exhausted,resource_exhausted,False,False,False
exact_5414c16e5aea855e,alps4141::alps_9b82cf874022_to_Equation2,1,alps4141,alps4141::alps_9b82cf874022_to_Equation2,memory_limit,resource_exhausted,resource_exhausted,False,False,False
exact_7274a9d43e1ccc25,alps4141::alps_d0a763c2409a_to_Equation2,1,alps4141,alps4141::alps_d0a763c2409a_to_Equation2,memory_limit,resource_exhausted,resource_exhausted,False,False,False
exact_6789ca5290528336,alps4141::alps_e04ce2fa7198_to_Equation2,1,alps4141,alps4141::alps_e04ce2fa7198_to_Equation2,memory_limit,resource_exhausted,resource_exhausted,False,False,False
exact_0578fd3c9a221be3,alps4141::alps_e2bfdb2f0e0a_to_Equation2,1,alps4141,alps4141::alps_e2bfdb2f0e0a_to_Equation2,memory_limit,resource_exhausted,resource_exhausted,False,False,False
exact_0665b112909da149,alps4141::alps_c4c8e5d92cb3_to_Equation2,1,alps4141,alps4141::alps_c4c8e5d92cb3_to_Equation2,resource_exhausted,resource_exhausted,memory_limit,False,False,False
exact_0618971e4b568b39,alps4141::alps_d6ab1a7b63b5_to_Equation2,1,alps4141,alps4141::alps_d6ab1a7b63b5_to_Equation2,memory_limit,resource_exhausted,resource_exhausted,False,False,False
exact_6aa0b8fdf8646a2b,austin96::order5_austin_unknown_E32280_to_E2,2,alps4141+austin96,austin96::order5_austin_unknown_E32280_to_E2 | alps4141::alps_a18c024f830c_to_Equation2,memory_limit,resource_exhausted,resource_exhausted,False,False,False
exact_946de55dda3aeecb,austin96::order5_austin_unknown_E32281_to_E2,2,alps4141+austin96,austin96::order5_austin_unknown_E32281_to_E2 | alps4141::alps_8959f7265a45_to_Equation2,memory_limit,resource_exhausted,resource_exhausted,False,False,False
exact_e208eb0e8b00cc0c,austin96::order5_austin_unknown_E32294_to_E2,2,alps4141+austin96,austin96::order5_austin_unknown_E32294_to_E2 | alps4141::alps_e3712dc07af0_to_Equation2,memory_limit,resource_exhausted,resource_exhausted,False,False,False
exact_733ef9056587c64c,alps4141::alps_0f11dd325021_to_Equation2,1,alps4141,alps4141::alps_0f11dd325021_to_Equation2,memory_limit,resource_exhausted,resource_exhausted,False,False,False
exact_7a76b95654ecca31,alps4141::alps_4e3dcc7ed237_to_Equation2,1,alps4141,alps4141::alps_4e3dcc7ed237_to_Equation2,memory_limit,resource_exhausted,resource_exhausted,False,False,False
exact_a5bd71cf100893fe,alps4141::alps_40ce3bb6f201_to_Equation2,1,alps4141,alps4141::alps_40ce3bb6f201_to_Equation2,memory_limit,resource_exhausted,resource_exhausted,False,False,False
exact_67e4ee568a62c410,alps4141::alps_acfcba9aee6d_to_Equation2,1,alps4141,alps4141::alps_acfcba9aee6d_to_Equation2,memory_limit,resource_exhausted,memory_limit,False,False,False
exact_4ae9f447249e7799,alps4141::alps_2f2c2ab3fb24_to_Equation2,1,alps4141,alps4141::alps_2f2c2ab3fb24_to_Equation2,memory_limit,resource_exhausted,resource_exhausted,False,False,False
exact_69774ef7a4e7fe5b,alps4141::alps_27ddc9acc9ee_to_Equation2,1,alps4141,alps4141::alps_27ddc9acc9ee_to_Equation2,resource_exhausted,resource_exhausted,resource_exhausted,False,False,False
exact_c6eb5120cc2e329f,alps4141::alps_2c2d796636ac_to_Equation2,1,alps4141,alps4141::alps_2c2d796636ac_to_Equation2,memory_limit,resource_exhausted,resource_exhausted,False,False,False
exact_e438841238200a04,alps4141::alps_68266238815a_to_Equation2,1,alps4141,alps4141::alps_68266238815a_to_Equation2,memory_limit,resource_exhausted,resource_exhausted,False,False,False
exact_57d7bbb1aa166d4c,alps4141::alps_f595c78bc169_to_Equation2,1,alps4141,alps4141::alps_f595c78bc169_to_Equation2,memory_limit,resource_exhausted,resource_exhausted,False,False,False
exact_095eae23d5de277e,alps4141::alps_1c6c61db9fa4_to_Equation2,1,alps4141,alps4141::alps_1c6c61db9fa4_to_Equation2,memory_limit,resource_exhausted,resource_exhausted,False,False,False
exact_fc266104fac32f64,alps4141::alps_89c98fc39d54_to_Equation2,1,alps4141,alps4141::alps_89c98fc39d54_to_Equation2,memory_limit,resource_exhausted,memory_limit,False,False,False
exact_b1e8f2fbcda00d05,alps4141::alps_9538616707b4_to_Equation2,1,alps4141,alps4141::alps_9538616707b4_to_Equation2,memory_limit,resource_exhausted,resource_exhausted,False,False,False
exact_4205f12b3279002a,alps4141::alps_f972381708a5_to_Equation2,1,alps4141,alps4141::alps_f972381708a5_to_Equation2,memory_limit,resource_exhausted,resource_exhausted,False,False,False
exact_68b2d7dec986d4e2,alps4141::alps_a9de207564e4_to_Equation2,1,alps4141,alps4141::alps_a9de207564e4_to_Equation2,memory_limit,resource_exhausted,resource_exhausted,False,False,False
exact_acac325757d9717b,alps4141::alps_a77a8a93579e_to_Equation2,1,alps4141,alps4141::alps_a77a8a93579e_to_Equation2,memory_limit,resource_exhausted,memory_limit,False,False,False
exact_6a822c38c2d09bb8,alps4141::alps_49098501215b_to_Equation2,1,alps4141,alps4141::alps_49098501215b_to_Equation2,memory_limit,resource_exhausted,memory_limit,False,False,False
exact_e4c05300b27dceec,alps4141::alps_ab0cda39da31_to_Equation2,1,alps4141,alps4141::alps_ab0cda39da31_to_Equation2,memory_limit,resource_exhausted,resource_exhausted,False,False,False
exact_fe0331ea0b2d7027,alps4141::alps_468d0bd73876_to_Equation2,1,alps4141,alps4141::alps_468d0bd73876_to_Equation2,memory_limit,resource_exhausted,resource_exhausted,False,False,False
exact_115f45f0702b1aca,alps4141::alps_ea7789e63f4b_to_Equation2,1,alps4141,alps4141::alps_ea7789e63f4b_to_Equation2,memory_limit,resource_exhausted,resource_exhausted,False,False,False
exact_5ef3ec531c156432,alps4141::alps_a9dbe120838c_to_Equation2,1,alps4141,alps4141::alps_a9dbe120838c_to_Equation2,memory_limit,resource_exhausted,resource_exhausted,False,False,False
exact_16d1941c607610e3,alps4141::alps_759c295ab15a_to_Equation2,1,alps4141,alps4141::alps_759c295ab15a_to_Equation2,memory_limit,resource_exhausted,resource_exhausted,False,False,False
exact_eb1f1a77fb07c7c4,alps4141::alps_be35197a0b14_to_Equation2,1,alps4141,alps4141::alps_be35197a0b14_to_Equation2,memory_limit,resource_exhausted,memory_limit,False,False,False
exact_1866905265a41ec2,alps4141::alps_8126594d4d0a_to_Equation2,1,alps4141,alps4141::alps_8126594d4d0a_to_Equation2,memory_limit,resource_exhausted,resource_exhausted,False,False,False
exact_d29510ec676d77c9,alps4141::alps_548f97f3c654_to_Equation2,1,alps4141,alps4141::alps_548f97f3c654_to_Equation2,memory_limit,resource_exhausted,resource_exhausted,False,False,False
exact_34f5706c959403c8,alps4141::alps_f60cd0ab128f_to_Equation2,1,alps4141,alps4141::alps_f60cd0ab128f_to_Equation2,memory_limit,resource_exhausted,memory_limit,False,False,False
exact_edefbdf19635f8ec,alps4141::alps_5fdde486a024_to_Equation2,1,alps4141,alps4141::alps_5fdde486a024_to_Equation2,memory_limit,resource_exhausted,resource_exhausted,False,False,False
exact_498c21340b24d671,alps4141::alps_5726b7cffb7e_to_Equation2,1,alps4141,alps4141::alps_5726b7cffb7e_to_Equation2,memory_limit,resource_exhausted,resource_exhausted,False,False,False
exact_5ea758f8dc6196c3,alps4141::alps_b89f6253601b_to_Equation2,1,alps4141,alps4141::alps_b89f6253601b_to_Equation2,memory_limit,resource_exhausted,resource_exhausted,False,False,False
exact_64bc7dc58c97300c,alps4141::alps_5a867cefa407_to_Equation2,1,alps4141,alps4141::alps_5a867cefa407_to_Equation2,memory_limit,resource_exhausted,resource_exhausted,False,False,False
exact_5603e2bc00d779be,alps4141::alps_70432cf88ceb_to_Equation2,1,alps4141,alps4141::alps_70432cf88ceb_to_Equation2,memory_limit,resource_exhausted,resource_exhausted,False,False,False
exact_5b213f9d021c4cb7,alps4141::alps_4ef923a2acf2_to_Equation2,1,alps4141,alps4141::alps_4ef923a2acf2_to_Equation2,memory_limit,resource_exhausted,resource_exhausted,False,False,False
exact_d8e4854fbdc15d21,alps4141::alps_f0917866f1e0_to_Equation2,1,alps4141,alps4141::alps_f0917866f1e0_to_Equation2,memory_limit,resource_exhausted,resource_exhausted,False,False,False
exact_c8f301a59951fd93,alps4141::alps_3a5974dd4428_to_Equation2,1,alps4141,alps4141::alps_3a5974dd4428_to_Equation2,memory_limit,resource_exhausted,resource_exhausted,False,False,False
exact_007468a055f5342c,alps4141::alps_925ee9100340_to_Equation2,1,alps4141,alps4141::alps_925ee9100340_to_Equation2,memory_limit,theorem,theorem,True,False,False
exact_beb21f3ecd3826b5,alps4141::alps_bdeda239cdca_to_Equation2,1,alps4141,alps4141::alps_bdeda239cdca_to_Equation2,memory_limit,resource_exhausted,resource_exhausted,False,False,False
exact_345a58f5ec76e6e4,alps4141::alps_cbe03bb2d5af_to_Equation2,1,alps4141,alps4141::alps_cbe03bb2d5af_to_Equation2,memory_limit,resource_exhausted,resource_exhausted,False,False,False
exact_1005a1bae7675d5b,alps4141::alps_129fa5146e8f_to_Equation2,1,alps4141,alps4141::alps_129fa5146e8f_to_Equation2,resource_exhausted,resource_exhausted,resource_exhausted,False,False,False
exact_348c4c6d9c22e582,alps4141::alps_e6b875a0a69e_to_Equation2,1,alps4141,alps4141::alps_e6b875a0a69e_to_Equation2,memory_limit,resource_exhausted,resource_exhausted,False,False,False
exact_7f04e48350916783,alps4141::alps_e5acfac06701_to_Equation2,1,alps4141,alps4141::alps_e5acfac06701_to_Equation2,memory_limit,resource_exhausted,resource_exhausted,False,False,False
exact_8d26a6c46de00646,alps4141::alps_b448601c9c07_to_Equation2,1,alps4141,alps4141::alps_b448601c9c07_to_Equation2,memory_limit,resource_exhausted,resource_exhausted,False,False,False
exact_9c112106383301d3,alps4141::alps_fd6d23f4d886_to_Equation2,1,alps4141,alps4141::alps_fd6d23f4d886_to_Equation2,memory_limit,resource_exhausted,resource_exhausted,False,False,False
exact_6701ff95e3f8f941,alps4141::alps_cf74adddae7d_to_Equation2,1,alps4141,alps4141::alps_cf74adddae7d_to_Equation2,memory_limit,resource_exhausted,resource_exhausted,False,False,False
exact_7cc28c527d0341d2,alps4141::alps_fad5a5cc950a_to_Equation2,1,alps4141,alps4141::alps_fad5a5cc950a_to_Equation2,memory_limit,resource_exhausted,resource_exhausted,False,False,False
exact_feff1deceb70a3d4,alps4141::alps_6314461c38a5_to_Equation2,1,alps4141,alps4141::alps_6314461c38a5_to_Equation2,memory_limit,resource_exhausted,resource_exhausted,False,False,False
exact_8ca9e96c53082413,alps4141::alps_57613ba8d0dd_to_Equation2,1,alps4141,alps4141::alps_57613ba8d0dd_to_Equation2,memory_limit,resource_exhausted,resource_exhausted,False,False,False
exact_e52c496f4642e205,alps4141::alps_eed17c424f6b_to_Equation2,1,alps4141,alps4141::alps_eed17c424f6b_to_Equation2,memory_limit,resource_exhausted,memory_limit,False,False,False
exact_f4e79cf3406666ef,alps4141::alps_0b790a95e231_to_Equation2,1,alps4141,alps4141::alps_0b790a95e231_to_Equation2,memory_limit,resource_exhausted,resource_exhausted,False,False,False
exact_34c969e54b820873,alps4141::alps_d2b6a6f20be4_to_Equation2,1,alps4141,alps4141::alps_d2b6a6f20be4_to_Equation2,memory_limit,resource_exhausted,resource_exhausted,False,False,False
exact_acafead07d80622f,alps4141::alps_0f7c46f7e0d9_to_Equation2,1,alps4141,alps4141::alps_0f7c46f7e0d9_to_Equation2,resource_exhausted,resource_exhausted,resource_exhausted,False,False,False
exact_d980661b5c6b7d93,alps4141::alps_904acfcabda9_to_Equation2,1,alps4141,alps4141::alps_904acfcabda9_to_Equation2,resource_exhausted,resource_exhausted,resource_exhausted,False,False,False
exact_6e586fc55721a0a3,alps4141::alps_afeb3ed1cc4a_to_Equation2,1,alps4141,alps4141::alps_afeb3ed1cc4a_to_Equation2,memory_limit,resource_exhausted,resource_exhausted,False,False,False
exact_3ccf5d794f991b34,alps4141::alps_c37209e4c320_to_Equation2,1,alps4141,alps4141::alps_c37209e4c320_to_Equation2,memory_limit,resource_exhausted,memory_limit,False,False,False
exact_dbdaf023c13c60ae,alps4141::alps_e164a8c4e01b_to_Equation2,1,alps4141,alps4141::alps_e164a8c4e01b_to_Equation2,memory_limit,resource_exhausted,resource_exhausted,False,False,False
exact_108e3c41ca33714b,alps4141::alps_627eeb4a89a4_to_Equation2,1,alps4141,alps4141::alps_627eeb4a89a4_to_Equation2,resource_exhausted,resource_exhausted,resource_exhausted,False,False,False
exact_7825ce2ead0146c6,alps4141::alps_7e5352df0355_to_Equation2,1,alps4141,alps4141::alps_7e5352df0355_to_Equation2,resource_exhausted,resource_exhausted,resource_exhausted,False,False,False
exact_3801d17ae6892da9,alps4141::alps_7826f68dda06_to_Equation2,1,alps4141,alps4141::alps_7826f68dda06_to_Equation2,memory_limit,resource_exhausted,resource_exhausted,False,False,False
exact_506e0e88b892fd03,austin96::order5_austin_unknown_E26105_to_E2,2,alps4141+austin96,austin96::order5_austin_unknown_E26105_to_E2 | alps4141::alps_2871d801403c_to_Equation2,resource_exhausted,resource_exhausted,counter_satisfiable,False,True,False
exact_57f575ad70d92d7d,alps4141::alps_1a03fc55cf75_to_Equation2,1,alps4141,alps4141::alps_1a03fc55cf75_to_Equation2,memory_limit,resource_exhausted,resource_exhausted,False,False,False
exact_11a8c391424212b0,alps4141::alps_f5903b2e7a95_to_Equation2,1,alps4141,alps4141::alps_f5903b2e7a95_to_Equation2,completed_no_decisive_result,resource_exhausted,resource_exhausted,False,False,False
exact_7b1bbec7e7c1faa9,alps4141::alps_eb47bdb27a2e_to_Equation2,1,alps4141,alps4141::alps_eb47bdb27a2e_to_Equation2,resource_exhausted,resource_exhausted,resource_exhausted,False,False,False
exact_268b0b22edca27af,alps4141::alps_074211694168_to_Equation2,1,alps4141,alps4141::alps_074211694168_to_Equation2,memory_limit,resource_exhausted,resource_exhausted,False,False,False
exact_a1ac4a2824caa815,alps4141::alps_e976e18f2995_to_Equation2,1,alps4141,alps4141::alps_e976e18f2995_to_Equation2,memory_limit,resource_exhausted,resource_exhausted,False,False,False
exact_6419fee21eea6ad6,alps4141::alps_f241b950feba_to_Equation2,1,alps4141,alps4141::alps_f241b950feba_to_Equation2,memory_limit,resource_exhausted,memory_limit,False,False,False
exact_31a5cdbedf9070b2,alps4141::alps_3b16e5d71325_to_Equation2,1,alps4141,alps4141::alps_3b16e5d71325_to_Equation2,memory_limit,resource_exhausted,resource_exhausted,False,False,False
exact_abed5ecedfb8e5f5,alps4141::alps_eae96dec5f67_to_Equation2,1,alps4141,alps4141::alps_eae96dec5f67_to_Equation2,memory_limit,resource_exhausted,resource_exhausted,False,False,False
exact_6a35391029998e11,alps4141::alps_1dff66b8811b_to_Equation2,1,alps4141,alps4141::alps_1dff66b8811b_to_Equation2,memory_limit,resource_exhausted,resource_exhausted,False,False,False
exact_d7b1526051a3a6f5,alps4141::alps_d89e63abdd21_to_Equation2,1,alps4141,alps4141::alps_d89e63abdd21_to_Equation2,memory_limit,resource_exhausted,resource_exhausted,False,False,False
exact_c0cfae14907bcfda,alps4141::alps_e3fb6a678b89_to_Equation2,1,alps4141,alps4141::alps_e3fb6a678b89_to_Equation2,memory_limit,resource_exhausted,resource_exhausted,False,False,False
exact_e649ac38b3d4ba89,alps4141::alps_1736f9695026_to_Equation2,1,alps4141,alps4141::alps_1736f9695026_to_Equation2,memory_limit,resource_exhausted,resource_exhausted,False,False,False
exact_4de68cecf3b12414,alps4141::alps_8b8fc84d775f_to_Equation2,1,alps4141,alps4141::alps_8b8fc84d775f_to_Equation2,memory_limit,resource_exhausted,resource_exhausted,False,False,False
exact_fbbe007ad107820e,alps4141::alps_a24a68d74e3e_to_Equation2,1,alps4141,alps4141::alps_a24a68d74e3e_to_Equation2,memory_limit,resource_exhausted,resource_exhausted,False,False,False
exact_acd03027924c63c5,alps4141::alps_31fa7979264d_to_Equation2,1,alps4141,alps4141::alps_31fa7979264d_to_Equation2,memory_limit,resource_exhausted,resource_exhausted,False,False,False
exact_102db65f0e51d50d,alps4141::alps_2f2334a8a4b0_to_Equation2,1,alps4141,alps4141::alps_2f2334a8a4b0_to_Equation2,memory_limit,resource_exhausted,memory_limit,False,False,False
exact_e9b2cfea71827b56,alps4141::alps_072c1c15f68c_to_Equation2,1,alps4141,alps4141::alps_072c1c15f68c_to_Equation2,memory_limit,resource_exhausted,resource_exhausted,False,False,False
exact_6100308a2b912c4e,alps4141::alps_a3ff2b98e00a_to_Equation2,1,alps4141,alps4141::alps_a3ff2b98e00a_to_Equation2,memory_limit,resource_exhausted,memory_limit,False,False,False
exact_6d9fb6e2089aa3ae,alps4141::alps_4d4a677fc56a_to_Equation2,1,alps4141,alps4141::alps_4d4a677fc56a_to_Equation2,memory_limit,resource_exhausted,resource_exhausted,False,False,False
exact_6f4b87c888b124c8,alps4141::alps_f9cd3ba06770_to_Equation2,1,alps4141,alps4141::alps_f9cd3ba06770_to_Equation2,resource_exhausted,resource_exhausted,resource_exhausted,False,False,False
exact_713672b97df5713b,alps4141::alps_ae62ca9655ce_to_Equation2,1,alps4141,alps4141::alps_ae62ca9655ce_to_Equation2,resource_exhausted,resource_exhausted,resource_exhausted,False,False,False
exact_20ca37da4b3fd410,alps4141::alps_ea36c947a598_to_Equation2,1,alps4141,alps4141::alps_ea36c947a598_to_Equation2,memory_limit,resource_exhausted,resource_exhausted,False,False,False
exact_de31694ae4789a87,alps4141::alps_687a66e580a0_to_Equation2,1,alps4141,alps4141::alps_687a66e580a0_to_Equation2,memory_limit,resource_exhausted,resource_exhausted,False,False,False
exact_a68819cd39ea2937,alps4141::alps_2f52f530cbdb_to_Equation2,1,alps4141,alps4141::alps_2f52f530cbdb_to_Equation2,resource_exhausted,resource_exhausted,resource_exhausted,False,False,False
exact_252ca1d040230d2f,alps4141::alps_de97713373c2_to_Equation2,1,alps4141,alps4141::alps_de97713373c2_to_Equation2,resource_exhausted,resource_exhausted,resource_exhausted,False,False,False
exact_81234cdc6cc343cb,alps4141::alps_8a40bef4d286_to_Equation2,1,alps4141,alps4141::alps_8a40bef4d286_to_Equation2,resource_exhausted,resource_exhausted,resource_exhausted,False,False,False
exact_2395ff1027370a76,alps4141::alps_cc8f17416366_to_Equation2,1,alps4141,alps4141::alps_cc8f17416366_to_Equation2,resource_exhausted,resource_exhausted,resource_exhausted,False,False,False
exact_51022ade1b5a19a6,alps4141::alps_d80f131ce354_to_Equation2,1,alps4141,alps4141::alps_d80f131ce354_to_Equation2,memory_limit,resource_exhausted,memory_limit,False,False,False
exact_2228a6baab94ed4d,alps4141::alps_b403ade3cefe_to_Equation2,1,alps4141,alps4141::alps_b403ade3cefe_to_Equation2,resource_exhausted,resource_exhausted,resource_exhausted,False,False,False
exact_d610d70fc4b68a5b,alps4141::alps_5bbd90e02bae_to_Equation2,1,alps4141,alps4141::alps_5bbd90e02bae_to_Equation2,resource_exhausted,theorem,theorem,True,False,False
exact_cfe21d45ac3444fb,alps4141::alps_580cf9ee0721_to_Equation2,1,alps4141,alps4141::alps_580cf9ee0721_to_Equation2,memory_limit,resource_exhausted,resource_exhausted,False,False,False
exact_3d1bc19925a0367e,alps4141::alps_b76544d04714_to_Equation2,1,alps4141,alps4141::alps_b76544d04714_to_Equation2,resource_exhausted,resource_exhausted,resource_exhausted,False,False,False
exact_2465a1ee63782d66,alps4141::alps_a0a67803434c_to_Equation2,1,alps4141,alps4141::alps_a0a67803434c_to_Equation2,memory_limit,resource_exhausted,resource_exhausted,False,False,False
exact_8563e8fc34b367b4,alps4141::alps_674eabc8c322_to_Equation2,1,alps4141,alps4141::alps_674eabc8c322_to_Equation2,memory_limit,resource_exhausted,memory_limit,False,False,False
exact_bdae5e9ca858f3cf,alps4141::alps_fda741576e00_to_Equation2,1,alps4141,alps4141::alps_fda741576e00_to_Equation2,memory_limit,resource_exhausted,memory_limit,False,False,False
exact_b1667035542da985,alps4141::alps_c43bb7e20c74_to_Equation2,1,alps4141,alps4141::alps_c43bb7e20c74_to_Equation2,memory_limit,resource_exhausted,resource_exhausted,False,False,False
exact_349b3d1e83964314,alps4141::alps_d0a3e43577c3_to_Equation2,1,alps4141,alps4141::alps_d0a3e43577c3_to_Equation2,resource_exhausted,resource_exhausted,theorem,True,False,False
exact_3219d2c8a424c70b,alps4141::alps_531b8fbdf79e_to_Equation2,1,alps4141,alps4141::alps_531b8fbdf79e_to_Equation2,memory_limit,resource_exhausted,resource_exhausted,False,False,False
exact_0e018692217a297b,alps4141::alps_071095944ee8_to_Equation2,1,alps4141,alps4141::alps_071095944ee8_to_Equation2,resource_exhausted,resource_exhausted,resource_exhausted,False,False,False
exact_162a7c045f1851d6,alps4141::alps_aec06ac35bcb_to_Equation2,1,alps4141,alps4141::alps_aec06ac35bcb_to_Equation2,memory_limit,resource_exhausted,resource_exhausted,False,False,False
exact_8ed30c0e57b1f255,alps4141::alps_733960e61fe7_to_Equation2,1,alps4141,alps4141::alps_733960e61fe7_to_Equation2,resource_exhausted,resource_exhausted,resource_exhausted,False,False,False
exact_fb71e587539d7c4c,alps4141::alps_8aadf0375d3c_to_Equation2,1,alps4141,alps4141::alps_8aadf0375d3c_to_Equation2,resource_exhausted,resource_exhausted,resource_exhausted,False,False,False
exact_148d08a14455ac42,alps4141::alps_931a04ec821b_to_Equation2,1,alps4141,alps4141::alps_931a04ec821b_to_Equation2,memory_limit,resource_exhausted,resource_exhausted,False,False,False
exact_d14ffdfe31365941,alps4141::alps_183bd1b810ae_to_Equation2,1,alps4141,alps4141::alps_183bd1b810ae_to_Equation2,memory_limit,resource_exhausted,resource_exhausted,False,False,False
exact_2a996489eb1c8ded,alps4141::alps_75c073c2ac97_to_Equation2,1,alps4141,alps4141::alps_75c073c2ac97_to_Equation2,resource_exhausted,resource_exhausted,resource_exhausted,False,False,False
exact_94bf277b8023d1e1,alps4141::alps_7d819e40a920_to_Equation2,1,alps4141,alps4141::alps_7d819e40a920_to_Equation2,memory_limit,resource_exhausted,resource_exhausted,False,False,False
exact_46b1435c70bd5779,alps4141::alps_62d3c815c639_to_Equation2,1,alps4141,alps4141::alps_62d3c815c639_to_Equation2,theorem,resource_exhausted,theorem,True,False,False
exact_db646bc6927bbbd6,alps4141::alps_272b103a0757_to_Equation2,1,alps4141,alps4141::alps_272b103a0757_to_Equation2,resource_exhausted,resource_exhausted,resource_exhausted,False,False,False
exact_dedb8406a845259c,alps4141::alps_bdd2c3331a49_to_Equation2,1,alps4141,alps4141::alps_bdd2c3331a49_to_Equation2,completed_no_decisive_result,resource_exhausted,memory_limit,False,False,False
exact_6f53efd0d915a803,alps4141::alps_1268d3655356_to_Equation2,1,alps4141,alps4141::alps_1268d3655356_to_Equation2,memory_limit,resource_exhausted,resource_exhausted,False,False,False
exact_a50db5a910819b8f,alps4141::alps_dacaf5692ff5_to_Equation2,1,alps4141,alps4141::alps_dacaf5692ff5_to_Equation2,resource_exhausted,resource_exhausted,resource_exhausted,False,False,False
exact_395c8fc5d13cdde3,alps4141::alps_40eeaf2eda09_to_Equation2,1,alps4141,alps4141::alps_40eeaf2eda09_to_Equation2,memory_limit,resource_exhausted,resource_exhausted,False,False,False
exact_10809d3dd30b8b74,alps4141::alps_4d7ed13b3818_to_Equation2,1,alps4141,alps4141::alps_4d7ed13b3818_to_Equation2,resource_exhausted,resource_exhausted,resource_exhausted,False,False,False
exact_981d2eaa30603446,alps4141::alps_5b54e82590c1_to_Equation2,1,alps4141,alps4141::alps_5b54e82590c1_to_Equation2,memory_limit,resource_exhausted,memory_limit,False,False,False
exact_ea04beac38cf47ca,alps4141::alps_c73e9bb0d4ab_to_Equation2,1,alps4141,alps4141::alps_c73e9bb0d4ab_to_Equation2,resource_exhausted,resource_exhausted,resource_exhausted,False,False,False
exact_4125844760c562c9,alps4141::alps_03e6fedc3a30_to_Equation2,1,alps4141,alps4141::alps_03e6fedc3a30_to_Equation2,memory_limit,resource_exhausted,memory_limit,False,False,False
exact_4aec7f3d028f61d3,alps4141::alps_621832414f8b_to_Equation2,1,alps4141,alps4141::alps_621832414f8b_to_Equation2,resource_exhausted,resource_exhausted,resource_exhausted,False,False,False
exact_f48f249e970c53a4,alps4141::alps_dd9f5dca761d_to_Equation2,1,alps4141,alps4141::alps_dd9f5dca761d_to_Equation2,memory_limit,resource_exhausted,memory_limit,False,False,False
exact_803c40b71a7140ba,alps4141::alps_33c528e7d015_to_Equation2,1,alps4141,alps4141::alps_33c528e7d015_to_Equation2,memory_limit,resource_exhausted,resource_exhausted,False,False,False
exact_fb717d94f32bf225,alps4141::alps_7d5ab4f1cb10_to_Equation2,1,alps4141,alps4141::alps_7d5ab4f1cb10_to_Equation2,resource_exhausted,resource_exhausted,resource_exhausted,False,False,False
exact_61c83f893cd0d39e,alps4141::alps_7ea9b5ca56fe_to_Equation2,1,alps4141,alps4141::alps_7ea9b5ca56fe_to_Equation2,memory_limit,resource_exhausted,resource_exhausted,False,False,False
exact_b58be527f1e2c44c,alps4141::alps_c17edd2698a5_to_Equation2,1,alps4141,alps4141::alps_c17edd2698a5_to_Equation2,memory_limit,resource_exhausted,resource_exhausted,False,False,False
exact_1b75c134a9eb7687,alps4141::alps_b7356e3ef80d_to_Equation2,1,alps4141,alps4141::alps_b7356e3ef80d_to_Equation2,memory_limit,resource_exhausted,resource_exhausted,False,False,False
exact_1bd12bf551474d80,alps4141::alps_eedd9414f2bc_to_Equation2,1,alps4141,alps4141::alps_eedd9414f2bc_to_Equation2,memory_limit,resource_exhausted,resource_exhausted,False,False,False
exact_fecee450618853c0,alps4141::alps_e1c911d349f3_to_Equation2,1,alps4141,alps4141::alps_e1c911d349f3_to_Equation2,memory_limit,resource_exhausted,resource_exhausted,False,False,False
exact_a8354aca170830a7,alps4141::alps_47ff121bfdb0_to_Equation2,1,alps4141,alps4141::alps_47ff121bfdb0_to_Equation2,memory_limit,resource_exhausted,resource_exhausted,False,False,False
exact_7e488f7342fc8719,alps4141::alps_43219e7ab78d_to_Equation2,1,alps4141,alps4141::alps_43219e7ab78d_to_Equation2,memory_limit,resource_exhausted,resource_exhausted,False,False,False
exact_e166df83c905777e,alps4141::alps_dc9f1b210c0b_to_Equation2,1,alps4141,alps4141::alps_dc9f1b210c0b_to_Equation2,memory_limit,resource_exhausted,resource_exhausted,False,False,False
exact_52e8e2d49b5d9e7e,alps4141::alps_2d96c91552a8_to_Equation2,1,alps4141,alps4141::alps_2d96c91552a8_to_Equation2,memory_limit,resource_exhausted,resource_exhausted,False,False,False
exact_36dbba90aed8eade,alps4141::alps_d692256664e1_to_Equation2,1,alps4141,alps4141::alps_d692256664e1_to_Equation2,memory_limit,resource_exhausted,resource_exhausted,False,False,False
exact_caa9dc6694fa198e,alps4141::alps_8ca4afb19072_to_Equation2,1,alps4141,alps4141::alps_8ca4afb19072_to_Equation2,memory_limit,resource_exhausted,resource_exhausted,False,False,False
exact_46c9c43e70bd1bd1,alps4141::alps_d6e3542a2e4d_to_Equation2,1,alps4141,alps4141::alps_d6e3542a2e4d_to_Equation2,memory_limit,resource_exhausted,resource_exhausted,False,False,False
exact_a909f047f7336285,alps4141::alps_90135905fbe9_to_Equation2,1,alps4141,alps4141::alps_90135905fbe9_to_Equation2,memory_limit,resource_exhausted,resource_exhausted,False,False,False
exact_0e58a5c2602b3cc5,alps4141::alps_640be755b2c4_to_Equation2,1,alps4141,alps4141::alps_640be755b2c4_to_Equation2,memory_limit,resource_exhausted,resource_exhausted,False,False,False
exact_ef95b8bd8dc039da,alps4141::alps_81c857b8f391_to_Equation2,1,alps4141,alps4141::alps_81c857b8f391_to_Equation2,resource_exhausted,resource_exhausted,resource_exhausted,False,False,False
exact_1596527535b361e0,alps4141::alps_d1dddb581c2a_to_Equation2,1,alps4141,alps4141::alps_d1dddb581c2a_to_Equation2,memory_limit,resource_exhausted,resource_exhausted,False,False,False
exact_48932d9b32f55ec1,alps4141::alps_768e678b8fea_to_Equation2,1,alps4141,alps4141::alps_768e678b8fea_to_Equation2,memory_limit,resource_exhausted,resource_exhausted,False,False,False
exact_7e8eb16e5f000c55,alps4141::alps_e604046c985b_to_Equation2,1,alps4141,alps4141::alps_e604046c985b_to_Equation2,memory_limit,resource_exhausted,resource_exhausted,False,False,False
exact_6426a575d7e95abd,alps4141::alps_55b7a50843d1_to_Equation2,1,alps4141,alps4141::alps_55b7a50843d1_to_Equation2,memory_limit,resource_exhausted,memory_limit,False,False,False
exact_512ba4c83d0eaed5,alps4141::alps_3b937d45cdbf_to_Equation2,1,alps4141,alps4141::alps_3b937d45cdbf_to_Equation2,resource_exhausted,resource_exhausted,resource_exhausted,False,False,False
exact_f5aba6883578aed9,alps4141::alps_0b11daa26d80_to_Equation2,1,alps4141,alps4141::alps_0b11daa26d80_to_Equation2,resource_exhausted,resource_exhausted,resource_exhausted,False,False,False
exact_a1f4e90bfaa2f3f9,alps4141::alps_27a11dab8b3c_to_Equation2,1,alps4141,alps4141::alps_27a11dab8b3c_to_Equation2,memory_limit,resource_exhausted,resource_exhausted,False,False,False
exact_28d708ef4f7feaf8,alps4141::alps_165b40c891f5_to_Equation2,1,alps4141,alps4141::alps_165b40c891f5_to_Equation2,memory_limit,resource_exhausted,resource_exhausted,False,False,False
exact_661b41cb57d5abd9,alps4141::alps_782c134c90f0_to_Equation2,1,alps4141,alps4141::alps_782c134c90f0_to_Equation2,memory_limit,resource_exhausted,resource_exhausted,False,False,False
exact_2ce0f9647c1591d7,alps4141::alps_eedead4e8086_to_Equation2,1,alps4141,alps4141::alps_eedead4e8086_to_Equation2,resource_exhausted,resource_exhausted,resource_exhausted,False,False,False
exact_75d0221ad89996ea,alps4141::alps_b591c0ac10dc_to_Equation2,1,alps4141,alps4141::alps_b591c0ac10dc_to_Equation2,memory_limit,resource_exhausted,resource_exhausted,False,False,False
exact_5cf366422862d338,alps4141::alps_7bb517616caa_to_Equation2,1,alps4141,alps4141::alps_7bb517616caa_to_Equation2,resource_exhausted,resource_exhausted,resource_exhausted,False,False,False
exact_a6c20ec18cb56ba9,alps4141::alps_0e280052cb19_to_Equation2,1,alps4141,alps4141::alps_0e280052cb19_to_Equation2,resource_exhausted,resource_exhausted,resource_exhausted,False,False,False
exact_181fe71ac965602a,alps4141::alps_4f2c8272c02a_to_Equation2,1,alps4141,alps4141::alps_4f2c8272c02a_to_Equation2,memory_limit,resource_exhausted,memory_limit,False,False,False
exact_0aeb3ad6c3892694,alps4141::alps_5c2b91487dd0_to_Equation2,1,alps4141,alps4141::alps_5c2b91487dd0_to_Equation2,memory_limit,resource_exhausted,resource_exhausted,False,False,False
exact_67ee0091d33a16d6,alps4141::alps_3e47cd34e4f0_to_Equation2,1,alps4141,alps4141::alps_3e47cd34e4f0_to_Equation2,memory_limit,resource_exhausted,resource_exhausted,False,False,False
exact_ce75337b697b519b,alps4141::alps_e807a06d4d29_to_Equation2,1,alps4141,alps4141::alps_e807a06d4d29_to_Equation2,resource_exhausted,resource_exhausted,resource_exhausted,False,False,False
exact_8b4eceac8a731ccb,alps4141::alps_70ffe546b5e5_to_Equation2,1,alps4141,alps4141::alps_70ffe546b5e5_to_Equation2,resource_exhausted,resource_exhausted,resource_exhausted,False,False,False
exact_7879770a0b5048df,alps4141::alps_1e7d9357ec56_to_Equation2,1,alps4141,alps4141::alps_1e7d9357ec56_to_Equation2,resource_exhausted,resource_exhausted,resource_exhausted,False,False,False
exact_30f3136ce2af5326,alps4141::alps_990c939ecb43_to_Equation2,1,alps4141,alps4141::alps_990c939ecb43_to_Equation2,resource_exhausted,resource_exhausted,resource_exhausted,False,False,False
exact_683e677394eefe12,alps4141::alps_21fcf7b8325a_to_Equation2,1,alps4141,alps4141::alps_21fcf7b8325a_to_Equation2,memory_limit,resource_exhausted,resource_exhausted,False,False,False
exact_615174b27002a7e7,alps4141::alps_dfd8acdcd939_to_Equation2,1,alps4141,alps4141::alps_dfd8acdcd939_to_Equation2,memory_limit,resource_exhausted,resource_exhausted,False,False,False
exact_7b40aa949e06b608,alps4141::alps_2f65deaf212b_to_Equation2,1,alps4141,alps4141::alps_2f65deaf212b_to_Equation2,resource_exhausted,resource_exhausted,resource_exhausted,False,False,False
exact_961ea536a4f687e7,alps4141::alps_a743802d0696_to_Equation2,1,alps4141,alps4141::alps_a743802d0696_to_Equation2,memory_limit,resource_exhausted,resource_exhausted,False,False,False
exact_5f92961f1c68578a,alps4141::alps_c26134b70732_to_Equation2,1,alps4141,alps4141::alps_c26134b70732_to_Equation2,resource_exhausted,resource_exhausted,resource_exhausted,False,False,False
exact_00909e59518e3e28,alps4141::alps_f77025bbf730_to_Equation2,1,alps4141,alps4141::alps_f77025bbf730_to_Equation2,resource_exhausted,resource_exhausted,resource_exhausted,False,False,False
exact_02bf0cc450c6ad63,alps4141::alps_e4f35aaf4f7f_to_Equation2,1,alps4141,alps4141::alps_e4f35aaf4f7f_to_Equation2,memory_limit,resource_exhausted,resource_exhausted,False,False,False
exact_8d3798030d8afe83,alps4141::alps_e49c07ebdbeb_to_Equation2,1,alps4141,alps4141::alps_e49c07ebdbeb_to_Equation2,memory_limit,resource_exhausted,resource_exhausted,False,False,False
exact_e552a3df89542d0c,alps4141::alps_96ae8b06610c_to_Equation2,1,alps4141,alps4141::alps_96ae8b06610c_to_Equation2,resource_exhausted,resource_exhausted,resource_exhausted,False,False,False
exact_eadc9e971bdeda14,alps4141::alps_2927e70b0b99_to_Equation2,1,alps4141,alps4141::alps_2927e70b0b99_to_Equation2,resource_exhausted,resource_exhausted,resource_exhausted,False,False,False
exact_908c86d8d868dc71,alps4141::alps_5b0caec1b8a6_to_Equation2,1,alps4141,alps4141::alps_5b0caec1b8a6_to_Equation2,resource_exhausted,resource_exhausted,resource_exhausted,False,False,False
exact_2e5e629f8536f1d2,alps4141::alps_f1f3d52126b4_to_Equation2,1,alps4141,alps4141::alps_f1f3d52126b4_to_Equation2,resource_exhausted,resource_exhausted,resource_exhausted,False,False,False
exact_cb75ab9853c88d64,alps4141::alps_31d1f8433c53_to_Equation2,1,alps4141,alps4141::alps_31d1f8433c53_to_Equation2,resource_exhausted,resource_exhausted,resource_exhausted,False,False,False
exact_2f27e958a3c1a219,alps4141::alps_b4170e1346cb_to_Equation2,1,alps4141,alps4141::alps_b4170e1346cb_to_Equation2,memory_limit,resource_exhausted,resource_exhausted,False,False,False
exact_3fbe88717b72700e,alps4141::alps_5c13b4c40699_to_Equation2,1,alps4141,alps4141::alps_5c13b4c40699_to_Equation2,resource_exhausted,resource_exhausted,resource_exhausted,False,False,False
exact_c5e85c2510502974,alps4141::alps_fda683226b05_to_Equation2,1,alps4141,alps4141::alps_fda683226b05_to_Equation2,memory_limit,resource_exhausted,resource_exhausted,False,False,False
exact_3bbb53c051c7b83b,alps4141::alps_c53da6ab96d0_to_Equation2,1,alps4141,alps4141::alps_c53da6ab96d0_to_Equation2,resource_exhausted,resource_exhausted,resource_exhausted,False,False,False
exact_915c74103ef1df6e,alps4141::alps_379db8ccbeb7_to_Equation2,1,alps4141,alps4141::alps_379db8ccbeb7_to_Equation2,memory_limit,resource_exhausted,resource_exhausted,False,False,False
exact_415cc665cb112e6e,alps4141::alps_87079df1c700_to_Equation2,1,alps4141,alps4141::alps_87079df1c700_to_Equation2,memory_limit,resource_exhausted,resource_exhausted,False,False,False
exact_e531e87ec4dcaeb6,alps4141::alps_b4bec4c41a0b_to_Equation2,1,alps4141,alps4141::alps_b4bec4c41a0b_to_Equation2,resource_exhausted,resource_exhausted,resource_exhausted,False,False,False
exact_8d42d22e4578fcf0,alps4141::alps_9059055159f5_to_Equation2,1,alps4141,alps4141::alps_9059055159f5_to_Equation2,memory_limit,resource_exhausted,resource_exhausted,False,False,False
exact_8ec5dcf5aee3f6ae,alps4141::alps_feba11963cba_to_Equation2,1,alps4141,alps4141::alps_feba11963cba_to_Equation2,memory_limit,resource_exhausted,resource_exhausted,False,False,False
exact_2b1dff33abb04096,alps4141::alps_1da0dfa62c68_to_Equation2,1,alps4141,alps4141::alps_1da0dfa62c68_to_Equation2,resource_exhausted,resource_exhausted,resource_exhausted,False,False,False
exact_2de693fa1ecf2d4e,alps4141::alps_2378571fc161_to_Equation2,1,alps4141,alps4141::alps_2378571fc161_to_Equation2,resource_exhausted,resource_exhausted,resource_exhausted,False,False,False
exact_97aa47c0ee67c506,alps4141::alps_100ab46378d5_to_Equation2,1,alps4141,alps4141::alps_100ab46378d5_to_Equation2,memory_limit,resource_exhausted,resource_exhausted,False,False,False
exact_115df653d9553ad1,alps4141::alps_0911b7237330_to_Equation2,1,alps4141,alps4141::alps_0911b7237330_to_Equation2,resource_exhausted,resource_exhausted,resource_exhausted,False,False,False
exact_67786afbbf30e300,alps4141::alps_39bbaee031fc_to_Equation2,1,alps4141,alps4141::alps_39bbaee031fc_to_Equation2,resource_exhausted,resource_exhausted,resource_exhausted,False,False,False
exact_e7f23a0ff1c5559c,alps4141::alps_476a7b997de6_to_Equation2,1,alps4141,alps4141::alps_476a7b997de6_to_Equation2,memory_limit,resource_exhausted,memory_limit,False,False,False
exact_d71d6e8a57b50812,alps4141::alps_71b4baba4308_to_Equation2,1,alps4141,alps4141::alps_71b4baba4308_to_Equation2,memory_limit,resource_exhausted,resource_exhausted,False,False,False
exact_c08e16cb8e1e21d2,alps4141::alps_db37722196b3_to_Equation2,1,alps4141,alps4141::alps_db37722196b3_to_Equation2,memory_limit,resource_exhausted,resource_exhausted,False,False,False
exact_93707fa3a04807b3,alps4141::alps_3598f082199c_to_Equation2,1,alps4141,alps4141::alps_3598f082199c_to_Equation2,memory_limit,resource_exhausted,resource_exhausted,False,False,False
exact_cd377eacc797c2ba,alps4141::alps_60122c4f0f6e_to_Equation2,1,alps4141,alps4141::alps_60122c4f0f6e_to_Equation2,resource_exhausted,theorem,theorem,True,False,False
exact_475147553b3da01a,alps4141::alps_39b2fbf49e78_to_Equation2,1,alps4141,alps4141::alps_39b2fbf49e78_to_Equation2,resource_exhausted,resource_exhausted,resource_exhausted,False,False,False
exact_c35816ceb53b0297,alps4141::alps_f954007d9312_to_Equation2,1,alps4141,alps4141::alps_f954007d9312_to_Equation2,resource_exhausted,resource_exhausted,resource_exhausted,False,False,False
exact_412a39ca4773c5d1,alps4141::alps_872b1975d0da_to_Equation2,1,alps4141,alps4141::alps_872b1975d0da_to_Equation2,memory_limit,resource_exhausted,resource_exhausted,False,False,False
exact_ed9fee2aeb82b348,alps4141::alps_f7a94c7b181b_to_Equation2,1,alps4141,alps4141::alps_f7a94c7b181b_to_Equation2,memory_limit,resource_exhausted,resource_exhausted,False,False,False
exact_69907998b6e06387,alps4141::alps_9cd7abeb8127_to_Equation2,1,alps4141,alps4141::alps_9cd7abeb8127_to_Equation2,memory_limit,resource_exhausted,resource_exhausted,False,False,False
exact_10bde48e1096096a,alps4141::alps_16a966d9a30e_to_Equation2,1,alps4141,alps4141::alps_16a966d9a30e_to_Equation2,memory_limit,resource_exhausted,resource_exhausted,False,False,False
exact_19c8467dfcc585b0,alps4141::alps_e855597c658f_to_Equation2,1,alps4141,alps4141::alps_e855597c658f_to_Equation2,resource_exhausted,resource_exhausted,resource_exhausted,False,False,False
exact_1750dd31c790c7ec,alps4141::alps_460640bf6bfb_to_Equation2,1,alps4141,alps4141::alps_460640bf6bfb_to_Equation2,resource_exhausted,resource_exhausted,resource_exhausted,False,False,False
exact_f416e5fba66371f3,alps4141::alps_d9c8fb439a8d_to_Equation2,1,alps4141,alps4141::alps_d9c8fb439a8d_to_Equation2,resource_exhausted,resource_exhausted,resource_exhausted,False,False,False
exact_0d5778fe6d6e9624,alps4141::alps_2ecc2898579d_to_Equation2,1,alps4141,alps4141::alps_2ecc2898579d_to_Equation2,memory_limit,resource_exhausted,resource_exhausted,False,False,False
exact_0025cce806579fbd,alps4141::alps_6bc6b12cb6cf_to_Equation2,1,alps4141,alps4141::alps_6bc6b12cb6cf_to_Equation2,memory_limit,resource_exhausted,resource_exhausted,False,False,False
exact_5bf1187245b5ee6c,alps4141::alps_cc2f71211c48_to_Equation2,1,alps4141,alps4141::alps_cc2f71211c48_to_Equation2,memory_limit,resource_exhausted,resource_exhausted,False,False,False
exact_8bbf58b9aa8baa92,alps4141::alps_3fb5ba6160ea_to_Equation2,1,alps4141,alps4141::alps_3fb5ba6160ea_to_Equation2,memory_limit,resource_exhausted,resource_exhausted,False,False,False
exact_aeb9d7e264e148a3,alps4141::alps_ef349611d37c_to_Equation2,1,alps4141,alps4141::alps_ef349611d37c_to_Equation2,memory_limit,resource_exhausted,resource_exhausted,False,False,False
exact_d8755cb4ef049c4f,alps4141::alps_e7835b9b8fca_to_Equation2,1,alps4141,alps4141::alps_e7835b9b8fca_to_Equation2,memory_limit,resource_exhausted,resource_exhausted,False,False,False
exact_d20cd69a349cff7d,alps4141::alps_27e6dc773b40_to_Equation2,1,alps4141,alps4141::alps_27e6dc773b40_to_Equation2,memory_limit,resource_exhausted,resource_exhausted,False,False,False
exact_8ba9fc0507428241,alps4141::alps_3b199b9e0ba4_to_Equation2,1,alps4141,alps4141::alps_3b199b9e0ba4_to_Equation2,memory_limit,resource_exhausted,resource_exhausted,False,False,False
exact_04686f6f946f43a0,alps4141::alps_27e171c0c482_to_Equation2,1,alps4141,alps4141::alps_27e171c0c482_to_Equation2,memory_limit,resource_exhausted,resource_exhausted,False,False,False
exact_5f46681543a04bec,alps4141::alps_44db6c80ddbb_to_Equation2,1,alps4141,alps4141::alps_44db6c80ddbb_to_Equation2,memory_limit,resource_exhausted,resource_exhausted,False,False,False
exact_565a55e69637bdab,alps4141::alps_732504b35d2c_to_Equation2,1,alps4141,alps4141::alps_732504b35d2c_to_Equation2,memory_limit,resource_exhausted,resource_exhausted,False,False,False
exact_73b5e4327f4a3c7b,alps4141::alps_86a8b2e55e16_to_Equation2,1,alps4141,alps4141::alps_86a8b2e55e16_to_Equation2,memory_limit,resource_exhausted,resource_exhausted,False,False,False
exact_0b2cf088718d1823,alps4141::alps_d7b293c9d2b0_to_Equation2,1,alps4141,alps4141::alps_d7b293c9d2b0_to_Equation2,memory_limit,resource_exhausted,memory_limit,False,False,False
exact_971f4ac7f7681f21,alps4141::alps_916748554164_to_Equation2,1,alps4141,alps4141::alps_916748554164_to_Equation2,memory_limit,resource_exhausted,memory_limit,False,False,False
exact_e9ad29f845255a03,alps4141::alps_c7ed01ab1dd5_to_Equation2,1,alps4141,alps4141::alps_c7ed01ab1dd5_to_Equation2,completed_no_decisive_result,resource_exhausted,resource_exhausted,False,False,False
exact_762a13ee836a63af,alps4141::alps_da6b94f59402_to_Equation2,1,alps4141,alps4141::alps_da6b94f59402_to_Equation2,memory_limit,resource_exhausted,resource_exhausted,False,False,False
exact_440825db51b5d305,alps4141::alps_5edec056f500_to_Equation2,1,alps4141,alps4141::alps_5edec056f500_to_Equation2,memory_limit,resource_exhausted,memory_limit,False,False,False
exact_9ae917c59e30c927,alps4141::alps_f5e7388c288d_to_Equation2,1,alps4141,alps4141::alps_f5e7388c288d_to_Equation2,memory_limit,resource_exhausted,resource_exhausted,False,False,False
exact_6f17d80043f0d9e4,alps4141::alps_5f0d1b01b292_to_Equation2,1,alps4141,alps4141::alps_5f0d1b01b292_to_Equation2,memory_limit,resource_exhausted,resource_exhausted,False,False,False
exact_bf103949f0128377,alps4141::alps_041e38751fa7_to_Equation2,1,alps4141,alps4141::alps_041e38751fa7_to_Equation2,resource_exhausted,resource_exhausted,resource_exhausted,False,False,False
exact_7074989df4acb9f8,alps4141::alps_e331b700671f_to_Equation2,1,alps4141,alps4141::alps_e331b700671f_to_Equation2,resource_exhausted,theorem,theorem,True,False,False
exact_ab8b2fe66c02a8d5,alps4141::alps_5d57ddb6ccdb_to_Equation2,1,alps4141,alps4141::alps_5d57ddb6ccdb_to_Equation2,resource_exhausted,resource_exhausted,resource_exhausted,False,False,False
exact_249a73fbb77f5507,alps4141::alps_82d2870c0388_to_Equation2,1,alps4141,alps4141::alps_82d2870c0388_to_Equation2,resource_exhausted,resource_exhausted,resource_exhausted,False,False,False
exact_d622f4f7a9144b60,alps4141::alps_e8b2ec1323b8_to_Equation2,1,alps4141,alps4141::alps_e8b2ec1323b8_to_Equation2,memory_limit,resource_exhausted,memory_limit,False,False,False
exact_70ce931ef8cd00f2,alps4141::alps_cdedb5ceec8c_to_Equation2,1,alps4141,alps4141::alps_cdedb5ceec8c_to_Equation2,memory_limit,resource_exhausted,resource_exhausted,False,False,False
exact_205d8e7a83e4e484,generality34::order5_unknown_finite_status24_E25087_to_E2,1,generality34,generality34::order5_unknown_finite_status24_E25087_to_E2,memory_limit,resource_exhausted,resource_exhausted,False,False,False
exact_e154079d9825e61a,alps4141::alps_fd6e56cb89c3_to_Equation2,1,alps4141,alps4141::alps_fd6e56cb89c3_to_Equation2,resource_exhausted,resource_exhausted,resource_exhausted,False,False,False
exact_49d65530adcfaf06,alps4141::alps_70fd0d18e5b5_to_Equation2,1,alps4141,alps4141::alps_70fd0d18e5b5_to_Equation2,memory_limit,resource_exhausted,resource_exhausted,False,False,False
exact_2671798607f7a5a7,alps4141::alps_f67c16e7cc1f_to_Equation2,1,alps4141,alps4141::alps_f67c16e7cc1f_to_Equation2,memory_limit,resource_exhausted,resource_exhausted,False,False,False
exact_9bf742b91f74c7e9,alps4141::alps_95338b6704ed_to_Equation2,1,alps4141,alps4141::alps_95338b6704ed_to_Equation2,memory_limit,resource_exhausted,resource_exhausted,False,False,False
exact_847b4b0816262f7f,alps4141::alps_458987ba2f7e_to_Equation2,1,alps4141,alps4141::alps_458987ba2f7e_to_Equation2,memory_limit,resource_exhausted,resource_exhausted,False,False,False
exact_33aca3f6693a0943,alps4141::alps_8ecffdaa0bc8_to_Equation2,1,alps4141,alps4141::alps_8ecffdaa0bc8_to_Equation2,resource_exhausted,resource_exhausted,resource_exhausted,False,False,False
exact_a5fe0be09ddce73d,alps4141::alps_71a2e5c7bed2_to_Equation2,1,alps4141,alps4141::alps_71a2e5c7bed2_to_Equation2,resource_exhausted,resource_exhausted,resource_exhausted,False,False,False
exact_2f84e0c55eca687e,alps4141::alps_24bfea42d6c9_to_Equation2,1,alps4141,alps4141::alps_24bfea42d6c9_to_Equation2,memory_limit,resource_exhausted,resource_exhausted,False,False,False
exact_2b5cf9038c10b212,alps4141::alps_f74c9db40618_to_Equation2,1,alps4141,alps4141::alps_f74c9db40618_to_Equation2,memory_limit,resource_exhausted,resource_exhausted,False,False,False
exact_87b8a8b87bce5cb6,alps4141::alps_0cec209cfe4b_to_Equation2,1,alps4141,alps4141::alps_0cec209cfe4b_to_Equation2,memory_limit,resource_exhausted,resource_exhausted,False,False,False
exact_f00214311477471f,alps4141::alps_a4370f860c39_to_Equation2,1,alps4141,alps4141::alps_a4370f860c39_to_Equation2,memory_limit,resource_exhausted,resource_exhausted,False,False,False
exact_958efce15cb74b0e,alps4141::alps_132b27f25ae4_to_Equation2,1,alps4141,alps4141::alps_132b27f25ae4_to_Equation2,resource_exhausted,resource_exhausted,resource_exhausted,False,False,False
exact_c172a81e88528e04,alps4141::alps_bed5c8b55b6d_to_Equation2,1,alps4141,alps4141::alps_bed5c8b55b6d_to_Equation2,memory_limit,resource_exhausted,resource_exhausted,False,False,False
exact_19f05ab039545903,alps4141::alps_3586751146a7_to_Equation2,1,alps4141,alps4141::alps_3586751146a7_to_Equation2,resource_exhausted,resource_exhausted,resource_exhausted,False,False,False
exact_19d715695e98cc7e,alps4141::alps_282f1bb766b6_to_Equation2,1,alps4141,alps4141::alps_282f1bb766b6_to_Equation2,memory_limit,resource_exhausted,resource_exhausted,False,False,False
exact_298751f2d4d9f921,alps4141::alps_f00352bcb0d4_to_Equation2,1,alps4141,alps4141::alps_f00352bcb0d4_to_Equation2,resource_exhausted,resource_exhausted,resource_exhausted,False,False,False
exact_7cfdcb19cd597b12,alps4141::alps_8115bcafc581_to_Equation2,1,alps4141,alps4141::alps_8115bcafc581_to_Equation2,memory_limit,resource_exhausted,resource_exhausted,False,False,False
exact_93e90d9b08215b56,alps4141::alps_57996e6611ce_to_Equation2,1,alps4141,alps4141::alps_57996e6611ce_to_Equation2,resource_exhausted,resource_exhausted,resource_exhausted,False,False,False
exact_ad63d57c12dd0e4f,alps4141::alps_e27df88f915b_to_Equation2,1,alps4141,alps4141::alps_e27df88f915b_to_Equation2,memory_limit,resource_exhausted,resource_exhausted,False,False,False
exact_d6c700a22a531ee3,alps4141::alps_3af2995bc6e2_to_Equation2,1,alps4141,alps4141::alps_3af2995bc6e2_to_Equation2,resource_exhausted,resource_exhausted,resource_exhausted,False,False,False
exact_1de9c7deff242ac0,alps4141::alps_9042b4f1a141_to_Equation2,1,alps4141,alps4141::alps_9042b4f1a141_to_Equation2,resource_exhausted,resource_exhausted,resource_exhausted,False,False,False
exact_c33e828af64cbba0,alps4141::alps_4c08a06b3bdf_to_Equation2,1,alps4141,alps4141::alps_4c08a06b3bdf_to_Equation2,resource_exhausted,resource_exhausted,resource_exhausted,False,False,False
exact_fefa54b2effe7baa,alps4141::alps_66b40dd9df01_to_Equation2,1,alps4141,alps4141::alps_66b40dd9df01_to_Equation2,resource_exhausted,resource_exhausted,resource_exhausted,False,False,False
exact_7ce857321a4150f7,alps4141::alps_11d76240571d_to_Equation2,1,alps4141,alps4141::alps_11d76240571d_to_Equation2,memory_limit,resource_exhausted,resource_exhausted,False,False,False
exact_b7ce1fa4b08e8733,alps4141::alps_32eb46bcc398_to_Equation2,1,alps4141,alps4141::alps_32eb46bcc398_to_Equation2,memory_limit,resource_exhausted,resource_exhausted,False,False,False
exact_ae071837c580250c,alps4141::alps_e9af8aa6abe1_to_Equation2,1,alps4141,alps4141::alps_e9af8aa6abe1_to_Equation2,memory_limit,resource_exhausted,resource_exhausted,False,False,False
exact_ffc06fe5b3b8271f,alps4141::alps_db7dc3b15067_to_Equation2,1,alps4141,alps4141::alps_db7dc3b15067_to_Equation2,memory_limit,resource_exhausted,resource_exhausted,False,False,False
exact_39957192fb41fcb1,alps4141::alps_56a57d9897ea_to_Equation2,1,alps4141,alps4141::alps_56a57d9897ea_to_Equation2,memory_limit,resource_exhausted,resource_exhausted,False,False,False
exact_8c00d8c40f1667ca,alps4141::alps_92209020d2a4_to_Equation2,1,alps4141,alps4141::alps_92209020d2a4_to_Equation2,resource_exhausted,resource_exhausted,resource_exhausted,False,False,False
exact_b881d332470a4daa,alps4141::alps_46a82c2cfd36_to_Equation2,1,alps4141,alps4141::alps_46a82c2cfd36_to_Equation2,memory_limit,resource_exhausted,resource_exhausted,False,False,False
exact_8afbed4ca59c56db,alps4141::alps_d8613ada836a_to_Equation2,1,alps4141,alps4141::alps_d8613ada836a_to_Equation2,resource_exhausted,resource_exhausted,resource_exhausted,False,False,False
exact_d725d9e144e5d67f,alps4141::alps_bc04650ddc65_to_Equation2,1,alps4141,alps4141::alps_bc04650ddc65_to_Equation2,memory_limit,resource_exhausted,resource_exhausted,False,False,False
exact_adf8a29762653c05,alps4141::alps_88578b1eff62_to_Equation2,1,alps4141,alps4141::alps_88578b1eff62_to_Equation2,memory_limit,resource_exhausted,resource_exhausted,False,False,False
exact_c5679e3aedff0981,alps4141::alps_d6eee4c69366_to_Equation2,1,alps4141,alps4141::alps_d6eee4c69366_to_Equation2,resource_exhausted,resource_exhausted,resource_exhausted,False,False,False
exact_7e33db52420ced54,alps4141::alps_9a50c949feb2_to_Equation2,1,alps4141,alps4141::alps_9a50c949feb2_to_Equation2,resource_exhausted,resource_exhausted,resource_exhausted,False,False,False
exact_6f0ef6bac08dd23a,alps4141::alps_6706133504e8_to_Equation2,1,alps4141,alps4141::alps_6706133504e8_to_Equation2,memory_limit,resource_exhausted,resource_exhausted,False,False,False
exact_385ceb7c4d53daa7,alps4141::alps_cfe1d3b81771_to_Equation2,1,alps4141,alps4141::alps_cfe1d3b81771_to_Equation2,memory_limit,resource_exhausted,resource_exhausted,False,False,False
exact_0ccdc823a3dcc196,alps4141::alps_c8682694e094_to_Equation2,1,alps4141,alps4141::alps_c8682694e094_to_Equation2,memory_limit,resource_exhausted,resource_exhausted,False,False,False
exact_5926aa8620e8cbf4,alps4141::alps_e577768b9e15_to_Equation2,1,alps4141,alps4141::alps_e577768b9e15_to_Equation2,resource_exhausted,resource_exhausted,resource_exhausted,False,False,False
exact_efa586549ef5ed73,alps4141::alps_7eb3f10337a3_to_Equation2,1,alps4141,alps4141::alps_7eb3f10337a3_to_Equation2,resource_exhausted,resource_exhausted,resource_exhausted,False,False,False
exact_1486e64465c061fa,alps4141::alps_7b7d430a5caa_to_Equation2,1,alps4141,alps4141::alps_7b7d430a5caa_to_Equation2,memory_limit,resource_exhausted,resource_exhausted,False,False,False
exact_2538cd18ec828eff,alps4141::alps_88b2d2e9e9f3_to_Equation2,1,alps4141,alps4141::alps_88b2d2e9e9f3_to_Equation2,resource_exhausted,resource_exhausted,resource_exhausted,False,False,False
exact_7bc1af5b1805270e,alps4141::alps_1ff9ceb9c7c5_to_Equation2,1,alps4141,alps4141::alps_1ff9ceb9c7c5_to_Equation2,resource_exhausted,resource_exhausted,resource_exhausted,False,False,False
exact_7cadfb03e5ea2f93,alps4141::alps_0195b5db0410_to_Equation2,1,alps4141,alps4141::alps_0195b5db0410_to_Equation2,resource_exhausted,resource_exhausted,resource_exhausted,False,False,False
exact_222859cbd31d65ad,alps4141::alps_581e4fbaaf3e_to_Equation2,1,alps4141,alps4141::alps_581e4fbaaf3e_to_Equation2,memory_limit,resource_exhausted,resource_exhausted,False,False,False
exact_b8ebe171019627ae,alps4141::alps_ec79525023fe_to_Equation2,1,alps4141,alps4141::alps_ec79525023fe_to_Equation2,memory_limit,resource_exhausted,resource_exhausted,False,False,False
exact_0740070f76ac42b3,alps4141::alps_450b2c1b6820_to_Equation2,1,alps4141,alps4141::alps_450b2c1b6820_to_Equation2,resource_exhausted,resource_exhausted,resource_exhausted,False,False,False
exact_afd211cd67db3b1d,alps4141::alps_54dc7c5bb261_to_Equation2,1,alps4141,alps4141::alps_54dc7c5bb261_to_Equation2,memory_limit,resource_exhausted,memory_limit,False,False,False
exact_80622a3af3bf04c3,alps4141::alps_24c4dec7d36b_to_Equation2,1,alps4141,alps4141::alps_24c4dec7d36b_to_Equation2,memory_limit,resource_exhausted,resource_exhausted,False,False,False
exact_cc0f3ab501eaab2b,alps4141::alps_93f1cc430744_to_Equation2,1,alps4141,alps4141::alps_93f1cc430744_to_Equation2,memory_limit,resource_exhausted,resource_exhausted,False,False,False
exact_a8add731e24860c3,alps4141::alps_64c498371aa1_to_Equation2,1,alps4141,alps4141::alps_64c498371aa1_to_Equation2,resource_exhausted,resource_exhausted,theorem,True,False,False
exact_df5907ded3c68626,alps4141::alps_a0c42ed56fff_to_Equation2,1,alps4141,alps4141::alps_a0c42ed56fff_to_Equation2,resource_exhausted,resource_exhausted,resource_exhausted,False,False,False
exact_de7315dc56ae7667,alps4141::alps_8a7279752eb1_to_Equation2,1,alps4141,alps4141::alps_8a7279752eb1_to_Equation2,memory_limit,resource_exhausted,resource_exhausted,False,False,False
exact_da3b1760fc575240,alps4141::alps_36678a6fd82e_to_Equation2,1,alps4141,alps4141::alps_36678a6fd82e_to_Equation2,resource_exhausted,resource_exhausted,resource_exhausted,False,False,False
exact_66970582e567315f,alps4141::alps_a84f6de2da9a_to_Equation2,1,alps4141,alps4141::alps_a84f6de2da9a_to_Equation2,memory_limit,resource_exhausted,resource_exhausted,False,False,False
exact_b669a5acd3a64b92,alps4141::alps_c4396ff0a200_to_Equation2,1,alps4141,alps4141::alps_c4396ff0a200_to_Equation2,memory_limit,resource_exhausted,resource_exhausted,False,False,False
exact_71eca4851e733b7a,alps4141::alps_2cda96a7f5db_to_Equation2,1,alps4141,alps4141::alps_2cda96a7f5db_to_Equation2,resource_exhausted,resource_exhausted,resource_exhausted,False,False,False
exact_f68b922ce4a59357,alps4141::alps_1e91ed696de2_to_Equation2,1,alps4141,alps4141::alps_1e91ed696de2_to_Equation2,resource_exhausted,resource_exhausted,resource_exhausted,False,False,False
exact_d6a4f79f9c2d1407,alps4141::alps_f66dbc156e43_to_Equation2,1,alps4141,alps4141::alps_f66dbc156e43_to_Equation2,memory_limit,resource_exhausted,resource_exhausted,False,False,False
exact_97e069ea93e819b6,alps4141::alps_ff7e5b9d3659_to_Equation2,1,alps4141,alps4141::alps_ff7e5b9d3659_to_Equation2,memory_limit,resource_exhausted,resource_exhausted,False,False,False
exact_ac53debb709bff68,alps4141::alps_305fceddde8a_to_Equation2,1,alps4141,alps4141::alps_305fceddde8a_to_Equation2,memory_limit,resource_exhausted,resource_exhausted,False,False,False
exact_bc5aa6178cf0441a,alps4141::alps_9b3e84b91551_to_Equation2,1,alps4141,alps4141::alps_9b3e84b91551_to_Equation2,resource_exhausted,resource_exhausted,resource_exhausted,False,False,False
exact_c891c41e08844106,alps4141::alps_4cacafb52b36_to_Equation2,1,alps4141,alps4141::alps_4cacafb52b36_to_Equation2,memory_limit,resource_exhausted,resource_exhausted,False,False,False
exact_4283baf8f7a4b530,alps4141::alps_3e79498b32d4_to_Equation2,1,alps4141,alps4141::alps_3e79498b32d4_to_Equation2,resource_exhausted,resource_exhausted,resource_exhausted,False,False,False
exact_550e8140277813b1,alps4141::alps_36dc2e1b4cd6_to_Equation2,1,alps4141,alps4141::alps_36dc2e1b4cd6_to_Equation2,resource_exhausted,resource_exhausted,resource_exhausted,False,False,False
exact_e31b35eb0109970a,alps4141::alps_64c9faa7558b_to_Equation2,1,alps4141,alps4141::alps_64c9faa7558b_to_Equation2,memory_limit,resource_exhausted,resource_exhausted,False,False,False
exact_5f5263db4e07845b,alps4141::alps_9f333f6bc051_to_Equation2,1,alps4141,alps4141::alps_9f333f6bc051_to_Equation2,resource_exhausted,resource_exhausted,resource_exhausted,False,False,False
exact_bfd98c547ebed734,alps4141::alps_18cb6bb2cf61_to_Equation2,1,alps4141,alps4141::alps_18cb6bb2cf61_to_Equation2,memory_limit,resource_exhausted,resource_exhausted,False,False,False
exact_4811f02830948389,alps4141::alps_bc8de65d2a91_to_Equation2,1,alps4141,alps4141::alps_bc8de65d2a91_to_Equation2,memory_limit,resource_exhausted,resource_exhausted,False,False,False
exact_51ffbe8a069907cc,alps4141::alps_7df84e9083c8_to_Equation2,1,alps4141,alps4141::alps_7df84e9083c8_to_Equation2,memory_limit,resource_exhausted,resource_exhausted,False,False,False
exact_2161f93a3baae607,alps4141::alps_be2bc4a41372_to_Equation2,1,alps4141,alps4141::alps_be2bc4a41372_to_Equation2,memory_limit,resource_exhausted,resource_exhausted,False,False,False
exact_805d1c5693638d75,alps4141::alps_6666f1b8e189_to_Equation2,1,alps4141,alps4141::alps_6666f1b8e189_to_Equation2,memory_limit,resource_exhausted,resource_exhausted,False,False,False
exact_1bb1691b8244103a,alps4141::alps_3efe46be7aee_to_Equation2,1,alps4141,alps4141::alps_3efe46be7aee_to_Equation2,memory_limit,resource_exhausted,memory_limit,False,False,False
exact_76e772c54b2a11d7,alps4141::alps_452f6ecbb782_to_Equation2,1,alps4141,alps4141::alps_452f6ecbb782_to_Equation2,memory_limit,resource_exhausted,resource_exhausted,False,False,False
exact_75964ff353e2fa3f,alps4141::alps_e3ebcbe1a596_to_Equation2,1,alps4141,alps4141::alps_e3ebcbe1a596_to_Equation2,resource_exhausted,resource_exhausted,resource_exhausted,False,False,False
exact_75630b9c848a831f,alps4141::alps_814e036d10e7_to_Equation2,1,alps4141,alps4141::alps_814e036d10e7_to_Equation2,memory_limit,resource_exhausted,resource_exhausted,False,False,False
exact_81195263ece43f07,alps4141::alps_b3ca06b61c40_to_Equation2,1,alps4141,alps4141::alps_b3ca06b61c40_to_Equation2,memory_limit,resource_exhausted,resource_exhausted,False,False,False
exact_b2df004bea7f914e,alps4141::alps_08e514c34f53_to_Equation2,1,alps4141,alps4141::alps_08e514c34f53_to_Equation2,memory_limit,resource_exhausted,resource_exhausted,False,False,False
exact_d07a449b9c3316cb,alps4141::alps_673efe557775_to_Equation2,1,alps4141,alps4141::alps_673efe557775_to_Equation2,memory_limit,resource_exhausted,memory_limit,False,False,False
exact_322f763d92c13f03,alps4141::alps_27e529ad6570_to_Equation2,1,alps4141,alps4141::alps_27e529ad6570_to_Equation2,memory_limit,resource_exhausted,memory_limit,False,False,False
exact_a823ff9cd16c1b54,alps4141::alps_eca5b00fdbe0_to_Equation2,1,alps4141,alps4141::alps_eca5b00fdbe0_to_Equation2,memory_limit,resource_exhausted,resource_exhausted,False,False,False
exact_73dfae1d240cea6e,alps4141::alps_4cb9b4f43f12_to_Equation2,1,alps4141,alps4141::alps_4cb9b4f43f12_to_Equation2,memory_limit,resource_exhausted,memory_limit,False,False,False
exact_90a24c817725ddb3,alps4141::alps_092d48263546_to_Equation2,1,alps4141,alps4141::alps_092d48263546_to_Equation2,memory_limit,resource_exhausted,memory_limit,False,False,False
exact_0c2f77633c631b14,alps4141::alps_eedd55c09d5f_to_Equation2,1,alps4141,alps4141::alps_eedd55c09d5f_to_Equation2,memory_limit,resource_exhausted,resource_exhausted,False,False,False
exact_0b22cbab935ae19a,alps4141::alps_2981da7a0574_to_Equation2,1,alps4141,alps4141::alps_2981da7a0574_to_Equation2,resource_exhausted,resource_exhausted,resource_exhausted,False,False,False
exact_753fbc73e6ed5703,alps4141::alps_f4c6d50073e7_to_Equation2,1,alps4141,alps4141::alps_f4c6d50073e7_to_Equation2,memory_limit,resource_exhausted,resource_exhausted,False,False,False
exact_f4063137f5d2428c,alps4141::alps_13dea0f07eef_to_Equation2,1,alps4141,alps4141::alps_13dea0f07eef_to_Equation2,resource_exhausted,resource_exhausted,resource_exhausted,False,False,False
exact_2105ab6330f50563,alps4141::alps_a8fd4ef18145_to_Equation2,1,alps4141,alps4141::alps_a8fd4ef18145_to_Equation2,resource_exhausted,resource_exhausted,resource_exhausted,False,False,False
exact_750782715d813fd0,alps4141::alps_92aff58394cb_to_Equation2,1,alps4141,alps4141::alps_92aff58394cb_to_Equation2,resource_exhausted,resource_exhausted,resource_exhausted,False,False,False
exact_2521ccc52146a926,alps4141::alps_84970afb05c9_to_Equation2,1,alps4141,alps4141::alps_84970afb05c9_to_Equation2,resource_exhausted,resource_exhausted,resource_exhausted,False,False,False
exact_98e43d8a0195aa35,alps4141::alps_7257f1608731_to_Equation2,1,alps4141,alps4141::alps_7257f1608731_to_Equation2,resource_exhausted,resource_exhausted,resource_exhausted,False,False,False
exact_6520ab733f1da4b5,alps4141::alps_411ba0dbd190_to_Equation2,1,alps4141,alps4141::alps_411ba0dbd190_to_Equation2,resource_exhausted,resource_exhausted,resource_exhausted,False,False,False
exact_7d2a5c10ab03ac1c,alps4141::alps_9c877132e134_to_Equation2,1,alps4141,alps4141::alps_9c877132e134_to_Equation2,resource_exhausted,resource_exhausted,resource_exhausted,False,False,False
exact_ecd3c60801be9db1,alps4141::alps_e603a0f36cee_to_Equation2,1,alps4141,alps4141::alps_e603a0f36cee_to_Equation2,memory_limit,resource_exhausted,resource_exhausted,False,False,False
exact_a82a0e110efd2bec,alps4141::alps_c7eee851a561_to_Equation2,1,alps4141,alps4141::alps_c7eee851a561_to_Equation2,memory_limit,resource_exhausted,memory_limit,False,False,False
exact_e17080e0f15a837e,alps4141::alps_c3da447de8e1_to_Equation2,1,alps4141,alps4141::alps_c3da447de8e1_to_Equation2,memory_limit,resource_exhausted,resource_exhausted,False,False,False
exact_9448beb333ee2761,alps4141::alps_ae01c799b6d3_to_Equation2,1,alps4141,alps4141::alps_ae01c799b6d3_to_Equation2,resource_exhausted,resource_exhausted,resource_exhausted,False,False,False
exact_b010ede3950583aa,alps4141::alps_a605404b43e9_to_Equation2,1,alps4141,alps4141::alps_a605404b43e9_to_Equation2,memory_limit,resource_exhausted,resource_exhausted,False,False,False
exact_4e438a403e9c6e22,alps4141::alps_c839eea77890_to_Equation2,1,alps4141,alps4141::alps_c839eea77890_to_Equation2,resource_exhausted,resource_exhausted,theorem,True,False,False
exact_69eed5566d2ab00f,alps4141::alps_2956db097136_to_Equation2,1,alps4141,alps4141::alps_2956db097136_to_Equation2,memory_limit,resource_exhausted,resource_exhausted,False,False,False
exact_3f1df02f6ed8f92b,alps4141::alps_4c65a0013dc2_to_Equation2,1,alps4141,alps4141::alps_4c65a0013dc2_to_Equation2,memory_limit,resource_exhausted,resource_exhausted,False,False,False
exact_7e657bf72e460151,alps4141::alps_e8f384177423_to_Equation2,1,alps4141,alps4141::alps_e8f384177423_to_Equation2,memory_limit,resource_exhausted,resource_exhausted,False,False,False
exact_a7d9e137a2e931d3,alps4141::alps_d1f88647f2a5_to_Equation2,1,alps4141,alps4141::alps_d1f88647f2a5_to_Equation2,memory_limit,resource_exhausted,resource_exhausted,False,False,False
exact_8dfccc59619f54c8,alps4141::alps_4484d9f36bb8_to_Equation2,1,alps4141,alps4141::alps_4484d9f36bb8_to_Equation2,memory_limit,resource_exhausted,memory_limit,False,False,False
exact_33d35f9051f1c4a9,alps4141::alps_6c71273d87f2_to_Equation2,1,alps4141,alps4141::alps_6c71273d87f2_to_Equation2,resource_exhausted,resource_exhausted,resource_exhausted,False,False,False
exact_f9d47b80505ad36f,alps4141::alps_a2166afc747d_to_Equation2,1,alps4141,alps4141::alps_a2166afc747d_to_Equation2,memory_limit,resource_exhausted,resource_exhausted,False,False,False
exact_6e95ff9131513f49,alps4141::alps_1d367988e645_to_Equation2,1,alps4141,alps4141::alps_1d367988e645_to_Equation2,resource_exhausted,resource_exhausted,resource_exhausted,False,False,False
exact_a28888e9b1356cb0,alps4141::alps_4487bc23abea_to_Equation2,1,alps4141,alps4141::alps_4487bc23abea_to_Equation2,memory_limit,resource_exhausted,memory_limit,False,False,False
exact_ce4e449dd6483b21,alps4141::alps_3fe94d241e86_to_Equation2,1,alps4141,alps4141::alps_3fe94d241e86_to_Equation2,memory_limit,resource_exhausted,resource_exhausted,False,False,False
exact_60c69434c3471404,alps4141::alps_d24a68c075f7_to_Equation2,1,alps4141,alps4141::alps_d24a68c075f7_to_Equation2,resource_exhausted,resource_exhausted,resource_exhausted,False,False,False
exact_aa1e4a9b675f2fd5,alps4141::alps_38939d28507b_to_Equation2,1,alps4141,alps4141::alps_38939d28507b_to_Equation2,memory_limit,resource_exhausted,resource_exhausted,False,False,False
exact_240c484238a0ed1f,alps4141::alps_8594c4a6ed50_to_Equation2,1,alps4141,alps4141::alps_8594c4a6ed50_to_Equation2,memory_limit,resource_exhausted,resource_exhausted,False,False,False
exact_b449a4737d0a65d8,alps4141::alps_ac80b6b0c619_to_Equation2,1,alps4141,alps4141::alps_ac80b6b0c619_to_Equation2,memory_limit,resource_exhausted,resource_exhausted,False,False,False
exact_dda397e91a3a6b89,alps4141::alps_9d651adaad01_to_Equation2,1,alps4141,alps4141::alps_9d651adaad01_to_Equation2,memory_limit,resource_exhausted,resource_exhausted,False,False,False
exact_47fdcdcfc4e91be2,alps4141::alps_2f5212d47ec9_to_Equation2,1,alps4141,alps4141::alps_2f5212d47ec9_to_Equation2,memory_limit,resource_exhausted,resource_exhausted,False,False,False
exact_170f18fbc6938a3e,alps4141::alps_7270682dc669_to_Equation2,1,alps4141,alps4141::alps_7270682dc669_to_Equation2,memory_limit,resource_exhausted,resource_exhausted,False,False,False
exact_a77cb53b202b5968,alps4141::alps_493996e05894_to_Equation2,1,alps4141,alps4141::alps_493996e05894_to_Equation2,memory_limit,resource_exhausted,resource_exhausted,False,False,False
exact_8a29ffad21bdffe5,alps4141::alps_8198fca31fa4_to_Equation2,1,alps4141,alps4141::alps_8198fca31fa4_to_Equation2,memory_limit,resource_exhausted,memory_limit,False,False,False
exact_1b9b3d2bde7e3b7f,alps4141::alps_6bf1686cfac3_to_Equation2,1,alps4141,alps4141::alps_6bf1686cfac3_to_Equation2,memory_limit,resource_exhausted,memory_limit,False,False,False
exact_96e9ac68083dd3a3,alps4141::alps_128640d78a93_to_Equation2,1,alps4141,alps4141::alps_128640d78a93_to_Equation2,memory_limit,resource_exhausted,resource_exhausted,False,False,False
exact_661a3002e51c469b,alps4141::alps_f11b30754c44_to_Equation2,1,alps4141,alps4141::alps_f11b30754c44_to_Equation2,memory_limit,resource_exhausted,memory_limit,False,False,False
exact_689337f094be68ba,alps4141::alps_a51a53aa85a8_to_Equation2,1,alps4141,alps4141::alps_a51a53aa85a8_to_Equation2,memory_limit,resource_exhausted,resource_exhausted,False,False,False
exact_71c8bc71e60fa992,alps4141::alps_baf5a87e6724_to_Equation2,1,alps4141,alps4141::alps_baf5a87e6724_to_Equation2,memory_limit,resource_exhausted,memory_limit,False,False,False
exact_837cb0eece273994,alps4141::alps_8b27c29ecddd_to_Equation2,1,alps4141,alps4141::alps_8b27c29ecddd_to_Equation2,completed_no_decisive_result,resource_exhausted,memory_limit,False,False,False
exact_423fdf95eee387a9,alps4141::alps_92d56c8fa53c_to_Equation2,1,alps4141,alps4141::alps_92d56c8fa53c_to_Equation2,memory_limit,resource_exhausted,memory_limit,False,False,False
exact_fb0c531c35271783,alps4141::alps_ce008402c53e_to_Equation2,1,alps4141,alps4141::alps_ce008402c53e_to_Equation2,memory_limit,resource_exhausted,resource_exhausted,False,False,False
exact_28bc33a17a8b5523,alps4141::alps_84afb99c9f89_to_Equation2,1,alps4141,alps4141::alps_84afb99c9f89_to_Equation2,memory_limit,resource_exhausted,memory_limit,False,False,False
exact_5dce407e764ea543,alps4141::alps_37361e0d778e_to_Equation2,1,alps4141,alps4141::alps_37361e0d778e_to_Equation2,memory_limit,resource_exhausted,memory_limit,False,False,False
exact_cbfd492b2b2959b7,alps4141::alps_4ef6a2b4f5c9_to_Equation2,1,alps4141,alps4141::alps_4ef6a2b4f5c9_to_Equation2,memory_limit,resource_exhausted,resource_exhausted,False,False,False
exact_865a2a49f57d233d,alps4141::alps_33f0acd4fe1b_to_Equation2,1,alps4141,alps4141::alps_33f0acd4fe1b_to_Equation2,memory_limit,resource_exhausted,memory_limit,False,False,False
exact_215df801c4f580a6,alps4141::alps_7694778e28ce_to_Equation2,1,alps4141,alps4141::alps_7694778e28ce_to_Equation2,memory_limit,resource_exhausted,memory_limit,False,False,False
exact_868a34ef6bdf3e53,alps4141::alps_8d6f9354e19a_to_Equation2,1,alps4141,alps4141::alps_8d6f9354e19a_to_Equation2,memory_limit,resource_exhausted,resource_exhausted,False,False,False
exact_98f8f36c81bdcaa9,alps4141::alps_4c7c36fa1146_to_Equation2,1,alps4141,alps4141::alps_4c7c36fa1146_to_Equation2,memory_limit,resource_exhausted,resource_exhausted,False,False,False
exact_d22398a3a66af0ec,alps4141::alps_f91d37a9fa9c_to_Equation2,1,alps4141,alps4141::alps_f91d37a9fa9c_to_Equation2,resource_exhausted,resource_exhausted,resource_exhausted,False,False,False
exact_d49cf3fd9a099e35,alps4141::alps_1d9fd608c548_to_Equation2,1,alps4141,alps4141::alps_1d9fd608c548_to_Equation2,memory_limit,resource_exhausted,memory_limit,False,False,False
exact_9307be9556408345,alps4141::alps_43abc74a7b4a_to_Equation2,1,alps4141,alps4141::alps_43abc74a7b4a_to_Equation2,memory_limit,resource_exhausted,memory_limit,False,False,False
exact_d04c4d0b58dd2520,alps4141::alps_773b6a757504_to_Equation2,1,alps4141,alps4141::alps_773b6a757504_to_Equation2,memory_limit,resource_exhausted,resource_exhausted,False,False,False
exact_5bc445716555232b,alps4141::alps_76272757d9a1_to_Equation2,1,alps4141,alps4141::alps_76272757d9a1_to_Equation2,memory_limit,resource_exhausted,resource_exhausted,False,False,False
exact_5cc6d3a65ae75d3e,alps4141::alps_3f4f018025f7_to_Equation2,1,alps4141,alps4141::alps_3f4f018025f7_to_Equation2,completed_no_decisive_result,resource_exhausted,memory_limit,False,False,False
exact_5d8f7f2735490ce0,alps4141::alps_65957c36af50_to_Equation2,1,alps4141,alps4141::alps_65957c36af50_to_Equation2,memory_limit,resource_exhausted,resource_exhausted,False,False,False
exact_f1dab6ad7f517bcf,alps4141::alps_3463926ec7a0_to_Equation2,1,alps4141,alps4141::alps_3463926ec7a0_to_Equation2,memory_limit,resource_exhausted,memory_limit,False,False,False
exact_5ba88b2e3302dded,alps4141::alps_22216891fd5b_to_Equation2,1,alps4141,alps4141::alps_22216891fd5b_to_Equation2,resource_exhausted,resource_exhausted,resource_exhausted,False,False,False
exact_9d1d4d78d461e0c7,alps4141::alps_6902eeaf2235_to_Equation2,1,alps4141,alps4141::alps_6902eeaf2235_to_Equation2,memory_limit,resource_exhausted,resource_exhausted,False,False,False
exact_307c8476444c3a11,alps4141::alps_d244820105de_to_Equation2,1,alps4141,alps4141::alps_d244820105de_to_Equation2,memory_limit,resource_exhausted,memory_limit,False,False,False
exact_8d8b599c0a1c7b70,alps4141::alps_8e3c446edd58_to_Equation2,1,alps4141,alps4141::alps_8e3c446edd58_to_Equation2,resource_exhausted,resource_exhausted,resource_exhausted,False,False,False
exact_7c80cf9369128412,alps4141::alps_710f04133140_to_Equation2,1,alps4141,alps4141::alps_710f04133140_to_Equation2,memory_limit,resource_exhausted,memory_limit,False,False,False
exact_744f4b727f4e36a6,alps4141::alps_554bf15aeb88_to_Equation2,1,alps4141,alps4141::alps_554bf15aeb88_to_Equation2,memory_limit,resource_exhausted,memory_limit,False,False,False
exact_23aecbb56d04c55b,alps4141::alps_ff656f57acdc_to_Equation2,1,alps4141,alps4141::alps_ff656f57acdc_to_Equation2,memory_limit,resource_exhausted,resource_exhausted,False,False,False
exact_fd3cb0ff4cff38db,alps4141::alps_59cda7960a02_to_Equation2,1,alps4141,alps4141::alps_59cda7960a02_to_Equation2,memory_limit,resource_exhausted,resource_exhausted,False,False,False
exact_c1f41e3bd4534058,alps4141::alps_858096f9cfb3_to_Equation2,1,alps4141,alps4141::alps_858096f9cfb3_to_Equation2,memory_limit,resource_exhausted,resource_exhausted,False,False,False
exact_846abd213518f7a4,alps4141::alps_f8cff2d636c2_to_Equation2,1,alps4141,alps4141::alps_f8cff2d636c2_to_Equation2,resource_exhausted,resource_exhausted,resource_exhausted,False,False,False
exact_ba2d069e203de013,alps4141::alps_ceb9c69252c7_to_Equation2,1,alps4141,alps4141::alps_ceb9c69252c7_to_Equation2,resource_exhausted,resource_exhausted,resource_exhausted,False,False,False
exact_3e6d878d3b8fa12b,alps4141::alps_517adb0fc905_to_Equation2,1,alps4141,alps4141::alps_517adb0fc905_to_Equation2,memory_limit,resource_exhausted,resource_exhausted,False,False,False
exact_a061dc6c2434e16b,generality34::order5_unknown_finite_status24_E22446_to_E2,1,generality34,generality34::order5_unknown_finite_status24_E22446_to_E2,resource_exhausted,resource_exhausted,resource_exhausted,False,False,False
exact_899a71ea4379abeb,generality34::order5_known_austin10_E22455_to_E2,1,generality34,generality34::order5_known_austin10_E22455_to_E2,completed_no_decisive_result,completed_no_proof,counter_satisfiable,False,True,False
exact_9605d9b9ecca8a95,alps4141::alps_b0f01e3733eb_to_Equation2,1,alps4141,alps4141::alps_b0f01e3733eb_to_Equation2,resource_exhausted,resource_exhausted,theorem,True,False,False
exact_b464cfaa39d87197,alps4141::alps_8785c0df9bab_to_Equation2,1,alps4141,alps4141::alps_8785c0df9bab_to_Equation2,memory_limit,resource_exhausted,memory_limit,False,False,False
exact_7533cf9f2bc2dec3,alps4141::alps_5e06a6466715_to_Equation2,1,alps4141,alps4141::alps_5e06a6466715_to_Equation2,memory_limit,resource_exhausted,memory_limit,False,False,False
exact_5b4f39bf84163b99,alps4141::alps_9b34c9562364_to_Equation2,1,alps4141,alps4141::alps_9b34c9562364_to_Equation2,memory_limit,resource_exhausted,memory_limit,False,False,False
exact_b8be8e3080d3e198,alps4141::alps_1f2da8431372_to_Equation2,1,alps4141,alps4141::alps_1f2da8431372_to_Equation2,memory_limit,resource_exhausted,resource_exhausted,False,False,False
exact_257fce6d76c9917d,alps4141::alps_eb4cbaa4821f_to_Equation2,1,alps4141,alps4141::alps_eb4cbaa4821f_to_Equation2,memory_limit,resource_exhausted,resource_exhausted,False,False,False
exact_118a47efc0a0b38f,alps4141::alps_fb30492d0949_to_Equation2,1,alps4141,alps4141::alps_fb30492d0949_to_Equation2,memory_limit,resource_exhausted,resource_exhausted,False,False,False
exact_c45d04cb40dd3b12,alps4141::alps_881463b6e8dc_to_Equation2,1,alps4141,alps4141::alps_881463b6e8dc_to_Equation2,memory_limit,resource_exhausted,resource_exhausted,False,False,False
exact_8a30e623335c4dc8,alps4141::alps_c95135d40e82_to_Equation2,1,alps4141,alps4141::alps_c95135d40e82_to_Equation2,memory_limit,resource_exhausted,resource_exhausted,False,False,False
exact_b4a3e3e68fecd630,alps4141::alps_74007faa4f10_to_Equation2,1,alps4141,alps4141::alps_74007faa4f10_to_Equation2,memory_limit,resource_exhausted,resource_exhausted,False,False,False
exact_c787dbc29d13249c,alps4141::alps_442dfc819d49_to_Equation2,1,alps4141,alps4141::alps_442dfc819d49_to_Equation2,memory_limit,resource_exhausted,resource_exhausted,False,False,False
exact_e69ae1f219902e3f,alps4141::alps_8a02bca1f7f5_to_Equation2,1,alps4141,alps4141::alps_8a02bca1f7f5_to_Equation2,memory_limit,resource_exhausted,resource_exhausted,False,False,False
exact_8973acde3f704831,alps4141::alps_68776ef91f54_to_Equation2,1,alps4141,alps4141::alps_68776ef91f54_to_Equation2,memory_limit,resource_exhausted,resource_exhausted,False,False,False
exact_56c32fafa340382b,alps4141::alps_bbb7e70288fa_to_Equation2,1,alps4141,alps4141::alps_bbb7e70288fa_to_Equation2,resource_exhausted,resource_exhausted,resource_exhausted,False,False,False
exact_73fcd68005e2e490,alps4141::alps_a5b4a4f83c65_to_Equation2,1,alps4141,alps4141::alps_a5b4a4f83c65_to_Equation2,memory_limit,resource_exhausted,memory_limit,False,False,False
exact_8519e6698197a7b0,alps4141::alps_29f219b3f0c0_to_Equation2,1,alps4141,alps4141::alps_29f219b3f0c0_to_Equation2,memory_limit,resource_exhausted,resource_exhausted,False,False,False
exact_fec85a22a5a02b0a,alps4141::alps_3513ea61fd86_to_Equation2,1,alps4141,alps4141::alps_3513ea61fd86_to_Equation2,memory_limit,resource_exhausted,memory_limit,False,False,False
exact_bc910a7606af9d1a,alps4141::alps_880701c98e9b_to_Equation2,1,alps4141,alps4141::alps_880701c98e9b_to_Equation2,memory_limit,resource_exhausted,memory_limit,False,False,False
exact_3d90f44677132c5b,alps4141::alps_0976b1ba4509_to_Equation2,1,alps4141,alps4141::alps_0976b1ba4509_to_Equation2,memory_limit,resource_exhausted,memory_limit,False,False,False
exact_c286c35e0a2c9464,alps4141::alps_24877481e934_to_Equation2,1,alps4141,alps4141::alps_24877481e934_to_Equation2,memory_limit,resource_exhausted,resource_exhausted,False,False,False
exact_13529608f44f70d1,alps4141::alps_b262fcd0a904_to_Equation2,1,alps4141,alps4141::alps_b262fcd0a904_to_Equation2,memory_limit,resource_exhausted,resource_exhausted,False,False,False
exact_c86cebdf997a085c,alps4141::alps_3f999f354854_to_Equation2,1,alps4141,alps4141::alps_3f999f354854_to_Equation2,memory_limit,resource_exhausted,memory_limit,False,False,False
exact_78d20d0b542be8c2,alps4141::alps_38ef3f8a07f0_to_Equation2,1,alps4141,alps4141::alps_38ef3f8a07f0_to_Equation2,memory_limit,resource_exhausted,memory_limit,False,False,False
exact_be054f928b185949,alps4141::alps_5b82d777f46d_to_Equation2,1,alps4141,alps4141::alps_5b82d777f46d_to_Equation2,memory_limit,resource_exhausted,resource_exhausted,False,False,False
exact_3e8b48832e69a18a,alps4141::alps_81cfb9d3d532_to_Equation2,1,alps4141,alps4141::alps_81cfb9d3d532_to_Equation2,memory_limit,resource_exhausted,resource_exhausted,False,False,False
exact_3b06858feaf13416,alps4141::alps_cfcbc2fc1d7d_to_Equation2,1,alps4141,alps4141::alps_cfcbc2fc1d7d_to_Equation2,memory_limit,resource_exhausted,resource_exhausted,False,False,False
exact_7a6ef61ee23a9ce3,alps4141::alps_f84a1955229e_to_Equation2,1,alps4141,alps4141::alps_f84a1955229e_to_Equation2,resource_exhausted,resource_exhausted,resource_exhausted,False,False,False
exact_dfbfa7511b7fcb76,alps4141::alps_e1149b3d15c2_to_Equation2,1,alps4141,alps4141::alps_e1149b3d15c2_to_Equation2,memory_limit,resource_exhausted,resource_exhausted,False,False,False
exact_c17ebe42820ad6e3,alps4141::alps_66b0d355a990_to_Equation2,1,alps4141,alps4141::alps_66b0d355a990_to_Equation2,resource_exhausted,resource_exhausted,resource_exhausted,False,False,False
exact_c61261419b782ba3,alps4141::alps_55c217f24b67_to_Equation2,1,alps4141,alps4141::alps_55c217f24b67_to_Equation2,memory_limit,resource_exhausted,resource_exhausted,False,False,False
exact_2531f6518451ccce,alps4141::alps_e2ead9d135a6_to_Equation2,1,alps4141,alps4141::alps_e2ead9d135a6_to_Equation2,memory_limit,resource_exhausted,resource_exhausted,False,False,False
exact_29864c0f6fb0ec29,alps4141::alps_7e7e21c22bca_to_Equation2,1,alps4141,alps4141::alps_7e7e21c22bca_to_Equation2,memory_limit,resource_exhausted,resource_exhausted,False,False,False
exact_529c43fc8fc85f47,alps4141::alps_2e8b2a3cfadb_to_Equation2,1,alps4141,alps4141::alps_2e8b2a3cfadb_to_Equation2,memory_limit,resource_exhausted,resource_exhausted,False,False,False
exact_873d5716f8503264,alps4141::alps_83480f6d413d_to_Equation2,1,alps4141,alps4141::alps_83480f6d413d_to_Equation2,memory_limit,resource_exhausted,memory_limit,False,False,False
exact_5633d7e13201babe,alps4141::alps_c2fd82c5514a_to_Equation2,1,alps4141,alps4141::alps_c2fd82c5514a_to_Equation2,memory_limit,resource_exhausted,resource_exhausted,False,False,False
exact_bee11f9f66aff41f,alps4141::alps_c139a9d97860_to_Equation2,1,alps4141,alps4141::alps_c139a9d97860_to_Equation2,memory_limit,resource_exhausted,memory_limit,False,False,False
exact_ccb72f8ee984d151,alps4141::alps_aaeb65fd6399_to_Equation2,1,alps4141,alps4141::alps_aaeb65fd6399_to_Equation2,memory_limit,resource_exhausted,resource_exhausted,False,False,False
exact_c0293ec77ce81a0a,alps4141::alps_5301694df5e9_to_Equation2,1,alps4141,alps4141::alps_5301694df5e9_to_Equation2,memory_limit,resource_exhausted,resource_exhausted,False,False,False
exact_d10cd5291abbe612,alps4141::alps_8fe403d0f288_to_Equation2,1,alps4141,alps4141::alps_8fe403d0f288_to_Equation2,memory_limit,resource_exhausted,resource_exhausted,False,False,False
exact_3edaece5430cf6d6,alps4141::alps_e4932066db40_to_Equation2,1,alps4141,alps4141::alps_e4932066db40_to_Equation2,memory_limit,resource_exhausted,resource_exhausted,False,False,False
exact_4b085bcb69a41c14,alps4141::alps_b34bd4308819_to_Equation2,1,alps4141,alps4141::alps_b34bd4308819_to_Equation2,memory_limit,resource_exhausted,resource_exhausted,False,False,False
exact_a724d8145499f3b6,alps4141::alps_39eaaaebad56_to_Equation2,1,alps4141,alps4141::alps_39eaaaebad56_to_Equation2,memory_limit,resource_exhausted,resource_exhausted,False,False,False
exact_36293b727643494d,alps4141::alps_6faeeaf8febb_to_Equation2,1,alps4141,alps4141::alps_6faeeaf8febb_to_Equation2,memory_limit,resource_exhausted,resource_exhausted,False,False,False
exact_29fec769ba016735,alps4141::alps_c3129d17dbf8_to_Equation2,1,alps4141,alps4141::alps_c3129d17dbf8_to_Equation2,memory_limit,resource_exhausted,resource_exhausted,False,False,False
exact_86da393475b8cc0d,alps4141::alps_346683bee91d_to_Equation2,1,alps4141,alps4141::alps_346683bee91d_to_Equation2,memory_limit,resource_exhausted,memory_limit,False,False,False
exact_14477c1794a5197f,alps4141::alps_4a4573196003_to_Equation2,1,alps4141,alps4141::alps_4a4573196003_to_Equation2,memory_limit,resource_exhausted,resource_exhausted,False,False,False
exact_297e10ba72c304ab,alps4141::alps_c79b4cfa96b8_to_Equation2,1,alps4141,alps4141::alps_c79b4cfa96b8_to_Equation2,resource_exhausted,resource_exhausted,resource_exhausted,False,False,False
exact_52e9f7a47c60f786,alps4141::alps_1bcbb797d21b_to_Equation2,1,alps4141,alps4141::alps_1bcbb797d21b_to_Equation2,memory_limit,resource_exhausted,resource_exhausted,False,False,False
exact_11d6c867fe0a1cac,alps4141::alps_de7779e016ef_to_Equation2,1,alps4141,alps4141::alps_de7779e016ef_to_Equation2,memory_limit,resource_exhausted,resource_exhausted,False,False,False
exact_8b907507ff057e26,alps4141::alps_b3b658732d73_to_Equation2,1,alps4141,alps4141::alps_b3b658732d73_to_Equation2,memory_limit,resource_exhausted,memory_limit,False,False,False
exact_df4f4505c1c41968,alps4141::alps_63b3bb5685ac_to_Equation2,1,alps4141,alps4141::alps_63b3bb5685ac_to_Equation2,resource_exhausted,resource_exhausted,resource_exhausted,False,False,False
exact_a27eeed3a0edb07a,alps4141::alps_41bf5b29767b_to_Equation2,1,alps4141,alps4141::alps_41bf5b29767b_to_Equation2,resource_exhausted,resource_exhausted,memory_limit,False,False,False
exact_bfea7c5a43477087,alps4141::alps_2a0fd6a90915_to_Equation2,1,alps4141,alps4141::alps_2a0fd6a90915_to_Equation2,memory_limit,resource_exhausted,resource_exhausted,False,False,False
exact_d3862590d2e36a5b,alps4141::alps_4fa2d17c181c_to_Equation2,1,alps4141,alps4141::alps_4fa2d17c181c_to_Equation2,memory_limit,resource_exhausted,resource_exhausted,False,False,False
exact_b831e4f1a85e0cfb,alps4141::alps_555e758bf8a9_to_Equation2,1,alps4141,alps4141::alps_555e758bf8a9_to_Equation2,resource_exhausted,resource_exhausted,memory_limit,False,False,False
exact_11b5c9421b90d86a,alps4141::alps_4c890319fcb8_to_Equation2,1,alps4141,alps4141::alps_4c890319fcb8_to_Equation2,memory_limit,resource_exhausted,memory_limit,False,False,False
exact_2a36e2c6e3533727,alps4141::alps_e08b3a337c98_to_Equation2,1,alps4141,alps4141::alps_e08b3a337c98_to_Equation2,memory_limit,resource_exhausted,memory_limit,False,False,False
exact_0505eaac67bd0e59,alps4141::alps_f802c32b3a2b_to_Equation2,1,alps4141,alps4141::alps_f802c32b3a2b_to_Equation2,memory_limit,resource_exhausted,resource_exhausted,False,False,False
exact_2a86cdb8589a7cb9,alps4141::alps_4734da57e989_to_Equation2,1,alps4141,alps4141::alps_4734da57e989_to_Equation2,resource_exhausted,resource_exhausted,memory_limit,False,False,False
exact_1b08df33bf74e9b7,alps4141::alps_4db521d2ea4a_to_Equation2,1,alps4141,alps4141::alps_4db521d2ea4a_to_Equation2,memory_limit,resource_exhausted,resource_exhausted,False,False,False
exact_3d7a949caf4a1732,alps4141::alps_233a5f782dfa_to_Equation2,1,alps4141,alps4141::alps_233a5f782dfa_to_Equation2,memory_limit,resource_exhausted,memory_limit,False,False,False
exact_3c58fb81f23f5316,alps4141::alps_a32699b6f639_to_Equation2,1,alps4141,alps4141::alps_a32699b6f639_to_Equation2,resource_exhausted,resource_exhausted,memory_limit,False,False,False
exact_7f3c449e821e689c,alps4141::alps_52c7f7b598c9_to_Equation2,1,alps4141,alps4141::alps_52c7f7b598c9_to_Equation2,memory_limit,resource_exhausted,resource_exhausted,False,False,False
exact_39c0c82b33372a62,alps4141::alps_e240c6f907f3_to_Equation2,1,alps4141,alps4141::alps_e240c6f907f3_to_Equation2,resource_exhausted,resource_exhausted,resource_exhausted,False,False,False
exact_393ba95119990591,alps4141::alps_5844d5c81d25_to_Equation2,1,alps4141,alps4141::alps_5844d5c81d25_to_Equation2,memory_limit,resource_exhausted,resource_exhausted,False,False,False
exact_e5265092229a0686,alps4141::alps_0b1c7c48a44d_to_Equation2,1,alps4141,alps4141::alps_0b1c7c48a44d_to_Equation2,memory_limit,resource_exhausted,memory_limit,False,False,False
exact_8e713589c1015eac,alps4141::alps_f315fede1e94_to_Equation2,1,alps4141,alps4141::alps_f315fede1e94_to_Equation2,memory_limit,resource_exhausted,resource_exhausted,False,False,False
exact_1fd6d9f16a48ebf8,alps4141::alps_de7575e5cca0_to_Equation2,1,alps4141,alps4141::alps_de7575e5cca0_to_Equation2,memory_limit,resource_exhausted,memory_limit,False,False,False
exact_4ac6d0f0b0b3c502,alps4141::alps_4b95498486ec_to_Equation2,1,alps4141,alps4141::alps_4b95498486ec_to_Equation2,memory_limit,resource_exhausted,resource_exhausted,False,False,False
exact_3a28de7b84520cf0,alps4141::alps_22098e04d53a_to_Equation2,1,alps4141,alps4141::alps_22098e04d53a_to_Equation2,memory_limit,resource_exhausted,resource_exhausted,False,False,False
exact_d000d1438e27d1e8,alps4141::alps_17beca6e2553_to_Equation2,1,alps4141,alps4141::alps_17beca6e2553_to_Equation2,memory_limit,resource_exhausted,resource_exhausted,False,False,False
exact_b4b470d6175d642d,alps4141::alps_f6be192ee684_to_Equation2,1,alps4141,alps4141::alps_f6be192ee684_to_Equation2,memory_limit,resource_exhausted,resource_exhausted,False,False,False
exact_eb11480b6bbc9b2a,alps4141::alps_ac59e50e78a5_to_Equation2,1,alps4141,alps4141::alps_ac59e50e78a5_to_Equation2,memory_limit,resource_exhausted,resource_exhausted,False,False,False
exact_a63083885cbd97ec,alps4141::alps_dcbb8b0eeb62_to_Equation2,1,alps4141,alps4141::alps_dcbb8b0eeb62_to_Equation2,memory_limit,resource_exhausted,resource_exhausted,False,False,False
exact_937df48c65c5637b,alps4141::alps_19f2dae8004c_to_Equation2,1,alps4141,alps4141::alps_19f2dae8004c_to_Equation2,memory_limit,resource_exhausted,resource_exhausted,False,False,False
exact_40dda2e33e6f6014,alps4141::alps_06fc49b2f411_to_Equation2,1,alps4141,alps4141::alps_06fc49b2f411_to_Equation2,memory_limit,resource_exhausted,resource_exhausted,False,False,False
exact_a0b915cee438c8ff,alps4141::alps_f1f0810689b9_to_Equation2,1,alps4141,alps4141::alps_f1f0810689b9_to_Equation2,memory_limit,resource_exhausted,resource_exhausted,False,False,False
exact_fe2f1cfce918347b,alps4141::alps_753532bd0060_to_Equation2,1,alps4141,alps4141::alps_753532bd0060_to_Equation2,memory_limit,resource_exhausted,resource_exhausted,False,False,False
exact_18f010c827881f96,alps4141::alps_991941c7c646_to_Equation2,1,alps4141,alps4141::alps_991941c7c646_to_Equation2,memory_limit,resource_exhausted,resource_exhausted,False,False,False
exact_ae0ce019eef93d0d,alps4141::alps_834580e32cb3_to_Equation2,1,alps4141,alps4141::alps_834580e32cb3_to_Equation2,memory_limit,resource_exhausted,resource_exhausted,False,False,False
exact_3fec3d82d30ad05b,alps4141::alps_20522c6ce140_to_Equation2,1,alps4141,alps4141::alps_20522c6ce140_to_Equation2,memory_limit,resource_exhausted,resource_exhausted,False,False,False
exact_1039b1f598f3dc0c,alps4141::alps_11ee274d4b9d_to_Equation2,1,alps4141,alps4141::alps_11ee274d4b9d_to_Equation2,memory_limit,resource_exhausted,resource_exhausted,False,False,False
exact_74d9100b075a26d7,alps4141::alps_796af4fa25ef_to_Equation2,1,alps4141,alps4141::alps_796af4fa25ef_to_Equation2,memory_limit,resource_exhausted,resource_exhausted,False,False,False
exact_3443f7e50d7561a4,alps4141::alps_1da1486594c3_to_Equation2,1,alps4141,alps4141::alps_1da1486594c3_to_Equation2,resource_exhausted,resource_exhausted,resource_exhausted,False,False,False
exact_3c4b972c71b88f60,alps4141::alps_9f24429d3479_to_Equation2,1,alps4141,alps4141::alps_9f24429d3479_to_Equation2,resource_exhausted,resource_exhausted,resource_exhausted,False,False,False
exact_1572db23f9b7c8ca,alps4141::alps_f726cc086f50_to_Equation2,1,alps4141,alps4141::alps_f726cc086f50_to_Equation2,memory_limit,resource_exhausted,resource_exhausted,False,False,False
exact_5ebf54ef382c0d94,alps4141::alps_a4333c63b3fd_to_Equation2,1,alps4141,alps4141::alps_a4333c63b3fd_to_Equation2,memory_limit,resource_exhausted,memory_limit,False,False,False
exact_4f835d70a29c2a00,alps4141::alps_3362b1881d38_to_Equation2,1,alps4141,alps4141::alps_3362b1881d38_to_Equation2,memory_limit,resource_exhausted,resource_exhausted,False,False,False
exact_3479d8906cb837b6,alps4141::alps_8b4881b0a97e_to_Equation2,1,alps4141,alps4141::alps_8b4881b0a97e_to_Equation2,memory_limit,resource_exhausted,resource_exhausted,False,False,False
exact_cf420991dacee018,alps4141::alps_d604eac7837a_to_Equation2,1,alps4141,alps4141::alps_d604eac7837a_to_Equation2,memory_limit,resource_exhausted,resource_exhausted,False,False,False
exact_5fe1c930cde2b9c9,alps4141::alps_a2a32e840ab3_to_Equation2,1,alps4141,alps4141::alps_a2a32e840ab3_to_Equation2,memory_limit,resource_exhausted,resource_exhausted,False,False,False
exact_828f7a7b14a97cca,alps4141::alps_79f1ff312871_to_Equation2,1,alps4141,alps4141::alps_79f1ff312871_to_Equation2,memory_limit,resource_exhausted,resource_exhausted,False,False,False
exact_8e8a6607f321823d,alps4141::alps_87f254eb0251_to_Equation2,1,alps4141,alps4141::alps_87f254eb0251_to_Equation2,memory_limit,resource_exhausted,resource_exhausted,False,False,False
exact_618ff33e5ecc8289,alps4141::alps_457b635d31e0_to_Equation2,1,alps4141,alps4141::alps_457b635d31e0_to_Equation2,resource_exhausted,resource_exhausted,resource_exhausted,False,False,False
exact_1c1dbcd7730bb691,alps4141::alps_dd78646dc812_to_Equation2,1,alps4141,alps4141::alps_dd78646dc812_to_Equation2,memory_limit,resource_exhausted,resource_exhausted,False,False,False
exact_6f3870ae800871cb,alps4141::alps_47fe035790dd_to_Equation2,1,alps4141,alps4141::alps_47fe035790dd_to_Equation2,memory_limit,resource_exhausted,resource_exhausted,False,False,False
exact_9405ff3012e559ea,alps4141::alps_41beb789c98a_to_Equation2,1,alps4141,alps4141::alps_41beb789c98a_to_Equation2,memory_limit,resource_exhausted,resource_exhausted,False,False,False
exact_12903c1363c5270a,alps4141::alps_ee7d9b18e94e_to_Equation2,1,alps4141,alps4141::alps_ee7d9b18e94e_to_Equation2,memory_limit,resource_exhausted,resource_exhausted,False,False,False
exact_4a99a2079175ad05,alps4141::alps_ff891e4ad0a6_to_Equation2,1,alps4141,alps4141::alps_ff891e4ad0a6_to_Equation2,memory_limit,resource_exhausted,resource_exhausted,False,False,False
exact_36da3e20856200d2,alps4141::alps_473b6a9cb1a9_to_Equation2,1,alps4141,alps4141::alps_473b6a9cb1a9_to_Equation2,memory_limit,resource_exhausted,resource_exhausted,False,False,False
exact_fef7ac4e92c81caa,alps4141::alps_67b67e6e4a9b_to_Equation2,1,alps4141,alps4141::alps_67b67e6e4a9b_to_Equation2,memory_limit,resource_exhausted,resource_exhausted,False,False,False
exact_284ab14624894068,alps4141::alps_af3a37b378d4_to_Equation2,1,alps4141,alps4141::alps_af3a37b378d4_to_Equation2,memory_limit,resource_exhausted,resource_exhausted,False,False,False
exact_fff285ef17071b79,alps4141::alps_eeb91331b4f8_to_Equation2,1,alps4141,alps4141::alps_eeb91331b4f8_to_Equation2,memory_limit,resource_exhausted,resource_exhausted,False,False,False
exact_42c515d9b97d2841,alps4141::alps_e549e34be5cb_to_Equation2,1,alps4141,alps4141::alps_e549e34be5cb_to_Equation2,memory_limit,resource_exhausted,resource_exhausted,False,False,False
exact_966e7cb68ffbdd62,alps4141::alps_a73f332ef55d_to_Equation2,1,alps4141,alps4141::alps_a73f332ef55d_to_Equation2,memory_limit,resource_exhausted,resource_exhausted,False,False,False
exact_18fa65c32bcf1509,alps4141::alps_b7ae7884ae42_to_Equation2,1,alps4141,alps4141::alps_b7ae7884ae42_to_Equation2,memory_limit,resource_exhausted,resource_exhausted,False,False,False
exact_0a4bf7b702d94f8d,alps4141::alps_b7fe6ed12c12_to_Equation2,1,alps4141,alps4141::alps_b7fe6ed12c12_to_Equation2,memory_limit,resource_exhausted,resource_exhausted,False,False,False
exact_6dfbea5779f470c4,alps4141::alps_24c9b3ea12a0_to_Equation2,1,alps4141,alps4141::alps_24c9b3ea12a0_to_Equation2,completed_no_decisive_result,resource_exhausted,memory_limit,False,False,False
exact_b9e40e96faebd6bc,alps4141::alps_b3d2ae270b82_to_Equation2,1,alps4141,alps4141::alps_b3d2ae270b82_to_Equation2,memory_limit,resource_exhausted,resource_exhausted,False,False,False
exact_4c8a717ad845cd25,alps4141::alps_7e79897d7622_to_Equation2,1,alps4141,alps4141::alps_7e79897d7622_to_Equation2,memory_limit,resource_exhausted,memory_limit,False,False,False
exact_730611fd331d9216,alps4141::alps_68dac9f2ea4d_to_Equation2,1,alps4141,alps4141::alps_68dac9f2ea4d_to_Equation2,memory_limit,resource_exhausted,resource_exhausted,False,False,False
exact_9b2f6c72ca01acb1,alps4141::alps_c41d9172e58b_to_Equation2,1,alps4141,alps4141::alps_c41d9172e58b_to_Equation2,memory_limit,resource_exhausted,resource_exhausted,False,False,False
exact_2c84b070dbaf1bc9,alps4141::alps_888e9841f7ad_to_Equation2,1,alps4141,alps4141::alps_888e9841f7ad_to_Equation2,memory_limit,resource_exhausted,resource_exhausted,False,False,False
exact_ebd14f393972f36c,alps4141::alps_554f58a835db_to_Equation2,1,alps4141,alps4141::alps_554f58a835db_to_Equation2,memory_limit,resource_exhausted,resource_exhausted,False,False,False
exact_ee20fd04b3e47cac,alps4141::alps_c36803bd2d95_to_Equation2,1,alps4141,alps4141::alps_c36803bd2d95_to_Equation2,memory_limit,resource_exhausted,resource_exhausted,False,False,False
exact_f02ea6393fe572ad,alps4141::alps_f1789e5d24dc_to_Equation2,1,alps4141,alps4141::alps_f1789e5d24dc_to_Equation2,memory_limit,resource_exhausted,resource_exhausted,False,False,False
exact_dcd7dd11182fc1cb,alps4141::alps_632b2b560663_to_Equation2,1,alps4141,alps4141::alps_632b2b560663_to_Equation2,memory_limit,resource_exhausted,memory_limit,False,False,False
exact_4391cbed10ad4acf,alps4141::alps_9692d67c0f1e_to_Equation2,1,alps4141,alps4141::alps_9692d67c0f1e_to_Equation2,memory_limit,resource_exhausted,resource_exhausted,False,False,False
exact_b63dc5ba926ac645,alps4141::alps_803ff96290a4_to_Equation2,1,alps4141,alps4141::alps_803ff96290a4_to_Equation2,resource_exhausted,resource_exhausted,resource_exhausted,False,False,False
exact_d2eebeb42314f010,alps4141::alps_11c88300cc95_to_Equation2,1,alps4141,alps4141::alps_11c88300cc95_to_Equation2,memory_limit,resource_exhausted,resource_exhausted,False,False,False
exact_a7ddb5cca88b3d00,alps4141::alps_5272ccadb3d0_to_Equation2,1,alps4141,alps4141::alps_5272ccadb3d0_to_Equation2,memory_limit,resource_exhausted,resource_exhausted,False,False,False
exact_4d0d31b9ee111221,alps4141::alps_5b3a0943a8cf_to_Equation2,1,alps4141,alps4141::alps_5b3a0943a8cf_to_Equation2,memory_limit,resource_exhausted,resource_exhausted,False,False,False
exact_59d39969e44f01f1,alps4141::alps_671794311b0d_to_Equation2,1,alps4141,alps4141::alps_671794311b0d_to_Equation2,memory_limit,resource_exhausted,resource_exhausted,False,False,False
exact_bcb68c6c90b32dcb,alps4141::alps_b41a4c6f9abd_to_Equation2,1,alps4141,alps4141::alps_b41a4c6f9abd_to_Equation2,memory_limit,resource_exhausted,resource_exhausted,False,False,False
exact_b3218db6fce9a2cc,alps4141::alps_d098a38dd437_to_Equation2,1,alps4141,alps4141::alps_d098a38dd437_to_Equation2,resource_exhausted,resource_exhausted,resource_exhausted,False,False,False
exact_9098b544a95c4810,alps4141::alps_a347e709b7f5_to_Equation2,1,alps4141,alps4141::alps_a347e709b7f5_to_Equation2,resource_exhausted,resource_exhausted,resource_exhausted,False,False,False
exact_5880368014e49984,alps4141::alps_1828549d60ee_to_Equation2,1,alps4141,alps4141::alps_1828549d60ee_to_Equation2,memory_limit,resource_exhausted,memory_limit,False,False,False
exact_b99f023792ed57c5,alps4141::alps_5224c1401172_to_Equation2,1,alps4141,alps4141::alps_5224c1401172_to_Equation2,memory_limit,resource_exhausted,memory_limit,False,False,False
exact_aeea599dd3e963f5,alps4141::alps_660971b78fec_to_Equation2,1,alps4141,alps4141::alps_660971b78fec_to_Equation2,memory_limit,resource_exhausted,resource_exhausted,False,False,False
exact_1757aecc97589f47,alps4141::alps_2742fb1f233b_to_Equation2,1,alps4141,alps4141::alps_2742fb1f233b_to_Equation2,memory_limit,resource_exhausted,resource_exhausted,False,False,False
exact_72a82a32d163c0c6,alps4141::alps_09eea508b737_to_Equation2,1,alps4141,alps4141::alps_09eea508b737_to_Equation2,memory_limit,resource_exhausted,memory_limit,False,False,False
exact_fa770292e68813fd,alps4141::alps_7933cbc0c078_to_Equation2,1,alps4141,alps4141::alps_7933cbc0c078_to_Equation2,memory_limit,resource_exhausted,resource_exhausted,False,False,False
exact_83b56664fe406e12,alps4141::alps_50522c57d317_to_Equation2,1,alps4141,alps4141::alps_50522c57d317_to_Equation2,memory_limit,resource_exhausted,memory_limit,False,False,False
exact_04fda92449d1423a,alps4141::alps_56b83f5a80a4_to_Equation2,1,alps4141,alps4141::alps_56b83f5a80a4_to_Equation2,memory_limit,resource_exhausted,resource_exhausted,False,False,False
exact_39fb4a5c306d879f,alps4141::alps_5c53ae30145e_to_Equation2,1,alps4141,alps4141::alps_5c53ae30145e_to_Equation2,memory_limit,resource_exhausted,resource_exhausted,False,False,False
exact_6758bd6e4ec7009c,alps4141::alps_23eca8944459_to_Equation2,1,alps4141,alps4141::alps_23eca8944459_to_Equation2,memory_limit,resource_exhausted,resource_exhausted,False,False,False
exact_31b603b575080cc4,alps4141::alps_98bb0fc4a04a_to_Equation2,1,alps4141,alps4141::alps_98bb0fc4a04a_to_Equation2,memory_limit,resource_exhausted,resource_exhausted,False,False,False
exact_a097caf900cbf486,alps4141::alps_157e7da0ab9c_to_Equation2,1,alps4141,alps4141::alps_157e7da0ab9c_to_Equation2,memory_limit,resource_exhausted,resource_exhausted,False,False,False
exact_5e0a1b748b832f4c,alps4141::alps_145ccf39a036_to_Equation2,1,alps4141,alps4141::alps_145ccf39a036_to_Equation2,memory_limit,resource_exhausted,memory_limit,False,False,False
exact_0bdab11c2823b999,alps4141::alps_1d05ff25015f_to_Equation2,1,alps4141,alps4141::alps_1d05ff25015f_to_Equation2,memory_limit,resource_exhausted,resource_exhausted,False,False,False
exact_56edbcb738dbfc6d,alps4141::alps_f4299734cd91_to_Equation2,1,alps4141,alps4141::alps_f4299734cd91_to_Equation2,resource_exhausted,resource_exhausted,resource_exhausted,False,False,False
exact_0f1821259a24c60a,alps4141::alps_bafd534386bc_to_Equation2,1,alps4141,alps4141::alps_bafd534386bc_to_Equation2,memory_limit,resource_exhausted,resource_exhausted,False,False,False
exact_9080c496a6bfb145,alps4141::alps_69b58a075ee9_to_Equation2,1,alps4141,alps4141::alps_69b58a075ee9_to_Equation2,memory_limit,resource_exhausted,resource_exhausted,False,False,False
exact_245a971b6059abd3,alps4141::alps_9752da0efe9d_to_Equation2,1,alps4141,alps4141::alps_9752da0efe9d_to_Equation2,memory_limit,resource_exhausted,resource_exhausted,False,False,False
exact_c45d0e4794d0911b,alps4141::alps_70a9b7cf7acb_to_Equation2,1,alps4141,alps4141::alps_70a9b7cf7acb_to_Equation2,memory_limit,resource_exhausted,resource_exhausted,False,False,False
exact_abdd6cc86b8b018c,alps4141::alps_061367afaf4c_to_Equation2,1,alps4141,alps4141::alps_061367afaf4c_to_Equation2,memory_limit,resource_exhausted,resource_exhausted,False,False,False
exact_a8f6010e86fd4352,alps4141::alps_b8b9deebc711_to_Equation2,1,alps4141,alps4141::alps_b8b9deebc711_to_Equation2,memory_limit,resource_exhausted,resource_exhausted,False,False,False
exact_bae9d18a5e4aa0f5,alps4141::alps_c9c2455549ef_to_Equation2,1,alps4141,alps4141::alps_c9c2455549ef_to_Equation2,memory_limit,resource_exhausted,memory_limit,False,False,False
exact_90e574e362c1a3dc,alps4141::alps_9248c5b0a50e_to_Equation2,1,alps4141,alps4141::alps_9248c5b0a50e_to_Equation2,memory_limit,resource_exhausted,resource_exhausted,False,False,False
exact_a27ed9d8db12556f,alps4141::alps_37318b6f4ccd_to_Equation2,1,alps4141,alps4141::alps_37318b6f4ccd_to_Equation2,memory_limit,resource_exhausted,resource_exhausted,False,False,False
exact_ec683f91f82c2986,alps4141::alps_5b2d93a892d2_to_Equation2,1,alps4141,alps4141::alps_5b2d93a892d2_to_Equation2,memory_limit,resource_exhausted,resource_exhausted,False,False,False
exact_43421d3c53121eaf,alps4141::alps_7119b8f37378_to_Equation2,1,alps4141,alps4141::alps_7119b8f37378_to_Equation2,memory_limit,resource_exhausted,resource_exhausted,False,False,False
exact_86f689f221638776,alps4141::alps_cfe516628d00_to_Equation2,1,alps4141,alps4141::alps_cfe516628d00_to_Equation2,memory_limit,resource_exhausted,resource_exhausted,False,False,False
exact_8d1ca84f3fefb8f9,alps4141::alps_c899c09867e4_to_Equation2,1,alps4141,alps4141::alps_c899c09867e4_to_Equation2,memory_limit,resource_exhausted,resource_exhausted,False,False,False
exact_9212ec47a1142243,alps4141::alps_2351b8512d63_to_Equation2,1,alps4141,alps4141::alps_2351b8512d63_to_Equation2,memory_limit,resource_exhausted,memory_limit,False,False,False
exact_d8707e95e13fc88e,alps4141::alps_037b8814fa08_to_Equation2,1,alps4141,alps4141::alps_037b8814fa08_to_Equation2,memory_limit,resource_exhausted,resource_exhausted,False,False,False
exact_fd5848f8f80e37a4,alps4141::alps_78afc5fe70d9_to_Equation2,1,alps4141,alps4141::alps_78afc5fe70d9_to_Equation2,memory_limit,resource_exhausted,resource_exhausted,False,False,False
exact_a6511e3609e24519,alps4141::alps_f35afb718d53_to_Equation2,1,alps4141,alps4141::alps_f35afb718d53_to_Equation2,memory_limit,resource_exhausted,resource_exhausted,False,False,False
exact_6063b721cc8cd047,alps4141::alps_fe6d424dc457_to_Equation2,1,alps4141,alps4141::alps_fe6d424dc457_to_Equation2,memory_limit,resource_exhausted,resource_exhausted,False,False,False
exact_fbff69c66e45b13b,alps4141::alps_ae1423dc7948_to_Equation2,1,alps4141,alps4141::alps_ae1423dc7948_to_Equation2,memory_limit,resource_exhausted,resource_exhausted,False,False,False
exact_6a91ab297d2a8ed4,alps4141::alps_250cf7ad160e_to_Equation2,1,alps4141,alps4141::alps_250cf7ad160e_to_Equation2,memory_limit,resource_exhausted,memory_limit,False,False,False
exact_681ce23e232bdd87,alps4141::alps_408db388870c_to_Equation2,1,alps4141,alps4141::alps_408db388870c_to_Equation2,memory_limit,resource_exhausted,memory_limit,False,False,False
exact_941b3a0143648d32,alps4141::alps_e4c4a6e08165_to_Equation2,1,alps4141,alps4141::alps_e4c4a6e08165_to_Equation2,memory_limit,resource_exhausted,resource_exhausted,False,False,False
exact_7786494bb464df3f,alps4141::alps_624fb494d3c6_to_Equation2,1,alps4141,alps4141::alps_624fb494d3c6_to_Equation2,memory_limit,resource_exhausted,resource_exhausted,False,False,False
exact_b193f7aa2a1d25db,alps4141::alps_7a7298523ba2_to_Equation2,1,alps4141,alps4141::alps_7a7298523ba2_to_Equation2,memory_limit,resource_exhausted,memory_limit,False,False,False
exact_42be848f78a8206a,alps4141::alps_1a2a39d2f820_to_Equation2,1,alps4141,alps4141::alps_1a2a39d2f820_to_Equation2,memory_limit,resource_exhausted,resource_exhausted,False,False,False
exact_379c041b3b89557e,alps4141::alps_2ca79b13b3a7_to_Equation2,1,alps4141,alps4141::alps_2ca79b13b3a7_to_Equation2,memory_limit,resource_exhausted,resource_exhausted,False,False,False
exact_f1b7c31608f7e9ba,alps4141::alps_911e1255eeb0_to_Equation2,1,alps4141,alps4141::alps_911e1255eeb0_to_Equation2,resource_exhausted,resource_exhausted,resource_exhausted,False,False,False
exact_d055ba2fa0ca3540,alps4141::alps_55a411822cc8_to_Equation2,1,alps4141,alps4141::alps_55a411822cc8_to_Equation2,memory_limit,resource_exhausted,resource_exhausted,False,False,False
exact_f655d630798afc5f,alps4141::alps_db6dcb6f1db0_to_Equation2,1,alps4141,alps4141::alps_db6dcb6f1db0_to_Equation2,memory_limit,resource_exhausted,resource_exhausted,False,False,False
exact_3a411cd9a2edd471,alps4141::alps_11955ea74713_to_Equation2,1,alps4141,alps4141::alps_11955ea74713_to_Equation2,memory_limit,resource_exhausted,memory_limit,False,False,False
exact_8a0c8270742dbc40,alps4141::alps_0af97f22bd9d_to_Equation2,1,alps4141,alps4141::alps_0af97f22bd9d_to_Equation2,memory_limit,resource_exhausted,resource_exhausted,False,False,False
exact_36c0a9db13850a6a,alps4141::alps_a0dba01a6374_to_Equation2,1,alps4141,alps4141::alps_a0dba01a6374_to_Equation2,memory_limit,resource_exhausted,memory_limit,False,False,False
exact_23366443595b0477,alps4141::alps_1f3879970fe5_to_Equation2,1,alps4141,alps4141::alps_1f3879970fe5_to_Equation2,memory_limit,resource_exhausted,resource_exhausted,False,False,False
exact_57b6aa4de24b0c0e,alps4141::alps_cbf078f8d93e_to_Equation2,1,alps4141,alps4141::alps_cbf078f8d93e_to_Equation2,memory_limit,resource_exhausted,memory_limit,False,False,False
exact_3b90b75341d73d85,alps4141::alps_8ba8ad194f69_to_Equation2,1,alps4141,alps4141::alps_8ba8ad194f69_to_Equation2,memory_limit,resource_exhausted,resource_exhausted,False,False,False
exact_ad538eaff361f722,alps4141::alps_ff6f99566370_to_Equation2,1,alps4141,alps4141::alps_ff6f99566370_to_Equation2,memory_limit,resource_exhausted,resource_exhausted,False,False,False
exact_46bd4f2314c40f16,alps4141::alps_070310dfff62_to_Equation2,1,alps4141,alps4141::alps_070310dfff62_to_Equation2,memory_limit,resource_exhausted,memory_limit,False,False,False
exact_adafdb0751a447a8,alps4141::alps_2788a9e68cac_to_Equation2,1,alps4141,alps4141::alps_2788a9e68cac_to_Equation2,memory_limit,resource_exhausted,resource_exhausted,False,False,False
exact_831058a688811fec,alps4141::alps_646135962e98_to_Equation2,1,alps4141,alps4141::alps_646135962e98_to_Equation2,memory_limit,resource_exhausted,resource_exhausted,False,False,False
exact_8419a3ffd216a75b,alps4141::alps_82fb0a49b5bd_to_Equation2,1,alps4141,alps4141::alps_82fb0a49b5bd_to_Equation2,memory_limit,resource_exhausted,resource_exhausted,False,False,False
exact_abee419a306059f4,alps4141::alps_f8d4f7b53a24_to_Equation2,1,alps4141,alps4141::alps_f8d4f7b53a24_to_Equation2,memory_limit,resource_exhausted,resource_exhausted,False,False,False
exact_afbb4ff510967f26,alps4141::alps_4dd50ec2e252_to_Equation2,1,alps4141,alps4141::alps_4dd50ec2e252_to_Equation2,resource_exhausted,resource_exhausted,resource_exhausted,False,False,False
exact_ded0be06ee233560,alps4141::alps_b15c2f440b2b_to_Equation2,1,alps4141,alps4141::alps_b15c2f440b2b_to_Equation2,memory_limit,resource_exhausted,memory_limit,False,False,False
exact_04aae0984651b3fe,alps4141::alps_9a434a3c7a90_to_Equation2,1,alps4141,alps4141::alps_9a434a3c7a90_to_Equation2,resource_exhausted,resource_exhausted,resource_exhausted,False,False,False
exact_2165ca98609bf96f,alps4141::alps_b3599bcf6070_to_Equation2,1,alps4141,alps4141::alps_b3599bcf6070_to_Equation2,memory_limit,resource_exhausted,resource_exhausted,False,False,False
exact_fbf5ef5ec6c195a7,alps4141::alps_65ec1a034954_to_Equation2,1,alps4141,alps4141::alps_65ec1a034954_to_Equation2,memory_limit,resource_exhausted,resource_exhausted,False,False,False
exact_c3fad2609c47c85a,alps4141::alps_31cf07a8bfaf_to_Equation2,1,alps4141,alps4141::alps_31cf07a8bfaf_to_Equation2,memory_limit,resource_exhausted,resource_exhausted,False,False,False
exact_e38fb8df637905b1,alps4141::alps_f4110d173020_to_Equation2,1,alps4141,alps4141::alps_f4110d173020_to_Equation2,resource_exhausted,resource_exhausted,resource_exhausted,False,False,False
exact_00c55db9c9048dc0,alps4141::alps_524ea0bd5e86_to_Equation2,1,alps4141,alps4141::alps_524ea0bd5e86_to_Equation2,memory_limit,resource_exhausted,resource_exhausted,False,False,False
exact_539acb9ac410557a,alps4141::alps_6716d9003203_to_Equation2,1,alps4141,alps4141::alps_6716d9003203_to_Equation2,memory_limit,resource_exhausted,resource_exhausted,False,False,False
exact_4b52e62fe3efb389,alps4141::alps_1ecf889c39f6_to_Equation2,1,alps4141,alps4141::alps_1ecf889c39f6_to_Equation2,resource_exhausted,resource_exhausted,memory_limit,False,False,False
exact_23869b36b348b405,alps4141::alps_4487a0173c49_to_Equation2,1,alps4141,alps4141::alps_4487a0173c49_to_Equation2,memory_limit,resource_exhausted,resource_exhausted,False,False,False
exact_5960581aab1a881d,alps4141::alps_2aab46751b32_to_Equation2,1,alps4141,alps4141::alps_2aab46751b32_to_Equation2,memory_limit,resource_exhausted,memory_limit,False,False,False
exact_b114651762dc0e86,alps4141::alps_be2fb1d8a3af_to_Equation2,1,alps4141,alps4141::alps_be2fb1d8a3af_to_Equation2,memory_limit,resource_exhausted,memory_limit,False,False,False
exact_6773f4f1e88883aa,alps4141::alps_9572d9154866_to_Equation2,1,alps4141,alps4141::alps_9572d9154866_to_Equation2,memory_limit,resource_exhausted,resource_exhausted,False,False,False
exact_5787e36b9d37fc7a,alps4141::alps_607690883ec8_to_Equation2,1,alps4141,alps4141::alps_607690883ec8_to_Equation2,memory_limit,resource_exhausted,memory_limit,False,False,False
exact_7bf4d7c83ee7f54b,generality34::order5_known_austin10_E30591_to_E2,1,generality34,generality34::order5_known_austin10_E30591_to_E2,completed_no_decisive_result,completed_no_proof,counter_satisfiable,False,True,False
exact_e81eed3f3307eaa2,alps4141::alps_bdb3fcf9e934_to_Equation2,1,alps4141,alps4141::alps_bdb3fcf9e934_to_Equation2,memory_limit,resource_exhausted,resource_exhausted,False,False,False
exact_6293de4270fcc7fc,alps4141::alps_2e5b2c5f70b6_to_Equation2,1,alps4141,alps4141::alps_2e5b2c5f70b6_to_Equation2,memory_limit,resource_exhausted,resource_exhausted,False,False,False
exact_b8e3a5353f83fe37,alps4141::alps_60c2f66dc0a0_to_Equation2,1,alps4141,alps4141::alps_60c2f66dc0a0_to_Equation2,memory_limit,resource_exhausted,memory_limit,False,False,False
exact_e43a16f5c86195a2,alps4141::alps_172790263d64_to_Equation2,1,alps4141,alps4141::alps_172790263d64_to_Equation2,resource_exhausted,resource_exhausted,resource_exhausted,False,False,False
exact_42c27a6683ca235e,alps4141::alps_fc6a467d0ac4_to_Equation2,1,alps4141,alps4141::alps_fc6a467d0ac4_to_Equation2,memory_limit,resource_exhausted,resource_exhausted,False,False,False
exact_0abc1613a6109357,alps4141::alps_ff3ae7f827f8_to_Equation2,1,alps4141,alps4141::alps_ff3ae7f827f8_to_Equation2,memory_limit,resource_exhausted,memory_limit,False,False,False
exact_4b5604f30175673f,alps4141::alps_ff479f96d06e_to_Equation2,1,alps4141,alps4141::alps_ff479f96d06e_to_Equation2,memory_limit,resource_exhausted,memory_limit,False,False,False
exact_88b52fcf5cbdea14,alps4141::alps_dd91a9152d2a_to_Equation2,1,alps4141,alps4141::alps_dd91a9152d2a_to_Equation2,memory_limit,resource_exhausted,memory_limit,False,False,False
exact_65d6d494ec97d3d0,alps4141::alps_6203860fff29_to_Equation2,1,alps4141,alps4141::alps_6203860fff29_to_Equation2,memory_limit,resource_exhausted,memory_limit,False,False,False
exact_80a35c82467a1b0b,alps4141::alps_f6192baa6d48_to_Equation2,1,alps4141,alps4141::alps_f6192baa6d48_to_Equation2,memory_limit,resource_exhausted,resource_exhausted,False,False,False
exact_9e64259bc24f5435,alps4141::alps_32988f4f95bd_to_Equation2,1,alps4141,alps4141::alps_32988f4f95bd_to_Equation2,memory_limit,resource_exhausted,memory_limit,False,False,False
exact_57758632e66e7abf,alps4141::alps_9f349421bebc_to_Equation2,1,alps4141,alps4141::alps_9f349421bebc_to_Equation2,memory_limit,resource_exhausted,memory_limit,False,False,False
exact_e540f0df5a9202c9,alps4141::alps_ea5933e226be_to_Equation2,1,alps4141,alps4141::alps_ea5933e226be_to_Equation2,memory_limit,resource_exhausted,memory_limit,False,False,False
exact_f65ed4a0ab935a5a,alps4141::alps_e0f35b9b752b_to_Equation2,1,alps4141,alps4141::alps_e0f35b9b752b_to_Equation2,memory_limit,resource_exhausted,memory_limit,False,False,False
exact_44f96fcd9f9a4f8f,alps4141::alps_cfc031bd08f3_to_Equation2,1,alps4141,alps4141::alps_cfc031bd08f3_to_Equation2,memory_limit,resource_exhausted,resource_exhausted,False,False,False
exact_63b7189ae5adf383,alps4141::alps_429a6bd520d7_to_Equation2,1,alps4141,alps4141::alps_429a6bd520d7_to_Equation2,memory_limit,resource_exhausted,resource_exhausted,False,False,False
exact_87250865093bd413,alps4141::alps_2b688330415f_to_Equation2,1,alps4141,alps4141::alps_2b688330415f_to_Equation2,memory_limit,resource_exhausted,resource_exhausted,False,False,False
exact_f2cb853220a1b8b5,alps4141::alps_cca76060032d_to_Equation2,1,alps4141,alps4141::alps_cca76060032d_to_Equation2,memory_limit,resource_exhausted,resource_exhausted,False,False,False
exact_e086da44e921e252,alps4141::alps_c52d34ab1a83_to_Equation2,1,alps4141,alps4141::alps_c52d34ab1a83_to_Equation2,memory_limit,resource_exhausted,resource_exhausted,False,False,False
exact_f5bf067246748a95,alps4141::alps_cfc14c3e065c_to_Equation2,1,alps4141,alps4141::alps_cfc14c3e065c_to_Equation2,memory_limit,resource_exhausted,memory_limit,False,False,False
exact_35761ab0cbe3b5d4,alps4141::alps_8b7888ad0659_to_Equation2,1,alps4141,alps4141::alps_8b7888ad0659_to_Equation2,resource_exhausted,resource_exhausted,resource_exhausted,False,False,False
exact_a6b8098e7f14e805,alps4141::alps_fa4c9d1467ed_to_Equation2,1,alps4141,alps4141::alps_fa4c9d1467ed_to_Equation2,memory_limit,resource_exhausted,resource_exhausted,False,False,False
exact_bd9cfd049e6a2686,alps4141::alps_9f6089b12768_to_Equation2,1,alps4141,alps4141::alps_9f6089b12768_to_Equation2,memory_limit,resource_exhausted,resource_exhausted,False,False,False
exact_43e06ed45e89c4ca,alps4141::alps_37942e2bc170_to_Equation2,1,alps4141,alps4141::alps_37942e2bc170_to_Equation2,memory_limit,resource_exhausted,resource_exhausted,False,False,False
exact_80f81081ba72f328,alps4141::alps_eeb4f5589a4e_to_Equation2,1,alps4141,alps4141::alps_eeb4f5589a4e_to_Equation2,memory_limit,resource_exhausted,memory_limit,False,False,False
exact_960c80f7df5ed343,alps4141::alps_fe6173dd97c3_to_Equation2,1,alps4141,alps4141::alps_fe6173dd97c3_to_Equation2,memory_limit,resource_exhausted,memory_limit,False,False,False
exact_1a44b371bd72abd1,alps4141::alps_2253952608ff_to_Equation2,1,alps4141,alps4141::alps_2253952608ff_to_Equation2,memory_limit,resource_exhausted,memory_limit,False,False,False
exact_9aee572201356ce5,alps4141::alps_8545f0220bae_to_Equation2,1,alps4141,alps4141::alps_8545f0220bae_to_Equation2,memory_limit,resource_exhausted,resource_exhausted,False,False,False
exact_f2e90240f16bed44,alps4141::alps_b51659f7e286_to_Equation2,1,alps4141,alps4141::alps_b51659f7e286_to_Equation2,memory_limit,resource_exhausted,memory_limit,False,False,False
exact_6b94e529b8bbc08b,alps4141::alps_c2874fb4751d_to_Equation2,1,alps4141,alps4141::alps_c2874fb4751d_to_Equation2,memory_limit,resource_exhausted,resource_exhausted,False,False,False
exact_87c134d1f9090c36,alps4141::alps_bc832278b8c4_to_Equation2,1,alps4141,alps4141::alps_bc832278b8c4_to_Equation2,resource_exhausted,resource_exhausted,resource_exhausted,False,False,False
exact_58b9a8c4078b7db3,alps4141::alps_9112c4c688f4_to_Equation2,1,alps4141,alps4141::alps_9112c4c688f4_to_Equation2,memory_limit,resource_exhausted,memory_limit,False,False,False
exact_9d4a46b74135de11,alps4141::alps_07bc61c9e8c4_to_Equation2,1,alps4141,alps4141::alps_07bc61c9e8c4_to_Equation2,memory_limit,resource_exhausted,resource_exhausted,False,False,False
exact_e1e321bb59e74842,alps4141::alps_6dd58e1f091d_to_Equation2,1,alps4141,alps4141::alps_6dd58e1f091d_to_Equation2,memory_limit,resource_exhausted,memory_limit,False,False,False
exact_98b7b32685724d23,alps4141::alps_3d7570cb5fe6_to_Equation2,1,alps4141,alps4141::alps_3d7570cb5fe6_to_Equation2,memory_limit,resource_exhausted,resource_exhausted,False,False,False
exact_e780825c8645a83c,alps4141::alps_de1ceb0c2cde_to_Equation2,1,alps4141,alps4141::alps_de1ceb0c2cde_to_Equation2,memory_limit,resource_exhausted,resource_exhausted,False,False,False
exact_bf316062f19aaf9c,alps4141::alps_1a9b812507fd_to_Equation2,1,alps4141,alps4141::alps_1a9b812507fd_to_Equation2,memory_limit,resource_exhausted,resource_exhausted,False,False,False
exact_95064135bddafae0,alps4141::alps_eecfd36e25be_to_Equation2,1,alps4141,alps4141::alps_eecfd36e25be_to_Equation2,completed_no_decisive_result,resource_exhausted,memory_limit,False,False,False
exact_90cccf15209ca6e1,alps4141::alps_e41c7cc308e0_to_Equation2,1,alps4141,alps4141::alps_e41c7cc308e0_to_Equation2,memory_limit,resource_exhausted,resource_exhausted,False,False,False
exact_0a4b48e9274c2f2f,alps4141::alps_c9babebc522f_to_Equation2,1,alps4141,alps4141::alps_c9babebc522f_to_Equation2,memory_limit,resource_exhausted,resource_exhausted,False,False,False
exact_057412b9c09b4a63,alps4141::alps_406ab6931b44_to_Equation2,1,alps4141,alps4141::alps_406ab6931b44_to_Equation2,memory_limit,resource_exhausted,resource_exhausted,False,False,False
exact_7e5aadce0bc7fe5d,alps4141::alps_ccdb75c7c93c_to_Equation2,1,alps4141,alps4141::alps_ccdb75c7c93c_to_Equation2,memory_limit,resource_exhausted,memory_limit,False,False,False
exact_1f07857dde35660e,alps4141::alps_ba0e6ed33a68_to_Equation2,1,alps4141,alps4141::alps_ba0e6ed33a68_to_Equation2,memory_limit,resource_exhausted,resource_exhausted,False,False,False
exact_36af4002cbc2ad50,alps4141::alps_bd61fac7f449_to_Equation2,1,alps4141,alps4141::alps_bd61fac7f449_to_Equation2,memory_limit,resource_exhausted,memory_limit,False,False,False
exact_1566f5d46a8b4d43,alps4141::alps_24b347965219_to_Equation2,1,alps4141,alps4141::alps_24b347965219_to_Equation2,memory_limit,resource_exhausted,resource_exhausted,False,False,False
exact_33af011202c2517c,alps4141::alps_0d27e4638d68_to_Equation2,1,alps4141,alps4141::alps_0d27e4638d68_to_Equation2,memory_limit,resource_exhausted,resource_exhausted,False,False,False
exact_a8ed4188fd9f4c99,alps4141::alps_f66f5ec77601_to_Equation2,1,alps4141,alps4141::alps_f66f5ec77601_to_Equation2,memory_limit,resource_exhausted,resource_exhausted,False,False,False
exact_02963672a87967fd,alps4141::alps_01265c835ab7_to_Equation2,1,alps4141,alps4141::alps_01265c835ab7_to_Equation2,memory_limit,resource_exhausted,memory_limit,False,False,False
exact_dca83d6748b024bb,alps4141::alps_218830f557b8_to_Equation2,1,alps4141,alps4141::alps_218830f557b8_to_Equation2,memory_limit,resource_exhausted,resource_exhausted,False,False,False
exact_992552fc929cb9f6,alps4141::alps_3ea30c0220c8_to_Equation2,1,alps4141,alps4141::alps_3ea30c0220c8_to_Equation2,memory_limit,resource_exhausted,resource_exhausted,False,False,False
exact_d10bfca1c18a52f0,alps4141::alps_8ad11c78dcf2_to_Equation2,1,alps4141,alps4141::alps_8ad11c78dcf2_to_Equation2,memory_limit,resource_exhausted,resource_exhausted,False,False,False
exact_c0ee9bb0f73ece09,alps4141::alps_53e58cee90ac_to_Equation2,1,alps4141,alps4141::alps_53e58cee90ac_to_Equation2,memory_limit,resource_exhausted,resource_exhausted,False,False,False
exact_71d0ca857758bde1,alps4141::alps_5d98fee5f1cd_to_Equation2,1,alps4141,alps4141::alps_5d98fee5f1cd_to_Equation2,memory_limit,resource_exhausted,resource_exhausted,False,False,False
exact_2999b09e65932bf9,alps4141::alps_327feee5fbee_to_Equation2,1,alps4141,alps4141::alps_327feee5fbee_to_Equation2,resource_exhausted,resource_exhausted,resource_exhausted,False,False,False
exact_57ebc0dbb579b1c0,alps4141::alps_ea108d58c545_to_Equation2,1,alps4141,alps4141::alps_ea108d58c545_to_Equation2,memory_limit,resource_exhausted,resource_exhausted,False,False,False
exact_93c215e144cf708f,alps4141::alps_7f9895742e75_to_Equation2,1,alps4141,alps4141::alps_7f9895742e75_to_Equation2,memory_limit,resource_exhausted,memory_limit,False,False,False
exact_88be4f732c7ad0b4,alps4141::alps_755ff87c08bf_to_Equation2,1,alps4141,alps4141::alps_755ff87c08bf_to_Equation2,memory_limit,resource_exhausted,resource_exhausted,False,False,False
exact_9715ef3fe1bd8935,alps4141::alps_61928414feac_to_Equation2,1,alps4141,alps4141::alps_61928414feac_to_Equation2,memory_limit,resource_exhausted,memory_limit,False,False,False
exact_73acf5b2772374ca,alps4141::alps_09a8d3561e39_to_Equation2,1,alps4141,alps4141::alps_09a8d3561e39_to_Equation2,memory_limit,resource_exhausted,resource_exhausted,False,False,False
exact_e329f2f5e19347cd,alps4141::alps_afa4b495c4c4_to_Equation2,1,alps4141,alps4141::alps_afa4b495c4c4_to_Equation2,memory_limit,resource_exhausted,resource_exhausted,False,False,False
exact_f7e9421af6a749fc,alps4141::alps_7a76afe1592d_to_Equation2,1,alps4141,alps4141::alps_7a76afe1592d_to_Equation2,resource_exhausted,resource_exhausted,resource_exhausted,False,False,False
exact_8b2dddb91d880eff,alps4141::alps_91adf02079ad_to_Equation2,1,alps4141,alps4141::alps_91adf02079ad_to_Equation2,memory_limit,resource_exhausted,resource_exhausted,False,False,False
exact_5283da55cb041fbf,alps4141::alps_1a8d7bc850ba_to_Equation2,1,alps4141,alps4141::alps_1a8d7bc850ba_to_Equation2,resource_exhausted,resource_exhausted,resource_exhausted,False,False,False
exact_32886d46fb6186fa,alps4141::alps_30d8aa203376_to_Equation2,1,alps4141,alps4141::alps_30d8aa203376_to_Equation2,memory_limit,resource_exhausted,resource_exhausted,False,False,False
exact_2bbf656b20625d02,alps4141::alps_69f08b499574_to_Equation2,1,alps4141,alps4141::alps_69f08b499574_to_Equation2,memory_limit,resource_exhausted,memory_limit,False,False,False
exact_9e584a05bd8f3183,alps4141::alps_aef1775d05af_to_Equation2,1,alps4141,alps4141::alps_aef1775d05af_to_Equation2,memory_limit,resource_exhausted,resource_exhausted,False,False,False
exact_f0734951bb9514b4,alps4141::alps_eecc6700552c_to_Equation2,1,alps4141,alps4141::alps_eecc6700552c_to_Equation2,memory_limit,resource_exhausted,resource_exhausted,False,False,False
exact_8b948cf12a69be7e,alps4141::alps_5af33b230ebd_to_Equation2,1,alps4141,alps4141::alps_5af33b230ebd_to_Equation2,memory_limit,resource_exhausted,resource_exhausted,False,False,False
exact_d8338ebdc10ef488,alps4141::alps_e0fb74761f6a_to_Equation2,1,alps4141,alps4141::alps_e0fb74761f6a_to_Equation2,memory_limit,resource_exhausted,memory_limit,False,False,False
exact_4fab3a69c1a7c3a5,alps4141::alps_2c29f520920e_to_Equation2,1,alps4141,alps4141::alps_2c29f520920e_to_Equation2,memory_limit,resource_exhausted,memory_limit,False,False,False
exact_12e3a8170b66c2b2,alps4141::alps_486c5a515447_to_Equation2,1,alps4141,alps4141::alps_486c5a515447_to_Equation2,memory_limit,resource_exhausted,resource_exhausted,False,False,False
exact_cc13977b971a0e0b,alps4141::alps_fb8633017c86_to_Equation2,1,alps4141,alps4141::alps_fb8633017c86_to_Equation2,memory_limit,resource_exhausted,resource_exhausted,False,False,False
exact_68e4f5287259f84c,alps4141::alps_bc2b82296ae8_to_Equation2,1,alps4141,alps4141::alps_bc2b82296ae8_to_Equation2,resource_exhausted,resource_exhausted,resource_exhausted,False,False,False
exact_ee404671416db41b,alps4141::alps_68da870e04f8_to_Equation2,1,alps4141,alps4141::alps_68da870e04f8_to_Equation2,resource_exhausted,resource_exhausted,resource_exhausted,False,False,False
exact_50b50349b01736d8,alps4141::alps_03b93166722b_to_Equation2,1,alps4141,alps4141::alps_03b93166722b_to_Equation2,memory_limit,resource_exhausted,resource_exhausted,False,False,False
exact_9fc76d732a446d73,alps4141::alps_ba54dbb3de76_to_Equation2,1,alps4141,alps4141::alps_ba54dbb3de76_to_Equation2,memory_limit,resource_exhausted,memory_limit,False,False,False
exact_e840f0b3bbeec700,alps4141::alps_af9721ec926e_to_Equation2,1,alps4141,alps4141::alps_af9721ec926e_to_Equation2,resource_exhausted,resource_exhausted,resource_exhausted,False,False,False
exact_bda016b6a606b266,alps4141::alps_1bddc1b84cde_to_Equation2,1,alps4141,alps4141::alps_1bddc1b84cde_to_Equation2,memory_limit,resource_exhausted,memory_limit,False,False,False
exact_cacc68860cdca5e8,alps4141::alps_47c13fdcd0f6_to_Equation2,1,alps4141,alps4141::alps_47c13fdcd0f6_to_Equation2,memory_limit,resource_exhausted,memory_limit,False,False,False
exact_5cc194ed5c4c90af,alps4141::alps_9c7144ba5448_to_Equation2,1,alps4141,alps4141::alps_9c7144ba5448_to_Equation2,memory_limit,resource_exhausted,memory_limit,False,False,False
exact_e7baeda2f22e0c10,alps4141::alps_2e8bdf30422d_to_Equation2,1,alps4141,alps4141::alps_2e8bdf30422d_to_Equation2,memory_limit,resource_exhausted,resource_exhausted,False,False,False
exact_299d96b57555b0da,alps4141::alps_05b381a3f8e9_to_Equation2,1,alps4141,alps4141::alps_05b381a3f8e9_to_Equation2,memory_limit,resource_exhausted,resource_exhausted,False,False,False
exact_d2aee00f266f498c,alps4141::alps_9ca3829c1b81_to_Equation2,1,alps4141,alps4141::alps_9ca3829c1b81_to_Equation2,resource_exhausted,resource_exhausted,resource_exhausted,False,False,False
exact_9cc6e110485d786c,alps4141::alps_74a51206df9e_to_Equation2,1,alps4141,alps4141::alps_74a51206df9e_to_Equation2,resource_exhausted,resource_exhausted,resource_exhausted,False,False,False
exact_abf3b29db8c0428e,alps4141::alps_9497ac6c94c5_to_Equation2,1,alps4141,alps4141::alps_9497ac6c94c5_to_Equation2,memory_limit,resource_exhausted,resource_exhausted,False,False,False
exact_09e4cbea77d88833,alps4141::alps_affc1762e015_to_Equation2,1,alps4141,alps4141::alps_affc1762e015_to_Equation2,memory_limit,resource_exhausted,memory_limit,False,False,False
exact_69f13ba7efc1fe45,alps4141::alps_d5f606d0db29_to_Equation2,1,alps4141,alps4141::alps_d5f606d0db29_to_Equation2,memory_limit,resource_exhausted,resource_exhausted,False,False,False
exact_98e89208067d5e6f,alps4141::alps_87e6f8aa4ef8_to_Equation2,1,alps4141,alps4141::alps_87e6f8aa4ef8_to_Equation2,memory_limit,resource_exhausted,resource_exhausted,False,False,False
exact_28e544cc545ff340,alps4141::alps_7f04fbf7e83b_to_Equation2,1,alps4141,alps4141::alps_7f04fbf7e83b_to_Equation2,resource_exhausted,resource_exhausted,resource_exhausted,False,False,False
exact_d91fbd50891aa095,alps4141::alps_925ede2b54fb_to_Equation2,1,alps4141,alps4141::alps_925ede2b54fb_to_Equation2,memory_limit,resource_exhausted,resource_exhausted,False,False,False
exact_70b5c9e6733e59f6,alps4141::alps_d2498a7d97c5_to_Equation2,1,alps4141,alps4141::alps_d2498a7d97c5_to_Equation2,memory_limit,resource_exhausted,resource_exhausted,False,False,False
exact_0d29aea75ba42a8b,alps4141::alps_bde9a3bf0f43_to_Equation2,1,alps4141,alps4141::alps_bde9a3bf0f43_to_Equation2,memory_limit,resource_exhausted,resource_exhausted,False,False,False
exact_2fc26d1a26cc984b,alps4141::alps_a49704dcc51e_to_Equation2,1,alps4141,alps4141::alps_a49704dcc51e_to_Equation2,memory_limit,resource_exhausted,resource_exhausted,False,False,False
exact_910f2493dca8fe34,alps4141::alps_81192a974714_to_Equation2,1,alps4141,alps4141::alps_81192a974714_to_Equation2,memory_limit,resource_exhausted,resource_exhausted,False,False,False
exact_95aae5b6edd05d69,alps4141::alps_f244070d81ae_to_Equation2,1,alps4141,alps4141::alps_f244070d81ae_to_Equation2,memory_limit,resource_exhausted,resource_exhausted,False,False,False
exact_ff454ec856443c20,alps4141::alps_2b760b158bdb_to_Equation2,1,alps4141,alps4141::alps_2b760b158bdb_to_Equation2,memory_limit,resource_exhausted,resource_exhausted,False,False,False
exact_c77d54596cbdaaeb,alps4141::alps_eace31e6454e_to_Equation2,1,alps4141,alps4141::alps_eace31e6454e_to_Equation2,resource_exhausted,resource_exhausted,resource_exhausted,False,False,False
exact_16cdad99a4024d41,alps4141::alps_7a5f7a162ed0_to_Equation2,1,alps4141,alps4141::alps_7a5f7a162ed0_to_Equation2,memory_limit,resource_exhausted,memory_limit,False,False,False
exact_c28be7e21b6f6e4c,alps4141::alps_e750f1cf5eca_to_Equation2,1,alps4141,alps4141::alps_e750f1cf5eca_to_Equation2,resource_exhausted,resource_exhausted,resource_exhausted,False,False,False
exact_4aadde4ee1f69226,alps4141::alps_07ef19a0d83e_to_Equation2,1,alps4141,alps4141::alps_07ef19a0d83e_to_Equation2,memory_limit,resource_exhausted,resource_exhausted,False,False,False
exact_0c3610baeec96f0f,alps4141::alps_0c1a94872d5c_to_Equation2,1,alps4141,alps4141::alps_0c1a94872d5c_to_Equation2,memory_limit,resource_exhausted,resource_exhausted,False,False,False
exact_e1e6f87bcd869e60,alps4141::alps_7a2d89017705_to_Equation2,1,alps4141,alps4141::alps_7a2d89017705_to_Equation2,memory_limit,resource_exhausted,resource_exhausted,False,False,False
exact_890190b52c6aae3e,alps4141::alps_d750f6915c5e_to_Equation2,1,alps4141,alps4141::alps_d750f6915c5e_to_Equation2,memory_limit,resource_exhausted,memory_limit,False,False,False
exact_a5f507a4511d184b,alps4141::alps_148c5a1cbb5e_to_Equation2,1,alps4141,alps4141::alps_148c5a1cbb5e_to_Equation2,memory_limit,resource_exhausted,memory_limit,False,False,False
exact_4e3ad6d083f6a400,alps4141::alps_ab180906b657_to_Equation2,1,alps4141,alps4141::alps_ab180906b657_to_Equation2,memory_limit,resource_exhausted,resource_exhausted,False,False,False
exact_1f0178368237a291,alps4141::alps_6598ded36ddd_to_Equation2,1,alps4141,alps4141::alps_6598ded36ddd_to_Equation2,memory_limit,resource_exhausted,memory_limit,False,False,False
exact_99c2ef9ba1e85e29,alps4141::alps_195ae715c38c_to_Equation2,1,alps4141,alps4141::alps_195ae715c38c_to_Equation2,memory_limit,resource_exhausted,memory_limit,False,False,False
exact_42e2d26f9f671b4e,generality34::order5_unknown_finite_status24_E22591_to_E2,1,generality34,generality34::order5_unknown_finite_status24_E22591_to_E2,resource_exhausted,resource_exhausted,resource_exhausted,False,False,False
exact_1167054d21430a60,austin96::order5_austin_unknown_E22619_to_E2,2,alps4141+austin96,austin96::order5_austin_unknown_E22619_to_E2 | alps4141::alps_5f6e2e021a7a_to_Equation2,resource_exhausted,resource_exhausted,counter_satisfiable,False,True,False
exact_af532683aceec22f,generality34::order5_unknown_finite_status24_E21714_to_E2,1,generality34,generality34::order5_unknown_finite_status24_E21714_to_E2,resource_exhausted,resource_exhausted,resource_exhausted,False,False,False
exact_9a93daeaef297f54,austin96::order5_austin_unknown_E22634_to_E2,2,alps4141+austin96,austin96::order5_austin_unknown_E22634_to_E2 | alps4141::alps_7389dfd73915_to_Equation2,resource_exhausted,resource_exhausted,counter_satisfiable,False,True,False
exact_7d7e8d7ba00de287,generality34::order5_unknown_finite_status24_E21866_to_E2,1,generality34,generality34::order5_unknown_finite_status24_E21866_to_E2,resource_exhausted,resource_exhausted,resource_exhausted,False,False,False
exact_8f900faf5c72a3c9,generality34::order5_unknown_finite_status24_E21864_to_E2,1,generality34,generality34::order5_unknown_finite_status24_E21864_to_E2,resource_exhausted,resource_exhausted,resource_exhausted,False,False,False
exact_3a9e221da2854375,generality34::order5_unknown_finite_status24_E21865_to_E2,1,generality34,generality34::order5_unknown_finite_status24_E21865_to_E2,resource_exhausted,resource_exhausted,resource_exhausted,False,False,False
exact_0bf4908fb05fe9c4,generality34::order5_known_austin10_E22818_to_E2,1,generality34,generality34::order5_known_austin10_E22818_to_E2,completed_no_decisive_result,completed_no_proof,counter_satisfiable,False,True,False
exact_34d9ef2de872014f,austin96::order5_austin_unknown_E18137_to_E2,1,austin96,austin96::order5_austin_unknown_E18137_to_E2,memory_limit,resource_exhausted,resource_exhausted,False,False,False
exact_17c05283560cacc8,generality34::order5_unknown_finite_status24_E17260_to_E2,1,generality34,generality34::order5_unknown_finite_status24_E17260_to_E2,completed_no_decisive_result,completed_no_proof,counter_satisfiable,False,True,False
exact_dfe793e9d679345b,generality34::order5_unknown_finite_status24_E17286_to_E2,1,generality34,generality34::order5_unknown_finite_status24_E17286_to_E2,resource_exhausted,resource_exhausted,resource_exhausted,False,False,False
exact_845fc8238bfd2935,generality34::order5_unknown_finite_status24_E20911_to_E2,1,generality34,generality34::order5_unknown_finite_status24_E20911_to_E2,memory_limit,resource_exhausted,resource_exhausted,False,False,False
exact_afe13c71ed5eed1d,austin96::order5_austin_unknown_E19966_to_E2,2,alps4141+austin96,austin96::order5_austin_unknown_E19966_to_E2 | alps4141::alps_08a40e6305c5_to_Equation2,resource_exhausted,resource_exhausted,counter_satisfiable,False,True,False
exact_32114d965e0b2d98,generality34::order5_known_austin10_E20034_to_E2,1,generality34,generality34::order5_known_austin10_E20034_to_E2,completed_no_decisive_result,completed_no_proof,counter_satisfiable,False,True,False
exact_164d9f6fc3afd25f,austin96::order5_austin_unknown_E18212_to_E2,2,alps4141+austin96,austin96::order5_austin_unknown_E18212_to_E2 | alps4141::alps_f8cd4f7cdc1b_to_Equation2,resource_exhausted,resource_exhausted,resource_exhausted,False,False,False
exact_8ba108279814f549,generality34::order5_known_austin10_E17522_to_E2,1,generality34,generality34::order5_known_austin10_E17522_to_E2,completed_no_decisive_result,completed_no_proof,counter_satisfiable,False,True,False
exact_9b0c5e102451a21e,generality34::order5_known_austin10_E15535_to_E2,1,generality34,generality34::order5_known_austin10_E15535_to_E2,completed_no_decisive_result,completed_no_proof,counter_satisfiable,False,True,False
exact_b8a1e605dab75f47,austin96::order5_austin_unknown_E12073_to_E2,2,alps4141+austin96,austin96::order5_austin_unknown_E12073_to_E2 | alps4141::alps_165c0e44eaea_to_Equation2,memory_limit,resource_exhausted,resource_exhausted,False,False,False
exact_0555104e42fb80fd,austin96::order5_austin_unknown_E12087_to_E2,2,alps4141+austin96,austin96::order5_austin_unknown_E12087_to_E2 | alps4141::alps_be2c81df5a7e_to_Equation2,resource_exhausted,resource_exhausted,resource_exhausted,False,False,False
exact_b4a2e995dc68100b,austin96::order5_austin_unknown_E12234_to_E2,2,alps4141+austin96,austin96::order5_austin_unknown_E12234_to_E2 | alps4141::alps_3d0bb1b8b323_to_Equation2,resource_exhausted,resource_exhausted,resource_exhausted,False,False,False
exact_ac7cbddd149fc31b,generality34::order5_unknown_finite_status24_E12294_to_E2,1,generality34,generality34::order5_unknown_finite_status24_E12294_to_E2,resource_exhausted,resource_exhausted,resource_exhausted,False,False,False
exact_2d926710e043a695,austin96::order5_austin_unknown_E13764_to_E2,2,alps4141+austin96,austin96::order5_austin_unknown_E13764_to_E2 | alps4141::alps_1caa6006f587_to_Equation2,memory_limit,resource_exhausted,resource_exhausted,False,False,False
exact_fd9f5301e3326c44,austin96::order5_austin_unknown_E12857_to_E2,1,austin96,austin96::order5_austin_unknown_E12857_to_E2,completed_no_decisive_result,completed_no_proof,counter_satisfiable,False,True,False
exact_e70aa312afc524c1,austin96::order5_austin_unknown_E11081_to_E2,2,alps4141+austin96,austin96::order5_austin_unknown_E11081_to_E2 | alps4141::alps_3def433c8689_to_Equation2,memory_limit,resource_exhausted,resource_exhausted,False,False,False
exact_deed756111838433,austin96::order5_austin_unknown_E11082_to_E2,2,alps4141+austin96,austin96::order5_austin_unknown_E11082_to_E2 | alps4141::alps_e94d0c64acd8_to_Equation2,memory_limit,resource_exhausted,resource_exhausted,False,False,False
exact_e8106bade25133cb,austin96::order5_austin_unknown_E12883_to_E2,1,austin96,austin96::order5_austin_unknown_E12883_to_E2,resource_exhausted,resource_exhausted,resource_exhausted,False,False,False
exact_44af87638ac271c7,austin96::order5_austin_unknown_E11116_to_E2,2,alps4141+austin96,austin96::order5_austin_unknown_E11116_to_E2 | alps4141::alps_5783943b4587_to_Equation2,memory_limit,resource_exhausted,memory_limit,False,False,False
exact_14e2cdf420f6edaa,austin96::order5_austin_unknown_E10218_to_E2,2,alps4141+austin96,austin96::order5_austin_unknown_E10218_to_E2 | alps4141::alps_498f062484ed_to_Equation2,resource_exhausted,resource_exhausted,resource_exhausted,False,False,False
exact_dca4d6c739911780,austin96::order5_austin_unknown_E10222_to_E2,2,alps4141+austin96,austin96::order5_austin_unknown_E10222_to_E2 | alps4141::alps_c787d22b557c_to_Equation2,memory_limit,resource_exhausted,resource_exhausted,False,False,False
exact_848804b7d4f2e416,austin96::order5_austin_unknown_E9337_to_E2,2,alps4141+austin96,austin96::order5_austin_unknown_E9337_to_E2 | alps4141::alps_99e657326878_to_Equation2,memory_limit,resource_exhausted,resource_exhausted,False,False,False
exact_1e98c975f85329d9,austin96::order5_austin_unknown_E9345_to_E2,2,alps4141+austin96,austin96::order5_austin_unknown_E9345_to_E2 | alps4141::alps_1c24f8da9d0b_to_Equation2,memory_limit,resource_exhausted,memory_limit,False,False,False
exact_7d348a74177b2450,austin96::order5_austin_unknown_E9384_to_E2,2,alps4141+austin96,austin96::order5_austin_unknown_E9384_to_E2 | alps4141::alps_07ca26ac9fe3_to_Equation2,memory_limit,resource_exhausted,memory_limit,False,False,False
exact_a02af44b2a4b5453,austin96::order5_austin_unknown_E13849_to_E2,2,alps4141+austin96,austin96::order5_austin_unknown_E13849_to_E2 | alps4141::alps_176e54a4ad19_to_Equation2,memory_limit,resource_exhausted,resource_exhausted,False,False,False
exact_2e42178bce9dcebb,austin96::order5_austin_unknown_E11205_to_E2,2,alps4141+austin96,austin96::order5_austin_unknown_E11205_to_E2 | alps4141::alps_bc80deb2f19b_to_Equation2,memory_limit,resource_exhausted,resource_exhausted,False,False,False
exact_298c94c9c874c973,austin96::order5_austin_unknown_E11280_to_E2,2,alps4141+austin96,austin96::order5_austin_unknown_E11280_to_E2 | alps4141::alps_667536b29282_to_Equation2,memory_limit,resource_exhausted,resource_exhausted,False,False,False
exact_39e7be98a7b1dce1,austin96::order5_austin_unknown_E13992_to_E2,2,alps4141+austin96,austin96::order5_austin_unknown_E13992_to_E2 | alps4141::alps_7a250fce754c_to_Equation2,memory_limit,resource_exhausted,resource_exhausted,False,False,False
exact_032e1f26b106321f,generality34::order5_unknown_finite_status24_E13102_to_E2,1,generality34,generality34::order5_unknown_finite_status24_E13102_to_E2,resource_exhausted,resource_exhausted,resource_exhausted,False,False,False
exact_a411338991100309,austin96::order5_austin_unknown_E9603_to_E2,2,alps4141+austin96,austin96::order5_austin_unknown_E9603_to_E2 | alps4141::alps_9524390945d9_to_Equation2,resource_exhausted,resource_exhausted,resource_exhausted,False,False,False
exact_71d7e861aaf61a35,austin96::order5_austin_unknown_E9663_to_E2,2,alps4141+austin96,austin96::order5_austin_unknown_E9663_to_E2 | alps4141::alps_f298bf719eb0_to_Equation2,resource_exhausted,resource_exhausted,resource_exhausted,False,False,False
exact_1a5d4c016b0a7c15,austin96::order5_austin_unknown_E9667_to_E2,2,alps4141+austin96,austin96::order5_austin_unknown_E9667_to_E2 | alps4141::alps_e0308d2069a7_to_Equation2,memory_limit,resource_exhausted,memory_limit,False,False,False
exact_a0e3932c71465285,austin96::order5_austin_unknown_E9680_to_E2,2,alps4141+austin96,austin96::order5_austin_unknown_E9680_to_E2 | alps4141::alps_67ff1cfa553b_to_Equation2,memory_limit,resource_exhausted,resource_exhausted,False,False,False
exact_627dfad39a4ad4a8,austin96::order5_austin_unknown_E8485_to_E2,2,alps4141+austin96,austin96::order5_austin_unknown_E8485_to_E2 | alps4141::alps_c4d983096970_to_Equation2,resource_exhausted,resource_exhausted,resource_exhausted,False,False,False
exact_7ed4c8158f29bc83,austin96::order5_austin_unknown_E7587_to_E2,2,alps4141+austin96,austin96::order5_austin_unknown_E7587_to_E2 | alps4141::alps_bbb2c58cf351_to_Equation2,resource_exhausted,resource_exhausted,resource_exhausted,False,False,False
exact_85a9bc684d9899f4,generality34::order5_known_austin10_E4916_to_E2,1,generality34,generality34::order5_known_austin10_E4916_to_E2,completed_no_decisive_result,completed_no_proof,counter_satisfiable,False,True,False
exact_596b62d2755cb759,austin96::order5_austin_unknown_E5833_to_E2,2,alps4141+austin96,austin96::order5_austin_unknown_E5833_to_E2 | alps4141::alps_9ebc4d65a90f_to_Equation2,memory_limit+resource_exhausted,resource_exhausted,resource_exhausted,False,False,False
exact_72123f3e87435cf7,austin96::order5_austin_unknown_E5834_to_E2,2,alps4141+austin96,austin96::order5_austin_unknown_E5834_to_E2 | alps4141::alps_42821b31d54f_to_Equation2,resource_exhausted,resource_exhausted,theorem,True,False,False
exact_4236f0c965e8a133,austin96::order5_austin_unknown_E5837_to_E2,2,alps4141+austin96,austin96::order5_austin_unknown_E5837_to_E2 | alps4141::alps_759c864e1066_to_Equation2,memory_limit,resource_exhausted,resource_exhausted,False,False,False
exact_5f2243a910de5a8b,austin96::order5_austin_unknown_E4952_to_E2,2,alps4141+austin96,austin96::order5_austin_unknown_E4952_to_E2 | alps4141::alps_41f9c3868374_to_Equation2,memory_limit,resource_exhausted,memory_limit,False,False,False
exact_c8fef0365628cf41,austin96::order5_austin_unknown_E4957_to_E2,1,austin96,austin96::order5_austin_unknown_E4957_to_E2,resource_exhausted,resource_exhausted,resource_exhausted,False,False,False
exact_db67d295332f98e3,austin96::order5_austin_unknown_E5012_to_E2,1,austin96,austin96::order5_austin_unknown_E5012_to_E2,memory_limit,resource_exhausted,memory_limit,False,False,False
exact_fdd5f0541b4e1a60,austin96::order5_austin_unknown_E7701_to_E2,2,alps4141+austin96,austin96::order5_austin_unknown_E7701_to_E2 | alps4141::alps_2ac3e80fbf49_to_Equation2,memory_limit,resource_exhausted,resource_exhausted,False,False,False
exact_f37dd6e1af184fbc,austin96::order5_austin_unknown_E6820_to_E2,1,austin96,austin96::order5_austin_unknown_E6820_to_E2,memory_limit,resource_exhausted,resource_exhausted,False,False,False
exact_c7b344f5b5c1c1ca,austin96::order5_austin_unknown_E7755_to_E2,2,alps4141+austin96,austin96::order5_austin_unknown_E7755_to_E2 | alps4141::alps_f0fc95d76e91_to_Equation2,resource_exhausted,resource_exhausted,memory_limit,False,False,False
exact_73d59a26e7152642,austin96::order5_austin_unknown_E7763_to_E2,2,alps4141+austin96,austin96::order5_austin_unknown_E7763_to_E2 | alps4141::alps_1edac6ec42ba_to_Equation2,resource_exhausted,resource_exhausted,resource_exhausted,False,False,False
exact_495f72788e3e3add,austin96::order5_austin_unknown_E6878_to_E2,1,austin96,austin96::order5_austin_unknown_E6878_to_E2,resource_exhausted,resource_exhausted,resource_exhausted,False,False,False
exact_5aaccfae445342f9,austin96::order5_austin_unknown_E6895_to_E2,2,alps4141+austin96,austin96::order5_austin_unknown_E6895_to_E2 | alps4141::alps_a323382085a6_to_Equation2,memory_limit,resource_exhausted,resource_exhausted,False,False,False
exact_e8813daa0a84bf43,austin96::order5_austin_unknown_E6912_to_E2,2,alps4141+austin96,austin96::order5_austin_unknown_E6912_to_E2 | alps4141::alps_6936d5aa0932_to_Equation2,resource_exhausted,resource_exhausted,resource_exhausted,False,False,False
exact_1389da011480f7b3,austin96::order5_austin_unknown_E5947_to_E2,2,alps4141+austin96,austin96::order5_austin_unknown_E5947_to_E2 | alps4141::alps_8654a82c1a7e_to_Equation2,resource_exhausted,resource_exhausted,resource_exhausted,False,False,False
exact_1ad63d7eb77f4f43,austin96::order5_austin_unknown_E5951_to_E2,2,alps4141+austin96,austin96::order5_austin_unknown_E5951_to_E2 | alps4141::alps_68f46cff59e2_to_Equation2,memory_limit,resource_exhausted,resource_exhausted,False,False,False
exact_e25379a20c313e3e,austin96::order5_austin_unknown_E5066_to_E2,2,alps4141+austin96,austin96::order5_austin_unknown_E5066_to_E2 | alps4141::alps_23001474ada3_to_Equation2,memory_limit,resource_exhausted,memory_limit,False,False,False
exact_1bb6519e11646959,austin96::order5_austin_unknown_E5093_to_E2,1,austin96,austin96::order5_austin_unknown_E5093_to_E2,memory_limit,resource_exhausted,resource_exhausted,False,False,False
exact_1cc5c6b2719c1ff8,austin96::order5_austin_unknown_E5107_to_E2,2,alps4141+austin96,austin96::order5_austin_unknown_E5107_to_E2 | alps4141::alps_b49adf2c2e2f_to_Equation2,memory_limit,resource_exhausted,resource_exhausted,False,False,False
exact_e95b9e774af20c98,austin96::order5_austin_unknown_E5141_to_E2,2,alps4141+austin96,austin96::order5_austin_unknown_E5141_to_E2 | alps4141::alps_74bbe4a8656b_to_Equation2,memory_limit,resource_exhausted,memory_limit,False,False,False
exact_b6660388419813c8,austin96::order5_austin_unknown_E5295_to_E2,2,alps4141+austin96,austin96::order5_austin_unknown_E5295_to_E2 | alps4141::alps_c0a5fb16e2d7_to_Equation2,memory_limit,resource_exhausted,memory_limit,False,False,False
